essay_id,batch,score,text_sha256
ec3323b,1,1,e3c7d85ec9c28bf9ed242fafffea9c87865769d6c08fcab5b4b6a0fbc7d78b1e
52c8f85,1,2,5e1962ce7c21e7b7e1744c6368c60ca870091b1c2cdd2445e754569441be8c32
b135cfc,1,3,cc12e3a54696866233a3b28c52c72d940331930ca3c9e92f9ac93de2617a95fe
989e354,1,4,a1554fe69dfc59103fe1ee1b57dfe8b315c5f0a900dbf0d419c232b1571f3b97
b62d43b,1,5,7e6c6275c6d894b163249bf0e7f10a68ec12741a546daeb822125037e737c567
e0688dd,1,6,2500d64507d455b47cf9c720c178e4f54106f9d20e8c9522cc77ce50ac1594b6
6268928,1,1,e8fbeba82a89ca5ef368b10e0ad0f5cec1d0c38aa6379a0c930d4d8f434c6c7a
d17dfc0,1,2,720ec233e787580d6805304c14e9012dc2353e39d3f15a39119102109b892305
1b7279b,1,3,0efa979102202020880c4890b048cc9833ee7bb0e1266cc80043d96605bfda20
3a46a7c,1,4,eda322c003d84b34ada55806bfe93fae61d4d05d4868737bdb13323b43e1aa55
774757d,1,5,b9a9bc3c01c708ab0d751aee691a04d26904b6cc2d00a9a5ec9ba7d57373ddfe
dff0c49,1,6,b0e7b9bd8d67b33aafb674abbb9c775fc6ee983b7ec25a24ae3ff048301e6ff9
cf8bb28,1,1,e9cbcf5e415c2fea5049b94ea8252cc5b29499291ed4fcbc5b843891a4d71f47
3c4f080,1,2,c58ab8055b859da14f41e757abab8e7ebf367921ce42647a63f71baaeaafac19
b40473e,1,3,d2701e2b14a85aeefb0047e442202c9274fd5c42fb51ad0490de8ce219533acb
2dc718b,1,4,36b508d4273523833ca7950d64e1a855600309c5baabd843f35f03325108a308
71eaf6e,1,5,133020e1c3ed07a29f50f2eb4714f055cc67bac6e5cb6296c4c71230fd3d721e
4649f4f,1,6,9e7f34e3540d5c204aad3b0d31a72842a6edea381fba80af87643b14f44759d4
28382e5,2,1,f00e5fad216a9b43f8d9524eeabc2ddcebfe22dab36e49e37339b2a7233a5462
46453d7,2,2,3bd9eb8e1b19b4b31288386c1bb1ca1bcc9580bca66d079e54a6bef4c5c362e4
7cb248a,2,3,c61af38ba5672fdf58e821d3fe7403e50ada45687138ba6b5398b34da116a731
ee04cf8,2,4,ad6970a2bc5371b4cc32697b70549e0d5b7ed8af6a85e36e0ffe40470fb9b197
7fd1119,2,5,0a5175b159374ce4c5ef79d2a0a3002f8020b691949fe56a19e24b56619e0520
722827a,2,6,4b31f95a2a7487f340b684a9fd34cbe8fd3805e76c93b88862393a5deb50b8d2
58d709b,2,1,15f07c278b7f21c13d3ceffdb20d873fe2daf9626dbcd42aedb30bb2e2327229
a332888,2,2,721ac48845d08e3e8ff3015becdcb7ffb092d1e283140ce4e26bbfb19aa4d23b
0226c11,2,3,122cd925a8d781271498cc7d5b9dbdd8055c4147e50c297d6f5a2426d3b32621
3a0a581,2,4,eed65fee20c262cd3b01bf8c40397bdbf357e2b12f7846471cd15eedb51d5bea
1c745e9,2,5,831c163216de6c8cc08450748f1b9f147990e12d2b0f518db1cf9d1fc9b0ba9c
fa9b6e1,2,6,cbe87148b1dabe904a3c3d231c2b459d32ef7cc031987ba5069e71b6f88569e3
3984590,2,1,e3b2895e431d1637c733ecef871d4b79a286b87c6f956fe9bd0482b73d19c300
1398913,2,2,47c54e2a70ee75cd7d637c80f8777124e0340a3d79c8209c07fa25ed5b28a9fb
a157ef0,2,3,412803d2f2b2f19e2662bad4ff076cfc1474f1b463688191525ea5390d11293d
a3762d8,2,4,63cfc1731b657f7717ceade94b28e27e4a34bc60132907c6e66ca317a2ea0415
e711992,2,5,00e29f83bb95ec5a20e0463fb4df4c6f391e28a0d43d6a26b7ddfe489d6054ea
dd64f5b,2,6,5579e9f8eb6d00e6062da8430a13a1c4f5dc1de899efe824fdea87c9ce1fa800
bf2b842,3,1,b64f38ac65ac2a27b63a3bbfc1c77e2cb53dd9ce21610bddaaf16460dc5e0722
be96267,3,2,a289d9a17e29797fba2af4de6ea2b4199539a0d92658fb12f11a09eb821ef4dc
6c4019a,3,3,57bf4cc58413fa13d15617798ea7dbdf9b00a473b2085022774c2881287e0c84
2837087,3,4,2bfce72f01edb360509fed3d8ab415a74a633afe43e8f2b56f60079090d8c081
b77c339,3,5,c2563543ba98a932dc58e00c4979ac84ebd350eca7c1d17766e58b91df94f20e
223b86d,3,6,0de73eee95bd72479fa79a9fb929690412a9e29f0980d45c3eee5117dafbe518
2d2e355,3,1,206937bcc78f9a593b420ce9d0f4cc4f3cad6278a5b3e50acff7510572d64760
ea3d2d2,3,2,8265c445ace0aa05bf5693ea4cd822b80c827a6c277a30319d3b142e977ee456
ff8882e,3,3,41c67281ee233810130ff9c415e91613c56dcc905659a3b5da4500cf41c5da9c
3b82d2b,3,4,0de9c25d948a90011a16e1623fb49d669ec9b4c14462e6b0e884c605a9398533
c48c366,3,5,1bf9fd91f00940460689ebc73c7c32e618fe0703830494dd47d0b267d658b348
dd852e1,3,6,f85951b8f45b5862a44f48ae10a00fb80911f18059c3994ea60a56e53ef35008
01bb061,3,1,6cddb5d11c217fe8a58114501085cf9703b7976c0d8abaa7f687ab6c298d59fb
91808c5,3,2,3365bf454112fcff602a56a9009e9c881b032a620ab441c25fcdede03c3afc7b
a60e958,3,3,bb12494b4d620270bdf9ead4af500cbf80ab2756427627ea862a6d84664615dc
e801b3a,3,4,0dc1b981f305dd9793abce4303ad37fb9da3dac63a0298f3d90b4b90c17ea2d4
9060375,3,5,d67a64bdd86e69b2a4a6260b328bd9d45a55d93c581487c2a2f0513cef19b1e9
c8f48f9,3,6,77eac20d3d7be6c32ba55973d9a784fa22a84072a6f0a4ab52c0d6f3352b3aa3
318dac4,4,1,13a52350b1ea3488c63f89d63154a60ec78f0cae7a4b124f2c0ab1f44688d049
1a07cfb,4,2,8a8957f42ae94fb2ac8b23f47439d680899e57b679c82668aaf1ea555ff3767f
a257c6b,4,3,39760313a97af922d5dcbe64b7ab7c8cdbe56a6017e21168724037657fd2704f
752878d,4,4,27c98f822b87678a55d5cfb5475186845ecb1bfe1a743f750268d8707c5367d7
72bafca,4,5,4bbcb7f7ef37fbdf6e8f3f4dce7da6c8c2e4cc7fda3a4039d63593927e1fdc17
07d41ed,4,6,24bd5b80e563e7760bf60c60b7258a7644756575a65bc53376815859824d03b8
ba1da6e,4,1,7067cd757b26ffae04cf96061cbe3ac166363d50bfa5b450ffa926d882d0b992
8ef65cd,4,2,3156c8dc4eea2ceb3103301d437758fac31ab42f5c8f46d5f1d406f184b277ef
1d9e356,4,3,44f1526573b0f81bd2e06bbd65cd579df156008d33513e9732fe7210d9c2ab7e
92cf776,4,4,f76222deb5044d5af4b0af250c21ae377f19e52d61ffb5d0937969dae7aef8bb
1b1975b,4,5,f6a100ff43e38ca1734ffb0d22731f18cd6fe971419c294138c3d29065c4a024
f2640ea,4,6,f3830e97cf64825aa2241d99a9f5a22b7fb2df5d191d14eb9d3fda5b39b07326
9469de5,4,1,024eeefed4b60789fbc9a4688c8198e0ab53f68484ad3ea9b8f5445809d25aa0
86ad5a8,4,2,1b5f275bcbf6fd08cd5226646f650a934781faf645b67ba4fe23fe34aa64f065
52a8741,4,3,dd1fd0b609ccdf5b4a10254a043e2789dc6419156e4c2fdc819c63d8a2b34bb6
799b4e8,4,4,b44f55de168ade5c27c7547613607f07f65515519de87c692ad8f44716550312
211d058,4,5,fbf111374541968f95036417a77b431c6c893981adccdc27ce6f87e856e2d9a0
3d098ec,4,6,e6fd2ea47a7df8a9a3e11f4e4206be0166918105577dc67467fff46cc58f571c
4c2c258,5,1,df41beb29458c20270e8c9b0047f8546d1af5fb055e018182095fe895fc037a8
5bb3e5f,5,2,40ad55ef173bfb3522fac3aa36406181e0fd3752393eda42457978914eccc57a
e85f179,5,3,117471efee47520bccab8108158daca1bea5c968e94c9b410e6c4ee369c132f1
c3b868c,5,4,044a82afcd6cc3b8e2230fbc23c03b36d50754304006ec36c915d412bfb78984
cba180a,5,5,2b8a9702f41009f15c139a466da363f9a3ca89f8f9c2db7104e27e39bd055b36
0dcf2f6,5,6,b1ca8e38aec4ff4295e0cf414c41ea7eace7e5d83b89a4521cf94b40efca4c6e
3714edf,5,1,f56e7f1add817149006acc9e7838646f687f16d82348e4b5505710d8cc242e20
0e2b2aa,5,2,2927f8a96244a55f457fdd47ddde776bd341a43e3cf374d4bea3dec656bbd33d
5d99b40,5,3,4cca6902ac9232e4ad8c8246a5974dac240e0cc4b027fca90919546f558816cf
e4f6f94,5,4,040efc7ffd54318fa9c5ea8479cf18caaeff6692fc71b18cd5e5aad5c3203e70
c71d08f,5,5,39f2346363c02ade32532c782d3b9566a8fc5f33843d6677811b8c2bece266d1
ecfadac,5,6,7b7fff102cdd3e3976a4daddab3831205d79b5234ebe7735a7af71c1a34c4cab
76648c5,5,1,7f6b54eb201415d5ba3d151a13f4c07e7be2418bd87c20918d1e9586392bda94
5efed92,5,2,a1c6b4945147f19e0051c49352d575a7250f2586e2af29f0a298ab178c7fcbf4
47625b4,5,3,f285f81b6ffa588bfd43dfbdcaedcae57f926a95fdc2597b11026bc7ac2d1148
bb8683b,5,4,7251eda2f4e07ad52301f6342d8e9fd46ad76c56dcb0cd84200957b93854c4e8
b0da884,5,5,dc5a51424761ea25c9fff1fe17941c6505c1154b668d1d5af9ea0eae12cdbb6f
6e990ee,5,6,3ae266ebeafac618c00738c69da1fe07a75e20fe140906bbe531a89a415f75b4
60c16c2,6,1,264954fe7ddc8f8d831b569bec6ce85187e79821dd899d7d88f79697c30dac86
a09fa5a,6,2,8842d84ec8c6a8887d59790cf03ffaf9e943a378631ff702f6b8cec346fe298a
f5247a7,6,3,0faf2177fda7e9fc64ccb99b12b7b7018e2cb8d596746d0f019c7d8e22f4dae4
f27cd14,6,4,7506a0a8e10420f80cfd53cfdf4a34f1bc217860f7ebda5eb69a1ec196c2a4d4
7044865,6,5,2f2ee192bb475288ed54959fe92e2f60a61d3c4d10cd35fb28f5ee729be1445f
c433787,6,6,ffc8cc56acfc48be2c911069d7435eb199a3a791e42109d00e19dfc9c8af3d1d
fecaec0,6,1,85e91779c67a6ad73538d74062aab8c7d175f27449d3311af34de49fde0ebd3f
de21737,6,2,099c3a71e4fa3fb7c7812982ddf9dea1643329f9d436aa09f0896958af53ff6e
f17b67f,6,3,7286749ec15824609887c7a6d07fcd409623f697c991e7b046ea98a04d3a6c82
eb564e5,6,4,0c142821332ca05053e839aa314c981e07fd4fe93a7237152d907721f0ffe044
c16df7d,6,5,f94b5fd76d9635b21fa712a801278c9be7b355505d1ee76d89152bc0e85a4d9d
14174ed,6,6,d53004f4f98c267328780bdaed05a8162545743b293d6d65032af956a4b02e3d
d214529,6,1,d20ead624bed1b7d3570d7270318c5f118011941c8ec7a613521d976c0db0126
2cc2a54,6,2,2f06f108fcf8f0a3771750e505d17ece98d5b723efc15dd78659b80662527e29
27feddd,6,3,25f8cd5e1ce4a515e1e6283e08d0ac4e31b46651709c5ee6514ac12fe6c10216
596359b,6,4,d4ba95b8c20362403a274df714c015b19ac8ad46f7b5ae6075408def26d80a3b
c503e41,6,5,1fd6656a760de4ac283039f974fcc55834e084015fb4adfdde8385a8c7aa325b
406731a,6,6,bc04afc7a35f100fd68c245a53f794cbe23472f660ec583860b273fcfa1dc884
15eb254,7,1,9606902c06453d1ebf6ba65d0f90460b3d571c52e2e99b2459f42f0844e773e2
7d4b44d,7,2,5e7c0a36887bce895d0e6b9bd475c566b2b18870434414bd6ca41584aa531347
f356a4c,7,3,e5fa6c48bc971c848dcb68b44c6cf3125d408dbc167e36e35a3b354b89c4c9e1
843c2aa,7,4,a4b7a3c321cdf31581b0a9f99d48d1760fb0f83895d22d2629537ffa8b5cd968
a79a19f,7,5,6771cae04c0ebc573346f1cbe602e97200cd43b27a4bd7c4ec8d297023113855
4b50f50,7,6,52d442c345016a7643ef91afe86514d2692d102a703c5b4a3055157390425fde
7cdf8b2,7,1,2ac8a2fbad0c49b6216d90efd5cc1a8f6716c775a33a47275d7b9258d11f7562
f2bc006,7,2,e4d8b2cd7a31271a1933169527cd962c7d4d8f671bcc3401c0555d89cadd1fb6
814c2ae,7,3,48d5b2fc089fabef918a5da962edea26272e3dc16f06832e81e772003e2dd09a
1eab2e8,7,4,17e79cc48240cf5f176ed31097c4116c68501c1dc896248aff8e66f79bc43d2d
aad2362,7,5,c6c73c86c24a9da54e0cbe8900116b9ad64c574cab9f04e43c9055ca01fc0026
c149d08,7,6,2fd0c20e52344504b33e93a55dd824131ef42fb67c96fbf7eb0af9b61c47e1da
19382b5,7,1,60455cf930e0a5c44ae3f201516cdb622f877b6690d9373ccf114deac421283d
a041c53,7,2,71605d62d0bb2a9f810ca90039196847b99577c3a0787f762d3caae9ac9768a1
e7401c2,7,3,23a55262d752a410ff494c8e20a4d3448db46475dd29386b6c379f7a84975ecf
79192bf,7,4,ab3fb3b181d94f2d8206f26bc2b261f36bcef4b54aa24b8e076edd82dec032af
30b779e,7,5,ab5a7f941a793de12f7dc4a4b8d1143bcd3fd5b8a8e6d225bcb978b7c5803c43
ab84f00,7,6,693b6378715f6fb1c80e200f37fd6b8da797b90bb7d6f8c70c2bcdbc00b578d2
bff17b5,8,1,74ed2d310693897172cdba341e05e21cad64ea90c34f84a684625ef80186433f
d144944,8,2,b86c8dbf0cf448b7f24ab657ab1437fe9a5be9c29c627c7840a97c45fe1c7072
aeaa1eb,8,3,7648cea3d66fc189aea5cb90d5817944254eecec8dc36a97321a61c430804820
4b79d77,8,4,da20f3509f84fc0e4a38d4bbe1a552ed56797065947a17f3da39c65d7c442330
5b81dcf,8,5,eb109d01c780246b5b0534ca9eddfd644079e620a757127d01ebd4d9778ed097
860b60b,8,6,f174b4de90362547259abd77c1cc14b216fdb9036f387d48dfb53cea100d719a
d8d8de9,8,1,e4b980fc747ebd9aedc8f6b5bf5cff5b8b258a7a8953b72f992f14b9db2542a7
64747e6,8,2,5a1c082907940450e089140424d2e629f4764c2f8301b0aae7352774b7a30715
18f90f1,8,3,96fa25e5d249a41b295fff9b65738090e9f03e357c7bcbef573acfef7442d96a
cb72ed0,8,4,61dd4cd4862aaf839394a6e0b122ce2742d19cb01b7ff1e94de4c565bcecfe9f
df380ff,8,5,5d6e80c4d50b6dfe24de42f38e1b80f4ecece882f100b0ca3b0ddc08907179e8
1b45c61,8,6,668715de356ad3c8d4ab7516edcc9cbd63992f56eac9efa02cfd9c2f7e98cbe2
a45719a,8,1,fce7872a49fa0d15348270d2d0e7012e43eb2ca8ed48860ab2bab8249720a5f1
4f8575d,8,2,156f9cb26c0ad0b239393ff610155e08987038430ed5147bd707dde877248a43
019e8c3,8,3,99063d5173c488f4666bbbbbf8746723c4d5106c623e92b4a32a5fbd76c9dbd7
5e93c9c,8,4,a6b07c2eadcf73eafefa2977c05e8ea24197e26a64ed80ebc35152244d45694a
fdd9bbe,8,5,0b3b37060923fbacc46d2c46f948f69bfde027808065f130d0d85ddd83317784
8230435,8,6,6b08a1052e919c8af348768a3306c2489cc60a6712a0d30a030fea5b516ec7ee
cd6f974,9,1,1389ef1f8ab4c13455db4758da7c067ec9b12fee47ad04a87574a8e007cc4170
42e95b4,9,2,f9e15283848914175916c9a8eda692cc87ffdb636d071f2673f1636ab2370ef7
f993e2f,9,3,8f10ae513316cf0b6096cdf19d12d0a3c07b47e5dbc0e642adbacafb28f270ba
809fa66,9,4,0b0d7c02e72bfdbc89661f81360a4821775212cf271a53f69df4463a717b193f
bd2920f,9,5,e17c5e877465569dd0c051ee45942bc0f9d14fea1d2741b6f3ffcaf6b4e50fbc
7e6f8db,9,6,ef67e2e1767ca990a53084900f56e9efda8d5998010cc22ed7d0bcd7d4377ba3
30acda7,9,1,0b46c7a80b274cb1436c7d6c59e661ff8d7f22509ffab5c8004d1b80687887cd
46dd6fb,9,2,e076f3dcf954e51135e57ffe5591159d2bfbfc24375654b2fada094bb275e7a6
df36957,9,3,a883765d1166f6628c3d1aebbe1e705828abf818c797452ff8bfa8f38bf63c99
7e09846,9,4,e2e66f197dd4b78ad69253c70a3316633ada7fea07ddf1dad6e29406b33bf4a0
cc08072,9,5,3aa07536f85a84fe6790c95270229aa53b8fddcdd749dc3d4919a1df489c933f
904ff51,9,6,9e31c0b1ea0c7622d62f75af20947f6ca14d31ea8b6b513408be4ab1003c7e79
8070941,9,1,945b9b72da8ffad5c8b3a7213a1cf3ea5dcddb542eabe7cdaeebb77e9cdd54e2
da81c33,9,2,d39783dc2ffce5312b20efea4bbc58eecbde4901082a1eb758a25a3462a03eb4
cb4c1e1,9,3,f9f7d1a7484a64c0de8f34980d9fa1686b59da0daa82fb46b6196f11dddc9c48
e2202d5,9,4,9cb745c50b7021d30f9c2815623ca205218d106d2c033ea44eecc10abb3e176c
735c862,9,5,d5032448b5a3551773de811cd7132246cd37cca50480dfcdfbb0adaac1529898
3d9c7b9,9,6,47afe1abefb4711e2737e74ac1e379632e294bc27feaa4a37264feb2f7bc595c
64084ea,10,1,96cf65b197d023fbaf0d7e5645c03b53213749099b800dd1b112a959777c2a9e
8fc6d64,10,2,0079a6f9ca042c30e011d914115e5621872323d1caabeb14cc12c7d455d3385a
dab2346,10,3,4d3b7c1a30c9e64db9f77f7e977ae2e103e3d7493d9e27b39b5e1c25b9505367
aa96539,10,4,5b7a8b5c37075404a255f3a9d00e22963464c77aabf5bb9413b7861998287be6
1032c21,10,5,692c67f1e5cea5e4f2cb1224b24dbfe3bf07e27f39352fe90a99d0f5e7b7e7f3
ef3ba7e,10,6,5ab90df997dc8d54c27a531b5604e9993201d3ffda2cb2aa983720927da1cddd
0b059bd,10,1,fe1feb3d35a104a9d39669b4288affa9e9090eae890c7ee4c34f7e59402e7096
784933d,10,2,494654062de9d0e0cf5bd8a2ce3ecb460a97908e4772151e6498186b98ad0801
b3912ed,10,3,926a8681b9eae969b656bb0a1d2d9f1d886c0cba3b269c27cc6a0335a1480e47
27c0af1,10,4,119729596cd13285c216364f7db654d7e0c3533b3058683522bc28b59a842775
1cfab57,10,5,896c3d1f770f3b3cd263496862479c035d3c2c324d75e0d73db714a22d0c4968
3a2b8f0,10,6,4ec52dbc6f5d6603ed6089443c3769bbaee794a836bdb9a2b1d76afb39032101
3508b1d,10,1,1dc42c32b9df18a94437c808dada14c1794213337cc229c0e206f0e90950635b
8de2ee2,10,2,b93de1d086a804646bbd7bca1295df2a763887e5059a916722d27e2aae663562
79c21a0,10,3,5f5e93630c120206199c51527bb319d1c4ece283e2d73eeb26e14aaee8b882d9
9106d85,10,4,8758699e6bdb4e2cdb3a174100211abf21b07d301c6e85f83ef5dc91c494d897
9dc6cd2,10,5,71b8735821d633f73952671e01bf929b61f501925aabe12ccb01a725b1e09ccb
d2d423b,10,6,68787896ee76559be935feb06f765dbd6be0b322515a5e542040a5224d351ac6
9c1ed5d,11,1,4e936bac2305d0d895236f3cea4f9574967a15a6f141feef844648ccd67ef715
610d03b,11,2,9647f24d62d72fac3d556b7bf00bae4e1b95abe8aa5cd4398ff91bf230d8d219
7ebd70b,11,3,d1fccdd200d1a80d4ff9be8143b54d5c0ef74a901f6d00acffbdd7a9f4d72924
d1e43ab,11,4,298a5387a929a482ec53006373da68b35aa5399a9d0d71d644d8206c06f8148e
896afa6,11,5,6a47191d3a42e151541ace33143fdf4554a6b6e6544e6a7b9f6bb5a0e33e282d
80b646c,11,6,e94e639200422d6af5ebbdd9db3aac1589f8dfdb83eb46f487fdc93687d2c574
82b38aa,11,1,613a23eaa9eb6bc8d03a4fb5b130e8acf905174ee906b3b12ddb3c95dc13da51
0912e51,11,2,1f1adca7ab264d30b5ea465880c587f3068e483f65d34296a1d2bb4c7710fe0e
74f8a54,11,3,21ab9d6229514f73b501870e5c6a2dff2bfd2ffb812c8d5144d4ed766f445a83
7b28c77,11,4,9c12a9c8846ed8fffa4209543031e4f8e8f0e69035bb1840fc316e445e579c40
673ec30,11,5,ea40ea3a0c3470efa91f25edc134c7817a27700b2ad10d6603a8de3285bafd40
f86b855,11,6,3f4c9f8aa4195be5b82900e5e75a9e6bcabdc49c11d5370807ec629ac13ed7b9
7ef2fa6,11,1,10626ab0fc5c6906e56c09ba2b1c6c2dec3e6d7693771a4497482f6503104e75
3f948e1,11,2,7ab016f403d9de23d2b30de4ca2e9f82c442959553038588c97e7f747977219d
cda556e,11,3,496f7c0f61a6190d2612ba24e2a3c10190d54a96d80f3250458f1fc061d218ec
89cee1d,11,4,2bcca162b12a57092c020521469fef349296b8089d5165f249c3b0e1d4774b1c
7c64ee2,11,5,deb60d17f9950063c23c13d6baedfd134afd05c556ff1965d907dc012d3e01eb
e2f5624,11,6,41815e034499364c1fac0b0c5401a8a44f087917de7bac5756476c158fe0975b
94bae27,12,1,8f8b2a31d57e75cff5ae184584f923a5a1d0729025763c164bd73e2e15c057d1
56b34c7,12,2,308363649ad11bbc231ae08325065aff6ba250bb42298ad897fa6c1d7d7703b0
1fe34e0,12,3,df3aca242197308fa250de1c8528546042a70fae52364eb51b717d79c9ef82d2
6a30fc8,12,4,ebebb9e7b2bb27218acf2b8f89f56c91045234d08e5b213e246f9fff39040301
d3570a8,12,5,92cacdb12f81faf446c55b60212a07546b743d603b48186eda21cc5638cbb0ec
963705b,12,6,aad2b39bb40d96fc68ba3360a07fb27cbc6a8ce0a518d2783cc92032e0a41c85
9f3a294,12,1,569626c2878f4d9b6b1a812884e14c3d68a40a908e993d2207ecb60e42accf9d
d331726,12,2,2e982b24b1f69c42c930d0a52fe88ce00b6ddc8020976f5a5017c80005ef93cc
48de104,12,3,da8cb8002d9176ce16eff127f180000e78fc604234d86ccc0e28a650bd8a05c5
10aea63,12,4,db04d2bc9b8e67f040f231d02e0f8426b66a92a955b3bd426061d20f041a2209
4d6ac79,12,5,7da6ecd7d6285bfff935b9fe1113e9ee59ec3b41b434cc0aff33da66e069575d
6215c79,12,6,56fe2450770752ed58dbee9eb1a71a1b0f8c8d182932c9c3c01340b6b1b64cb7
93ecd40,12,1,5e6eb3050cfcb8c0d5aa1261d4364a58ad3f665a3e84b782a7a277a10ebbae57
dc8e9f9,12,2,1c28c1e7585316acb9e2968fd225467ab01fc86ec31cc67e53c46c2bd3757da4
c44be67,12,3,488e1b27ad803262d9e2ea5ca53dfc31fb8efac3d05bc0672aa9fcb17dae5421
af97c77,12,4,aff2e7913f5778f1053e760efa9de563971bae3a70c9ec617ee95e003542dce4
9bef913,12,5,c48ef6c35267c02c4b5caa466db099b22d7cbb6b42c71ac30fb7d69a927fc69a
980a15b,12,6,325d79ecc3b98be27a4dc1ae1866dbef664c58625077e95ce8b69d99e1d5b6c6
8531c68,13,1,cb6fd3c3d19daecf5c6a297861e79a9b4c62a6a88fc4508bc10204d25d1f8dfc
85bf4eb,13,2,fb3470bd6d9c0fa6aa81fb5fd6ff8c8b9db2c7b9fdfdd07b91f217ede37c82c2
c8ad17b,13,3,73106334f2946d3f67b6209677c3c83a7f14026e3e18622a4ea59850a1ee2c17
c369266,13,4,eb7ef76a9d8181aa28b8d31fabe64bbc0b87ed11239ef824ac4982e08fd21bd4
4547adf,13,5,5e11d31aea3d18a7948dbfec34d5978b1537ddee94910268d2f3e3a12d1da026
bf09ba6,13,6,f61685f1464de139a2523ed4fe36c5660063cfd3a6d43218014f3e64b7d3354c
214e706,13,1,8b75b868b6df1ae407ab9819620c88697c2db07828523433a8c85a7b3de6413c
68c21d6,13,2,83cf3a5849b7a46f87a5df8a66cb57d8c91687063b6941624145538f2aafd4f7
954f9af,13,3,364d32e5366a2df8a15f43c604dc7e8806351b4a6cd540fda83b270cc926e177
19953a8,13,4,c8000c4f04ff26aa1109468dac0a6d3eef709b59a47788bf06c35feefef8ce07
3f4a9c6,13,5,0471fab62583782fef5b9f7c24ec69f23abaac7ebd77780b8d90e6c6b34c61d8
a2082ba,13,6,f5e9ed72ecda27427e463aae4a5e54456034147303d04810cc6b339233540302
e47a407,13,1,e1b7c0f29ab470a8670ecbe9f7cb9e79d87051ca7fb4f5f4549e286e69a7f9dc
5993357,13,2,0a46ffec1e329b88f2a5b54ffc96373ebb71e54936a18fa382d5fa44b27b75fc
5c7531b,13,3,6000e833d63302747dad0a05675b41ff670975ac276225c42b2effa294376386
d078970,13,4,a8eb2f7f165ccf07845514216365edabc1a95c0dc99437cc44d7c9134f770046
768ecbe,13,5,e3cadfc086930178526baaa53b0d981f5d12a97666dea6d61f6b978a03a0968c
ca58ee7,13,6,8794181f7c1c95fc0c29aa7f0a982e316732033ca8ce36cc208bea910da5b5d6
e028b12,14,1,70d3659662342cfc3eeb880f11dfd3c4d25ca0636dd204989fd3e5f44eb37551
076f000,14,2,95ca6dec331909311b2cd590263fca81caf2d3d19bf85055759d9632445bcdf7
0ee7d80,14,3,71833880564c36715abc60f463ad0879590b77988ade327333b047266d9aea74
952c47b,14,4,85b653ce21969f564579029ffe5927f13621a1aa1cbe1d4ff328ac56afddd35a
8787e12,14,5,b0ec05bb514996dca0efbc2201e0f950ce75d6f8d3bced7c18e23ce7923c8689
f40b5d8,14,6,ac16b32d02785b1d5915fcff69dce3fb34d44772e619740ef44a31a3e0441b89
9946d02,14,1,8fe6b578cf219854a7a5062fb97ca720c6cda2deb17792016edfbec6c2a9a7cc
a2a5042,14,2,13d11aa70ae3dbb74e329e090a3d4d069524b2e19bf5bf2e9c99e024323bfa19
384b5dd,14,3,568675fd0c230b3f9b76f5d4c5b617aed026711404ef221a35db73bf34979c23
b5cd4cc,14,4,056b2b6e4b078d57ecafc9af11fad221cd00b0d6d67d6e735b3eaaaa18bb113b
74f76a7,14,5,2b2263047c6cac1de714f69364877632a5124978044fb417e4acef5057c9d350
a1b24c3,14,6,cb517325302e6fa95f63a1a7dddc3bdb0520d7ba8bcadeb116dace53d5e602e7
d4ebb9f,14,1,f3ceb95b64fa7ef8e1bdc899e7cd59467e488f43cebe4428570ff921a54387ed
7f540a5,14,2,416211ae91e59c1d41d06be41d9c7264a7e15f3b6d46d0b61e1d7cf52934eb1f
720e373,14,3,5d7271fccc329094aba200c8e19ef77771acce2a7204cd0e071ec33ad75d9cea
59b254f,14,4,b74e758664f7b12ed32606a425443b0e22a77a6eed1d5e9c3f93ad3c891af136
b303cb0,14,5,00a677d7f5e7bb53dbe1894ce93ffa205446c0b92d24ed25d763239c05ca251a
5c54427,14,6,219b323af81799e11d7a5560dc42acb9297e17ee1266a54c0b63d5b61211cce2
aa52b3b,15,1,8caaecd6154a1da6f8012877baefc5139ba46dda81c03a30c627b74f1875a092
73b0af7,15,2,b70465df2267070add024c2c9853713094c63428d8ecea7cdb644b7c10a2394c
eb4ead3,15,3,486276ab8e3c54ec1de6de5d9cb6d75cd9db43bfa14fefec16abc10fd3c9d94e
6125d49,15,4,3e3e38a1b014676a22253806e4b3c12058870a51fa3614a6cdbfb911850e6b47
15b1360,15,5,6ecfb9a22931d641da3cd85cc14c5da0ef5519afa4b7c6cb7717c3a319fa839d
26479a8,15,6,c710e95c0f4619ab2ee814b69cdc62f1365950134a6a30a4a8f994a021e862c9
e03613b,15,1,da7f455cb586685893328c84af88e0d4f13d761cb38dabf2fa2f8f3bc550fcd5
883a718,15,2,ca2ab4a233fcff43a2d5d26f604e3803c2ee7154d8dc94cd1a7fa31cadc772df
552af61,15,3,f4d445979053fecff9068b43fcb62dc4aff2b95d76cc68e5d612516223b2c757
32f9b1d,15,4,c2a7a616d97ba20a1081a89bb3d363949558f50aee235cb5417ddea35cabac50
a704ae6,15,5,19325fb1a942ba8e4eb0cbf35c2d4e80134cf68888f386ad16a9f7451ecca79f
91d5de5,15,6,675b55f0b726d79aa56d51026ab48ddff9bac4632c9b49c4134aba3ca2c0e0cf
e2d0be6,15,1,8c594c302d119a00c230e2c20f226b6a3609ec07e1dfaa709d84385333a1ae9e
cba7a80,15,2,24600d8699d3ecfb7180a440d1046ce1ca0b7e279baf9cb9d9cb23e152391a66
589c1d1,15,3,7ce7d869c29ddb4ee228378d5546d3a8203e56dcb4a309dae2e849ef294ecfa1
49080ed,15,4,3c162e35696c7277b1da49b3ba7287ad49212cb88fef739cbb4c3131b0d5f26c
10416ad,15,5,5b384714b192c5cf895c006d9bb8a04257cf27f051e21a7b10e9dbadcb7608e2
06e2db4,15,6,a705ed5be40ced3e8c42218ae4ffe2a580e3318e55a1be65e74c6c9b7e6f7bdb
8c0e66a,16,1,dce81217ba1503d15affaedcd8aac33bc2e0fa8657c76e3edf2695768f66cd57
d3cc1d2,16,2,b7dbd56e0f5f7e70d9ffedec3e2a9d17aad2ec2256586edf5b4015d9461fd875
764b686,16,3,68379c609e23c5da4d67a8a3848ea49eed6969513e513159952cb25914cad653
6b207f2,16,4,68e3d39b96cc2e6c8236a80322477b7ad9d63c7523678b345c140096a0d70030
a8171b6,16,5,7b2d9bbf46b4b66d4d91568c7d0bb0ad8af6c00bec3554b5fddcbe1696137bc1
4d00492,16,6,c24bb6e4476b1a84031843c74b946b92c37fbfae49dbcfb25c2b0a9a15268632
8cad5af,16,1,3d475b11d11b10ecfc8ccf331fa6e8a1a2b52ec5e3dbee652316fa526f0456f2
0066c7c,16,2,beee28ee709faf57a2fe124c29e4cffe8cadbeb40b5dacd0fd3ae1085bebdf00
14b486e,16,3,d0699aaea807956693fc1b38aab4cbfe85426d19afb2040ddc4783568d721b71
2e6c099,16,4,f9bd266e461015d02e24dfd98be89a99bf9d1cdac32c1575b3cf557075c23643
9638825,16,5,8a8e034203c043dfeeda4968c5b6de0064cf241806dbbacc96bbeb4e56a419b1
a1cd4ce,16,6,1c8357ab6a94f1abc5c749a50dc19ddaf84b4336040ac9a93ee836f027d46086
c8ebe7a,16,1,93c9bb880f586bbe3fe1e0d99b7edd06bc5ca6a6ae9b2338842ed38c0bce7432
c893eb9,16,2,383345caac9f1bacb6fca5a8f916c861d0cd9939fe4758819011555f5c9dbc9c
e80f2b4,16,3,6d5ebd9b82267d1d9839941e18e62fa4a09a8423b7ec1b4ff73cb4c063f4373a
2fa5ce8,16,4,fe2d8b4ce7d0f13be4c0f1bc517195142f2f344650732e44a814fc38e481ebb1
0cdf1ff,16,5,ca8331d756e5082961d0e9de64328d8792eb50ea56daedfaec8b53b8d838e409
4e9bf56,16,6,3a5e390f3ef380a126f6d45d709cdb1956ea40822b16f35728104abe87a210ac
d19e4cc,17,1,86f8db7e729e1a1090dbe3136430b99bc112eeb825b9bed3443d19ddfbd998e5
fe07656,17,2,09867b9d6c6b6daeec0de65d62f676f7289c11636be81ca64e014586fe4dcc6a
4530e97,17,3,b4b429471dba8ac06cfe7003fc469de55f5cf740ab074ef07d8ae0f492728e59
5b06e68,17,4,3522457af08eaeef74febfa45516620ec78c0738e692ae02242d7accf114e3f5
af8c1c9,17,5,abe834772c84bb7dd916656200ae6e43d95d6cf310740b3a04df26ab44fbb820
86f807f,17,6,b79ed2a6b93d69ff9dad4dade92d013a2eefe257e4759104d85ea65ef86d236b
dac3832,17,1,67e8ab725341ab13ba73593decf2b171e6a8c61965f054b6971e401638889fbc
e1df4f0,17,2,b534e9f1dd9a4575b3d0a3e30f155647231f569368a7d318284eb9dfec0ef7be
1c5a11c,17,3,a53c12c32b70ce2feb25ead03e58c8a5623e26415221c4d05eabde24e46a17d7
489ea07,17,4,f2645d0a0f59f8c460b834bad1930e3d954b7f6a6281445d50a2237c40f8d64b
caf6bec,17,5,619ab1d16c9f6b51ca29da2430c5abc37bb3fbd7fb7da8228cb3a2edc65b1afc
f260d4e,17,6,ebf9dde30c080e2758c49070a3ca0be50d7c44b312fee0d5f8a53132ead49e56
56a82bf,17,1,49ba5e3659cad653e07f5d70597749e664d384a00acfc05b71cb5988eb1dba6f
3dcfa42,17,2,e0dfeb3c9f2b878feb3347c613067736fe6662351118946774b87189ae118285
6d719a6,17,3,4a093f1baf2a65432a427f49b9f470629d2e7e96a64a5ff8b858793a26b0be43
4bcd05d,17,4,0656aa7670728960bb05dc15aa3b2f739616304cc7a89bb9b8bc4f93890c8238
c636e4e,17,5,c58abaf22d7dd2a8ad26202a6d7fe768d7eb5e33ee3c1855a74d90a42a36b0e4
3b20650,17,6,80694a046c73a6140b41fc3f606e2c16e3a8ba856b8af2c10e7cd1a61a90b7fe
29d00ed,18,1,accae79fa9193def7f61ba6cc79ecebe4758cf521d1c6e8159a197bd6afd8371
f072fe3,18,2,f6f9ed1ebf3e6e85c89974acf9960694adcd706e1d440dcef87d9cc05ec80b86
6e9e53e,18,3,5c5fbefda4a8f78d986abda5a53121e30586c67e5a66bd2ea5398d9f36804c87
7cc82fb,18,4,b9ab69b5bf59a09eb46b946de98037cf0e980e1bbaf4c9b24d04cf2435af1e73
45310cd,18,5,40ee91810887aaebc1e9cbc99d4c473640f1121badb4343614c7214fd713eb46
7f17066,18,6,69deedb2d4920a0a61031dc06dd359a1384b25e1105629322475837706fc3fb5
67395cf,18,1,8aecc2106ed91fbcc15b26cd73260fb1b34138a607abbd718461ff22a7e2e7c0
99be5d5,18,2,ebcc42bb3ab742c29ed472a81bdd472c5b7fe88480c94eb56c1cddb47b887bfd
2fff491,18,3,951fe0ce56e4858790f2f4b87b4a0ffeb7fb0a38d9ab7a72f29f886eb508ed56
3355650,18,4,4975e1e764db437bf0324adae127b1fe9aa622226ef1159b99b04f3664d28595
99036bf,18,5,ff6737d496f652b2c3557a6eb71e9e042037519ab3156e312622aa2b9293a68d
44bca10,18,6,bf4043f873228890ff0a1092f863125b15006780a936150d2492efee5625e56f
2c9e6a6,18,1,5475a8ae11ec926b99de81ef2c7a763ce612636b1b69491c1325f99d5bd7e15f
8131512,18,2,6b0ffaaa8ca8654a96ddcc3b5bb79a95e9811215a2b42349d5ab1409750d18f7
1792c42,18,3,327447b1609c82aadfc37d23fc69104409c1aa6c88f775fa28e0d632d394d592
98245fe,18,4,0d102978002c3b162065646d7291b13bcb91fc85741cbfa896254451f36d83f0
ae7dc92,18,5,5a3e9d14546dfbb8a8607f1ce5527678e2143798b50813a7e328c542838c7feb
5091e12,18,6,9371b177b61288935a02e2ded309dbd755d644fa18c0e190a33e2c294b0020ea
10a3665,19,1,c07e6fe9a26e1d33808fbfed46daab93dba847a189ee1431f9181162168b21d0
bf680d2,19,2,12a1a2005b4c16d7360f35ecadfefd7f210161fc723211641f70d0bb6f114836
e596f8b,19,3,e5bf3b87659dbe33b6c55ba40019d5f41fe28e1afe61aa5dcb39ed00b75d14da
5700ff4,19,4,ff7e2b03a998746d0f257816d610d4e46e177b78b3c5217a2cb79997b2942dd5
6f7f125,19,5,dd9b6a86bce5828060691432c72133c868aff585672334add766fa9b86a8b520
a39eecf,19,6,98d130bf5b6176b4cacfda3ad5ea6b19cedac7d4d0f64d4f7587780435b017ed
25024a4,19,1,cba0cdb0474570c791c1db884da88ecdccb688c002bbdb893cd0ec69d370cb5d
7b084d9,19,2,7a0add61ffe4707ea385818b9d9f4f87887435961b49207d9f789f2a041573df
632a0e8,19,3,1dd052fc2b46fd268ba1746a712772ce2440c12181f9a60b85a1c2a244d3b238
509d767,19,4,6ff5eea5debd7c4a5a3e2a2a404dbd3daaea7d0e5318f9021b1d9f4ea50565e3
5531c2d,19,5,43134d386b0d2fcc9686528e955158e82ae48cd30c1d8e1dea4d898627338f62
5266ddf,19,6,fa235ba791b9e0b6194cd67b9a08069c8ed5fc272f24a13b9dee30b369397077
ba4f724,19,1,6c53a1e0098cccebce30656f57a0723e30926894c54fc5c51343ea67feff6d42
39a0218,19,2,2c4bd7509b3219d1836ff3008128074fdb4f13c78d47f48fe1c6481673088ce0
d95518f,19,3,0d93448749680d17c547a67412fd75f2197bb7fc184ebc75ed263b50f3404bb2
103d884,19,4,9d53982729bd7f57163ff459214682e97f4a5ecbd99ed02b7fa1d240563d2510
2d9dbe2,19,5,be7e8755f5a834832afdf1380076961773b1b7c5c09019b88f80990b1c872bcb
5190863,19,6,21a3768967564788561c8f72c0b82aa2eb1f400fbf7842fe28b890b8dbc605a6
da0e8fb,20,1,177aa1d0425eeaa659a8411dd81bd0b0bef3c5e7455ca666c03f7382901cf247
ad789c5,20,2,4ed00c38893d5ba8dd5e6205039d343bb444b45f237581d26c6402710d541e1a
ef3ddc1,20,3,913cee88d1c2ee059280ce832cb86cc6def76048d2c30b17092d97175de654ea
be496ae,20,4,fc86b2b38968a5f06ee56bb61bb66b49f9b423bcf32156f38e0f6890d49f8869
ce9e15e,20,5,f17ad5292ab104f750957d200fd08c7a88810d70cd381fc98747fefe066da875
1cbab90,20,6,31901647aae2840cc989aeb3284db97f0dd36868f03c5847d25ad553ec2b0af5
cb2b378,20,1,6b0061f31ce8c0663088bc175c658b0038342ee7cedc426fe4dc34a14fa3c88b
72c14dc,20,2,3a2fdda1bbd5373b56b7a34c4b76c71491ec6ecaf9f98d9989967d4504b0ce63
47ccf06,20,3,7c3a9cf863866ec5bc416a680f362f377514661a3b240c5cd77ce401150efe4c
2431df1,20,4,2421de518f97fd287ce1bf2412719795f040ba2958004e6edf93ba3c4591f85d
caf4c50,20,5,17648cbe681c34b551952149316430ff21bcb699fab6f7b549117d9ed0903002
2f3bda4,20,6,66f73f0ead6dc1a305e79a999b3337b3acbfbe400f030b3cc05de811bf76d5fe
22f55dc,20,1,9fe1e88be10583b5fe895969c81b21d6af1a2e734df882f518869e3ec9906c17
5586de5,20,2,1e2f9af6cb4db050e9a1489ae75ada98dcd05b71d2628e255f700649b59bd3de
84548c2,20,3,ad4d1e6ee16c76d73f536a9fdbabef35091595b1a9f9a82619e2a4c2dc7bd07b
bf5428a,20,4,8056fd8c381d529f65c03b4e3534118656570fbd2f61092186370af147a28043
29cf025,20,5,ceb683fefa2a9aa3495f54a52c763416481f0f0d9605c0700d12d6fe14625b45
43d5bb4,20,6,453dd982a843ed4691d073821a3244532a24825d6c0f1a369ab7e64a37d043e5
48d0510,21,1,63d1d3f98ce892423d0a50b8670ba6b3b8aff7414dca475fbeaf7e270058c83e
77c9d3f,21,2,da4be0955f108ba5cf2ced2b4821a4d93a7c4655d825b0e848b3287715658f8d
3fdf204,21,3,9c2066f75d2d64fdd6deeb21b5d7dcbf1ee117daac3aca1fe3a82307a6b6d4bc
4fabf67,21,4,a48edf1f47d57b5d501b3caf85bdd96c3c2ef220f0f8227c52bb26d0c0caf700
aa2c133,21,5,ce389074be4646e97b1e94cbfab017c8081c3ca348c3ccb6d3b46c26d6d2cfc8
79dfcd7,21,6,498a36619789fad81427fb3778ca8d5116723b123586cefd1957c472bdb052fb
f8e6cf7,21,1,03687420e1367e00423f7f7b4aeb4cd9cdd618784a37cf5293bfc3e46d57a5dc
e85205c,21,2,becc89bd3b6ebb52ca1c1127cdec40681892c9d4af94ec4452e09513114158b8
e288f20,21,3,3126dba318d7751c94c4e7dbd60b8824e68d0b4896c6e7ff20bd2ab89ea89616
95cfb46,21,4,59d7d8696a6ca719a82911bde2311ccb30b3f538614d8c1e5625d1bc0ebcc4fc
02f6c8a,21,5,eccd3f33bb14e026c36a9686b229726a022224e9bf1102c3d57ea28c80e99421
7736d47,21,6,908ed13b3266f8b5dabeec091373708ee47058e38e4a6b6431a3226c72d7e433
e4131fa,21,1,3b6ceec064379f3a04fa1832c53f88c78f41f6aab0b5c2b5d34ecf0877e17ac0
8549366,21,2,0445b9b9011558b7a5b9df55d61c0680c7a06c40b26f82c53f422f5848221ab4
e1db186,21,3,693e10f02d9515c17e6abd76ab48bef75ecd4888cb87e98b14f39816c682246b
b02736f,21,4,25dae343dbe8d835b4857e276f3c0316ff2bfe4a748eaa49983f10a83530d011
79bbd9b,21,5,a0d8513e9fb802bcf9677db1f49cd0efcdccb664cdbe4c4ba20e0165bcbfee9d
58b61cc,21,6,1a5db5c9d824a49508cb7829c44f78b724b13913a9b50445411dc4a26e02e1d6
b124b2d,22,1,a5712487ce96720adc9a5c10d1f46fcfacbad39dfb4ea0a68a6f249d672649e4
e2b3e6e,22,2,a97828143d5f23eccf566d5fa1d9b7d6e179f4a7ffa99c47d87a2a3163b3c753
d119e87,22,3,c9e7133bf9b24236ef2b278b3c8141b74197bf3b57e08d49af6cb375f260057a
7e41fa2,22,4,4b3da46e43d691c91779fa90ce7bb9e15d2c0f4ea54063cb04456086533155db
e0ec319,22,5,13364ce33aa5ef5e9c9b63a38e13ebcf6e4bb504cc7c00ef5ff143816beb88e6
1013fcd,22,6,8beb355f94ee4a03be4902a256c93506c1e78d7a263110563e4e7b1a89b32f9b
e268cd1,22,1,4fad1131b397c362f6d951b59e6fb3546007073dbccafecc8f59b42012f2814c
bc15825,22,2,886e05ce7a6b3d796f993e6d138f8c7c3a0b67d0e13884e0d107dc68bd8d1507
6309006,22,3,6510bcbead8b3c6dc9dda7cab5bf2acb8f5de3c634349cd25a3c63e2cd95137d
3e837e8,22,4,4a2ddeb98d41a73d7bf1090b0a548bc91aa20233f6282624a193d697e1032abf
ee957f3,22,5,31b880457d936dc7256b6133d67b077e6e1f163a4d03115cb64564b03c29a85b
0a22908,22,6,ef8cf6cd354eaf320df5fc44b3222f73401b743c23cb899c9a7c01fbfeefd101
00e3edb,22,1,3151cd28ce028f3ebb6206c1ec3eb0ad75f17f1b6a5c56a368491ab81c4421f5
a0f8530,22,2,3ab71ab7ebc75cb612bfcf001da7443f9ff470496ee3501b973cc22be8d1f7f5
212f8b4,22,3,31273324ef9302d0909b83e995c3575e9e514b167e1cb7edf8df1154d417e565
eb351dc,22,4,79ea46d9ca2e5407f17b80c7d08193973d55d6d62a848f4755664e1a04b69677
f721caf,22,5,0d7f59227a80300875fdbcb257abf97654565594d6a81ee375e441e63a552c6d
2787866,22,6,97b823b6cbcd6449787ce1950404940ac8a6a63044b665485828874387850f58
60e0c46,23,1,538ef4ec1d5ca40856ed85f97b80a1bc54269123321dc78316275b3ce89079f4
8b7362b,23,2,8a059414ba8bb2131a406cdf6c0c4c26e55329f6fdb1031046058ed3b91fc478
b27e01b,23,3,bce8f4251c8121e499d18ce8a4d0ff312153cae26780ebbe2714538560543965
772bf01,23,4,3c6d92000ad07f0646e05d978526799ea9a434e72aef39ec1a022e9583687325
b9d83b6,23,5,3ba855787696d5b8c5bcc23ad40cd0a2a2dc698d133832cf4c0d6346e1b73091
ab4d119,23,6,2c60fa82c497a1f756a25237fc3655bdb8885cede73e77ed49a26f87b05fbc97
b3491a6,23,1,117de3c7455ad00e3581e5c75337934612c3036a133f071ef0d04729fd648e03
f075e71,23,2,c976bace0f683cf88228d0ca297f0977311ff83c4a5a4c9b468fb0d7103551da
1b2c90e,23,3,f23da2ac4d2ca1ffabff26cddb3129397fede35bf7fde77c65eb743a15d7ff87
41f185b,23,4,a1741a8e66876b2bee9a289895268b71ac26a4aaa6d0aa06d362af296c82b0c3
921f0da,23,5,e3013250d209fe97238e42c342be7546dc2522e61cb8db3198cded831926ff5b
3b755b3,23,6,d602aebd1a36449a8a9225e93472f6ef228b1d119233ea4dc9f31d5fc95a6c87
678631b,23,1,8b7b5266867cd55c45ea343953afdc633c20094f92c6a21a7ba2cea08603209c
cfa680e,23,2,4cfbdb8822aeb68bd90a7c7182e28c95d3d4a6a4cb426193eae6ecca2401585f
a22327b,23,3,68a50b7ed0942bba9df155f7c32e46c766c0b7dfe05340b45b5feed2acf5c985
940d9dd,23,4,a9248d72fab5b2be1e23fb01f67bb93a78d4ff9ca0901242ccb869e2e9d95321
fcf0ded,23,5,59e61dceaecd85702bfccaf3f4b4c93790d835356f9063804ef99711b3b8fc4f
ac53aed,23,6,59b848414ed3db6c33aa17ef4a74d80fe96bd056ee06ef85e9c799b72c7cf369
0595f5d,24,1,2d901033b0d1dc4fdea7028b199f7c2fba3e7136f2080c346eed8064aca9b7e9
a8b30ba,24,2,bb1449a6f395ee726bc7a6722d1083bdfcd3d20223c5acc040e4037643e65dc1
a3f3377,24,3,66fd9e4b8e0dffca740f1c230ffe2739653f1a696a9154b2c4ee33a4e8874c2a
a81b2e1,24,4,83951c18e46380890cbae4711d60c257713a8f873c129d120fb522d54745698a
cbd49f8,24,5,d702f16dc31f0aa615da194178e4cb96f0615e94bdd88521b2672081b77c951e
4b037f4,24,6,5e0f5465d931669a8cd2cf8e633c98bed0ac489df5c30356e37a0a3e703a4c85
7b00fb7,24,1,ae16dc4388fa9549f2f678f31f1dfd79dd951d09e3533d3f5783ddff64e5de57
9a7bab7,24,2,fbee1befec3d4ca27cb406e2802dd9e11796fff11d0dd05e4e44e0fbb96b3e01
5cfcdf9,24,3,7e4f23b13a507fa140df7db3adbde690d0ef15e7613eb006224df31227465891
1215ca0,24,4,9a816e78eb64869a1d0a90b8ff76b4aef335e7c263eda52e0e0d979e96333412
016010c,24,5,fe5d6e2f79f27eb570f6db9968c0275850601edeacfb6c2a1692c615a3186187
7c87818,24,6,d382c0d3534af9f654bea50e65f623ae737a5c9942d11680d785b8062a29287e
52cd2c8,24,1,6ba3b996a561bf82eeff6493e37deee7b13797d48761cefe619a85f1ae798b57
f042fc9,24,2,102bcf99dc433bc3e9a8525eef8c6a25d193635ed4b002263842ce1943da4291
8004817,24,3,315a45eb3b2bc8fda23786664dad306a34262a69bed68a83e3a2238b9dc716f0
5cc4dcc,24,4,a14d2f1b160ed3921a6c6b130a5dd3b95d7595853824d572572322fb42dddde8
937992f,24,5,d6f3838a6012f8ceb012f1f6c117f32693c480a279a184e815536f4f37f3d6ab
9145057,24,6,1a99d5c1df7c96c6b486e7a6dbe9a0365110244c3d98aabf1482c8b01148fb82
adc51a2,25,1,6aaa6fb5bdf4f860d31ea2fc334ff050233e3772471e4e5b288f33221564fa58
7a6d548,25,2,086184632ef7ac53c8977223bb145542a437ad95d23045a5e7d1fda1380e3dd9
31c49e5,25,3,658e63785ea96b540ad3552465d523dc2d791c50ca5e56074ba873710608f52a
15bcc7b,25,4,fbdeb5fed7919675f6a2ee06df07e0afa8980c0085b579cb2e80158946f7045e
9301dc5,25,5,7db086d1b8d40ec2abf11e97b85ced42ba92940e508e88823f64839e59ec56a6
70207b5,25,6,bde7bd0648b6bdd5a16f276d070a29ba6d9371750197adc0950b4b0158d8ea69
1c4d399,25,1,4192ec1afce8b1784e044bd68d7d51d81433fe547c461aaca3efddbdb6de663d
4cc0953,25,2,8272d01bf5c7a559a5e38db306d2b097f38e09a6bf601c219581f21befcc967b
4b5df1d,25,3,21bf55f83a4c41fa4461676ab9086c9ea996c02cbb8fdb496b16cade36ac6a94
ad31adf,25,4,75df0e16e35f743033234fa69821937e1ecd5ce029fdd1ffb40e869c317777fe
299a003,25,5,07c7449c6f24b8569739e74a01a9692eb91c2117d633050913f4146dbf800e1b
667bf45,25,6,4d1850d31a2bb00d1b3b63f6956d0bc37c320ba0dd6bf19abf4d3d8bc81cb06b
67cf4cf,25,1,ba4755c5b67e44b0c8bf3f54cc10e4510d5eb36d5a4a62cfcbc0c85d14b655f5
e89c701,25,2,6b1a59e2fc817ce7717336e7b9295a366642ac5f762e7a5985041387f8dc6e58
c6b85ec,25,3,7a72f5bb5379579af33a46774cefd735b48137f57fc7bb130eec37369b1bf03c
fe98796,25,4,d9886e29d23ee4a4bd07a00073d64807aee945971ac6ea7085b5a403d2bb6056
a8e26b6,25,5,94469d02981a511dcb0c8e5182527944d7d1b74f5002aac8fbde9bd19ae62b2f
b6994cb,25,6,e40d688b3ce8e46a1626b00bf05368b2871c092ead2602fe4b0c3e5adf78a482
a7253b6,26,1,9e2979a0dedb93311644eb8b7cc59281307077d5590a8ef6e46efb218059f981
54d39cc,26,2,bcf3c75e7fcc53f7c2e2caac2a3b7df21f947fa22eebf34d3f533f38563ac629
ed29ba5,26,3,6c962d49bedebe84a47c8a482533968e7ed95356abc99198b745a01640464897
c1ab5cb,26,4,9195dd24b5d0b66872d45f8bebba5ce1bbfee8df32f93a5285e2eea077e0303e
02ab5d2,26,5,bc7bf5652adeeadecdf3a8fa9dfdddc69edb0d2150c27ee2b087facfe7406257
a9ea38e,26,6,149f3120be8b48ae6c8f8cae641552e82428d00b4bbeef678422689a9a1e3e4a
9489333,26,1,93ac38321c9e294294a7ad15203397005a2abc95cf0ef4b74333865539ff074d
2784f18,26,2,55a84e7483cb8eb08182aa8093bf1afac2806ec83913d7e597a59d7f4f319b88
d74a2c4,26,3,ee24c6dae8a85f39485413fe34146bc9ee6dad7baf12a10b9c8f205a2a50b086
af34318,26,4,619c17ddb0900b7bb3c7e52784bee7e3c6d3b7509a57a7bc6f011742e01670bf
2556150,26,5,ba38f1b1002e53b61984a36b6d2e431155224548eb267cbd89868fd36c381106
53be578,26,6,842da6d434022dcaf76b6ef2e68382c7392fa1e57ba15036908cd46a44d481ff
647cd96,26,1,06a7bb09dda95c11833962d593cc7ba0f73b775b4c38444ef4592b996a10cbe7
6e1111f,26,2,95cb93857d8914faeb152f0f2deffe99a8be8b2bd45c8b8ff811ef298f2bae0c
f609fe8,26,3,8ca993b68c637a074721d865a60bd29dbb6ff9826bcc4a3d2b3eb7fd414a089a
13637e9,26,4,bd7b382604b3e0acb7d09ba6d88ccba7e9862dc3b8e264f4a63455ede37195bd
c11476d,26,5,a498b1f7f802e2e8e5e45621995a71165599abf1126cd5a034afca6bb43d794e
c7a806f,26,6,75435df10a58f8565ce8e298c65e65b69125631e6691d4675bdd92b56fc2756d
9a4d82b,27,1,ff8c004831264808b1a4a554d9b280908880de8c35d1ab42fc9c80360a429280
4dd14fc,27,2,55255235d52b2a83519a0910e2f9d5e8658e4fa0e4ad9a6ba8bbf599e82376eb
8a171f9,27,3,14a30ac42473d283629cabf0541af22644b025e823ef8e3f9e849efe488e9ff7
9f6d017,27,4,cbf4e18b3cc6764c343523964e433063b81674abd8f935e0ccc4525e05e665d9
c107670,27,5,b494e55569e179e9700e0cdda15a96f20016edc2181ead0604ae36ebca8d9b6f
8831d7a,27,6,4788c01986824565dd412ec304e74276c6749c591946078e0c3dec361102aff7
1abc249,27,1,c2fa04a0fbf84f18c5330089538cc9ae724627d202d05954b70062ffd2e1021b
1580723,27,2,5ea28dc57d7d29fce5c96ca47ae86dec7651e83a775221309a07ae1022244ac7
3ca0f42,27,3,4e79c17207e274bd9af0e4e8848f3b7c07c3191dfdc62b8844558ec25250bf26
cbfd6dd,27,4,f4e3f95180bad6d52ee26df31188c879cfbdc416c3a78e448a0eae578053fcc8
6244328,27,5,878c258cebbbe0e2b25cc5635fec0b9fe58dae8e5ee419ef576e0760e0ace3ff
71b6e79,27,6,3e2d214e1de677ff8b5f56097b9f9830bc9149556eec92950fc1920f9923d8b8
01267d1,27,1,94fe50cbcd9188de82aff8eb3ecc7861936f368a162e0bab0e79a576107b06e6
cb7f6a0,27,2,b47bed327139ddb625324468d6595286f2f1c3c6660a42a55cf963590cad549c
b8e1a6c,27,3,320c03fb69a210e94becea9d5649dd8b40cea9c292630e792fdc3dcef7a2fd0c
4b10de1,27,4,a5ddf3c80133e94b76803065e2f261d03e28b3a9198b474e55204047b2ddd57e
645bd80,27,5,bf1bc897f5fcffbc4fa2049a0551a74d2fc86bd9e2314319f3429dda1fce0b37
dda8663,27,6,5991ad8fddb17ebe0a346ca3b68e57f098125f3ca1f655da4d2017ea500f6b01
fa3ec06,28,1,49bdb9ed64b0a40213378a863c928ba48f2b20974f85acc39326561327fd48ec
061ba37,28,2,ddbfcf1cd87ddbee1e1b67153ff7fd8ff62dec2800c1a7eadb1f93a5bf34a667
9ece952,28,3,2cfd28f7d33497a8a35436b76ae714448357bcb2c4b17ce17d8f7f98a4d90778
0ee0e5c,28,4,db3a7337e3098baa6024d2b2faf33d105bbf5a17f201dc1e287b8efaed2957c5
989bfc1,28,5,0e30173f0e8fcb090302ee0513cd970f29be33d97a97bbc9d06d620c585a19d7
e11d005,28,6,e73c99781b51e4c8a07fe21f03e87e9529ca4a6abc3e2ac55451d60a9c6fe212
97d7afa,28,1,0a7ddaef7a6c4264511aeafb4b9716771926f24088f7952eeb2e754195074b5d
4c3e4c6,28,2,415e04456ca7d227d3379195dee1bf259070aed32c494ff8fc8b90869b473070
d9040ef,28,3,dd988c8557ce4b2519e7bfe1f2aa202709715b16b771f72e33d6085ad4391b66
ebbe275,28,4,8ae590fda730e21359c1837951ebacb02777b22a06722e0d5b8b399d0213744f
8891aa7,28,5,fd15a5cc4d7e08de704e8dbd4619fcb969db2c5f0a72d27924dc31d0e5dea418
9d1a448,28,6,b8d555cac8cb1ac18d3286c7a8f935dae3637f402acc2bba76f456cd073c2ef7
46c6e90,28,1,aa7ecd81f2dfa769b0c2f66e89f5a7ba70c2c37a7fdab397bca239d19d081559
3ce3447,28,2,5ce7e345ef10efd1ba64e3708a7168ea5221bfb2473dd583043f6ba51a0d1a78
f2123ce,28,3,b1c411425b85e6679e6c9fef217f88c06340bba038020543faaae69a8da3a549
ffddf1f,28,4,94db5ad68046af58a0bd647551269bf53171f3e3346a8bb6e516da1073d20639
dbbc5e5,28,5,49f7856fd7befb841da46076deb52fd33ee8d023846dc83e9bacb6dfa21d77b9
a6fe2a9,28,6,fc3e40847b02f3c7472f40f06936ee5f8492e752abc9f5d22b937d1f1984f977
fa29e92,29,1,65a90a72c5d1447512423255d94440250441f3b588221d0cf7b6023b29f96cea
bfb3334,29,2,ffacc6a7a7afa6493ae8c4f4271da2f9e567f3590494db4b16adeea88e4c7a61
e5a2fc0,29,3,c0d19ba7588c85d353506b576082185143a56d15b627c718651869c9ba050c3b
8a26294,29,4,690cd2143b9af6608df7602b191b6b79950bad247a9f71f1a79dd36216294915
c6114f7,29,5,6347d25d52acb9dc47d79d4bba3d8beabf15095b7fa3f1736dfe84a96931e9e2
d8361b9,29,6,4a3abaa79854eb0e0e812426eae06d4e1a2666720036c5ffa4d9fcabddff7b4a
85b5320,29,1,aaac8b99e0ef41d6575be6882d4a3b9864308629a84628402c1730e02f992693
0778075,29,2,c98cfd6d2de59936b33d1b0cd8335ec3215260f39fc67a9675a3009413d8f6d1
5b27416,29,3,5f7c061025f8766b826d0ab755327b71ccac67187ef0f284184250db1976c3cb
602c8bb,29,4,18492a2b71029ad29103a6f26566dff967d71932097f991bbc5babfea0761b89
5713a82,29,5,8b9f24451106510fbb38e52545ac49fc3ae6506ff61a85b87d50c0beb09c4b3a
7cf67d3,29,6,8b3925c5d1e5fb462a4e05951c29ca8f28c6f61310e7ee9c2b5f42f50242107f
0087059,29,1,1f4015423342a319033e4f7fc7cdd6437cfc807b1525a770eb8e4638fce7b025
7f33796,29,2,691812ad5cd0469bd5217ab1629964e2ced359647aa9ed2ca4f6f08350069d05
3c87dc2,29,3,61b55e9f9c124a502acba40479718479b0f119d16b415fe2799b5043458d3d71
648d46e,29,4,ad03fd34284d3fa688eba4ee5e3c5ff871ad34bbd3629a69204d38c8d203ac8f
62b94ff,29,5,3c5a6124ec50ea362dec4e32925cd558f77e59a16493f4d350e6b240b7ff7f28
721fac1,29,6,aa5e1f67621e3c932a577647ee94064f7b22159dae78ad6a883a8f43412bc183
6a4ff38,30,1,0d87a3b782108c023576ce36a58c93c06fdee3a0f0ea77fa65af496c657bc66e
49023dc,30,2,b34818a4cea9bcd545d814c6e632105867a65b7a4b3fde61dce3a11ea0e2bb92
d9cc4d7,30,3,37775c2e54bdae87305636522f2c4a16986cf3f5d52365ceb05f301845b3b90c
c93db0d,30,4,6c4a2ef7297cbb450cb55b22f09f12d4b614ad249d9ea02015383946140d2542
41e1988,30,5,4dcc8fb46191e73e0a1faba17978b16c9d2d4a944e51ef8461be355eaf35aca6
c7430fd,30,6,4396069d6575773ece6a88ed931f8236fd08adac560f5d50d897c5cb301a61cc
c3b8c6c,30,1,32abf85908b15df085630c22b23f583e97d95c486487290bd878353a3173c193
5c38fae,30,2,6b3e9fb737051a283b24a1472944655a822bfea69e12fb0a4cc167b8db716aa6
cb1082b,30,3,ef4b3553e840c2bc49de3087b14af4940cb6c13373b6488d8c21d5dcd23e7c13
0728321,30,4,6e64b4f235a48f9682030d3313cb5f6bb824484d85a7d1c68dbf24022a1f204e
0d18ff3,30,5,cd069da62cd7560e7631643f35b2a220e49ed0b63f907793c22d862e8aaae8e9
5a22a42,30,6,aa3f6a84ac746119a6ffd10f44b42ed59963780ba946465c2ea0e4ea2a214bd3
27e155e,30,1,244d3a6b9e79fdd8f2e5c13f983768d421b4865644ee046535d5d799601348e9
372ad46,30,2,9a2ea58f6194f3a5dda4e3b4a763423b320919c1830d6a4b2afc782063b8d57a
a3f1de6,30,3,0ebbf0a6204553aa6207ece2d32a4bcc5bdf202b11d4bb7329a4fd94abdb8f41
34e37d0,30,4,2a724b7f80e4f74a1d1f7237d4bd512ae09396a614ad2981438f304f959d6534
fbd60ab,30,5,a74210166d327da992e54540e25f619939971e440192b65ad9515471b385a577
af12c8a,30,6,6181d7bfd8e866c10f2c06b840ac512ca66fa2c7ae8f64344ae000dc5e474b1d
65c3dcd,31,1,afbd5f49b7967481b1d73ca964c9aa5a1596614577b46417234880b76966d71a
8943100,31,2,78daa0f5809c080b9d3dfdd9476b7ee446ace5113d76fb3228c4ec67df7c4d4e
0033bf4,31,3,7f638ad8893585c23d7951a91e71a052f45445c0a422eaaab86ff4dd67506a28
51771c8,31,4,d309b04d7c620fe78908a7c0d955ee23e9817f6cf3e977e4f9ae25a4d946da36
76019e0,31,5,379a4e0636d1c7196bb7ea87f8430c3ab52c044d61ba3e1d7ec17f4a35a9697d
418f0dc,31,6,641b2199b6ac04bd0c1566b2142b34110df820e6e53f2c5029c87ec5044546c3
474ec4c,31,1,fd9f301b7b9685589bc75c940f1167e04530c565a0fc573164297acca16ca579
2ad190b,31,2,8af93d4affbc11b4d55235b08aed45d4af22c9cdc552b12e1af2fc29ba017f93
f2faede,31,3,13a2c489020fd2fd05a45fe251a5e5d84be9abd7c44a0594e3e304e3af3def14
e15385d,31,4,60be2803ff59438cba32fec8415d5824c7c9e7ebae10c165983c1b6cb7711abe
a76077f,31,5,61c584bd60ab2c28c8b5dbee5792d67fbce73f9a3ae4bda314e4b5a859de2886
0d2070c,31,6,fa2b3aec25aa3378e64391acfd05657cf88b28c696b53c52e0b50c86693711e2
5668a5f,31,1,e09fb5191e9a1fb50a7f4b25b40d2406eb5f13392b35a31b4a95575674626553
7119d0f,31,2,6767b885c4bc8a5c3bddf3f9bb240bbc06c944df9e2a5776a4638e6fb88a9a33
4db6acb,31,3,fd9076638ac6ccb9bf2a5e6bc4d2c2e746e45eacbeb409171d86d32865fc10cc
dd5dacd,31,4,bbca142d8cd4c15d4f0b05110e6b52937d69ec5fd5d3dd92a4cd19e3152cc607
d77eb24,31,5,5774b49800f1aa967fbb31f4a9ddd0f9892532e33622b878b73f5eec0b57d567
734354a,31,6,13016422791e73f4b9f603d6eacb635fcd4380d546817251671fa0e55158ebe1
5dfd5db,32,1,78e6682f02ecb48836842afaf4732de200c5dd82e7f880e1395cc8548b4e590f
3b02e51,32,2,e94a0279d9f6af29b8086fa0be09631a5dbe7f720d494eb01fe0b111f8ff400e
a4fcdca,32,3,624eb70220c2bbf3349ec19685e470686f7ce74c530fc5d0722805af0c510bc4
3d0cbc9,32,4,c3141c768848d040a8b9264ceb2d3bf4e5befdb97bff8e2b7c30943c65f2b3c5
2af44aa,32,5,13fc552dc694162b97856886c21a909739727a01e10e354d3c542a71fea6d48e
ede5e1e,32,6,9f1107db4a998d9d083324f9c032f46821ef3bf32dd364f62e1ef2bfe14fc524
2f82ef0,32,1,964cba10a446725d4de69a732d7ed90b59a84e7970975a00b96fea2c6482f960
4200326,32,2,510f1d3dd3bc62d51968425e9ad0698278808af14ee19342d65afbc1bf3542f9
d507ed3,32,3,047dc2e51214cca1f0d62c7ba590aafec70856bd3c49d34d298947d10d323f9f
a3a4c11,32,4,0a1baaeb0f0b4c60136f11dc7f38fe3984e5a7b7becd5329123b305356e372c9
0689c67,32,5,b9b65e3fe6dda12c6cc0beb29ba41b86160e4cfb487ee668600429ff24f5e9a5
77cb526,32,6,ee00df696ef2f679192aea38443e5329f312738711423b560a427a07b0e03b88
4b131e2,32,1,a339742b53057af84147cb1e8215c67a563693faa4a97bc7e183bbf5d35af42e
81c3e64,32,2,0f3a3eb8b581ead6fd93efed05350e474ec36f0eb9262612f0720ac3bb045268
17e1148,32,3,54c315aa7cf3bebb1afc7e0754b7fa150e34b74121363064658762319ea6f344
e59d33b,32,4,c37987ecf3e0570d220a76a9ba8c4976e4255a97a45c7ddbedb7bee64f4fbc17
1d031f0,32,5,960b4e4683758b7b54446211fd62f22a555679cd7845a34599e231c6a8459fec
c284907,32,1,7753b3d05eed2deeb9294b89a1d048bfe5b1bc0973eb513b2668fe562b543867
042167f,33,2,4100083a9be719da633d39667287d73f00d9cb505ae8455e30040423b81792f7
8055ec2,33,3,23246d193911f86b2b3a4b7741f2a74fa481d1b879ea60a2641f5d07afa6d730
7df7949,33,4,2f6417e01ce17fdbdb8050c6287e3673818a7e9a572b6ee8b4b6f6661a399281
d31f217,33,5,a3b61c0de1161d035dc1292f57de3ad322e87bdda1ead77573296161500cba32
d38cbdf,33,1,cc45929f4a0952bc75723d3063719dc510a4b980c7a48f91f0cfcd5637c11d40
dce42d4,33,2,f1ca00a67de0d1926b87cd2f309ad175fceb1c052623a3cef32283a6de8081ae
29194fa,33,3,086a6684742c654624996551c612f13fe1c2d7e493392188c97f0ab72ec61c01
637b998,33,4,67b0832023797ae20888bebfd40df8a9d00d36c6cfb2a20f2a6dfb6d4627b296
6bd8e65,33,5,888abb1a5f8ce747a1dcb17b0c026afe7a9636e265872633b9726e0fe91326c8
85225fe,33,1,38c2b66b7e1f037b2b376b2f758949f1702292bf923ced996bd872a1eedcb8f2
8a3e1c0,33,2,8caa83a2f4ada5a1b92f44cb93b9fc0c9870ee9f6c05a480f7d16585391c8c8c
50ecce9,33,3,c522f3ea457e088e75188887b57066da4519dee29688e825be4eb74a9ad3ffcc
7587078,33,4,b55b80fa06f61e9d83fc2265587623b7eda449935665f854eabaa3b1448a83d3
da48df7,33,5,821e958aebe489c40c226a877425acc57a3e8faf39321d7e5540fc0ff57eb65c
2f1110c,33,1,7a881794c093b710b78c7ccc9cd0e7610f0eb4865b0ac8bb85c64410403808d5
f5c3dd8,33,2,04c27b0d3c5f6da29ad5d8e0db25a76a3413bda20019f26b60940ffdaeaddd27
48ace7b,33,3,7b6194333ffa98d0f5ed207182defd732d61a7a24e3a6f5f5d6dcc694c37684f
89d88b5,33,4,4004c8907a89d93ba8a6a89668a461ec050a50443fa7c5eb754e7cb103a8b764
410ef58,34,5,53bad9fc7cf2c9bf82d03b771dbecb441aa8ba73a64551bb742626ee12f11760
bd4b534,34,1,178c1c25a98e177bc93a098d6acc34dc9ad7749931f4d8eb129fcddf7e302865
4b346ce,34,2,d4a79c92af8d129bfb27e795c0f1c11e339da1fb2bdb04d8a229bea56381de3f
ed767ef,34,3,3e3af88faef383dac9e29ab31de0d56fb66098e3864df7849cf537d9ccdba136
b5a6e5f,34,4,ce0025cc995dc2d7a6df2743dca60a849b4dff1218ac16dee93b2e36694ad2ad
c2570f6,34,5,420ae97ef5cf6d3be2d607c43ab4ebcd5094dde35978422c5b09fff01e362873
a3f182d,34,1,40eb1839a843e100a24a53eaf2cfc2ba70a644724236db594ef0f4caf220c073
837e94c,34,2,bd06e0801782e27eb3a3001837e0e989ea0da9d465fd92fa5574514184df969c
90779cd,34,3,313526d5c3e32b0bf732b129c0b654d73c31718b7b12c6d3a8f0b3c0efbf7d98
691f21e,34,4,0b5f9bfc550ee4dccc38b3b64c08ba8ad090c6ddeaedf25000f7c86fd206a0ad
485dbac,34,5,abbd99011f068d8a41be80301ed4dc0666b91dedcb7b6318163984454dc20540
c8c7f71,34,1,7b4a960c87472aaabc71e4ccf41b88c1990ac5b8c6cd9d892d9d37785146e72c
d5530ac,34,2,431d64990d8f9e969ef6aa76a6c819bb7333a3e29168dc9ebb1f06368f0d96a4
f124a38,34,3,e6fe2932cc89048af1220507421ec0bfe3ac78d86eeaecd9322028eb5f5d498e
303710c,34,4,f2a87f6d8320543b71712268a9936bc8a2639f9d8bda0568dc09d8ea2c836851
bad6c34,34,5,3ca9bab5ab12c5008dd0a9a093c01a2eb435f3681275edf47239d63f38406403
e51f18f,34,1,d22bf63c4f58f02b4513c56c1e64fcca96a71a10ca37afc96be1b8022d4ca76c
b1c3c6d,34,2,3ebb6e7c8acbe3caf81284e1998d26957902acbb003a14ed8a277bd4c3d087e5
fd6e5a7,35,3,866dae34876493e71685bcb106f6c437cc88a5abb274731594357d8370124347
c4740ce,35,4,59a36b7a4049d6e732824fcd05025abbfbb28e8554adc22df33517fc53bc22a2
22ba497,35,5,5a2dcb6f7117e9d751eb49dbf17d370c9f85a863245c5df682bc89a95ed00b3e
ad4e3d6,35,1,3272e2823144db31d5386320fa6d3b3a2db81d744278b593d9ab2df2384bc100
904e0b5,35,2,3a74a04bfebd8e5b1845c7a3aa467f47ba52cc7066a99b34b063b8f7a0aea021
758b89c,35,3,84bee1afe8052d5f52627179e87bd18bb7687c2ceabd09d0e0d7647230c19020
a9bd3cc,35,4,83e549bc6cc17f4b4b1d08d4cd162e41182b6b9ca7380f216dff60fa8d82d20f
df3f185,35,5,1cfce3c3374b56327e554b31e941cc30176e9c4d8ce6f941df363ea878e24497
76324c1,35,1,fe7150187045b2db219f2709b2dd6862fb1d3566e2ea69e8e3f89124f54cbed3
4699ca6,35,2,82a2b6a7e8aac71a2f3ef9885392bf8ef40dc1b5e6d596174881f2d6402aa7f0
a3de134,35,3,d84cc2dff2b14741cd0b4ff3a47278122928cd997e147b1e33a168ea38836352
47a5dff,35,4,1ace1281240c3d728182ebb2fb2bfa1cff17a3a0505e86799a30bc14ed75d1f0
175775c,35,5,2bd5e3f7f66d5eb382aa2a4608ea139698f11774bef0b2ef76f2043cacccb59a
2fd5e11,35,1,e2d231a37a867a4fdca9e1eef54e512635b73893c92b82c080e1f1c57eb6e73d
d25d977,35,2,e5b9f0ed944e6c73a51f5710e2b2ed292a1b7b054ef7b27b0d2bd701bdc5a997
3e9dcd5,35,3,274091d6905dd5f59e8e643dbde684470186ec35b7811aedc5975d56eb0529cf
ad3e1c9,35,4,aee30c45b3f9913b60b7a8be17c0dfa51cb7383a9284fbb0d5bee1a345890dca
43baa23,35,5,a78d4909c6d1622572eb7129ae0d3036330b8fda4c498652bfd00cb421830f3a
d4c78e7,36,1,bf9f2cfc890629230bbb6e2e9ff0862c45d2e7fa94d10b899516eaa77d6df104
7f840dc,36,2,aea7f5de77d17921efe68767e58d29068064e5be7c8caed2a2a8c52fc6df9ad2
2254969,36,3,a1a683bc834ebf3f616e7e685a2e0b244702751084d6dd6c8b054954e130aa7d
648f50e,36,4,121c8626d451874b48c37280352cdd13531161a023e1610ae1898e9b26f52af5
309bd04,36,5,cf22ef7d8d2e245df6c27a9134344dcba5bcecd2e69e428b3e32125d3993e7a2
3010bb8,36,1,8209b54909af27894a34b2ba91dedf1db81db6e0429eb69fc783d4f1e1798060
31fe4d7,36,2,651b0af53a62d3672933604e64cda5d6a191c27886fbee66ed829d8b8b7fb9e0
543e550,36,3,baec122c3ea1742a897663b7adda4a614431e95c7a396c1725d7c875626f0832
866c9af,36,4,f653c94eb41f1819303ca6b0a4ea53a44d4d09eb7ace2ce2114ab7f786dc3deb
1d106d5,36,5,ecb387a6cdba7d065eee3880c72ab698e4ffa952a22f5d123ca2449b149a73e2
e0112c9,36,1,c95f20d7843b6eab9c74de0eee1268f4163ff67cb8953edd19677e2533be29b9
542ea94,36,2,7bd0c27cd79466138635cc4de6330b8e0a09fe12796056ede6d1b8a94f6d0218
7d2ffee,36,3,98ece35cc000498df1e3d84300f023edb50dc6264983b8c0413ec019100e5274
98685fe,36,4,903eba40846bf97496dc75b8c4462bd9c6c5f232d653464c24fc241aeca2f47d
a8a8f9e,36,5,9fa079cb08a1ed852f9169cec60b154d9410974fb8b6093f43991f7997c491ce
f61a159,36,1,a1f5cf70298bc7c2f7dee0bbe5a6ae5be42ae4b01914b03355fdbe6fa6c23bf6
2510330,36,2,581f85a851f9fc2bf51d091e9769da768965016f3bab6e1b8c47b152bdb92f13
88de2df,36,3,d5849190187db9e07c8533675fead47c71d296d75b52d02af707379c9dcc73dc
5ea32c7,37,4,e4876749c9ac9a1435565a5e749840fdedfee7b5aae750373602957f9f108a7d
42f073f,37,5,678b44660b7785c527e070c7bd625bbecfb04fc372be37f133cdf433eded3d16
2402f2d,37,1,0a23ec26f333a5320e86c285c148b33a0bc1cffac7629597ae346ea74393dfc6
326414d,37,2,8f56264ea4329ccb3a50e83588fc57dfdb034964683d82c2bf691ec83b4b28fa
ca164e9,37,3,a6fd38472b685df7b45a85e2bc83172fb3434b16726336f256510dcbf997a149
044b201,37,4,71ea0f3f0bace2aa25007c44fbf6ae55ef85fa9b63eef734e86ae6b9bd7458ff
93a78d3,37,5,94224066d614c067c2b82ac26410ba4a737a179c9818a81c1e46d884b09c9dab
d2e169d,37,1,0c456c55a444463e86d7ae705196bcd3d833ce25d769d8621d95e27efd0adc24
dbe526f,37,2,af02494301a8da2c89b1952184099db8ea19c9799c467eb5bb2280af3d83490c
8a844ca,37,3,b16da50e09ada0eee479172257d5cbd848bcf5574c68be776ae5ce4db6905224
0848273,37,4,7fc09f89573111b89e53b2ff37b09fc44f3ccaa08bf456db094b1efeb8e8cd3a
18865e7,37,5,4ced42c565965b4a64868892638a71cbf9574211b1dcf0d612bdc807358835cd
2e91de9,37,1,8a2e51e35b7190ea244b3534c2428ba76e9018b88afad66f6c085d60bf850f00
be12d44,37,2,52c38bee172e4463d701ddb7955aaaee66a2536d35fde6cc659d5020966dcf2c
d878b34,37,3,704a0158ab69d823befc2065337949837ee2b54e7a89ed7cabe72028886dedac
377cdc4,37,4,1aa56fd8164c87408eff9ffa30a738271a36a20bd1680efed759f4735234fabb
8abcbbc,37,5,8a9d88171698d859b5432bad364c26373094dda6090ab7a3031e3f404aac345f
b0dc830,37,1,1259e28d9451474f37836748ab315f23e6de64ad166de8810eeab23bc0c66660
849dd76,38,2,cb6f9696a2dfd3202f2ce0e7b97a4d182de870f6110e6ea55412bf51a17f83a6
7d671b9,38,3,485b29dca233c0c3c2156bc80e805673bfcdd0c317ed8855ac812952cb8f03bf
01e0bb8,38,4,e15cf51f8ce280cfc739137a5658245714c48b03d402298b5c44347ba0c2125b
c85a60e,38,5,23caba97d3b108a4964c273d0b02d80c1e87b6f77ee1f64026bc3b5a4c9a7ac3
3f730ba,38,1,22142da7903c4a66fe27ec5185552e412bedf0f67425147ee2c8056b8fd69eec
515891f,38,2,07e05d30c496473c59827e8e9c1c4e3f37d4d9184c37d7eabfb24cf892929051
3b57e6a,38,3,870b090610d057d5932d1995cfd2f982e3ca3e28f0135d081a409dedc0bbf844
9ebb468,38,4,2a5ff648f069a080e12aa1f929b0934ea2d0c3ef3deb243ddd036520d9fdfeb6
46369ce,38,5,d89e91b743aa01b2cd1259c8e5e8fe5aa642b246c15574421d2f54321d54d242
e133934,38,1,008f5d2c88deff1058ee0badb89958abae1a5461536a9fb84847b24c6d9405a3
5920041,38,2,542f5e9edeafb3e4ba8cd72689e08f31cac98164e725956c5892d9d7906999e2
9a54873,38,3,49f305f38c74b02896bcc5a5164596b31997fa272d0c63f0a9cb2c495b04dcf8
7250fdd,38,4,391987701fc507e20728b4e517a9e5703df6a01a9f26de1660f2241f82fa5b6f
cf96a90,38,5,07509a3d37562ba75c13d4755d3a7c2f1fd71606dd458544646893d98632dc18
2fc7982,38,1,7888186f88255601fb6417ef781f71d1c052b66f3c05400eec9ee4dbf2d7802c
d820a1b,38,2,03f7138a25e36ab46857337f57a22b16cfcce76f37c9d6465d8a7d4ad16ef35f
73dcfb0,38,3,90263fa8b60ca13722f972eab8b4db9b328471e695c53b72a84f7cc0754b4819
ee992fd,38,4,7c3e94a877a23c7235dfbcc756ec5e00bf23d3178105dc7345c1b9fe4928dc7c
0cc9cb5,39,5,ebbfafea2bc18279b2f1302f702dc7d7ebb85aa7a6b99038373cb4d6a7a9df45
2cf48ad,39,1,7962bb11635e4ea1b68b073c3257ad8302c6848ddbb7c555145fc802fc48fb4d
396898a,39,2,b0fef5c0e5b96e3210d357b46cc2dcfe58ed41582c937bc3b709c409d2156a54
1e0fde2,39,3,4022e825f7cb3fe789a5c5dd03db9accc9186bdc599c6160efd79af1e5b3d882
08d9638,39,4,0be8fa19c8974f26f924f07a40a085ea5bd946fc1d106013a1f299e52442fbb9
6bf18d4,39,5,18cd9fcd351e61580b53cb6cdc71f8713160b2763a77fb541c8ccee24d32e11f
3bd062d,39,1,01083a1f4e7df07e8fe899ee1c0a0bbf1054ad9662124a8f02f6d61862778a3b
1731db0,39,2,a5eb80bbdc7f7cafaf5352903f15b8cd63fa96e6a4f3d3b1590dc0b6f7d229fa
f5235b2,39,3,484b8e476265d2b73355bc1747b3f63aece546a411681ea38e1d47ab58607a7e
8ccc143,39,4,cc939799d0d2fbd93b3aee9d2f566c0b6a03fef3b7710bf5f49c0b51f1d80e82
06c3953,39,5,59a964ca6e3e1420ec6fe4baf10e27bf70cf9d2dac9c465bd800e4288dcc6261
dd0b4c0,39,1,15451d3d3f5c632ff82cc8b127bdb23a787083e6bbdcf262e4fb80de2e58d43b
1cf90a1,39,2,664022b8f79504f2312f11b958c8aebd14e05233beda859023f90d2ae8ebdbe2
cf44547,39,3,70c5c525e9c6a7991e3c4d6a89a3369dba4c2977db6f0439ff43a5373c1c92ac
41d63b7,39,4,ae9ff7d840a146a3b6771d8c55d09a9504e6b7076c5d18172e0ea4e6438ccacc
83f3017,39,5,09ae41f07fc748e3a15f4d215d81c314706ce1d5c3254a00c218fa17a1a662bb
d150ef9,39,1,78e08f1390b4c005c8f72d6761da80a918eeceecc89b898f1f326d531a65413f
46eb091,39,2,476c8ced73945c5ef518007b6699a8af9774924ca794e491ec8b5c94939e4857
4972301,40,3,02a58a0394f6b3e139310422ea95d42356912192c497d6ff69f479977e94fcc8
996c81d,40,4,04351ff6d7ee74e6831d2f96ea264edf04da40f1564a6d9ce174e4f7f38eb2dc
86bb83d,40,5,87bde4a1fb13e8938ed242cdb04edbd2365b898a80c48e6f5549a8701aa0ab34
f59c3a3,40,1,c38b81d076b27a20592c2e7fc6eae918866b35c333ffcf8ea1fd73e7f77beefc
42e2c21,40,2,d9e6691bf708ccc58d5ebe7a0acde4ac071e5cdf7f49e3c8d76cf4f135413349
5f7439b,40,3,4b25afe8d1982f6d527f0aec23b59902625aaf4a0d74497af89c3c05020a9bbd
ac919b8,40,4,eb433baf3d58acb58cc0aacb3fc8ae7a7df28824f98042d52067f9b9803d3ca0
8439c0e,40,5,5e5c05e5c61f7cb3ecf50b180eb8e60ac94cb43a0bfa86992d3d38836535ad31
49942e7,40,1,b6270cf6c43f43c95813a68171e5be141c7babfe08740ebb810bc38be83e8765
71aefb8,40,2,2279c612eb244efc5de57e573213b4640fd03fab9e4da2c06426bbf5c4154cfe
29ff531,40,3,aa79889604219d457b8508053431eb4e79ec6300bb22a8a1537bd1d1294df930
0916c73,40,4,e053a44b0535a443df4962da12be2f26c4e55bc5937852de2d06d0d44fa65e89
14706c7,40,5,e69d9923eb5f032329f3697780e2684593301e3848a2d5812698def678efd2a3
336c6ad,40,1,aa3815e2c2058553c809144ff64c91d0374410a839e8403fc6c488eebaf955c4
5931bf7,40,2,d37e73158cbf248553b73acda0f9353c6ea52b7f8b939a7cca3c7f68f5831b89
ca8d53f,40,3,ffbbe02624fce02898f3a36214c959db94d7f2da0c7c98ca481e5fe5853eea87
b52cc68,40,4,14d62ca06555f324d548c7425d96833c20595bf075541bafe6384425ead8a1ee
21b9c41,40,5,50a1420617061ff3ee39c71781e34385a7b234413689a0d67ff557c83c48655f
9a9f450,41,1,d09e5a6a7256a531f5380ee03bcbbc8da772272e144cd7631d2426169688c795
f0b0ed0,41,2,87eb7313f38c3a4eff3bdf683e9d16e2c4d8a1526f4fcaa3e9155b547e1ce3ee
5bf3e0d,41,3,50c2ff69260b9a6df55aa29b893ce6e33e8b4502f181e6aa81b198f281efa3d7
595e8d2,41,4,65d2c4df27b79e67ad5db593ca140785fed969ab0309ee49475fefc6c9407ca4
854619a,41,5,8402b5871903157e2f3cfe78010c02894e13490956dca508870f887e4d6f92ca
6b81b9d,41,1,0e5b12028145539c9e5d07e2ad2a7ea1fca30676d803c9f42dad46f0525d353e
c98ba96,41,2,6171e925f422ba16fc9682e341ca63a5fc0bd264a38eed4237ad0bbadf7e11eb
b6a7244,41,3,6c3aa5a966b227dc93be2559552c2d80be2a15c73cfbb024e57de83060c71ec3
d914e6f,41,4,8f4c2492f073963d5b452af4309f089681732da5653b0e16046d79d82a8307e5
8d6be06,41,5,a33bed1eac136d109e676124621c23b931b288c77a6816a040cf16a25f685769
598318b,41,1,66c5a1c773427046e1f5beedec1d58ee79fee9cde39aae23f2143bf0f1ac6d56
82a2ba7,41,2,82a7bc8a16ab795513ce091c41eb2f097ef1e00ed4b62afcdf3ec09e20afe7ec
8ec6280,41,3,25dcbe393a020f2c2884abeabc2944d2928059dea113c0c5f2700836c3de5834
1926426,41,4,584f80c4131b04fa713c2b476d5a1dbb53db3d294c8c14e5cd54c7494d5bc20c
9d4a923,41,5,f42b6d40b179c4160e00143daf4813be2dc5134531f53d378918b4316114a8db
aab740b,41,1,26c535519a6140d9f0c63042c94bcad774078e095d8bd30fcd53a1eb472d05a5
40aaa0e,41,2,2e951beb9557d9869a6a48ed68b44ba7f51abeee82630d6fbd5b6838861d1baa
126046a,41,3,c8b7ce0ab94b94140c655d3e7e1c97f4545135b3380f29e55eec0ede1f4e6421
4a8d31e,42,4,a3c4070b5bd00f9decc4bf78ffded42f70baed5372c96987c31ccbee70a5ca25
8d5be25,42,5,a883a707082a8d8223b8ac1c3fd0333204d0ed9ebc2495af21fd0f197dada341
977e010,42,1,1cbc9d216437c1881744e8b3f40395bfd6f81bf95d95e3bd3cc4d9f6894552bc
b612d98,42,2,a2a63c3dea7e91b6c1f52c0e1d1e7c62623d15db2b930db531527ffca882778c
cce0c08,42,3,dce0b74daf06c21803f0946cf4cf206d994f706b4bfc6f72fd2538d796f7d247
11bdb65,42,4,6d56ab314e365ffd1fb01b77e0a3c56f30e89e537e7ec3fee8e45d3d7848721e
afbbbf8,42,5,7bc9ad2f351582506a2e69e0eeff217a1ab7d5d287452994772122de8d24e6c8
16ead3d,42,1,9889d6680c1926ba7764dc43dcf58d9f1c6fb5dd34bf5744ba5ce9f22757b1c8
e2b1ad6,42,2,f3dc0d4ee8fb385f95b2dcade66bb73918582324bcb88833578eb3712314ac88
02c1ebd,42,3,d13aba5b96529916326a83ab3ca0b7d4fc4f83d2b94a7e6fdb00cc2b799835e3
f3de91a,42,4,7288abd9c1f00af4f52a1594d4983031e46e82b4cf157242ea3e89e080c01129
6d696a5,42,5,14b2bc724d86cf03c2873429657c4f847c281d59b8a06d80aaa0e3bd602c1cf6
4b07312,42,1,1f867ebfa556abf65589c78f611e15eea63748235580886110887175053208db
66de556,42,2,4a529066ce67d3a25f641a4ea42932a07c7017d71608f29572cd4bf656ca985d
18397b4,42,3,9cdbd5e4b8f3acd635c5770478adadd791cd479a7f968913deddbb9143982888
866e250,42,4,3b48890459160e82fd2575064b991a4f902c5770dd236052ce8eef19ea46155b
f13f21c,42,5,12ee3fca5c921f1528a07429ab8dc3b04fa768cfeda1928ee4ec3d11c327d336
29c499d,42,1,e1a08905d206788e0568fe737c89cc22df5d716cd5a062d5b02bea416714a45e
ad4d5c6,43,2,55c827ddcb2f5b54d5c59a9c965a099b239f3f662be6525db2c4d179ff8b0445
6278215,43,3,287df7fbed42a9536e4fed2ae73af24d8f3b9432c68b2ee4fc2a2a5dffa61b2c
817914a,43,4,5532d4b1e7c229fdf0d8bbd73185b8bfad13311849968742f271d6a601ac6b81
b75e3d6,43,5,919741914125c4d3d6dc205d1ce71cb8eac0e62585d8c6968d887b013fa5f007
953646a,43,1,d4521eebbb853445c0c73319b6c6ac01bc0e51f3361db3470c6a91c6ca9c351d
6df9eae,43,2,bd374345ee86f813f9308904ad09e5ed2dbfb80846d2aeb17d1fe5d6c24b34d7
6aeffd6,43,3,c3556e38ceba85428cac363d3f819d1eb2e3d4be786c3e4a18ca0f85e8e8de42
7a24b91,43,4,f15dfe60fdf10edab7bdd33c97650d2cf0a33a0e64433c2108e8824d7842184b
fda6f30,43,5,23538eacac19b931fe2f20897088a92ece8c47f78eea4c2cfe18c9bde677028f
c34b128,43,1,10efff72d0d514bc74f9938d830cdc99195bd31435d1615429f83c2708f4f7c5
d7c93c3,43,2,ee801ee9debc88c76faccb381bbc1005601587e0752da7c199d05d2881da527c
acf38f8,43,3,13ab491b8deffd36b59d1d30d5518f5d308b680536d26ade4257161a182ae598
4f85ac3,43,4,144da57a481e562ae5260bb7187de9380141a1d4b0027c6b9ebb94d011e3da3a
158ddca,43,5,6a495a5f704433d3f382bef5101d8971b84981d19359e2771fc67d0f2b375f6d
d1057e0,43,1,ea4769c23fb71712b95a5a5ebc5b20df3006ee7b5746395e8c652151ca4fe17f
c7238b0,43,2,f94a0b703072675d2114db63d5ae0a3b3baebcb01d0bc2b9f04e5c701576b45f
0ffc18d,43,3,8ebc77f3afe3a42e7f0eed292638cd06dd1e12a37f945309eb9c7886747c02da
8a62e5b,43,4,9c1d4f8eed7ef3a4fdd9c22d90cac547e2154f0392a6a1e4edd6c3a52eac4beb
2b14412,44,5,fa9a00b8a6393d7d07bb46fdf162a00dd0dbfb9bf420361b89ba3805fe844509
bfff92e,44,1,238a78ccf74cf0e5e1aa3ab0d8da7a9ba19861298738a45de1af2ef4c46d1da7
0d23181,44,2,e15c31bcc4997fcc814cd6c2aeb3a8b2b59f24e31868954ecfa7eb4a7aa48de9
b5abb88,44,3,7e628d4039f1641ab73f5e3591505084b79949956ad11f6f0a1ff6772b3f196d
138ecab,44,4,490ed0f90930c842a571f55d956b8222863a3ded79991af30b7b02645da9405d
e3d327c,44,5,048001859f70d816a9f8a2ffa1822d5c977710e6f7245377a92deb713c652dfb
71a568d,44,1,f622a66d912e1511e5b0f435d14d34d655a63d4f28f01559a2f1ab6ebd9d11b4
8186437,44,2,f6d2eb4759e34f03271e573bb44b2968e83413de25dd825a7b4cfb7b36ff47e8
69769d8,44,3,1bc80e0d707e433d04aad0a6e7ae2e8a0f42c2b0e7688c3780c2344ef0393ecc
62f4cd8,44,4,d87880a87553092f8e50fd78dc0d7d3a15f49fd8939f4cf0338670202d397147
843f86a,44,5,0bb8924efeea8c9570d6acd889bf82b7cccbd9d8e4a267e3e1da5dcae1ffee22
f487f7b,44,1,866525da8c40a8159567e57bb4d7e4b3873b2e6fc8f6e63f8e256f31dd4a7226
60cd095,44,2,5fc6b41ac0256911f3831618b698856f961f316037ab2c55885a5c78595566da
51224cb,44,3,c2ced918ef4172640f2572d69fdcd4f9217f4a7089ed87c87f478ea428aa1ff3
3cdaa47,44,4,2106f45d8ef8322b7d823ae5e45d9172aae73c3968d709e250c4ae2e02494181
b299795,44,5,c0f0f327a2d2f0ee7024bceb30bd2fdda8727f86861dffc081501e7690f80722
668e9d1,44,1,ab03f7eb4336188a225dbca611431616bfd8d2eb8aa6da5e6d78c181bac6d336
4a2334e,44,2,be633407e12cbfdd7033a74b2b79b163af263275ba8cc592e184e585d22cf772
c8d81fe,45,3,b396c3472da16e8756bbea70bbd3eb83794c533fa05429c11e8b342876bf215e
fba7e12,45,4,34e63b8d05588b659169e49046bb6c31db4a4f11d0c511012f1ee679a2c95409
d088b14,45,5,76b5748840c96fb915aa27ee076ebf2c616ca8c1c5e74b71d8a119286cc969a9
36c5b6e,45,1,79bc8bf9f9b0842f5a07e99225e3051471e1b6ecb36953cf2d0582a654a4103a
55e517e,45,2,7f8be0c38a8c79dd0f663eb3aa3f4b7a6a497ee9c4eef71bc4d693ab805f92f2
58ba0d2,45,3,e4e941c40c83809a1871ee7dfb5fc078c784d01de7a874709fd52f479a14b7bf
eef8c2c,45,4,62f5ab69e498008ba42c6cfd5db611270969aa90522a009d6438c001943ee5b4
bab8e9f,45,5,2dd3217d47272e12d3c450a389cc03b2db99f393119b313d92eb701463962200
5c5ba80,45,1,e46dfe6b8210530034997fb9b589783045fd3831f6552f2c907e410bbf8911db
6adb60a,45,2,728241b6392f8ac7eb0c0d16013150fc4db26547ed2d682f9e658d7a9314e527
e962f04,45,3,35543a9b2ac8e74cefcf8ea1ecfd0169660a375046a0738ed01647a3442817d3
7dc1904,45,4,f994459b353df26c01f827fceaf65f5e73e46c8b4e80beef888fc1262252e45d
80bb922,45,5,a904386af2011d77733d026bf6e068c7b8c712cf2ea66cf09263d4cd9ccee3f7
d780971,45,1,9e95d598ed45c5e4cb929cc13bd45efd2c780ecdb75e5da1f743cd045d117c9f
742c60f,45,2,8667d2ef23a7612804fafeea5eb6b7d37c6a92446a39b28332963a5cc5ec4ac6
e813e51,45,3,cf5cc8a92a42358e3c4e0e2c34c364e18d45bd55912dfed77ccfa7fbe75e0463
eec3ad0,45,4,549ee34998dcf37b1155612a5585400a66382333dbaa112ed795dd5345a9003c
f61869e,45,5,3d000f83c130335c945573b0e37f5113e47a5f5efd355a5de3c1d7dfaf4416b6
dee7e18,46,1,b75c282eed7bf7f4c86bfe39b30f80a93f1128313293f0991fb99ee6f69f512d
896d775,46,2,b2f9018448a69dc08978116949a0a5c27d590f49a10e1a9b4ee9e9e76fd5869a
7d1c31d,46,3,a702b975c8db0537cda7629a3b444a4f3b5a86131bbde547734310c68844b662
e9a2fca,46,4,a57b75219dace2d778e7288eb228fb18d0cc844852373c7424d27a5cc4edca65
8db7911,46,5,d39bcb5a07933d1e605df7cebe9c6a71d452cfb7cb5cf506c3f7a2c79e8020f6
cfff1cf,46,1,32ba895d64c518844d55412e00d2fa43afe3be3072663d7cccc02a703dd7d736
2972937,46,2,f2c34e7f44bf5e1657b7e8b70d1c29ef1f14b1b133e7b7321624919e940bec7c
e883e8d,46,3,3a2178422ebc5e7949221dae0b3ec7f8427d43ca1217f595c0c78e33e1f5c71e
a28a827,46,4,fee5d5620a131bfc7bdc970d6cf919b4aac328d59ce464de6207a4d3894cfadb
578147d,46,5,470335b6ca6465b5f34445ac87be989b2a6817f9dff182debbf57f4a0de08f5a
b4d17d4,46,1,822fa59733ccd09f38402c0aff3a937fb33d03a243ea0d60e163beded7666e9e
fd553c7,46,2,0fd4cdbd0a4d162575c92cd850b213439eff997283174e739c6281f5df85921f
a2820da,46,3,affeaadb2274e33a36e7afbd56464ecc654a1273994f029b6d40585f24255dff
705d0a0,46,4,8b9895488bb6dd06f39633046467c373c2e1b60ef0b100249d8d60f3c05c4937
82ff9ec,46,5,b5f3d50227a6c63897712ff4a2a4a77ab444c135bbcd64d15a9256a944a580ba
ec8005a,46,1,e7bd9a39eacb25468f2c17466b4eaf15bbf4cfe06f520776567630f5c20a2b21
2a2f394,46,2,7eeb488cea9a3414a43db656b38ba9ee6098fe0f2eddec13e496479ff9d90a29
f4f2f12,46,3,57acf1ec326e273b9119ae1760a07657ee8008e311cc2a7a4f0b8aa449ac96d8
d7e01ba,47,4,9b1a4fb44c7c45b3a781eb30e5646e20ba0a11cf54dc01142d623bd3547a916c
f458714,47,5,130dccae51a1f0a3df410c6725e8855d95953b4c3227d26f957c9c8024bc0370
88a0020,47,1,0870f5207d27fa32a4f56395ed903e7ca3600eb29a26e8305ca86241170712aa
aed12e6,47,2,fd67ea83c29b9bc8c0df5d80b3385e93b015f541a461ed8fc6c95607aa5066e7
99f3568,47,3,dfea866a9375a9afa40ba1f5cae147b45829d44d97879fd91d26a1b63a7fbb68
4e6c7ed,47,4,1f5d4b0d977c348f3514dfe1c8c875308a991ca8e8e3b9a59b25bdcc3e5c1d1d
4e143c4,47,5,4cb6c5a54f30b339967fa3922a164823e561c35637a73ff09079f07b7af8d68f
ebe4bd5,47,1,f8e9a01e4092c3cf01afa8c3709d00edc35b429e04091cd510dd431d36261536
ab47cd1,47,2,5c0b685933a8a9d2eb5e74dcd3167e07de637c31be6f89a032f472766dd1d388
ced362b,47,3,9ab15e0e0c15479bbedb383b8b84214011257a5c4554c6d21fc3e0047aca3c53
9409a54,47,4,e43cc731857a5c365ac70c5288a1d0341994a225061574b0a6a51b06da128084
e37ca46,47,5,77f2d4523a22aba826b45847f2523de37abf48d45a8c08c2abe1edb542ffd287
9e6ccfe,47,1,ef1effb1857a6c2a9ca3555db99f11449f5004ae08fbf9368201803a0242808f
f70824b,47,2,be982a35e1cd346a112f974c259a171f1aa63ee81ea8d330ce0f0bf681bbc127
76ed4ba,47,3,18d0efb4090d8127320ba8724a9ae82e1282b43adf33fca0f05413d0f0315761
abcc9c9,47,4,c4791be294fea991682f7350ebfcf42d1238135bffeb7a6a9eac3f8ddbdf0372
3834cd0,47,5,5febf53107061aca694a48e9fe5eee2b2860f94a903ef28c645f8779ba95615a
0c72406,47,1,aa86d8fffeee73b78c59719678ab97d21bb1af4b9386c0cb7fb2d56349269dc8
58212c0,48,2,8311211e622bb9fc469b646cc8230f4e63c691a7e9f097eebfbf332bc3287b6d
93139ad,48,3,8cb055cc74b549e76804b3cef9f070c423425cc6438f52c14c6a261f1757b50b
4a7605d,48,4,d636fa91736db8ac6dabaf6f1b793470e9a9da8ba0495f45f17e728af10c9c7b
4f55fbe,48,5,30d7df51c5422e36b5162df75828edf5390a1d2363c7f8a42a08f06ce49e2b16
22b89af,48,1,8c85e3c4d3df240fcad1db5f90d1f831339935aa28d96b93fa5fc5ff8819c3dc
c10b82e,48,2,a991e75bfa0f4c4a3f0168636512d366b4311579002d3ab731f30e4e63d7af93
fd9c2e1,48,3,98bbb42f56ddea917b68059b0b2fc65ee4c55bc3887f07d7994c5a1957fec596
31530b2,48,4,ac687d7d14fcfe521ff212d162b2530727201149d0866f290e206aac3aa900c2
d1b5929,48,5,927e475fda2767b5cf6de1570b8a40520dbe0c322bc7804de2e7888283a2fbb9
cfe9cbf,48,1,38f7f20ed23bd5e279a1126f94b6f5994c9adc611e5015a8a16018b88ab7210d
93f529f,48,2,f437595a52009d3c3fb581904fbed6de5643952a9879c1ee8b4fee435462ebfb
01ec06b,48,3,de4e1aa4b8b22ddda1aec2d8ae0b346e95d1b36a9a39d654dc3b770081cf2214
5a0f5fb,48,4,2bb172e32c9395c28047847752e0ddbaf465f1bab9f6ecd46fce27fbbf933d80
31c2e4e,48,5,0712963c502b04649d49244d8ccad254f21d94c8a7e354f1dbe89fe547b47e2b
8eee8c8,48,1,44c4ea9437e3a636cb9be19e202be212d317cafb97eb9be11c9e5a199c581579
5e6a643,48,2,810f68206984a4ff007e29676ee813a9f1c639bee3accb8ed78e7e85cf154bc3
e698739,48,3,df4fe5293ad92c5bf1d6178f20242830ec19c29b3aed272059599c82a38d78b0
d61ba63,48,4,ceb7c464b3d3643dca64d71a82254695880686dbf68b92db1fd721d360772820
e1864a3,49,5,9b15eadd0000985b36f176d16dc5c0782464a5a690996e257dfa969e701bbc8b
81d8662,49,1,23ffc90380f0ebc93441ee105a771cc6b5eb7cae807be479e48c527ba784be93
333d99e,49,2,32fd7ed1726adc09ed1ccb67352db15268fb0c9e1f958f6d9b9d9688724a99b5
96904d6,49,3,0c73c7f9d108dde15bb66c4bd33461cd90649ca236c7565cc53ebac4cd21e82e
96b7cea,49,4,0b4ac0c717600b0c53968bde7d754c404e7a0919a3df4ca86c928e351c4e4d47
df97546,49,5,13e624b2d62732dca7b25955845e95769ded9a09abb3e2e5c00067f102d51708
4d4f171,49,1,b6922a92ba148e871092e72d45eb2ec72b2eea410e31fdb2beb1ce572a5cf7da
9e1a696,49,2,54e2d1c9b6154aead61f30658b515337fea1e46c70a1ef80576a6bc2f0dc9529
bdd887b,49,3,9a6b883583c3cfdd0b92ca335f8a632a7706e078dee1c5c2bde4f974a52eb88f
da0a649,49,4,5a8a26a42dd5ee5a867289e2bdc38c21e724c0dedeb52cb9adf87928dc618d7c
451c89c,49,5,8f750e28c02d7d7d8d4c450f621ac46f5f9b3d0eb0f571afcc5404e6674eab67
d90758e,49,1,05496d8705dce1febcb6c5a59cf06b99a48a91e51ee96a61aef76d839407059c
9dadb53,49,2,4d738f62d4658db11447426b622d6cc327a0b7792263eaac592492960596dc06
c9299e8,49,3,1c73a241edb22db8577ae2e432ea9fc3ad47640dc29a3c018927b29c279e5832
d3bee4b,49,4,cc42043ea639bd335e3a6449452c18640a9a9f50b19b4816294a55097633a919
1a0971f,49,5,15b5f4b0df3fa123a36dba824219ea38bc8b22a6e53184d1725247dabd51444b
7d65d93,49,1,2b04e3401a068ee73dac6b1faface91cfbcefa65a0f6f6100e17a3c46673f48e
a7e1ea2,49,2,4af859c109e340f6703f56c0587f12eb84cd415718a2effe9748d7859d6ab2e1
8084fa4,50,3,3d41a166f37a3af615872d691332c29ced59177d942b275c4dc671dd16a2e471
282c1bd,50,4,e980a0f8a137261eae992567d8d9831ca4cbb4eca01628b10c7015e23366f22b
abe7f2a,50,5,aa27a8c16d70e468940c9f21ee32557ec965a8e1ecd4a066227ee5540c90145f
b425a2a,50,1,50a4dac328465d71a88ea6b88cc990fb281de88b603005fd21e7028611949e2c
9bd28f8,50,2,b9416c91e4820440955a100317dd780de6aca475d8638aa72811a70cff5b332a
314040c,50,3,6d807afc27ea72f6008a5c189060395238ef7088cf2d82bbe9943312d907831a
cf095da,50,4,02436197e7451af904ab3e849be693545cb33222cfd1394c57994660f075be7b
22955c4,50,5,645bfd52c0ea675bada0a85f685ceb321b70dea5f159b090ae177e18095cac0a
8a50bce,50,1,1a15f11153461476976c087c4d53ad063ad6d463c2eb774ee78020bdc181f950
4d44646,50,2,bff9e84be6d9fec6847ee7488372e7641bbe428674f6562cc9628165132c6262
c0c9b8d,50,3,6268bd46ee9f272b3518c08341d77bd370adb0c2ac1e57618f044104a911adee
a55a0fd,50,4,61d31ba1ad56449f86e12885e45036b1826c775683df3148adf971dbd5c0b2f8
600df53,50,5,8420a12c4c063d3ac479c847ae8260ac7fe4ae0a484771eb9a2e3060ae6fbaf7
8c00849,50,1,668e989ca8382ae79bd4c04bbb188837ee93b2665e6b706b34256615cb863420
d4cbdec,50,2,768a2d8e6557a458502de689dfbb8e59090ac455d01474400d821a961c3de955
26de96d,50,3,ad153b086562737dd1aba0546b8727e74a0b13c35cabccf61e2b454e998f53d3
9b7d16d,50,4,90240120d28f784dcd80c26de08e1cb3b9248b80d4fadcf7f22dd8f161b2f7d4
84ddd05,50,5,3011cac3ad74c67a88757e0c730904f272bc5cbdbe3e1c672c7b542de1ec608b
091eaf0,51,1,d1f394d329e6e1f89a9bcd256a9e77cb707d56a7e707853967bca1a0ad9241cf
7fa2c6b,51,2,80ccefed04845c72c07f67332b3f690dade6047ab21a3a944c67864348de72b5
c29eca8,51,3,695acad8fa2c5d108bee9d0d0b123132fd952a830dbb464fe28dd23a9e67095e
fe2d3c8,51,4,14d300820f5fbe4c709d022f6c7b3ac9df5d4d155c58f02fb8877ca65e782034
e7457b9,51,5,f9a5b4cc0754da2a14dfe2736b88b72780057889d6dcadf85a680fdc0e639fa4
562a5b2,51,1,23bdf774478875884d415a78f8487b92fe15228a2086feee94abe3ed8786d753
a2ffd16,51,2,73fb9dc9af9cb3792794b37449336c91858d7c1774434b4fd1692ad1beaaaebf
c680658,51,3,46a2e59cca7e063dc228384adab8b86fd7b55e96d56e6a531a74c8a9387814e3
4fe1732,51,4,eddc53013dce7102968e58fc2c754c013fa3b57fbf3d735368d83a287cbfd213
783f267,51,5,8d9e4ce68402383198c5e7465472c44bdccf0cc04bc59ce423b36eaf29279be8
514afa4,51,1,3d98f98c0142a675a101fbcd95ab5a45cc6354ee410aaaceaf0ffbb431f464d4
c0e3cd8,51,2,ba5d1fb44d6b511e5a583c957136bb3f3d6e7669bf97631a3b1bdefb3256a810
308f712,51,3,c99eb190bbdf11230d8690b2b9592a63f39d5baa7d684f5daaf6676ecdf9a090
c6b5ee2,51,4,501e8fbafb97a3bb2b9db04a0d2959f046d48a9123ec513b50be3ad1d76c00a4
1bfcf1f,51,5,8fdcabf1f88d956f53d625cbee75907a0c96013ca7c1dd6ae2668fa7e63d390b
7bea671,51,1,194e6dde2a94c0c6c593b699b4b6e23eae99e57485064e0b15a26986dc691154
3a737b0,51,2,10338a5dd1a31d12397a7ce72a116ed97db5d54bd3daf9b3a981445cfc49352b
7e89431,51,3,dd8eb2cbf42b97066fe44456cdfd5270ea09e979bcb01897bc42c5e34760eceb
fb35b95,52,4,47f71430384b2c251147bd6cde4f826b933a490cb6eb911624b601ce24c7cd96
2274cbb,52,5,ac1fdc54e4e44a3ccc31a1b2bc81a07cdc435fad771704a97a7b76b8e57e0a98
8336c95,52,1,9d4e6cda27d95070fa6a422014980962bde0784c9242401d6a1bf7ccce3c9877
118d5fb,52,2,42e7eb11d1ac9d4a3b894e41a9e3bcc3425149da059e45ecb880ae0840081b08
40a9a69,52,3,9103c57f390678cad3c424e0e575f7ab9ed0934af203352af9642d74d1402945
85473b6,52,4,0af111d4a504e573d6c9ff417bc7f54a2c9cbfcc7384de23a210daae63dc4a67
74a9dbc,52,5,5ba8590e2a502e2380630e43f741f4ebf675a5fdc5d15ef0bd1f092def8bf1bf
5687d29,52,1,aef3776c334811cfb0e46809e798a399b26d691c94184b5f3bb2d92d23865a57
1be4323,52,2,d9615fb6ca43bc0f638128108c74c138cdd545331bd73442a3ac2ed700f6f62f
287950c,52,3,40ba2c142db9ce28fd5e98d14e846283896d949cc31817fcd564a792808b285c
2cd5385,52,4,33f19ad6adba515872d2fd613a9d291b15e0a87a1d8fce163ea338f8ae8a9ce6
fbc2ba4,52,5,25f627bb84cd45d626c33f2ca53e5620c88dc6c3e18e025de099f4e35cc884ad
0516f28,52,1,0fe487c79f01ef3bcb23312afc1df6f4920d4d8a20cbac9648d634e1488b7895
88e1bf9,52,2,c5c53b35fd7709d9bc938f184d4c0f65c07cdd836795f70ed5047a5e99696bee
2741513,52,3,3cada4e5328f9134215cc8e119ea649b053f9553faa3cb6c31d23d7d34db5e12
2e2a0e8,52,4,2124eb92319379e5b3c17dc946d34743f50fafb95e1c0c63140bb82b2615bb2c
3434f04,52,5,8813123fcbb28ede3d94d1f58a3b2f959586bf33e113f39c5ddc5d653e177a13
9c9c75e,52,1,8c54c02dde42c4c5e49c67daf9115b86230d37ff7053e0b92b3bd5bb9f0b0051
dace458,53,2,2194050a5da5b97a08e55991aa70926009b7e40a0d464fd6028ee4557ceda1cf
6a52154,53,3,24481bb49bf6df65ffcf33f21e1d8fa4c4f117d5e444faf0717d5913ed795ed2
60f98e5,53,4,b945387d263d75f1850aa8aaa222abdcfea2456a9d5083409169a1489cf8e0d1
9f91572,53,5,222d643ccbe276a1a327166603eda10404f6189f9ce0a3198da1df7d4c1da4f3
5e235b1,53,1,b4cf42a3992dbb195c5592217353a4ed3c3955d2e6a24e29f7e7f9f6790ea0d7
85333dd,53,2,0847f9aa141558e1d6925b64439fc49b72509bfdcd814f9a2f3c874d2cf75158
44cce77,53,3,4e324ecd2c34940161ebc35fc98eed1a977c7f303bf9024712dad202c9d24b93
ca2c8f2,53,4,2ad18ade05a9e8361e44fe829a63cb3e0538080ddb2e64fecd2e7d1bb5d920e4
ed893b8,53,5,f38716179a318da2056049f16ea8744a013015b61fa2a478b91e6a9bf6feb436
b5b6164,53,1,24061663b957192e4147ff8da915d306122bdeb2b0c7ffa834533b7989c73461
94f1637,53,2,1e6932e49847a501e0f5fb092089b54f1a943fcb5c8cb5a9ea076805d3672710
625e070,53,3,d70c72b74d0fef9d3fd4f264ed6dbc68ec42dbeb80914d4f0dc46127196f35c7
ecb977a,53,4,f1f0faa8c0418e68ec80d3ab7c98fdf9c16bef054b4fc67280de3a2df5a50d64
bf5aec4,53,5,018d45df0d38f1102e0e51bb59f4a7d2908304dd298a56a6d65f4da799304905
4a71171,53,1,2f8564d126bf741f9fbdb13073309c1d212194ef29f9aec7ac78ee6774da0408
1dbaa5f,53,2,ee05f37cab3d6dc65f659b30885b679ee8cc6b8d9236683253d9aacd9396d713
7557f5c,53,3,8633e7597230df9ff32c2a6778d30910c6782449b47c51508b4f70c971018f88
e8d2ce4,53,4,8a18dc8cadf8151e0cbeb0b1ec78140d44190c1d348ef96ec072e26d5641dacb
cf8d30d,54,5,c6a5a76086b77bb66ab4cf82859a6fe2c635f27d74ea32dff5d409870a68de76
0e02ecd,54,1,edddca8c08f19ee692062ffba57af443772d4a38273ce85bcc3f8c5d828d4f9a
29a6a6b,54,2,93eeba4131fad0add3480f34a08c456ea8096f20751e123463ec6a5f5e68cd21
d8d10fa,54,3,7e76b13b4c22d02bc2b99d95eb9eb8269c7a59416ffd25c397d08cc34658883b
c43fc51,54,4,efa7ed9a145e4febd8d34f33b1863384263bb93df747856a56cfad973af75ac4
c15c769,54,5,2c3a5e2c07daa041b5cc795291a6beacb47a4802afe973442b6257327c5ac8d9
762d2ae,54,1,e0a5fceaeba064391102b2e365b7e90e93308120981b739885c3b5d161498a15
5c94970,54,2,91fc0257c77b1ef5b8164120da90b8c5d7a26a1a2616ae2f81eab6a1d81ae8a7
124fff0,54,3,71909d92a1c9d258f2596ed22bda306099b1e655ed22b6e5010b408ad2e6437b
2a4ca7b,54,4,e76e14a1c1916a5bce933881944365acf862524020053c11e0a5e3d12944cb43
c1efcae,54,5,3edc50115c0fe2898aa139dee388b14880dcc6c91e546aa425bd6f0953dfb882
9016f48,54,1,93b6cfceb9928f2859f77001b7a8a8227caed839eb7aa48ade483accf934a98d
c2962e6,54,2,c02339b529af8f926d533e047501fd581a34f1f5a127efafd8b9d21a610e3e5d
31d9589,54,3,b87419ceeea04e6187cc308aa4cd8dc4fa1d631d0e7318663f9d0a2808d4736f
2ee1a20,54,4,915344bf33051334fce138e21866e098679c99059f9117ea24ea585fba3e633c
f06c330,54,5,0af6bacde96a405f3f4a8458c2a94c66b032bcaee1cecfe3b3aa76012d3e0a42
bd846c7,54,1,b06cb0b6e0aa1803af043e3c6dcfeec3e23495b01f0e32b7ac77511e8b9880ab
c6bcaaa,54,2,3c60f5fed97d7cd941c86192b2d2112bd5e8dbb41d7b6d4dc476a208e08567f3
250a96a,55,3,0998de610f73a92754096ff95ec39b418c3c69121f23232689af52ecb403708d
e164e8c,55,4,5eb6f22a1c972a1881643645db099789003e15ffcbe3934f2c33b13ef22ceee4
b106837,55,5,6cf2911615d1b0aa0d41ee47743c60f1659aa2a98c9492d224fcb9fe602a4326
8c04088,55,1,19814215e18720631eb1dd34f01d749c688c7b79c148aa3a2476a573fe83debd
f2427df,55,2,c1f8432646c6b715a9f3c69a06d9c05ff5664782660496588e1e998a9c6b9737
1c5210a,55,3,3de882642561670d99ba0abacddbe6057706a45d285d420672fc939129dfa02c
1b58c10,55,4,d659a73eb56f0d4350e9ef0daf5a0a4fed14bf18ea3b5056e631541796c5e708
ecd26ea,55,5,d5b73e31247debdd68e1f9bf48ee123227817d703d66e3dc6e07901d4f5579f0
70abb34,55,1,fb91406e611cc474d6b979697bde68380a943bdcfafc57607fada0aff83e5051
9c1a9ab,55,2,7a7827b56dc0c744e0d4c678c1dd7caf75c4d8e5959405071793cb3384d22edd
c8189de,55,3,46833ebfdbb62f0970a146e0195d52a3ae65c6b51034e6cc373e0ec64171a67f
f0cae6d,55,4,cbeb30901e32080c492db75df9291b0db602892c3baeb9ceeacac7653bddcee6
2cfa990,55,5,f7aa5b2bdaee15197fc3df37b5aa28a398c8803ac657d309ab6e342ed5497335
a125890,55,1,63c7ffce0cd61f7a8fc6865aea830cccf2e14f6b56deb147c43334818aef971f
0047cb3,55,2,c2a9eef4d5125fc13a518b2c2849454ca5d87ca21c07f2799ad746a0c8a25339
83b20db,55,3,92593c91a4c6e9237ee7a9a1bccc4c626e7b69d566959ad18835f583f14db76f
38eba82,55,4,7d36f32468000296829839af8386c85d47e0db89dc7b4aecee85d682d65c61bd
5f5e59d,55,5,987f506ffc5e8fa5832e25fa4b1792d818c1596a259066f317b11a4bb05acecb
50d9fe2,56,1,55da5bc7dab48b7df2dc3a2579c236c894bd3fa2d2fc6290c83847e611c79385
0eca72b,56,2,8aefa1f30b06383e49285e2c03512a6902794a39a3e052b8e07f0edefd713528
2c5957b,56,3,ff71212a35653c12dd40092709a82f251e9f149f576c61f703e4a5c933317cde
b74c950,56,4,f7628b34bce2eabf9c12304f7ce24362dfdf3bf961fdf836541af790565615f0
489e52a,56,5,2e6dbfa22c8296e60ab7968261bf21450e89e773b35543d3626522bdce649764
43d915d,56,1,0d3ebec3bd3bb33227a4463346f24fb0e82115ece374a5de23dd4ca9f0702d3f
fe52b79,56,2,60bf3dab0a4c46b605d9721e015e1dae9e2e35c558cd3b08f90ec9759561a03c
c39fd2a,56,3,a084478ec8dcfda98f556d73d021fffa98887beb64a7d9c98a03751de3fbcd10
d842247,56,4,b3adb2b3a4f00fd0f28a44b2ba7eef81f5c063d6b63aa5d6b8d8cf788ce0c482
bc7c899,56,5,397d1f96e16ac77032a7fca33e412f3a083dd00754efba3ea3248a8cfb9942ea
6584f28,56,1,7806fdc5a89aa7f5feecd4179a8b799b785578a19c62863e73536b709c25af70
9a5b643,56,2,b446ed6016f761377d0456272e7a060b2068d72aedbcf8bc9d551ec9a9bc2375
ada7e66,56,3,da257c55089382fcfa1c4c907cf610684f88a205a3c5e0b79b8a90ab370a2812
3c40328,56,4,c8547e1203e0ae1c680381847f689263607c5f5dc6aefd3af752cefda9bcc3a8
8705667,56,5,18eb9c7a4de5e67aae7c6213b07ade75411d8235a573041ca4f9f622dcc78582
fda9df8,56,1,1e3c0e6673b0de03f942c2bf9f5fb6427c1fe7fb96b5070b3bf057021e90571c
322025b,56,2,8a19f96d72a0bb08cf0bdb6685ab81534cd8b7dbe0b3cffdf0066ef54fad9014
eede6b5,56,3,172257f6fd1f1fee586d1ce6b32824950a7893049fb946e0f28c40110e2fc16f
61c7b5a,57,4,2bb4a0a957822025189db5a6f1a061b50fc73c5175f545d01e18b8a5d1a00ec5
191623d,57,5,5c410b85a6374efc8bfb0706fc824267b2f01a5a558b6791856163b454ce2b37
5e08943,57,1,0c9d0805b1be7214d96ab8fec7cde979cf8f901afdbc3c5fb4877957241f0208
abba911,57,2,73c3a5a09293b14a817cc1b787254f86a2b80c30dda3291b3da0294d460c732f
c8fb95a,57,3,ce8df5efa223060b999b56f69ca24ee84bdd230a1b87b3d58367c0d92f0b09a3
9e1614b,57,4,9b521f63650d55c68d67855b9093a7fd9d6d4f8e3d7fa23f78180a4f0ecc2562
10b6508,57,5,7c1879dd3e6dd7e8fe35b6e890ac045272c18e1528fa94f09c88e2103e977bcd
f0cb9b2,57,1,3b4ec59408d933bb89bd18e47a48a05a9c09dd222b0799eda42314307ad2dd66
7902cba,57,2,ad323f2fb8da1b208df4de89e7482873c2233de6f2645a9440daf60e54723fa2
678af37,57,3,02353b41cc1c96b7a0e12b02fb878a9b74551a8e42494a9f24b475b5f1d318ae
9a83f8f,57,4,c3362cd82b4d3f325d9a195758050ac0118daea9569592ef1adc077c163e5e38
4b8a067,57,5,a2620b042fc6959f261b078f873565db6e504798c8e2b790e8ec67214bf927c0
abe938a,57,1,b6c2f5c497591cb245634de183c8db07a2e7a94519b1fa52d2250536caabfa0a
94dfe02,57,2,1ff9d3f3f7ef964501c563ffa4cec97015faebb8f4975d07a7f0c0f8fc536a6f
d4d2562,57,3,847f9e36f7b01686b8d0552ea728e8030a43f70dbfe14521509c1864c33c91f9
07e7133,57,4,eb5543bb7c27ca7b5772d31d4fe177f302ddc7265d4bca69b30a5cc9011d3d4c
d0b5ffb,57,5,556a7bfbbbf207377ceb3cf1442e52a8aa50d6fbf0a02bae3cd8cd7b6bd81f4e
0156ea6,57,1,10306c34cf1a735c36e75870ffa63241995ccd1e1c0f796212966ba663442b28
c529e2c,58,2,7ca3867d3b28789f664106947ff3569a78dc4aa8c1aa3fa3af160677ba667304
14afb00,58,3,64e4685e4c42a24ec9943e69f3b90fa24b68cb94308457f3af59280e9c233c61
6936381,58,4,47cfe7fefe106de8aa9eaeee511be72146d9fde0573a1be11d6bcd78c66d0109
111b844,58,5,9c3ba708c7e302b0c3febb07d88ee13272c04f9ded08588c4528534d82588244
9adfa36,58,1,73a913673e7fc31f64881cd637446b3e189de9dd007bb994f5c16c4d28dee6b8
39f7e07,58,2,0c08e3f26f4213df32ba1483a6225f54b3fb97bd5017341fe2633e50dc9add9e
9465a3e,58,3,916b94b481c4cb4b8d5330e0742de60cb8dc9ceda2bdf4b5e0a1da271048c760
59f0d46,58,4,4db5675c19557b31e4276ba4bfb3c26d004480bc1b10a8e487fa66a059c28605
b535764,58,5,fc79bafdac80c44b75fed9741cf9b9c9f1e50244300ee37adc68b483cee53a1a
23a874d,58,1,2b59c041a35523379f2608fa93a26e9fd6a378f826db1aea1f99c064c1658110
45428e8,58,2,98750e94ab80946a8ca1d1afaea6fe9b0b330aa038b05aadb9109a30ecebf467
038fd62,58,3,f6abfc74b5439882c81f1b07d68a0faf0b169e3556239a618c38dfce72bbb021
442da01,58,4,b6841a8df8ce3112db5098e9037c452b16a0bdf1febfe50b9936624a06f1587c
f0178dd,58,5,73a2c16544f613df199667c1085afebec9d2c90df50b836a44c4dbf336f41cfb
835a789,58,1,da91e1c4fcdcb648c327d2193551998e228d8b60ee508206b5b40f1e5472a7de
11aee92,58,2,a151a2e6eb6a683fed59b43f814baea2ec1abdd644986813471f1931db926718
ce4e3d3,58,3,81513d592b2b3d80049b8acd1286eb1b5eb318c7af8ebb4e96348a9aa069d0ee
5c8f827,58,4,86abd12b7188e9474c68c6e57466043b3c00ae60e77cc3ef4d82dedf30644546
efd13c3,59,5,a07fcb5a6f91198d54b14ac246b957bede0629f75127561ccf55dd8063697090
571a8fb,59,1,0d97f4b9dd27d207c8d53bc7061f1ca30c5a8afc64b002b6a8bdce2fcc373d1d
9c8b1e6,59,2,aa0b54a635b507435924b273f067e1c7d6a4f3b9cdd67f3ef91d3e2c2068cdb8
08b1777,59,3,38dfd71ec7f31e9b2681a665f82440c312f2d500c0707fec8a3a3b647357f88c
a952a62,59,4,25959bdbcfdedf57c848de0d3bb49dc8240fc721b2d0940e419d251df0a534cb
c905591,59,5,bacd14b9a66934f18f815ae8269b618180c275410c7860eca989e2f7dfcb9052
a4711ba,59,1,4c55d8490a1971b0a163fd61aff83c7085402a926f8014e4b584763dcba5ef56
e2bcd8c,59,2,9e607238ef3915b8bc3cea702590afde992e7cc3b9c7d90f4ae723eb9ba05e34
2059452,59,3,07b470fe70321635382f0e357990bbcc2b7679bae03c94dd2d19f74ba01d6a94
4fb5770,59,4,b7deb0017bc3348431558a9d340e257045150a076cc681c7975f59627e29d7d2
c8b7e84,59,5,49c4fe41a6d859916d2d31de9d21fbfa196f3bb4a149ead59f20a15001287ae2
b2c56c9,59,1,b46a9bf9158e76149d606878331a5f3bffdf6853e29f24ad2e094f383f91c848
4faefe0,59,2,b8484eafe6e7703783cd7a229e4373fdde1e83f9cd0459cd42646dd239f6b108
699c331,59,3,0b2ef285f03ffc05283f99d60362a6ca99cf1fdc31d22d065bf1e5f47bca0fee
858fb4a,59,4,847a31b143f2a3984f77c192fd1672cb85ba054d94ec5604befbf0e8bc08f551
fa67286,59,5,a474010284b3994d8f422230190fc8938961f54fb81e065bd333d7194213dd09
0a45f39,59,1,8f2e8b549ed505109e626c89a6ed6503c9ce14b69bc2cdbc3993679f74c84928
587411b,59,2,ec072c7a0cc8afcc9b0f74d3f6b4775dd9de9d3bf44fdfa827dcd0d42fc8fba0
a82dbe9,60,3,935a5ec8780c10d1888e130311d87c07d5dec110be56b2b0f10f549be396cc0c
fe0dc2e,60,4,d206d038dd38c1a6042e2bd8098a005f9505691ab430ec3274ef38f8429f86ae
6be0f72,60,5,b41f5673f8c556a372fce46311ad4afe661db7cd35d8127f1aff433f879656cf
b631510,60,1,82a6ce3f971ace1887d55d998b8f47af685ce3571a36b01b93c62d21acdc5fd2
fe05dee,60,2,0e37ff85cf62f0c39dbc4f3d4bcf090e68911bd2dd2b7cc60c69b49241a86d88
78ab3a1,60,3,0861c1f54efd00056e561224d95f5266b442a0269126cba5517872d5b2f18c20
a3aa340,60,4,f926b0fe2ef83ca8dd3cfff91d623f685894fb39dddaa0d104f62d8190629b8e
1d0a8db,60,5,85fd56fa1deda29bc2aa8bbaef61345da48f553973768bb31045cbe19a57819b
11ffe5f,60,1,645bc92aea8292142cbd6ece857175f9f56a1e4df9b7ef78e5df17aeea5dfb24
c0ced28,60,2,bb1e2bf2aa7706a1792de3de3184381660fd9b1579f3197b7d651be65ca75edd
f352687,60,3,3a5cc02ce9773e3acf9d41c06e576f3b38fb5a64323dc039be8b2de421557b0c
75e727b,60,4,1c945545b5b2042f23a54ca191dab597e9d8507f6a6920d1a511fa69552739b1
7146020,60,5,e87b3551c9614b67b672137bf15af2204cec132b823177ba42a8d3477f96b4b2
d093ede,60,1,858d77816d92b19cbb8504bb21863e9885ea09cafaa2ec904ae813909d90a255
607c2ee,60,2,5cc9dcd642bf01df82972a39db6071876800be93398603e30a9d1e1974f39cf0
f1c54fc,60,3,db838610fe1b83e2f3471361a61d8257ef3f51c09088b4c222f5148bda3c7d71
823226d,60,4,bb8140e0feb5ac5a13ef06f307e5849c1337e81efc42fca6b43aff905b43162f
0f549ce,60,5,7652025c4e60e5afb8e4f9610d47c4f5dde38b35dad1ce6120e254c0d9a894d3
8fa257f,61,1,0e07edbf5231594c14931a77b738b1c3bd4fda91361ac345134cffcdc5506065
0c9c20d,61,2,de63845538c89a3706f5a4e0e3cd0afce514dc8a1bd728dbcc83fe5419339fac
dba50d5,61,3,cffbad476fad292abb4ed398afa26d7bf15e513f4044e48e5b56b3380010a5ec
4247306,61,4,97c4e62b45a33dd381ecef82310d3f50c3ae31e3b685b7ab5059046ac6813be3
6f33e1d,61,5,0defa1030afe8c19503830363c92248d197e3a072764e82c57c2194b7436a690
627ee5d,61,1,acef52109e3a610b0f26da5d5ff354288e03a7cb070b4cdd06b34ca80329f2a3
ef0a7a3,61,2,a84661d9fb796a154ffa7c48b7757b7fedbc93d8eaff789b107511d66d423099
4302fcc,61,3,fa2e9682a8366686804ebd868e2faae045c39bdc00ffe011595a9f80f8ee1805
e50b0e4,61,4,b1404b00b597a57d750cef11d5e12a2e3143ecfaf640f1aa0a2bd9ce46a1d4ba
9792fe8,61,5,051c99b1a64b0f9ee7c6e5285e4bf75d3aac33765b4f06aeb6b76a2d7acdf5b7
96fc8c1,61,1,37b5125182cc835171c44e1aa7e780c0bf796076695ecadaf8f5b3467a8b72fa
3ec9ea2,61,2,e9503ecc0154bbd1b8a26dd7b15b3c00bd3ae3cd7186b31cd1881dce240eafba
b672d4e,61,3,ba5df8b77ceb049aa84d4b1a442597c299e0debb48abf3b5169c08bc3721d2a7
ac0d6e4,61,4,fe23d2f8c053c5767bb256b8471cee0192e24cab2eade774943434cfae16063d
7d6ac01,61,5,d697bcd65cb78e2f55c73d7f36dc71273316a2c6bcea7c07c36072262fa68147
2469fc0,61,1,0e4d4a98f7e206f183e2074bdfd5283b2f8443473fe572978f167c5725a2b03a
875b4d0,61,2,75e98a22dbab91fd6bbe08b362f4e673b4da5a2111dcbe43ffd6379e5819fffa
33f367a,61,3,e5449bf0721dfdff3d7bf35b850d31d586c43f085e4862a2f593a537ef985c69
0f1ab9c,62,4,24162189fec54c721066ca844007b0c1347720994edb23cd15be54fa14db8237
b80669b,62,5,db71b91d7c9733afd613c9c4f64086d484830c8aed8d4b85a8a68c0db98170d7
45a26a2,62,1,3d0d20703f748f018ddd02fa780e6ee3452b73148ab8b62fadb297e70125270f
d8dc3f8,62,2,2b3368f12d7005ba08053515e072d1e6248cfec7160534ba88b81dd91c60250c
af5819f,62,3,af62a9c338de4a699d525f6a20da2c2f96e147f1349ec9ce3882799b7b51d771
20b7318,62,4,dd52f5fe1e4e361bcce4934c854d12c2c7036b5e5a1e1e9746f8219b2ba99e72
b7a4bed,62,5,217b8bc98d984bb73821b0c5eebb1a9e4528d68ad371d70b2cee4a2c82f7f5d7
d5d6065,62,1,6ad2c9bb9a344e248ac3ae0fa33caae248852c5cb681fa6c0b6a00c8979a7844
b05fcf7,62,2,bb5b72e994335013151f9747621d1e47059d0ca4c426b5cd2a13308941df832a
0d70f3a,62,3,277c2c1f86a3f63ef426fe1bf7d629063104401a786335dcddf35fa76ef1479d
a39770e,62,4,500b97bed9e3dcf820f13c920f836c5ac9fc3875d3b3122035438cf245c80858
d6b6b70,62,5,75f6e2f52b4bbb1e695bb8f8b290cb212d56128dc2075fd449b774181a01b378
edd052e,62,1,83e36e1abe60aa1f27adaa6378958612b056827c36e5d0d7d8b64c9cb4470e06
4896b87,62,2,c0cabf84cdf582918db57f34b39b1156d4a874403bc1e945a530d8dd536269bc
0608fab,62,3,4b133ca93725c96b4fcc30626eb7861f41b0460c3c2130192658baa581e23383
2836ae3,62,4,882bb098b6e62e4e3a65d972f9150a84f606a6bbeb33dd6688d06dd5e3a89bfd
e165a2c,62,5,94c1045523bdb56a1e8e3ee1232a45d96488cdd23e7c1b461959b2195ab526df
2daf910,62,1,ba6a0a902f5a4de54a5febaefc23f580911def2921dfcbd35195de63f01f9e28
7fa9598,63,2,eefdaf985f22f8fc1bc95359f8da8e3637303e7e0e8967b864fc1c37e9310104
328c079,63,3,5ec9497b7b866883b8bf08645af541f6bc4ed73bf359226ec4fa269023ea85c0
8c1c7fc,63,4,fb781c88d26219b008277c2f05e525a96ffc1cdb006d67e1169588f922ff9f75
805b24c,63,5,ab2256f60add38067d755482e456c1fe35013cbf70428ee995a6f5ed6acc33b8
96caa63,63,1,d56c567d735eb0d0b33bf37cae28de60bcfbc1794d2807a1f0b0151b0d22d437
2f5cf60,63,2,577f8275f9449919692b45c885d08f579a0b060ae948751ff9e1358a241d563b
b808907,63,3,d44f43cd3a88ce8bc5a99a5337d4cc8a7bbff26a2e02359bb98f78c07e794574
4371191,63,4,aab7eebe8e9dc24841c0f0817df4a29b06fc5a50bbdde1a9ab3c779415387001
b87929d,63,5,b526747c19da17b74848c8e54b4dcb6e2511f62c196b371182e40ee8dee5248c
014eba6,63,1,259d0bfd2e03a5e05f9c286badc318f184e8edb54e1f03edc3cfd0cf4cf5fa91
9cb54ea,63,2,2cfdac46453db43dca43f44da4767ecd80959845a7ab74096988bfbb11d3d3e6
1ca3291,63,3,30d4d8f395307a241dddfd2a27a934bffe472afabf32b8f18d8f1c1808b1598e
4794787,63,4,36b99638992643f573418ee1d45ce15e52cbc27a23c46332795e1dfea4c3e2ff
52f2649,63,5,40d3316ec626d73e7ce2355d18a4052577da5d84487e7bcfc3e1d8fda9c3c443
b16f679,63,1,505873f71b1693acd1602ad0d260a8e0b36c04599def8138f9876d4151788742
096aa1c,63,2,7ae6a22221e7d281cc9661f3de08f90ad7a4ab191ba2c6809be556c4e378e661
0bb5c8c,63,3,6bc4628385e5a408c00f0e2061341a140aa285e94b91764b58b85a6e2e85dd04
a7ba001,63,4,ace9914017e3c8e638657bf6e9ad8f803784a288b333cf67ae6847f84d899b2e
c6ec467,64,5,498ca94b4190fafbf166c904beb2a2aa9c2bae0c5f8a079568b10ba2f34e5c1d
da53428,64,1,34e39ac608f412916a14d9f2edf70c137aa2f07175004c5c3ed2f2a8fbd5fe69
ab8f0aa,64,2,18f9762284b41c14a3bc0eaf03e78a15930d11654a6fc46313ddf42c9319f244
6abc1ea,64,3,26dde80dde56c5c9033eb749ac61d7c14936752095fb001654662e5edd02b36c
13fe30a,64,4,4ae0819193c3681ccb3d08ac526e207c547ff8cdee76e20d5688b4cd42f1054e
e1c7ab2,64,5,b3bacb215cfa08de755dea9d2baed9c7d94575166801a1c833ed4d0dd19c5122
970116e,64,1,d5fd239eb2c9b08b8f3a6528859c93781c70b28b2a2e811deee5b5f80c879fcb
f1c3e51,64,2,1bdf9ad8a5a96496126ea90fed609ff4e41512f5f5ede3e04187c942ae57c99d
ae00902,64,3,0582374463da958447927c3cb6e1b353929395e4792c17480496a23a910767fd
c6de3c2,64,4,4d9337c30175bfaf233a7804eebbd700acf520a3123c7809c93a5289806f27ea
2aa5a24,64,5,5109bfbb22d24a747916e2bf238f3b552f514e13a62627a7449bc012288bba01
8a5aed7,64,1,d7e7842843abbae80951cde1bec7ee94c9eb089b89c54cb2a614740163875a34
adf1541,64,2,6de0523615f26a5d947218994447b7675a506eed49b2b03eb495d47529ae53e5
b3c9e9b,64,3,fc997a391c2a939214a6af59d79f64c938a4d08f280c6b5d3009aeb0fcfaa5ce
d978161,64,4,117d59384bb42b2c1949ddfddd6099a1db21b50b5b52a183e6e5574c40f90f4e
84195f6,64,5,e2ece3d6d591649ee2b612889869dbd7b23fbbd965deec86aa3e50ba5c125d81
2ba276d,64,1,92eb6790a28c88a6c0fc7e29022b21df04a12ce3c55e20c2e663341725a59437
f0cf383,64,2,a684a0d2fcde4da8fe4534450fc50944e1ec2203f98ccefabe0a8e53bad59e94
f6929a1,65,3,5e0a16bbd29049ccaa441281ba89f4179e8d4344d77c90c65c37786a4ec5478c
4dc320a,65,4,a101b86e28da36bb6e12182ad2272a35bff67f5d05c4acceb8b0d69b1e241939
01dabde,65,5,dd601352297baa569fa4c55651d276c2a919d17fc40c3ae563d16bb219e331a1
edd86e6,65,1,510dfa0e1027a81a7290c8622518c77d4af38aae90ba09499c5f179597c073c4
6d73882,65,2,1b64663a29e7b940bdfd1431d77563fc004c5989967972f1d86ede92beadf500
e3bcbd1,65,3,19b38ea65e25e4b7fa34e5154de38ad47b2b5c024f2094e5a71e8f59de67a3de
edf5017,65,4,7a4802d6d8c54871b3c64bd4ac690356daedd87ab6ede31155ee521281d5cea3
2aca278,65,5,9dc7b730d36a28434e4baff7d0db1aaf0b9f50aa91f769ba6b48ebd2552b07d8
ae5bbc2,65,1,1f708c5a09f9d63aad89d5c181c214cb87c60a3f981556815b4796354de8a9bb
abde127,65,2,16424e4b9298bb07a89d405fec21fe0964fda8c146995e85ffe6484582f11231
43dea20,65,3,8fa5f9336f171282090a6e0dd708d00c978d9de91a148806fd7d3501f42b835b
6abe373,65,4,800b42ecee806ca71f2a872c27a9bb82a0c315d09fb190f0981cc748b4e1056c
4ea552d,65,5,6aac73eaf9abf98cbc39bc4e4e4465afa95caa509cad803e0d9628a0d3a85311
2e1bf25,65,1,9b42b9e9efa925abe78bb0cf81500527dcea751ebb25e7f3fde6a375d2ef8941
06aa705,65,2,d7411b61986f6dc0ad5094c189790dd3d6c92c58c5b3725fe1788aff94f45063
643143a,65,3,a74086e5e9d0b93c249e3a9bcd7d96e7109fb112c61820c57b4052a3f37401de
9be40af,65,4,e061e8863f81ad1c9759f2aa3e0cab35589fd63f5234505e1c31f6df7528d0df
c0aa325,65,5,e6da8924ee1cde0e82b762188dec256bc2e9f8c614f8a4669065dc72798b9ab2
ad85676,66,1,c8dfff0787573facf7337cb51fae96229e551a3464161562363013cf2b38f705
a7deac0,66,2,6e8713f4e236a273d7a3864466bf287158030c1ce479f819c2b17be08f9cc957
7ba3171,66,3,68b0864daa8023a7c1443830b0468f67a421c3cb61e9219bab2677333561a48e
5bbf0ed,66,4,f894712383638d20c052f3731a9c945efff2e8e10a334fb0b19a464c4fd3c090
9c11243,66,5,9a139add3c7636dbea1716d89a354db500e0c2fb8722b0ac3f6eb75f14a05a74
92101ff,66,1,5c798dd771e912b775eac2498e6b7eaf9241a90e0d3539c065214a3be63c3677
4a70bc3,66,2,6260522da9dfe07240a263cbde556b3fef13b944987a31f491daabb4444b1c57
1ee7159,66,3,270a3a8b5d7176f478668304c3f2d96e22ffad080e9be0aeab1474994adb244e
296c49a,66,4,06f24f7b2443ce64f0baef484f569b06a8a7b3cc2e0e3bd041395ae316e6375b
8a90194,66,5,e5d34d1afb8004d5948a493be5a9474f6de27228533d969a3718fb10fc63b89f
2e1a485,66,1,afb99b20d69e53d4f963690340c50b82be5693e4bcbe5baf92132f904b8e5a11
d7b02d4,66,2,37320b8df9f3a6089e22e4ea2e65ad7539f419d9bca21ee39e49c19ceee6f3dc
d125d72,66,3,17ee66acede79dedd13ec7ec0f52477a1b35e7080993ab41f45572dfc85c58ed
2b63205,66,4,a7e87353f02b78abdf2842b73258c84577a37171e569d3628564967f229f322f
76eddd4,66,5,6bfbe7d67e7148e9ceea024e197b814a1108f8b8735a961f05aca81af486f970
341c5e2,66,1,f81b44038768e32bb36abb4d38698ca422b1e8fed9304668dae9c12aa7ac846d
5913470,66,2,7571c55ebec8e65b3878d35aa56434881f8c175765b4e43034c303ed1a40274a
c4d222a,66,3,460bccdc4c56aba37f5566cc138f9bfb616f2c59448564637a88355fbb83167b
c3f8479,67,4,0c4bbad99d54ed103d59a4cde78943313244cbaa4ac7107cc8ed2f9d6b3e82e6
5520857,67,5,1677e4d4001f61ee3c815bc84b51e160b1d0ef56fee9cde769e012f48ed7504e
cfcc66d,67,1,d3182bf01c702f034de14e7d5f09de816e6930b787885c96d964721eb98e67be
3f0f953,67,2,47fff72e3689734f35d4465d4b48c9b3911c7d0221ca7847336adbd1922fe9b3
3779f66,67,3,2d272e56130cd6509b88c24cdb4b116cb52e5c6dbf78b51d0d1f684c951ca1a8
30e7e7a,67,4,d30edc3443d9dfcaec5dd708994cedcba2f05e30f9be66e77336cd6b5b3902a7
6ed94f5,67,5,9d4dfaaf33b134da48a547bfb51f29bac008166ba30f35f8d5ae552a28265fba
31610f5,67,1,01ce8d140ffa2e32a706e130f564f03ea64a88cfc7926bf8c8e9dc712803f298
d6bbc8c,67,2,bafb090b03e510fb9db7e00f9df7eb0bd8b6aa2b4faa3b18c97e09da2b3b7803
ec74743,67,3,65d64520fd19efe38168abd64eec5ca3aece0a5511544a932c6b33314ae6e6ef
59860b0,67,4,1fd0e1444c3c69f78ae3bed51ad01ae502fe06f993d7c2ba80bca9648273cfea
b9d2914,67,5,899a9bd51be5b81425af70737b79d0c95d5e0adc33c5962ba653b95da940bac5
1fa24bd,67,1,d27b29fa5167e90ab071ed97042d427d256cdceadc3a47e965ccfe92c4676d71
d2a3539,67,2,93ba7b42ae330e37d92313376e2ec1ebe17abde48454c85d46d717ff77e89ad9
d413b38,67,3,f5e8b2dd34599fbf88d05c5bab27c9be89ea8075231277a3bedd3df75d46585f
9c60ce6,67,4,7543a38b67bcfff627dab6090e93c28a217e699e208a97c9d4a3ae5043f2fcba
9e26c1d,67,5,19d1a509be0e02e7644856bb08dc960c1bbb83a7369a5ef8f27976e84f83fc31
75e8016,67,1,167e229b18a1e040c75c126dc034d6e0bf1d67531d0a82994353856a6e526168
adaef95,68,2,7befe602ea96a1e3a086f9599c69634e0ba6b87733985f2e2d788479461a6b4f
d1525ce,68,3,3aa6a3d758b83347422fde5c8e662f7905b8e8d596f47697773ccbd8d28aaaf8
79240bb,68,4,7ba8807b4889095b5b8fd875b1c11f8cf8810fe1d1a204b1eb686145deb63c12
f7c06a5,68,5,0601a9dca415c98afb6da33ee6e6e5d43a5e04fb068e4a45a526191d4941b00c
f73964f,68,1,126ef8e4b8dae654b943c8d779796a60e4abc672c84208f53058e0ee14e95f71
837a95a,68,2,34a1a8b36d9fd27e344c703e40145cd5fa8f5a28ffeb480d89e225acf9838d03
acb6361,68,3,e905d48888956e1f500c5797d19d1a82dbffc749e74e881e1143877d86d31dfb
334d4b0,68,4,506505a540fb491214d3e469382f0621182f31146369ab45ceb196cedb1b19d9
28e9a88,68,5,c43ecdaa25600a669ab30e975a98234ea2c4f1cdc55464607bd9a823220e66b4
2688e0d,68,1,4d4fc5d230f7d6198496d0ab588938412e107b66e011d3a404f48d1644bfcb80
12591b2,68,2,3c3b1f191b81183fbefa218ce5403a77944472d00429d4322dc8148d28ff1e14
1f06ef4,68,3,41bd0898cc14e0046d387f07605dd7b4fa3f3b785c8330a1f87289c795b94859
519100a,68,4,543be43a2f22d094c4f4edc8637f33d99fe3cb7b9ac8a4e2fb89e0206b7ed541
ee13521,68,5,7c8fd3f688f5436e5fc9d6fcbb7ee54e90e9b18af520f26c0644d1ef8c9c181c
187ef81,68,1,ded8c7622fe18de3f41872d043dab9e6e7f2f0de18b281682342ce01947fffb5
1651722,68,2,9515996d691d3a230ef58ba9a020e02080e5cb477e283c55b8d22dcb9d8ffbb4
e06d5d9,68,3,a4c2211cbf9908ceb035b0cc7c25e5e3ccb3faf403b4229ebe800d31d7549886
26bc38a,68,4,bc96000fe273f522735ac4099274f68a488845d15f934abe046eef35d9cb6efc
12309f9,69,5,ffd44eeb4a20d09c2c1697e6d0537eae5d38e9ed47d1ebb80b99592edb8b8842
3515161,69,1,c4f7f351ed3d824b0cc4e4bfda91c5f0523b6861de0f05af38d1ccae6ac4c98c
e3aad31,69,2,882a5e7ee56376d10751112331d5bc76d8bd09a00f83125cdbb44ff0b3a7ebe2
a99524d,69,3,244ccd6d49f74bd3ed58d9bb43cf7b3474f24b86d45d94550735bfb209ba4ef1
610be98,69,4,166309c4d3cbcdb3603cd278522d583e8ab4b2f09441aa265058092fdeeb29ff
688b494,69,5,7e449c164ebf8460444b5111d8521519c392f7227ecca12f8dc0464bfd9d8903
18f8ef2,69,1,75105402576528ddacc68ee664b30fb8cac871bf2c0d3209c80440d9c1b18341
b0e8c53,69,2,52d89e83825dabdb5d2a1a7c1bbf1b9e6979c7eef8ce04c74c179b47d229bbef
2a97d85,69,3,8cf008df2c5ecf3c0d39ce70442bbe3b4b836c99289a517cc1cec5f16e209938
39c239f,69,4,38cfbf7d9ae37d447fbf22a0f93189348c6ffb2ac2b29cf34626cecc72c85f03
8393995,69,5,b747166606bfdf81f409b90b2aa8ccf9dbd959cbdfce50b885780b356a22f4ed
01c3e09,69,1,1e637cca8197ffb9a33254daa6ac8b6ad19026370e7e9d321f5332a35b2f5990
e44fdbd,69,2,75efc88a103679680494d2af48e215271da5a20e710f77e1152cda2870c4445a
a58d8b9,69,3,2766d52bdb2bc8e8a42ac977777c50f393e3e724075c4c42b126aab4579dde02
b65bc0a,69,4,6fa7ab2ce0b7fe9890cada6cd54920684ce418b79277d9dbff6ca97ff1093cb5
112723e,69,5,6cb901db98745fc65b0fb32e80b18025f3515e9df998955ed4cb00e379134b9c
8172a02,69,1,8eb97855058ae29fbf5c255c9fe30b173821d1497f8740b55ed846f81d270a6b
ef20b17,69,2,3d91f348ee5b995196533ecb9835f3a5c3daa77a64383a8eaa323b465abc11ea
c801796,70,3,2c97e849db8540a5d05bc3898ee43c07ca3341f63537b1fbb1c9ae9d649baaeb
dbe4221,70,4,da20a3ac0372c1e78e5a2a0dec018d3ddfe42d92fcfc425fed3f60524b950885
cbedebe,70,5,13a8b2c1a5d8558d9b33859add13622768d7d672b67784d6ee66589d3acc54eb
6caf0ab,70,1,b6aff517389048943c111627c6673d2843a46dba51fb3169e36cb14b0b5ca06b
e43638a,70,2,20502d69d45e4527ae789a4942ed280bded30cc256522e9f1df98b9e019257cd
e96aaaf,70,3,9f2d850b9432b009ab0c2956be31e0db153ebfd2ac13b869d5cbf47a9a34fd14
3676aa1,70,4,b125b362c4006c5a67b44c60a1b00cdbcf1ec713aa18b11b2a7ba1a54e4b237f
fc68dd9,70,5,c5ae0c6e2900870a4e507620f4b3e435807feddb16518a010729d14ef9e66eca
8b8137e,70,1,ab33cea5b7e326ec20d2bf0310592ad9db924f5ea676817fc1a4ba021fb7b008
e05e602,70,2,ef54b04fb5623debf4b5007b811f8ab1803b965d63f026c6a7310ce74059eeb0
1b3fba8,70,3,afe1be30aee9bab2d8273b7087952ce6300515e05b3be3b49ccc15466f703664
dddc521,70,4,8840b4a2b568e92e06e1efc1b0e65e942db0c14c830d40b66409f6c510e082a5
2e78299,70,5,bd6d4ed265c94e721a5cee14ae1cbaf17e8d32f539510f9f1a8c092002b5b6e0
1ba50c1,70,1,161027f1d184eb86fa70266805a94e12245e28ba61f557e558a69d6855727908
6bd3ac7,70,2,7b457974a2bd8bbd79783d0eca070e6ad7160e8dc0e778bf53ad1007396cc43b
e6bea39,70,3,71f277a33ba6d52dfd7aedaea6ef1bb89c516564a997e263e0f7829e2c313fe6
4b30666,70,4,fb35756c31314cee20c9787e6c92095850d13c3af2bad23c9881ab8e773a1a7f
a830f55,70,5,c07268a47788a56e09a3da5dd2143e2cb34b8c10716a5215b14529add45f341a
f59c21c,71,1,edbf65fc8b851bd2becb01ec7bdd22e3d88848e48dcb136ae1cebf421be0482c
8ef6b25,71,2,62f8bcc8d50a5a410033017501bcf52e194b839a70c9bcc0eeace7fe22c7d875
e38f2ec,71,3,6c3ca0a660a8ec8d4f7f9dd9d331ab56a798df37adb9588de366cdbcb5ad9126
49b386d,71,4,4fbfdc57272551f72f8dd007607000886f6f53ac9bb596779d30d6f02ed68789
6aeb5e8,71,5,58c668b5d4478630f583eb31fcce4572c8a0c1e8ca7d03acfd61c1d90a444423
72c9aa8,71,1,2e21babf2a4661bb179d687376f14ac8d0cc99c72b8556563a7b188575e54d7b
e989f07,71,2,69b9612084de62f718987f8c00d735d570a2f9444b11837920862970b74076c1
0dba702,71,3,05e99ae0f225d58b30b88c925fb6ac1f2b9944ba8a576db221ed39350a29cf10
87e034c,71,4,9ec3582ae72b83d1040ade20c179e21ee7a59ff3f67fc7db0705781e02180fd9
3d37941,71,5,2f2d7312aacf1cfca2276d6db71a1e104a0eb0b62e100c8b951e2264dfc6d00f
3b882f2,71,1,38afac2e01f889df9906b285ce149b02347fb270aa15e750497f7bb36637bfdf
dbcd1d3,71,2,b5763f0574ea4e3b30287ec4ee19b798fb02bdd6e28ed9a6020d4ca72f39848e
0e00dde,71,3,ff3225cad0f18ad1f2bf1fc13424920fbffc14143abce35a3e608d2b69f7627a
b5b01ce,71,4,2e974a1437e3a46deaa67bf4993fcd72950202879cececb3024f45d2cdd94da8
680c26b,71,5,bca24173026489e08b48996f1c1c9cd5e903e146476971c7d81791e08e568ff2
fe0aea3,71,1,b79dd15ede3da8d1858f67aaa1fb450651a6dd28695adb3559f79167fcb0bcff
7f21cc4,71,2,4df7eefaa61974278c0d80019e9e395ba18dff916e90447fc8092e077c0d5bb8
0e92d4a,71,3,c3131ce2d2acad679b5a2d2ed4ac955bd95ed7f26c23c7a324a8f9cd2a9f1336
0084f6c,72,4,4e64d7fcd8958749b070d2177f6fb24dbb7e3925f5bb12ce41301013eaefb7a8
7bf3cb1,72,5,23f57bbc2e24959e1b98662fafa91c76ca886605a9c93a2dcd161fcb7d4be05a
df8ac51,72,1,ddfba8cc24b39d19899d5a5569e3fe967c4b6d58311950d2e3cefae27225dd17
0c76a09,72,2,7e6013d615859028f334131da896c2fd2ea8a8de35eae18c63f3ba2380460e9b
cb82dc0,72,3,3000bdbcc35462bc979f51937e4e8f5c858394aa1f6d9d0d471eb4c55ae8a114
acda8eb,72,4,b95972d3c33a340d1d5830af00856cef71d88b25749b75aaa15823b8592d88af
b25a820,72,5,eaa208359ed1ef76efe8e5b222a035b404ed1763fda0890b060e6cd928abf604
fcf5f9e,72,1,d87e9f5575a7d8e769bf2952296c8a7af35bf4e9b8c6105bfc31ec088f571e94
6093fe0,72,2,730f8f96d08d9e2f4db5072121d0d245db52d55759d96680be97faf141d292d4
9231594,72,3,afd0b2a6ff1e3f17d94f81287ae0d7ec1aca4c3d092fc68c96aa7462f5e1550e
bdb1446,72,4,0c24cca075f9d866c3ac344c2ac61950f8d844f90b153b49abf7472b6ab2aeec
204b964,72,5,da5cda9b404079bc87dcbaaae00bec81368be2ceebfc34e9d5081f38eda896eb
a774f6a,72,1,2f9908de35c94a7b16723e0744945d90ac337667e7be524e653bc9300b12263e
c493091,72,2,7e4788805de6d056928baf8e9e3ceaf88464e01a5f46c4189b195a5565b17155
2de9ae4,72,3,d3d5db2f9669951dd82c47093160a0940bad53abeffcffcc1011dbbffd70667c
ee9b83d,72,4,3d0196984f15e7b3a5c4fe88a6e6c0e2589c5c6c3b2da022d3c97f2ae366f63a
098d10a,72,5,00d29644e514f77f76e5619acaa580d7208cae6fcf0d9f0c9706cd64065ab5f2
dc84e92,72,1,fb716369eb33f5a05c383889adf5c70e6666d4ec0edc7d925b135926445f07fa
d1a6973,73,2,1a68aa2a4925778182a86af32dbfa6d9db2b7d5d8fdaec261d952a023b894d57
c236426,73,3,d4a8b381871decb3726a456ad3372cddb4d8c470e9a74157692cfe7c2cd02b78
c624421,73,4,51b85d4c3884152b7c496bd4e3991ac0acd79b22b856e689a05ba2e3821d16ef
ec43b08,73,5,0670721d18e1bee0a6ed02efedadb3ae144c838a5e2f377d2e257d2bd3af7f32
4a406d9,73,1,0fb42d5d64597093685c52f1bb40741307723370157976bce5c927a7fa2d32c3
9c6f763,73,2,f81c38b8aaa1e9e167d0262afe2281aa8d081fd6b6e12f9408843190864ab29d
8109b66,73,3,93c18be3b07dd9dbe4fc5c2024c7ab9765b9453cb53f73250b9c759f510af6da
1e26ea8,73,4,d5488e00d8f1793320bb11bc1c43f9bb17ddc5097bdf32678962c0ac65fc6d7e
30f0911,73,5,53b55d5caab240522505bf36e3ac414edaf6bf1084d67ccc6c997167fcd4d808
52fe408,73,1,958d689c46cfe9fb6bfd5f92fefc85e2a013c2e1d28ba8b59bda348a2c44b6c2
15cf6e5,73,2,e8a2b9a0cc0fb00e9766ea959818545f7a77a3d78fa56aab2cec35cdbdf86af5
077acd9,73,3,3bd71c5ee5cc108c6c3c9a8190f4dba4eb923034f000eb3c986c4e621d9adc38
8b5f1fd,73,4,0787f7d44bdbfe1801bea34e5bb2d4cf668faa7183718fb876e9ca19cca803a5
ea817ee,73,5,15ded2f08751dc4d5a85c38d01ca2fb8f5b52cd7c9769271fe59f54ce3ef2c00
b1d5362,73,1,1a4b2842d334084d2bc2265a5095b6657b5de9702227e837cb1bf01895310268
7fa4d7b,73,2,53a744aaa5a5e3871cc1cdedd94ee76048e0af66e99e84db2a745896fd4b85c0
2437079,73,3,f1f5fc54779e9a509f2bfc1612361fa4f743c032ec73e693538eed9999eefbf8
aa5b031,73,4,14a71006d704449c3369a9ae711e992fd74577fd65223fff4292fad26c67bc74
a529ecd,74,5,11f49ecdc4e0363f28da8385a2ee4cdedf29bb2c1b4ef6230b596fd1a32a92a4
614d93c,74,1,de380d9ac43a335486ee4b2b49e298c65ac44a708acf33d1b5d1b69e8aec44cc
027a1f9,74,2,4b62ecf25fd9a72e5475ee68fbd40f5fa4bf4b6c30f88ae6f496fd0673aab4e4
fe3cccb,74,3,8b7f65728a821b2f867bca3fabf44249acf7942820d7d8773c27b409e7e2a54e
5852b0c,74,4,7db574cc6a4b2e4ce64608cbfe09b3f6b78cbd15abc6711f2611390115357b19
308e4ca,74,5,6c5e6104801e7b49bf4e86376c718113b00b39cca0a101c1610b5fcc4f8d78f3
dcd9634,74,1,4637dc0611cab00e745a6321736f4c292c3e1a21ae2b13d4951bbe90e5d678c9
9563943,74,2,2520f168a168b940f36a11df093c86ae338a29c9de8475470c35929e608d9359
4afe849,74,3,09f3f79d2753dc6b01135ad5c8277ffa059b91dc1437ea49c107debb26827f34
0bfeec7,74,4,55c51d2509c77b3c169d34811e5dd33c6b5920bf2a592e13232ef57a3f2a5e28
0ec99dd,74,5,7ae9650671a083c35ec396f420eb694c711a3962938d2199a5a4d7d6eb7ecdb4
98330f5,74,1,04984512a3e89b6486a063c7839c16c07c2852884e0abf72f0a44f00fc1d0b9f
9ee0e40,74,2,c94f37d40381bd3e5194aa29e85a4df70c1517eb60192f496089a00b3481a7ea
043d7ad,74,3,9e6914821d9bc0acdb4c8860f2f0ce676df295b4039f1693c8baaeffc257c606
8f6429a,74,4,b1276e82c55a3c6c939ce83bf50d45bab744c3b41e90b39e308c27cb627d9473
fe094f8,74,5,141067898d6b951ad988885517e6f5824c80fa10ec40a784c7f30d5b3b9077cd
a1b39aa,74,1,789e59b2bb0a9be1fb4e9ddb67591ff97e679df8827314bd4cc9f4efc577a372
a9ec2f7,74,2,a9f3fa9c5522c8dce97ab3b442ef97cbe1ceedceaf61917942908bb18d670999
582cc56,75,3,5e35cbf6109e09d0dd911a9461f7a31181345c76e4f6c812f573e5d4b18c44b0
2dacefb,75,4,546ef3842c42c7a144ca88c0f0cb9575b936b534c9ad13095f4da8052228a538
ddf1b39,75,5,c2a8309dd9d85db4446ad8a7f0e75c266d7ec751a4da2bba21678e781f18262b
951728e,75,1,b7d988fbf24c68a8545faaf000141beba2b1a90dbfc02acce8528052f20ebb4f
db6668b,75,2,df4126fb6623c3ad6e7bff097c08656fefc6cd8a1134868885d94388b0d3ad72
822846d,75,3,ba6e3ab1c5901aad1b2e4892f98e4cb0a5f28892247bbae3f2a640b0d1ebf007
51b839f,75,4,f57c1ce9e784975a4c57c1cf448810f80c62369c3d70e0bf7ab1d63254a49274
6e64d71,75,5,ec22f2b438aca0f30ea2bab3368326608bf3e6dc21e8c7b187cf540188f10ded
e93b8c1,75,1,8e08d0d7551aef05d0db361cc30544b1a823821b900d14659ec50b9d960cb5ba
87e6129,75,2,f7e3eb63e86dbe964c3807038bf50889edbfb17a1af5d2f301a54a7bf94e5e83
fe133db,75,3,0cb04b59bbf7c047757cf436099015c7008964bc26c20dd64a2db771fcb04469
e16a336,75,4,8b8339d6790e206071ebaa04767827e8605738076fc883cd943e89b2467ad0ff
6751494,75,5,90985382d22014fb830a91c0d796aaee9b43fa09e7876c9b932e2c65a929ea08
bbdb0ca,75,1,540e508e17bc9f25f956f5f30aefed910d8bacc4d18f35128d2a2626e6e20df0
b14c3ac,75,2,38c3860b4a90ae3779166452b696b0404ddf19c1f4aba542b5eba1da58534057
cb7833a,75,3,c0538f56e1293d286d0e42c70a5d9be1002f32d9ca161a82cfff9c1dd6bbba91
67c0531,75,4,6eeff56cf8fe2efd6063153c89288b8dea43d3dfc245f9c28e1def76d74f3809
3cc2f1c,75,5,ca4912141c8eafa5ea0eb323004f99ca76f567dc34047f8e7e2cd868e0e55a18
8b9296d,76,1,5a4a3ebbfcafc78b3fd665a8e8732826e4ed52e29f554508bd48ff641f7f4fb1
d2d5d91,76,2,0b986d0f4b48ed50f0b2f08e8b4a16ae6c674802b6a925a310e75843a64faf15
bcb1b3d,76,3,a12b2f2b9a37a885933c9eda80841e6dac1481a884f51bff7f6f508b8fe8943b
63f85c9,76,4,eb68039a0a024b76ff7c1b00e8a72a7e3b1b6caae6b68a57aa5b31c4b15829c2
28d472e,76,5,f237baf998204e907dccb16d5bfcd8a0dd16c885fff8f8aacae0a2afff5df2e0
0ea87c4,76,1,b85848fae9210c143d0a89971cee9501280166ac7c8ec977f93bbd1dedb18637
4d0c575,76,2,58bccee0ce77288be7b86c5f485e7f829b9066a56a7e6ab1f3eddb57d8e2d108
dc5d479,76,3,b074712509a1bd3c6d82130e7660a6dc293ae324cbc470a68027919c9fc7487c
12ff706,76,4,45671b6b078d45951f266bdf93240d04dd7753393e3c6361c6f9c9054445be0d
3acd644,76,5,f1f317ae22b43c68e50c3eb6680d5f2927a2d2e8dab7368b2ba212343d535b52
07309cb,76,1,c74bb3baf3a6bb87303ceb22975e47e0a6929bc95e95be3c32aa5f97a2b29bb6
8465a70,76,2,bbe4dcf738e6de11e8efa5e8f6b2edf6162b3c67a008543283ff702d023b23a2
85d6bbe,76,3,b59cb540ac97affa33136ba5598eaa2c91cd5a70275e7eac123f1d0aeb48ba2b
e48707a,76,4,6468c7450cd8611d1e4cddc9492b5664c0db620941bb3a73d688edef7f824baa
0db7e99,76,5,cb9dfe7d99414d62912548c8ac0bf5fda71b6a5326a9d4cf25861513e50bf698
a6de1db,76,1,c25c2ad159abba22254eac6a38a033835dbf002123dc75c60496f9f70456939c
b68aa48,76,2,84878e0c142bbf58a86b686d201f0d72cc1587351d4bf2822e4d2c645b4b63d4
4f2f54f,76,3,0f44e544716504067b56c83f452af1a8b0a4bc62139657f54deba35be966657f
e4ab2f4,77,4,165f1f5bb786f3a36c566f1b0ccd18959a633ab764f62e9d2f270c2fd48c139e
0906ee2,77,5,b7ff8a3bb649a356fc0315e831a7cfea864b71ea43a602a1f3928310c031ad4e
b50adb7,77,1,b9ec0a3d36077b814896821de1a7aa8102295dc1c31ed51bb9aa3aa5ea8f9ad4
5e6b559,77,2,2bbdbcefd67d415fed18eb503991a375afc53ff23399836ea71ab11350327bb7
1c2e15b,77,3,bc3f6b7550c10c486559f9c573c82875521f9b51c4d94684216a53c3adba419f
e18c6e9,77,4,5e4b17349576231f9f7ae3bcea61834a5b0d505f5618818e2ce09b95e692b8ff
08f5a36,77,5,8aa74ad08673d232624434ec9921d00d57e4168514d139ebb4b01a4ea1bf7793
c783ce5,77,1,b75345681981aba146e0a3773256992792ca5da847f02cb285dffa1be426e012
7c4b9e5,77,2,115dc6d443b09baccd40b6efca227f7705b259662ee6f2a916e92a4a17c2288e
82f4346,77,3,d6c35fbfb79cc0fb31bf07f0bb4fd5f56c6b91e00da1a8b688b90a8390a9759a
5ed0a74,77,4,adaececd905f12be3a168f80ebcccac5b1c0c19c11a38d7bbb27823ace0717b0
2027926,77,5,04260659d56ec0f7aa106f08531254b27b91c8be3d8d2420fe89cf97e801ff51
c92dce5,77,1,6012bd206740f1cff027cbe4ab87142e3026f409b5dcc21434daccb460c469ab
19dee01,77,2,33f3e1d6029188b857f37809e100142fc7b816928cd7f63a3039744685172742
4dc8a00,77,3,87585ac60752c7ffad97ce938182f3ad08bf4867e71252ec2979fa6d3a37d3c3
d682dd8,77,4,65839bca2d6887824be359ea054b26f5da58c23f00467a84e94a3e71c508a761
ebce6a4,77,5,981f98443e0f94b5fe56df26c0709bc1848a82bbbff55764e41492b5fe9691c7
0e8c167,77,1,6a427a315ff943a0fb1b625b6f23535dde6bf46ee48564356ae874e9d7cc0587
d8a2b0d,78,2,ca5381a53b584832830317ee9c530d53d4c0195552e399a6ca08475199e12f48
194eb61,78,3,8dd510774a3e6d750d6511bfe1e73beb3d9f36764a316e276bcb2e400a39b983
c881343,78,4,b17ecffa1bf7b23731af47346fc8ef6a29513c3783a274d5951cc77fe6c410e2
59421c0,78,5,5deee9890cbbe82c26e9c990b3fdcf6ed1798db569b921c7677eb7c01b9742a9
4a7e08f,78,1,f9e9f0848aa51c1b33a469dbfd729ead22de9254c3cb4217d5edfe599e5ea27d
d024295,78,2,5a354a6244f81a3cdff938ea2c9b138eccc6d0d8f977ef34e2117216a46779d3
77bc471,78,3,a2f673ede17c45802cac64a932952266006836f180e5047e7348e094fa81d294
69890f9,78,4,822c6315a35d2e652a6016d08a19deb560aef68a2b8e9cba10437de1f879c4ac
308be53,78,5,f5bcea55ddcb07df531497f64a2bcd62af433cdea01c799aa8f6eb04bbf6ad37
e1b3de4,78,1,d19430637b5b4329dae32d1a12daaa295445fe0ffb2fae79aa1cb95a6ec58d4d
bc95e84,78,2,cd0b19e413068041c9802bf497ca2686bcd6e10ee0c16c808ca169b344f0556e
c26a074,78,3,f29029a39fa0ded14f5d3655c9fe358438284a80b129fb66ab02f165393dae4b
b160f34,78,4,34b453c7075cd3eab85ae3b2540f6ccead3a674d5a5476c9fb5143729772b47d
48b152e,78,5,ad874bfcb762a0465b046abe12a602a58e4761b1dbcd06af1aa3b520c0f7c7e6
b649349,78,1,b732e8ec966f9e5f6deee0f743f16d39abeba4d83f6829c291adac620a041ed6
f37b2e6,78,2,30bcb7d9e221d575d68c6c1b36f6e7594023e84f862df86dd8652bffb7a6b422
b4e02d9,78,3,7269b98fa11845d26788ea1b54116ce25b727a36b1769d201155e33f5ee80d5e
8bb7ea1,78,4,e44945868fcd275278b5b5e962ae2313041892311617820fff7084fc8697d3a4
abdde55,79,5,724fef37781d153b7466ad3b0a7c90898b50ebcc9ba57f365c9671cce04d3403
287ed5e,79,1,5d491cf70ffbba8548172921a99e7aee2200335bb17f754661d34ba440ee191f
05b37db,79,2,e2b6d43ef4a37aa579affb430dde610f7763d6ebf8af5bfd0ac08ef6ff6276d3
134b993,79,3,faf0d6c085a8778164730f628ec608c303e7067f85de8dc23323acf4860c44bf
7036074,79,4,51f5cdba806fed941774bd821b4353d345df2ce6c6c7e3323c0a7237054b6515
a3ab1a5,79,5,e2c094b2b0bf63c3fd3a2aa5838615a80a9d1de0308ffa3728b7f1e8f2814b4b
f33de44,79,1,c9d3277d1599c71b8638fd4736993787a5206e62ce801e26f45527bd5fabf3af
3911a88,79,2,a3cc520332f633a97efcf6721e471d0abbb9552d83eeb5d138e298f13e77fba2
bbe4b84,79,3,5c6fc6fe3d23aaa304e965624c40ced297d65fbf6ec7faaef360e656b72529b1
f705868,79,4,62a996eb4a0305e6488db8a09be83544a155bdabdcf12145c1614b2da85b1ec5
70cf70a,79,5,4994f8d36d03d40373cbcf1b284e3832ab6e94e592cc1ddc4e4ebb6ef5d8f250
d2ce31c,79,1,24a83f8d070a0fe53abcc5c1f86d6d7c0bf4e776b18408e4748e7a3bc22e6579
beaaa47,79,2,3d87718416790ac818849edeed857ccf0b7174e135f90d292ef2bc616a19a7d3
c19ee85,79,3,628865b3fb19a23e047c634c5ef5d0a74480b5e125e5356349137398fd5c4818
88c9fcb,79,4,337d6a05c240b96e2d64952150ac39c38536f0ce13da1497b9ab6c7f0e304b9e
21a4446,79,5,914f30b6e5d850b36b0cbc63f9880b606d01e93a6c1c885550eea856bfc8ad9b
0e85504,79,1,a740e69c7d27bf578600093efd14aa2aae64f8a6240f7b36058f070da1bd36b0
7ea777f,79,2,43e0216a65914802755b1d67de7307a3a51b56c0407c2ffd9f713d964a63f3f3
eaab74e,80,3,5c771d89cbdcac7bed9fb56b64cf4e72a32e161d48a4eb3aef99bbcf2e9a6e19
9a8210e,80,4,b226413dd1ef0f57f0714583f01fd4695970e7e0dbb807c174c7cd6180351ffb
b101f70,80,5,c294ed424e356eab051de00700f39d3cb7a5e56792a28f558af2b53d724f1f38
4b34809,80,1,829f33f9347ac20f042821660b193bc8c3794a646f6cc9211e6392ca567cd993
bb879d0,80,2,f9f67d4b0e70e6f0f74da3605771ca5141e5a0b7ffc14cd5845fb6a27caa516e
58ec073,80,3,a5d18097b21c3d826e22d688e5d4fe57614fdb6699ed7317f801c3c07d06dc14
358bc70,80,4,14d86d104ae8b120938adb145925514a3016037e32b6214788b6d6da24bfe33a
58daaa3,80,5,23d73423bc5242c3f50011555cd2f314eb749f41e656c18430441e3c3bd5334d
04f1fc3,80,1,494735e5462b030e19063c316b0b7dbcbee2daa36c30b1b7fe586a151407c88d
9dea2ae,80,2,a3e9da441e48754469db6cbd80a0ccaa7e8df87c3a3e7ea4e87d3574c294b9d5
fb89c7e,80,3,70ad81995a7bc6b1cba88a1a6225eb4e337385319085fbf37f788a6103334c1e
9cd87c2,80,4,531044680e2531964cdd933e64ab6a0eb4c0dd78b9ef10b7c735139115c81110
75e3824,80,5,076f555a31ec944281f9d42ed3d5bf3bc7d87b1123217dcce787a014d1801ae8
21b32eb,80,1,d22ec77a40b5edae21597841714651317a4f6df5163e696da2ebb05982703236
abd24bc,80,2,e381bbfd04d45bb0946f4beca510c51ac6298dcc6cc43dc2e61fac7ece8ee494
f81b391,80,3,94057062214f831d49babbea2d444fa50f42c284402702820660fab558d23cd1
f88af91,80,4,100bf3eb3e076c3bf4694890c5d06a7a8f6fcc37774040e1262ff81adae0dfe9
b218e90,80,5,719290dc423ed36ae46102342559c6617d568346b74911309547254c1677e925
c039048,81,1,b420448463614846b559a3ab7830556ef4beb7d73badbcb54a5ad68e5dce82d7
05bcd1b,81,2,2a964978b8504009d2a3882a881c8431f78b86ff647aaac58c8097fc3b94807f
4536037,81,3,c087d5345bc80e08966fc57fe20bfc886825ea800e209f9ebb5d06433c17f2d1
74ec2b2,81,4,ca2381414526784efa471d8aa0d58b6f9ff1ce1b770f781ad8935bb99254546a
2b7e769,81,5,a885c04c43812402df7d768601a5d2362518f9bc7c32ca9d6025148d5fc0fc0e
266b6fb,81,1,45fbbf30f573ca694ce87b2044e5476d6eb8db649cfa5428142e24f16cd82a77
31b203a,81,2,9e309f77fe4c9e03ce1bd8bc1c39dbc1fbb2c044e4719fcef0d3d788f9c78dcd
341cf30,81,3,c388536099c20e207f89e5cd6d30ec068361df066551888276448640da956ad5
294affa,81,4,a0b8d81b0fcceac16ed8c6bc4be45e0a1481dc09a7a49d3aa0f764beb0f47569
6aac645,81,5,133eb204b590ccb11af4a85b12878ced6445071012886c52cedf1e6bb5bebcd2
feb63da,81,1,9edc2dfe59431a90e95fb35fed97eafd2d48b3c9e265061fbe45853602dfe082
ced3bda,81,2,4edc7d81e964b3f143d3a9d79bbda36a3a94cf5d1c272d3a41f92444d2d8cd00
5ed59c1,81,3,300c741d0db4a899149855534489a267a2260eff7527da2ed1aaf169c908fb19
6ed9bb3,81,4,87a4ced7c9c3cd5bd055fb96def0a4f963df66a36765e62d0df9787b85a13b72
bd50f73,81,5,8f6488855548a825aedb1716b8581caacd07f843e1dd9105421dcdf91d94b1be
23709d9,81,1,7b80fd370190fa4c4db8c0a9ae54ec6b47f4eaeee1f18739b578444ddac37002
098d6c6,81,2,87eff78b03a8a664df7a17dc6b9d312746174560b71aa106205a16f42a87285d
c930fa2,81,3,9f43ddda4bd05f7dcf96ff734c0736fb88e30b3830d4d0c5bf3d0ad77e8f3549
7d69fe9,82,4,ba080ee3da2cc04cd8e4feca20339fc47657a6545d67a663a163e6e23c147d41
dada74b,82,5,f0bef0dd5b9590f5800749807b4a01459a9c85c5755aa1708262242fb9eb2049
b9e2f51,82,1,1bf881a48c3668e24b762a70adf49441ecfbdc4a2c82a3128a5ad71f6253e7fb
74253a3,82,2,cbe0fdbc26ad60f646fabea61206cace12d87181b36b6b5d12666a213f684305
6db71d6,82,3,e8616de423bb5d2f42b50027be4ea0d9bdf3ab1e7d19996c4b9bd1a045814f56
e66d620,82,4,ccf59e4d44d43e66c92afd5ef9054a4055e4a3e744494b770d4d1ce7e52bfacd
9136091,82,5,c8c731c4ecdb985bc0ebf14ee5458b8be642399595ff1420c6a8a6313a36e81d
a82e4d8,82,1,491a3ef1d8d23e58e06c3aad92a3d5c9102a6361054981d0af26eaf61996d572
74a6173,82,2,75c262231266b1aa5102908048f6de66bd621549f3fb02e99a08b1e673bc10ed
6d8b37d,82,3,d0d9fa3f64649117dddbb62075abdd18a66a9aaf556938e25e2c547b3ff5b078
a96bbf7,82,4,99af512437693e1e7bc3de5efb10a17660369a4c0db17a950691e81b4638846c
5ab7db3,82,5,f7bf224f57c1d18425005df8c966431dd6cc23c7d3a80cbce885ac47554725a1
939d35a,82,1,6d0ccab3ee2f7a495c1f2cdfa239187c31c8c5101134b91de2f97f2d6e55ef03
0a0388e,82,2,7b1dc7afa3de2965f6a2d1e84254b49b9ed8a6e2d24585fd071664d95ad9c621
a1a8e7b,82,3,7c62bf0e8daece5765d0634f379d4fe039c128394504fe7dfce5792341f0f152
d2fcaa1,82,4,72dbd42c20c55c4eeebef4044263b516df7d960735faf83defed6cc0d508eeb5
898e566,82,5,b8713344f94f674853a392978f4ed2dcd454268000b42714f7a434c702bc7f4f
bd18a8b,82,1,cd06f0b374a25b62a0a3985c1644a86f951cf1b4fb971d08dbb94b55c792aa6f
594a437,83,2,5298a7e1355c070ef2d5a58db17dc6288ed110464cc40519c4ff59843d9f939b
2dc0b75,83,3,53f62ef404ffb04d561b5bc2851e581c349519ce1d6111bd96ed182b0fb68aef
3c3267f,83,4,221c1a0a9a494373e6d28f1360bfce6e2dcca6f559ba2f205225eeb72049452f
7af72ba,83,5,c83a484a508539fdc726b93e51d0351cc20c0effc04a0f2832812fab9ec4741b
f148238,83,1,32367992270d34fbcb041a062686a1f2012e4f417a67b7d8b7579310027cd2c6
91c35c5,83,2,02846fc3f201133227ce86e694cd30e26d3022f166b8e2bf49b2b5655dfda16f
32ae080,83,3,79256029b3731e5df2eac8556aacb38a0d8a18b80377181e431b1378e06358e0
a0a15e3,83,4,17751b30892ba11b092b32c5c9d05835502a36ccdd83a560403acd6f56e80114
4d6ebc9,83,5,902ea9b95568a8078a9473548a7649d899a34d8568ba1f259766f8bb4e0a5b82
37c61d1,83,1,9de14a8282ea4e8efca189ba70b4ad89e3476967d680b82eb95d48b46af59b1a
69715eb,83,2,72d019fe5223f9d19989275d85d6d7193d1f65ec6c252a196468c720225c8366
c9ba6e8,83,3,215abb51f0f3773cf4ec8d85e66865b451a9a05dc0be336a413c276eb9f2596f
ea9b94d,83,4,dc41387c29b7707b2830132ba0a654ab1caa0cb5f47b7f43d4a4db6ec33fd321
2ab69a7,83,5,b3800473c4b2e33b71456e481356c4a86447b46260467628312d247e37e865aa
3c22d23,83,1,b8240fdd34184e3009b0389cfb94a8409da152943ea0c2f23d8af2d6b7886a9c
6241fb7,83,2,56e62491711570f753f7235d8215600ac29daee9b9467ec2fb70c44a5c4f4d3e
fddf51f,83,3,7efe17d690e1f1992dab366f2796fecdb74c4c10f68d08644cfdbca9c13e6941
6d3a41b,83,4,dce2ff26ed83505167d2f4c900a67638274fd950ed5e7aa064b43c541d93c0f9
dd43138,84,5,7b1fffbd4f72454b8e1d4631b7ca4ad4e8be13c014f4203d229fdcabb055fd17
d809e7a,84,1,b6979299e8cbc711a80b9e4bca280d314355d362d7350ee19f2ef77da87b3dac
7b84689,84,2,64bb8c60b2bf3dc306bc1afb1df9cdb1474387ddffaff0aea3db00675e4430eb
6226f71,84,3,a60e4289a9a1138be0a1c1a55a57f5a926730cde0cd5306ca036a2efa399a395
8936c5c,84,4,921115f33a381e1b1fc66cdd3c5103cc27d62eaa7a9c3d5cef3043cc098e553e
867d224,84,5,4d656c0f4b8086104c339c116fd3266ad79c1d5147091eb56ff06268315ec861
4ee5427,84,1,c47a7006214ec4fdf383f3cabd575d10832c115333b90225f622fdfb37e30a61
d513e3a,84,2,836ee12894705a01eb9d07f38a088dd0e476abbcbbaa74d3d3c7979bce983488
5d83c70,84,3,a9744208601253fa9a3d214708b1227d4d6b18d4146b2abe4128b5e9da0245c6
3c7212e,84,4,7a70c6cdb74fb693383cae444bd832ca59f06f60da883c100a4f49df7e91b504
7efc5dd,84,5,d1ddfb725908a396a0412550b31cfed5fc2b9c9c4711fcbbe1536fc187202694
3af3bfb,84,1,c71de92a435bde635e98c5f195c8495c624271743c19f98755eb6ab4b19f9e11
b849cb9,84,2,02d283de5e51b89bcd4675a20781b27f90127adffa298402487ea68788918ac6
faf55f3,84,3,5ac5ad08e846ef80e4a908474358a8a5872c00f99d3f780c202c1136234d68e0
22a129c,84,4,5ee0f38e8e389a69a8f912d2682d0ed9cf86ee10848178888e143691451f90cb
e2b1708,84,5,8bac27fba4a1e151346ba23c88def41098ccfc3a53076af17ff9e8ad07f1cf63
87a0d31,84,1,b223a0119588964374472c8b0959d4e4a7540c1416f817e8829b9e3899f31e5c
7683eee,84,2,1f305e451f409446938233e87c65c2c85b02d88f3596bc2a8c1c09ea296b7b8d
e0ebf63,85,3,1203885ae421044a5780bec686713ad18b7ab6ff3cafea3d7f96e48893d19277
0d0b940,85,4,a476a6045e5b050d60d39fca6ea68a1ad6ce4bfaa006b7439f559eaec5c73538
c7f45ff,85,5,4726185d4a9e6b98c08511392dc54934001be73182f0e4f2ccf86adba4cc73b9
4601aa9,85,1,68c7ba727381a8a60a1e5d45de3c1c708ab9c0a45cf583b8d292f098ca946095
b1460ba,85,2,a74bbeb628b4b5fcd326302299adc3427c09ba4a5bb38db0711c14db79711255
635537a,85,3,f33674e2f647d869c0b782d85f4d6d16357cb51955b8d5c66884778748cc6420
63504d6,85,4,720246db42007e2cddcbc7f43e9242043f6b755388bfb506a4ab08207f739d9a
8aa59a6,85,5,e298f31db4fa4690a61360e9de6d0acf7aeea7fcaec1c20a9de575588ae5de63
0c85030,85,1,c380784f2254c003702a8bca5eb305841a1822929ce8d24038b1836cd60e49e1
d65808c,85,2,c687953ecc9382b5570d3fa638f11de3fedf48e984b60053dd4d115f82c7f435
6640d05,85,3,6a04e4e6f341320818a632aa10f3a67b33d7342412fa0792a8c41ad2a89fcbfe
1a252f8,85,4,ed40894156e9e16c82b2e851de7441a0d3c293e2dfbdbcbbb49e92020ceee109
88a1205,85,5,bc9876d56ce7e81f9a1a9871a3f6f54c3f4b3aaab92e3fdb8026db434bdf18ea
3bcfc9e,85,1,dd969cdfcf54f0d29d9527e5df798085ca562ea6aa212699b2ef3bd22755ec68
1d8869d,85,2,45366a51547b6c17977e4fb23c37a703c422bc33fb08cac7ad96111e3de6572d
29705a1,85,3,044107335f4fc2c400fef78278a7c380fffcd0a8c76bc00e85d902e725431a08
dbad9f3,85,4,7f490422e7657e1f412584876bc2480ac8ce916cc39990704f2abfdf2095bee1
caf4f81,85,5,f2e0efda1ee099a7e9168d60b93236b030a12cd77dd5399f7ac6f2a0e0e62e2e
b127d0f,86,1,dc335602c22ca5c0c347e528b16db90c130c604d7942ffc8c861371e16766657
6b10b3b,86,2,56397ba2798f55a4cfe601b85f47369dedaa5c0743f2ac7fd21a0b0a18789f0b
056f9ed,86,3,ad707f81b59488c80e0639cf762f767acaf9b8892b3f7dafe70a5b1f0c410f0b
0c02064,86,4,c3cd142c7e22c9db6bf6e73f2775322ff611f06623ea54a48898eb482593c09c
53fb427,86,5,9e3c1f33c5ebd9ac532682503d8eb3e3992e6cd4fcbdab3ec9f6e450886942c3
ad9c9d2,86,1,4ef49a1c54a5ce7df81665eb4d1cea001d90127604b786840ef67214cef0041a
f61050c,86,2,0d82fac69b22ddf57b70ead8c4e99b5b6865447db33e41bbe84a828e683ba855
8a950d3,86,3,b2cf7405c84e562dd042db9dad431ea0ac207b9cda1e0788b22e92aa964c4a3a
fac4912,86,4,30f8febb6c5e6133c53dccf24368c48e7c0e28057c7cf80f850e730ff2808b98
b79e76d,86,5,7ed17beeab96a9d1bd35a60ba931e3f4585dc7c507389b5c4996f89479844ae4
ba0c44f,86,1,82ef4920afbfe5ba228e6796587ea047a070fb37617c055385da19892df99e5b
dc225ea,86,2,2eef832a72a9ad7327279594e45b5691214e9308f9292fd934a7f187b7caf5d4
de9464a,86,3,3f8cdd478e20d639eb8f5b4831d6f7d7d54192a8c82f43fbc7128c5e7704e29a
408b7f2,86,4,134a14eb4940d0895499b228e0945217b07868082d3aaa9afef1c8bfc27a4644
c044d1a,86,5,663b7071dfe907e645eea44489bf1ce54e803c8ccdcd83826fec057d85c3ba79
42d5993,86,1,aed28481ca638c555114e83a60e6ce14351b25d0e9ecedbdbeb83a4634724343
e4808ce,86,2,c84073650d5435ecce8b262fe82e4179eceafcb7e81d0fc7482ca130bdaa0257
b465df5,86,3,0f039882da1efb98492478d1ca807c7c3588853aa2ef00dbe76ce1c159f94294
ade13bf,87,4,a65511809292fd574eca7f98b481659619c50e692e95c47f2992faab99907b3f
9fe2c49,87,5,d8dcbc648e5333ac835ad680bb78c1830f0d008c90823814a2d457a18348fac1
fc72567,87,1,68ef6c2edd315f9ad397cdd193ae6629127ae50ef0c342566201941262c3cb31
396b504,87,2,f610456d792778a65e29aa4b1e4b52715e00964154ab3503b120b0f7893c9bb8
7da697d,87,3,d0a8bbe0b68b9388fa345f3827ec27258654611959d64cff148783ac1526d542
3f1888d,87,4,11af55b9d4883dd99d05434df7dabad61fc442084436e7d861bc6e6831afdd08
11428cc,87,5,babe3d38fe347edd4d1e675a0d5af09857b17101e18e245b32734f2f7ed44a78
7f5f56d,87,1,7caaebe3ca99229a548111730ecfdc2e4644845ca0826993c02835b5c9883b8c
31d8391,87,2,f6684b188b7086073bfde7bfd5eec6fc6fccf6a77ee62909434ced89d9f9209b
38ca5e0,87,3,2f1d391f90e0889aa60dfe9e641c2e20f1dd1e5c9833973a4eaa58eb071b6c87
a412148,87,4,d6783d90d3fc046a52f3985a210e6003edc5a67bf2601f97de398e6190793251
d8eb63c,87,5,b175cc96d9aed5608dde56eb6cfab2e84c13c1f894be11445ef5462f8801afc2
2c5df89,87,1,d1beb3d805e3512b94033980cb260c8e46e060cc87fe135f234ec6c6522d5200
cfae4f9,87,2,fc493b8d31aebeb7fba827c42b0ef859eff80060ea1996dd63565654a7f3d53a
459951c,87,3,77a21afffe30b15a69928f96bbed34eceeee950960260700fb12219ce1e7aa1a
4bb4988,87,4,d2467300519a92d479a6e050ebed34707842868f24e1e9bb68d6eef5ceafbea7
4246dc0,87,5,9505a5dc8f55d9748aec95a0a407c660d2a8fa2dc5d33325e4996ca645fac728
c38cf59,87,1,3334fcb78db42c6361b3a7b83bcbee1208aa013ac799af38f66652c320a1c4c4
eea5e34,88,2,3caa2fdec4253906b32328949f5be14cb5cd1824e904d7a5a94684c785541472
0a67e11,88,3,2d3353832c71f1e6eb1d1237b92e588aa3a27e0c80cb7630f400dc03b54c6293
06d32ab,88,4,fa22738f83e286fa76c4b3f2e2822054e50711a80c7329cce8bdb3df3a9b87b4
51ddd6c,88,5,1dff7608f8cd469982c292aa9fc6dddba6a3e1eb376e040f9c6901a4fd61eb26
c3b3b4b,88,1,68e4a3b67d40c800194d44906074d5191d1969736436579b69b0869a509d205f
e6605dc,88,2,ee6bdd6d8405948d6d6022644b8d9a91ba31e0200f0e05fe7ce310727e82ffd4
99dedf4,88,3,73a1eea5371c58f1d50622d028d535650b5df082207484ef0bdbc445e0505d0f
c09b401,88,4,ce1568f391f38bd0e2048ce820885fa18991c353165a6551d3396dfdd594ddaf
4e91ceb,88,5,c4aedfd320d3c200a92ada8475b5f64b7eef1691c27ef01db83908335f42c537
dc77ef3,88,1,017a8ab05b44b5863cfdf67608fca162ced38ee37adfb647f409570ef86d9eda
a3ad983,88,2,d31f679e67c2e3c0ddeaebaab6559b6d0831028a0a2995784f96e3c7cc95e71b
0bb7157,88,3,4dd083d6c87d9c78b602a59c048fdafd2998293b1be2f673f1e23dcda35cad78
e9d46e3,88,4,35a6a51c233dcbceb766590f6c9f38f3d20fe90759961c897af50618b8eea149
955ddac,88,5,6dd61236c5cb876ac20136c0ab1c2e01a907619e9a962ce34fbed7b6372632b2
a5c16f9,88,1,72eecf7d7a37b3f03b392cd92140d6baf818517f1b625eddfc3b04aacba720cd
fda2857,88,2,ff36695c6022743cd989e3ef91d3d7cdc3cae16ab7b7f9a71d34628aa9608ace
df46087,88,3,c5c98b04d5e9f2b1f320e8e1fda94b4f4d6728364a2873903f554987344faca4
9de5f10,88,4,987e0d1ba726921a129603954b0c487ca56f60c01c3d0d8f8383c91e720c74ae
c781ab6,89,5,38320159587535d084b088084328aabe1073a265125f9818c5f7956f782f85c2
5be63fc,89,1,454815aef53507486f0aba78cbbbdee2df1e68d670c61e40811e5f7e344c0672
24fc7ae,89,2,4821c345fa6b47196bbb415728cd7e65b49a40b7a523d508483d96cd7f91581c
b28b2d9,89,3,eebaf921daae13e1a19ec6c845530bb2253abc97a2b8d25a321ea8cc32907dca
335fa4f,89,4,ab6dbf59d939c35aa5d96ec7d8944748119a262b104f8a98a471ac039a793228
6d23209,89,5,d9c144e122b4c9648c2962e0eebb5080970d4bde0384eab7b04f4109fc9feb71
0f967f0,89,1,ee896641bc2fe1a42aa9f07c9adc4a09a9d13b796e2363e6ff7410d71362484e
b875b20,89,2,3de2bf9c8cc7a54d7c5cc534f00e5b563ac56fdeffe629418f7d28351702d098
e054a42,89,3,b2dca528375059ecb384a13ed8b1dd7ae798560b0ba4dad8a0028338c302b669
9fac427,89,4,b1992724542b6b6002779a0ffab15611d3b9c622d04548f20494c433ade44881
5f53317,89,5,ebdc92ca23f64ae841f965a2d7f2821aa9dc680dd4f31c01ace714f5fb1c3da6
4d2c117,89,1,e3433ac74de3064fcade89c2ef24bba43310dc4b822e34ca7dc538da2e6593e3
febd3b8,89,2,cea6e4839966b2fde9b5b5a5f238208c115f0828356564503d8d8a3746137c94
6b2b7d4,89,3,4bb60b71505b65fc39c00ee205de96f7a3a65a104394336792723876d684b079
a2919c3,89,4,c5da029ddc8278fcd4a2170183a5d7b4aab87f743db0d63d12de182f3a5c5c61
945612a,89,5,fc48384c238d63d57c6bd4e82298715acef0fc5ec440c68cb7052bc055be5434
141315e,89,1,63b1fc2f5d5937d32c4accf806ddb1da31b8e96216075d466986882420ce9a7d
2404f31,89,2,e1bae1b873eb284e24e42b2603bbfe08d7cc089715dc510c7818f93b042f707b
7d52275,90,3,b27ea18cd6adaaca569346de208b8b3fc3cb369e6ba54a3b3d5fa923354e9cdc
c6baf8a,90,4,92138d7a48f29bf848161de679a77cd6550c9f1e20fe30e8592369724846ba41
190ca77,90,5,478d1ae1924e439c137a641cef8f3e8229a277241d4ed84cbc134e243d3ba858
532e10b,90,1,6c06d2b5ed36393a1214213b28da9530a0e213c0577fc6e43ae9b81cf135dafd
84f61b7,90,2,767822b2b4ffe9ce3d77ed8f0b98825f357e29f7783c47171f059443322db6b6
400b44f,90,3,68b0d4186125bc1bdb2d133e2506d5c4d57fc04fc35e9c5aede4f10f2fd28ed2
68b6530,90,4,521a6f6b1c751f46afb03f254472b59531a67addb0453d62dc4139119c40362d
a681064,90,5,e44f7c0c8a3de4cd6abb7e010298e02898931131bf89a2727e5478dc42a941a3
060a4e7,90,1,88c2be928f49898d8de2ae8e67989f518b0536f6dfca729f2e0cc63620334c88
3fb3a4e,90,2,3408fabb29f20aa3e090511e1c7d1afa5a200ecc7fa4f3f2b2534afbcd0081f9
3def02e,90,3,ba04cdb3e2bc9d93891395c6f347c88ce29548de1dac5ac0234b1ea26005298c
24e71c9,90,4,ad3d86c3eb36c430cb3bcc652b6698bfad65dcc24a96ded24e653f0def767a08
3f75229,90,5,ded05c4b7106af9dadbaed513cd5cdef8633986394db80b2e3a94300197a8d49
1180164,90,1,445f68ef70c8aec0a403da976dc70edd4b958415eaf0af3a105640cf6b76df7a
2171ee8,90,2,b536b2539e767407d47be261d2b6801b0081adbac8db62df38f48bc548c17b27
d4b87f4,90,3,3e2e88e0d216b788cdcde5ef1f4eb40926e419be37b819284263c3798b41d541
b6fdfe8,90,4,119099957ba809a1beca5635095a993023f446c7eb562ac94ab0525a259a5cd8
423a7ea,90,5,90fd0abb56608ac642fb68aaaa00a8e706ade57fa14dc2434f41557dd8b5c274
f40883e,91,1,4149da6bcec444faab4dbf19194e2f10a9d2dc010d267220004ab5095dd3d0b3
ace2bd7,91,2,6393e57be03208e9ba8c402fd9aed69bbdde3cf3668004c397d312f91aa6c07d
54260a3,91,3,8dcd8ad00bada34984e85e6fd2388596dc9fe09457355bd6d85142d8567fdeb9
82ff8fe,91,4,c784bcc4db18ac29ce7bee1bf9a35ccb79fb395ab7f2412033a90e7690b5d4de
8c7c4fd,91,5,99aa0dd8223b1f839439af17cd2e2a85d01a827ea098516cf1e2208511901ee5
89bd257,91,1,8dc3687fac4f372318bf5dd4896ab640e152ae8dbdbc927854411c5879fdc643
5b4da4a,91,2,2c93898506b3195bde13b9135554b520f64a470f22cb3ef3d9a41e40413240dd
a63a862,91,3,189ff1f9a37beea06f82076a3f65ad429f5ed3b15b82d8fda4010b4f08509d9c
bf215a7,91,4,9085e62a06953b98132991be693014d3972bfb9d7fb85d770190cc76892df995
8e7dc34,91,5,4df798ca2289f7eab2776bce6da60aa879f04dc86564d1fe392698c02e447494
e1729b5,91,1,8015ee0117fa47675caae3a45b8e93ff9102beaf0edc209aaf70438e70848f66
d5e312e,91,2,0f170db713b4c480b580d2c537907a8e2467b75f3d93985ec196327452933655
4fce83a,91,3,f9c20787c434a94d37dab43e0ff685a37204b4a4f6f3361d9424e64cbb9c742d
ad644f3,91,4,20bb68c8a7d8c2df7e9deb0307544ac93ea957056e1a02f0f1468217c96a81c9
29d4a8c,91,5,2d1d9dcd48eba758328b9ce518b7df4eb821ec1db39b97b480a2112635310126
39fa947,91,1,c4c570c6ed4003b3116b8ed56b512cd8b9adc5df6e692c00e10fc2f687d40d6b
3db2fd4,91,2,916ed32967348c5799393eb90a2518b18656838c403a7eeaeb16f6d5351cfd1f
a2db68b,91,3,4a2d0b4f3a0156b5c707dfba42712ca457b1d106dbe1fa1fa1401a170b087c74
632e88e,92,4,819d823f71a76de4787b3f13b8b16b38b746d923e47d4dded8b21cf50aee2506
ed8e7cc,92,5,a71ef5b49002e4cf2e224e3bdcc90a131ff865745e5d506695607a7df36f79b0
220280e,92,1,537f308fe87a8ccb8a8db6f641186b73e19c430ecf1cee0a1b06fb2be2b74d18
7b83f05,92,2,5681d5c834a417cf373e2aceb7aea41d302fae74549d7fec5c36d1ac06841204
5ffa1fa,92,3,bd4ad92fe7846cf45b729dad307eaaa01f3073ff3c75dde38226e492ef780e97
24adfc3,92,4,c860501b43b60aa87c6eb84841032b937437d267bfce8220f29b2ca242c3c34e
21f7c6a,92,5,cab7ea0615d48e265ee91af7f611b84ea623e7cd3aa4ee8d0ef06dced6e847fc
cb9d205,92,1,55bb9e11e78362a2e28deef9138f040e0139ac8335f215c8bf41ef4f9493275c
718ee5b,92,2,d74005b4492d41c56a543b61a253f5a6731c221fb42185299e15615e5b8a6720
163e61d,92,3,95fa3f6b17810c07d1c164f29dcf13621333241b4a74525f9099bfb7f0cb2df3
0a834e9,92,4,e74c370d10f2c358690b4df420810c961a9df5563546a8aaf6cb095f769fea26
be4fdc7,92,5,e8369a02e5e65e799bcdc74bd864a2f8ceb89980fa631bceb95f5d2ab244bee5
845ae54,92,1,651301fe39e140680b515fe470ce0984e43ccdfbcd210d9a650c875134f2f7ae
834c55a,92,2,99ad5e9c965b00a4f7718aae0bba8645b6635dff2f5d3bed46df86c54453ee5c
656b240,92,3,9d96ab3d33203ab94f6fdbe8c5d923780e66f97739e2ffae8b6f80b1a39e0994
feab32e,92,4,78437cc0c42c3a7cb97183eae55a6e6749d6a30ed78ade1b653e679d5c9bfd75
fef2540,92,5,199467b0cbbef47cfc2aef3ab79622b8c5efe009c68ed7277d5f45e02393848a
ebc0784,92,1,9e952f1825782b0fd248e5af9c96d5260478d473aeb269f1df4e9f3aee573f65
14c87c2,93,2,c9d409111cb1bfb011cbeb5aaa03b270ef64f4d059ced65ff9668fd8b7b2981a
71af4b4,93,3,5e896b2a3fc8ffbffb204c29f4547a94f03cfba0326f9132c4ca8464418e6849
a64b3b8,93,4,7cfccfd87af037e97937868760154660cf6827c4e65f95e1ee990209a4cba7cb
dcc7aa6,93,5,3c0ebac9c607fddbcca4a218f309fec907a0f4b943b436452df7f64259fdeb17
13154fa,93,1,dfc6fe2a5ae17c5142259d4e1b199a4a6dcb55c49b9b7eb1d59dfc861a538f32
ce34d62,93,2,86b086181070338f2f0ac6784f0934a3c761e29f18e8972bcee79bb3095cb92b
ff08987,93,3,158bfff9d6910ab2712153ac239dcaad024b52b61cfc64cc03d1dc304ec6206a
6fa2b46,93,4,345e25886ed2262ed8d3b9b2aac23c06f1c24572041552d7e07c6cc7963da2d6
d10e15c,93,5,03578944a62711f67be2bb564151e5f314bda91e7c0d17dda95ea864b3a46191
f5aee10,93,1,57d5c3645a3902639b4b188ab4474915448b32257b57f6faa72942da491ed346
9a4aba9,93,2,5ad09a1610f077d40bde158cdda606b10d5cd6e8d189e6ec44f70262f2062b10
f346b06,93,3,f326129d41dd3d9ecfc718c0e1b6d08b639e43a09249645c1cdc4354d141f349
25e2100,93,4,74576cad09b6aaf30ed9d21de59d38f6ffb7d75767324dfa083a5fafe4b963fe
4575e69,93,5,f218dba96ab6e4e8002ea0bc0a58dcd2dd94aead244ce84707c79193d01e3d7b
29f0b19,93,1,3ddd46835a986bb016f54e7f8921cdb8f0b315c719a643ed480ef015bdcd508d
ad7c1bb,93,2,d1c75973cdb4447bf382a8038ee3fc3daaf18024d53833c0c9d74489bd4a579d
2dee5f4,93,3,2e683b4a5334b54e932f0412d04fca23b9a260ffa0913d89e75168828a14cfce
bcf9b57,93,4,63157a9c648b6f460efeb11df1cd7af43b9ed7996dc053e724337fc6837e2e1c
6ed1d58,94,5,9c953c96a6843ec54a2852016e249c22b935434bad3d5410ace526702867c0bf
c250ef0,94,1,23e1a6672ef9836fe9ca8029cc4efc263aaccaec618ae2b01adcf0ecb8c8d02c
0cffbfb,94,2,2d98a5eae916187a32c1b122ac84273734cc5da401ac64e7905211a0f9891252
ebce1a1,94,3,906705543d0f3192736e7de31abe80c7779d0d9c5a7b78f4fa0b227ad5af5ecf
4057621,94,4,d28cbc7d36be515b66092868dcf8c2a4b4f51429a2f218ef03ae8e43ee3ab165
b8c4981,94,5,73ee621357881b031db01df6c7a89da14b9524cdcc724b2ef7d494a6d523e465
2312fc6,94,1,4e111c3ce0aebc34d5c9a06596329c212114521dd5538ea12766b2b9ba052710
6b9a6c6,94,2,349a6b14f0b4a760e6ac02026380ce5a38d333d0334bbcc3a6b41a47469d9ac6
194ce55,94,3,affa22bed8c23145ce1c1ecea8f5854e82abd155d1369786f0fc469c0db49d10
f49f29e,94,4,41d27cc0a281b73966338aac078f4154a6393d23e659b9f752f9f5e547208b03
3739677,94,5,66119918b826906808a42039503c02ff261fefebc225fcfddf64a04f9093d22e
396197e,94,1,f9fdd745ed56a3bd2bb2bdb5b07ab9183dd356670f8d9ec1efe88a98caccdb65
067d842,94,2,ed88c1150d72f1356f3c4c90ed4531ac87836f52d277c24af59484b9f53f24ea
13917a4,94,3,a2c07f2f92222d5b701fb16209c9f040e113c3036b1d07ca576b4c6d8bc8ca54
bed37c5,94,4,ac590a6165972fab44263ab566448c43ea3dbfc4997c1729b816048df5933eee
13f75ec,94,5,0c3503d92431f338d42301e2c1503f7485d70a1aa2fbd031224a115ebbd08bdb
ef1438f,94,1,9ba834cd020bf5b0bb6b68746ae43ea36d9d944073b6f28d2bd3056c94da720e
d787938,94,2,60ad098342d726be5357b6318fe10a1ac0087ea3d621c6ee057997977ff02bd6
9b9c990,95,3,496eae279cd9560e333ce14c5fcb634eede56eba9b4ef963a58d233d4d1f46bc
db45d38,95,4,95bdd64584709d5cbeb73472af1479bb9b188d970d141ed5597f7539c5cc6a06
6579a27,95,5,e06a719d984b590c00405f7480b2fe1d2b2d13400bf25440b7995b6c88a3889e
d64cc33,95,1,dc92ba22ee397e74b441192f853fcec25cd7f2fd81b1ad756dd8aa29c162a635
1ea12d7,95,2,8efeba1b542efb9cd400720b9a683ea716c4c13c5eca50cfb4f633e55e6bd517
ca830b6,95,3,94b3c280a5c4c977b1e480edd974f1df0724fa92f61861e1893cce4aad87e164
904367b,95,4,8804914497aa05a835ab26428c3306a1b1f4db70fb5b312451da87da4d2faaec
a354d9b,95,5,3db7b69245ecc68855738850be311994cc1c212abd8b43809f166b67b44634af
7d7dd16,95,1,f803711d5a601ca070ed0188e9239fe9017f0027cbb80d13e4a9c76a8402d13e
997f730,95,2,1ad486b34b253047f93f71a1b46f4cd7616d613a1c25eaf07a2f262fb39c463d
f3c5fdd,95,3,c33629d3af8a209f965f247f885b89f4ad5a1f99170acc4db9c5eccfc3c20fd4
0abf87b,95,4,f3785fd8089e0859d7d925c867b513061c4153f1a20fb5975012430853340924
e99aa60,95,5,bac4b22f61c034da8e1b60cb5352ce6b1f71af8d51ad49ab785f963af6fcb78a
40daf82,95,1,6f7326efc4ab2e7bb09a9296c7577bacfa18a0c49308dd0b5041ac622d436e68
ccbecd2,95,2,e6659d033071708f95ef6b2fadd362cdf8def9289816859e42a54d5e9681a7ba
834163b,95,3,1bf39a6b06aaf57f3d7dc1eaca9ce10e3c8a75c36953cca60f56e7095524074f
a361a02,95,4,0f76cfd934ee6023a1b34c8215a56bed740e81594990bf7dce6d0c3ae562ddf9
79db7bd,95,5,bb0226ffa9ce5c8a5d21a70386ed1d010f2e5255906b3b06f6a5fa197bb8a6c4
08cd1b8,96,1,6b72ef7749f5a6baa415046dfbe04e7146191309bae888306c079ec9cdb2543c
e036358,96,2,650950b8c4b6f0d66a9c60b5db5b377ee779779170f39da81f9e70de54484101
0a7ef89,96,3,e7bff341525a22cd2f590e187fec544ac3fdb75836df7cf47fc559c27e293772
e76e2af,96,4,4628d0889c73a27a876b3035dafaadb5ec89005c3af6970880a37c1e3955a3bc
e458750,96,5,8864354ef377068726fe56726c14a97e3794528a1d8d65472e8b923f7dd621e9
754690b,96,1,c4a125bcb38658946d300d25ae116394a17d999dca1f45d158e5c5bb20a4362c
f6b60ee,96,2,c7566a326a7844bdf51dedd1c13a942db71fe2ce34c27b5181b04a6bb83acf05
35b9791,96,3,88feaf52dfed2e92445f8287270f715138119d0e1ebcb0ab391568ed8aa3bd58
e22dbf3,96,4,f3ae3c5cf8f0b61128a88368c8ed2a219c2cfaee3951f8f786b9580c8ec2e061
e0fd054,96,5,3fed4522e8977c8595a35941d82dd21392921a66f289da424a3a53b2ef05a4bd
36fd5ae,96,1,a732864956089195cb5fe5e373db1cc39672758f22b4d029ab7f8cf09d7d2a8a
d0747b6,96,2,11e2aa7d810ba34293e82063928d91d4a6684897f80939cc833e82d610f1e54e
f1a13ac,96,3,cff09561452a141d2e03f32756ccdc514fbf3c822848878ec2cf33209e347a20
29def82,96,4,e00d4fcb580341f169741f894bbfe38f1080117e7bf72324846bbc76c4df086c
102d4b2,96,5,fbcc7ee5aee78ff11419b629b82369836dd1d55c44d407b793d40800887f052f
6aec058,96,1,d74e0c159dab03e5d128471f66c1f4adf2ebc06925d1c00a8dc6be3a3dcd3ff2
7dfccab,96,2,1a94a5f2f05fa45f11f9d8f9ec11f8683dc8872b160da3dd2d4b254d6098e923
32303e8,96,3,b195562770276a3a08b4cae958030b167ede85fde23462ddf78ec002b714b6c4
2a912c5,97,4,8c192f619d511eb91c058b0ef2d2d67bf45884d80a6e909a3fe894b37ba1aff8
65b96c3,97,5,426c50f3f520b8932abb7665bc90d7de9651aabf7767d2feae1e83e48f0526a4
2bca925,97,1,0e49237aae731b645eabc197a107c6de298d23179e8f35c63c509710e380bc1e
cabd0a3,97,2,5a6565bd9402c4de5a18e2d4543fafb81bae023191d3040e11bd660f9497e695
144a332,97,3,fc989d2807c536a4d1f3c48749e6d2128a93f4ca62894317db94fa5a62f96819
1fdcd75,97,4,f8da222409206c4e3c53f0942c55161dae1dc8fc3e8f69f56b43b9a092094ee8
d61378e,97,5,0461d9d9d135ff5734f0fd2c36ad2e8429508fa51d5eb7e45fb63affc94c50a3
126187d,97,1,4c154a349abb042bf48562d4bba7f5728e69a62d2cd230d688ef6eaee17fd8e0
547a912,97,2,abaa0f4c20335e10106a7c4c4d85a36e1e960ed9875686d2279e8ebfd208c265
f5f94ad,97,3,21dc0b5a5dd8809a1be729a195fd02b4fee336057ff9b74032e576419a2fb70a
ad9b8f0,97,4,9352efe6c27f00472fad1a13af500b1756a290a2a9c531b9f1e4eda918c86c5f
9211106,97,5,1a86dd7d9c9be6b8a7d383c8d338d540b885728321121ec1aade44fa77b2dbf0
7dee746,97,1,421d083a4cd246a6da72883130199fc433aab2737e7ad14abe4586ecfbe724ac
1ddd510,97,2,f58ce356b1ca184cda7e5dfc17d843f1d23fab85584bd60551a55b951ab8cc1b
0ba78ec,97,3,f15111e724544da7c0f71603ecd4baddeb53a92c0830465beddcf5c19301dc47
83cd86f,97,4,c1def661b34e16ea2a4d9ba772a01f7786d40d7d48defea71faaa07218b5e8cf
5020b8d,97,5,fe280e2c94cd8c65d5267dc1f6f192c8e969740d107dc53fac112974665dd73f
35e2bbc,97,1,22a60241ba0172f4cdee43ffb0e63a79be6bf64dd59d84580ca5f426ce84d257
7f2b3e2,98,2,ba10685599c97525a990e11256dbc4a00309afc7dd8b828ead120091ff6afd0b
9680a60,98,3,5985131611a27dd517b16f55cc0c497d9e7952890e0fae135d99cbfa9ede1830
0519419,98,4,2a5c00c28c626d426847eb68a8755b6b6d8a36f8a67d154c89f1ed8bad26c17a
52dea19,98,5,95c2154514c33e815064b651a60cc229761ebfbaab8d38e5cdbb74e6b661855c
22c55c4,98,1,2ade1efc25e97bfbf4122eb2706c92c27aa476b74c9d8acbad1645de411e78d2
7628f84,98,2,97b4339105810c7040b055fe46960c9de9abca10c73721acd01696ece588db69
5a87202,98,3,cec5f20b2beac71ce1d71bc2a32b71b2372e2bdb155d3b14e93954463247cb8a
04a4399,98,4,29eb2a3d1b8140daf36d145c4b7d3fc1bcfb4633d60d087a83b5baabe053fdb5
64573a3,98,5,533b0687ba9017e110b2149141b41ddd98a32f66702ed27325c4f846c3a95535
9331963,98,1,7ef0da90e9b97fe3770e0bc37beafae5c5ea4759cfc17ea6eef63b26977cdf43
d0fac48,98,2,3682db48c56359099d1e4e8fdb4c75f2c7b38d4575e928b274ff16871331259a
eae48fd,98,3,738ef82c9e9374e631fb9f999915a72f4364869163e9b964bb723ac170ad9002
0f50ec4,98,4,fa1f96ce9f7a7421a0d6afe158e21c34cc6cd2ef609b2bdb3c3ea9cd9aeccc19
7fe7bcd,98,5,39672debb710dab7be58e9cbb3cdf072f04c8c838e8b3ed02cb7a4f9676b28d7
4afbbfa,98,1,144a8d5718dbc8c2a9e25ed47e10c3ed4340a1b3153c190bb4a86687d9592d1f
208eb37,98,2,00c7ef78307459ab0ed540f945394c1b5a8860aa82afb74b5ca116b6139779e0
5e5287c,98,3,faf0c45a1d5ac4a1fa8c23212ed0f11cf371c7d5b0eed5095a453d912a3ec177
2f05f6d,98,4,8015d7bf81c65ef8fe720e7211066f950106ea40ee0f5d54b4de51752dae99db
38d8f6c,99,5,8fe43147632c6f11dae403a26147bc06c31d7cc788964607d1a205d2150f893b
c2a99a4,99,1,8ace7265d43470627c3e94aa9a2199f322456ab669d7ae792f3ff1e7beb06dd3
d41c23e,99,2,70c065ad34f1bea07a45f83298f2fbf7ee6545b68ba3621245e7fcb43b620742
58d338b,99,3,8193facf0486d135d934c465cf9f228656739dceacc97b0055d8091bd803e75a
c519dc1,99,4,fef6627fd3e04af9b0416618e364894a1fca59e8cfed0df648a5ba1a8bea9ecd
5a7063a,99,5,f3c61038dcf2a14f44e7609769f9186bca96b75673438fbe88ed684dacd03386
ffb4baa,99,1,82b7eff53ff05a346971686b876a3259bda9ebd0fbdd9176022a2c3cd4f3e1e4
ae0c1d5,99,2,29b0bd2480f939da671b551f5d45940e88055353611b65eb99156df3e4dc5aa9
793c4ff,99,3,dbe5e3176acd32bf09f02c56f95bccc1fa7800616306a65949a11c4e8a95919b
4808158,99,4,02b87262798e2647bd9b6cead379783bdac3d800b8537998baf0689584b80599
da1c048,99,5,5542f0f414ab52929fff4bb626344012feabb437f340a88141f1bde8a3d71b92
02cd88d,99,1,195a5a9f27f9999713e88f8e43078b2a7b68ff353ed053b3ff38267a72eecdba
3a611ed,99,2,c2efd10b2c7f8c70bc243146acb6b95a4604fcd4a554c9cf4206c3fe1aabcb33
4f7fcd0,99,3,66a8cf660d5f1a3351220ac98b4822e8d4f8f626109dda5af366d0ac7c569ec2
561e47d,99,4,775eea93d2c0fd72b3ae70a040f9272f490654a54410f083f6f3baf08f1230e4
83d9c89,99,5,883cec325686cba80c145c56dfa18913fb7a4e14d9d1a0b19cd510d613811442
0ebb30a,99,1,e371e719e9521aa5d650d7d2cb5fe90a19128a6281a2df5128a7f4e3a053842d
bf264d4,99,2,1d0690fd68a3893cd0f75c6a47b8d0efdb23d9b9cb03ec6421dc6d5889d2f2cb
c30ef3f,100,3,75d9661674448e403e9c792b02e59b2d6eac81824fdf63352236be77cc8bb0a7
1d117a7,100,4,3591fda1f06f96d154783b370dac3c92c79dd6724d5215112f26fe1b26d99dde
a81dab5,100,5,4882a6bd434fde7df96314e0c91c5d4f92d6013d9622cd82b16768dc72b685c9
7c5cc40,100,1,e0221b5d41dcf777258719a1704f98d6dcb46886e2f87e200da75871a8134b29
3c29492,100,2,7544e5eb8567f19de7dd00406e969ca6a432ec6d9f1838adddf27a75c93251c7
5af1f7c,100,3,a6aba066520d51fbd50762567406abdc272384fe3093f78510e3d46ca0a23676
240c2b5,100,4,c2613e352c67348fc076588f3421863931700791b61171552eb5c01bab6de602
51ea10a,100,5,4854c47df5580fd872d0c4a9f2999810a3b83f7b3e6351bad4736b383fa28aa7
2a73724,100,1,9a5e59efabab847ef965308587b96d37484b70e0909b3c9447b314c5f507e76f
230cf75,100,2,579bff8c504fc6e63c06cfac85b4bab00e290ed7b1eae13998f1d65005cce570
952e8a3,100,3,1a3a12717fc83beb7d5d29167beba4de02dc5e267b97a51fb2340341623eab9f
7a4f314,100,4,cdae17f4fc51375709b7f725b220c5a45af1d3ad590ee49fdf8d6e4b548f5357
a9296c5,100,5,fb1bfc44ff8bebeaa3a09d5b1401f98142a05aade15c3564b98be3dec1c9d66d
98bd2f3,100,1,f0112ad0ba7cfe31f25e1f5e585810349a6261062c5291e901f7a2b8a9a11965
86facf7,100,2,3720a3dab05049eee176e3e1f02082203537b2445fa89261fb3a37de7619ecd4
78eb6b8,100,3,6557922fa2a1c70cd0677f64c1acbcef937c57c855fe903063926c94d89b1edd
d254bc7,100,4,bdffd5f638d6cc98d830d34f779c611bde07e662b69478f2b5e4bbb0b35ef548
72c7745,100,5,ca78241d3ab80f6de7c80cda754ee9f9afd06d75ca86f20fdda0774e3e15d965
1b7e42c,101,1,65287b117e18ee5c771245c1714fafec203caa5d24899ee5e047ef4b34ab024f
c5e85f4,101,2,c373c8088f0b1ca14fb913de0bfb3015ed853de6c4904855a4fecaa2dc7b796a
691550e,101,3,ae75994b00a79c7c097ac57533f40022cf79c7e46eb22a7bdcee78c9b34397fb
d648e2f,101,4,10680dcaa0104331e0bb4f561af2e96c117eb3cff2e671e23f23be8ae8ac5d17
6a5eec3,101,5,9efb8bff5d5580016945d9ddc05503e29fd0229373b3f837427679141c48cdca
f882376,101,1,cbdadcb8fb166d0dd7a0fa876416cef908163fd9b76e238ec43c7b2c729b998b
375c9a7,101,2,3fa519bfd38f76b9302f79ed7fe18e79632452d71bbe6f8f3729a1f78401bfb7
7203d3b,101,3,46cc7e90659dd01d03065a52689b19f0da8a883afb5d884a8c467f2d09f39eaf
01bb07c,101,4,d7a3537a26d282b20ab57a12a6ec1828b2a6a38c4a9858b13ff609ee6a9416fe
724f18c,101,5,3bd17bbb8d60da48f4b980e98651adff879cf837b0765d70421cc91403d67bef
23e30c0,101,1,6552b715a40c29a5532c645f2eaa6ef0f0e65c24cea36b16c4dccf57ef46c030
c221707,101,2,7e688b9371380d2cf9aaeee7cb7568d2351de1ca4838bb0dda69db31b3b0bf37
866f4b5,101,3,9d22738b6d629ce8fecc42de2ab62bbf476dc8e44d489d234eddc2ba392cf6e7
4c300a4,101,4,243117f5082d76b707bc408c632717f546758e519f74712ec1869bc19d02ee4b
f3ab2bc,101,5,b970d3b5a9fde045d5e5bfe89241673802672a4f6a383eb573b5e5e739b335f7
3c60501,101,1,97595954e2e0d996c5431e5e1d1343fb7986b6937ab6e8e2fa2120085f287793
e41c360,101,2,e90a5b33b20fd45b4ba2028abb00ab61f1661551b8bc70fc8d2588b35b83cbe8
c274451,101,3,6983dce82562689d0cb88ccea8d92814ec83e7cbfb58547928ea323eea5c41b9
3958fcf,102,4,ff69cac80afe96dc8ccaac522d9bb2a37f8693117291911f40d39b2ff7f45e8f
79a09b9,102,5,5653b6aebea38002de854dca86f7cee2741e28f3d9742284fbb1e24add5f6950
bc51914,102,1,246df0eb4d66d635cbfcca91224913a57bade6dc4a0d6c66687e7aa8e54d897a
a411b28,102,2,8c046f04174f5bfa418a97f0f1611f8d1c0e8db6c46c91db08263bc867f75d91
a8bcbe0,102,3,bcf91dceb4afc7b5d532fc519736c34986d0cd334e05fa2cfb36f98b61f0e954
8bbadfe,102,4,af121637f3cf5fd8e48e3fb9dc11fe79b32e24c13b8bd51c4f449eed575ef762
471269c,102,5,af40029bd27b26577dc3bc0c3ccb9bff3734aa48dcbbaf6c64b10cbee9c98be5
6231af7,102,1,9143c9e8b62167fbacd5b0195d92fd0a550b3d868e26f7428c81a0318013f482
2d454ec,102,2,61c5b07ab3364e531a6e7e30a94b343db5326c04f5e87158863d9cf729dee974
8fe730c,102,3,89f4c0b647c0b73ae0260cdd840d8b8b9b6b2f5bf392d2e17bc0149d40b8a0eb
d66cdbe,102,4,ad5aa7864358fe14690e6f1da01d315c43ec6d1d48aa43cee282b9cc1867b0b2
3bcd4b3,102,5,81c7a018c173318efd9190a67219455a0553e9cd299c98ad1d71eac68fe91d90
7fcc28f,102,1,d800a5602815af7851d48d1c4a7ad97255279ff66dbe13dcd6978784462db052
0bea5df,102,2,976a56e28d01bbd2e95ed9c59a8991f728281e682a9f22bfe5cdc8cb01961e9c
e9bdad6,102,3,6c6896ec3b0caae7b2855f858eb6f53ac359fe2f245bfe08889dc6e18ee565fe
b0d37fa,102,4,a424fbfff725b066eddd135a7d23482544317fca8594077613a06062bba735c7
6d97a0c,102,5,d8f5e48d1bb24bad06d26fa2101a1d5f8b84d1cd70d264e8008ad27be70799d0
9382923,102,1,243b7163b87dbce7fd82eab5aade403e3c053341511d638010ca1a4b1de562dd
6ddc70c,103,2,5a0fff615a193e03c82be3916c4ea38e1c4dfb77b6a4d5be44061bb0c994a303
e3fa7fd,103,3,80e603058a0defec42ade8d5ed11ed3fb4d15481229f22bf60a9a2bf92cb9e58
add07c0,103,4,68284c38fc0ad55704b6c68738b923f9080ebf9ed3888235b998f9d9ce147206
3a57893,103,5,443a14811abfe74c211514cb7148bf6162bb12e35c424a12f33e8a1c21e8d7c1
b7f8862,103,1,aa511bc3c4fa69cded0a369f05c0714fd9caa84d2b15c3c449c2836e381ce328
4611da2,103,2,ca69d1a073121269fea6155536930616815f3ad32243353b00104520fef91e70
32644d5,103,3,87f243a24a0b6fce911ccb538f6cbe6cf01c4f544551d85372b805472d61eb5c
91d444b,103,4,bb4282c047bc0fbd23514acda2bbb18cfc80a573edb605582d5c17fed01c3d00
2f095a0,103,5,e81039328c8d009807b05c968b754a226bf12314d381d622ae7217aeb8df29fd
7fa6c4e,103,1,f6a210914fa77a47c2640144ee44c70b5f0d658ef3aea736564a3145352a580e
511512f,103,2,81338f595f7769b1cd536890d660c651ff687a95462521e6726a58da7edd3114
8cb44f5,103,3,629f2bd7f23b267b4ffd71e6a93e4b86df95d19c52d7ba187e1682063bece6dd
7739354,103,4,55489e5ef027c5442e77553ed07210b31678eb94699eb6c61337a08aa9f05b22
46df9c0,103,5,d4953c1dbd3b4aa96afbdbfc840982cb39bd4cc987c5a2c3c208a66dd0d3eaee
754265b,103,1,ab2192ee814bc6428d17f47da4b9c1a8fcc757ca3a4242c7600538c0259e48ba
d0eb5ad,103,2,0377dfd7f8a7ba962d81db3a8228cefd541dd5194354fba98f7225fb1ee3bea3
eea10e5,103,3,90e06911e66e778f5525ffd2af718a59ed412aa0372328ce366c9daa67f4da7a
dc6dfac,103,4,3317d306590960e85de053af625c32da4d5aa2d77241828581384c6c5ffb18e1
3b493e0,104,5,633b5248cb61e2ae203bf62e8e28bd9af409950ac3ff300396824e1f5d9a6420
83b0019,104,1,365170607db67442b9ca500e556831494b0159df0ed54213f4f6edace1f5f581
9fa048b,104,2,6df3c599299c4d9b42d4ad6df0915217961c0146cd1cc6416d98a0eb6c53ae51
f37af89,104,3,8192ed96fbda0d54d79bfd22215cd758aaffacf5b37bebbf636be94d4f3c8fa8
cdf4b4f,104,4,c9cb0b321a585c51d0676276a09fdb4083895832c4cfb7fdda8739bdf2472277
4ff04b6,104,5,369a02a8e6ff38144ae2372fc2edb5e4d84be096e138dca4b78e4a7f1b1ea6cc
3310eaf,104,1,6f01a3e6a268996a5875d098d82e0010d469bf00d3efac505d4c6e8d337f6d9c
243e03f,104,2,dde61af0abdddc30ef937ca135691141ad38d6b296d1cd0df228d5a9d1aa6234
d40c1ad,104,3,5cb4f4a819d7ac994d9f21b1e51cca50b31f1b8c9249d1fe36aadd3f7e4205a6
68a22c3,104,4,88b86abb402fb84efd46e36786d8220298a3a2a478b26a4eef2bb4aa09cfecb9
7c01ea5,104,5,7d434af98ef7b0b3e2491944524b521fb067cd84c6242254d20d45e95d6d9891
21077ac,104,1,b5f63c0fbc93de8dc8d9068f396cdaa8ceb6ff7722d5ec6366bcaddad9607e99
9245d63,104,2,d1dbcf454018cf70b2a57facfe4952eb94ac3297e0dfca883ee3e9b87284c7f7
622d034,104,3,8cdd222a85ed9b654804ebd73fb5256d500d6a1d0ad3242e52192eb80fc61f64
6c6eecf,104,4,e0399e597350ae3f4cd66947d37a98f38215ebc157a626407ef6478a988d955c
feafaea,104,5,af6d6e34b0624fe04cded5bec466709c79e1df3a47ebb75d5327f0809d9fa990
d05321d,104,1,55c471fde1bc2507b4ce54d62e71f13a89129474a89df91ca90a9ac23be40c83
6b97c5f,104,2,e04a0d36e9dde70f06e850e20f68aba70841cbd9f13c78a1f552333a7528306a
859107e,105,3,90fbd34b6548ace190af3d892efe7df4ca53199eb793c96239345bf9cfa20084
c9d4074,105,4,61d2e309ec05d1e21ff518368144e43d230bb81fef0b94d32b56754df6eae5d4
242cec4,105,5,577d2a3c90693a05a674f8950ddd2f66e4103c141585db328a670e95d05b9010
2ae4810,105,1,08f6eca0d1f2ea7405228d8193ad7ee1e4c972a0ee92721745e8296791cd2255
8131b15,105,2,efb7599bd01fa06b27a3f2978e59c693cc5a7f1d8713427b7541086c02f5d4bb
53c32da,105,3,193710a38cb8cabb226886fabc9f8d12deffeedf591a785d3bb06a2ba83dd075
4151723,105,4,872194bd0b332e7f8c20d0b26c61d489ace3569f3aebcbc19cf222342014699a
8ef018e,105,5,69e4e366f55ff38b24429cb07148a8fa3117e88bcf5d2e5d2fc7688e44bb8b67
f6932e7,105,1,7b9c0ceed3acc2718646cc2f50eeb55558609903c071c378c381b2b01ffee2f9
fee447d,105,2,23728d37a884d1bc1679497a47539a53635caff671e3564fade1598c3a62fb35
ef43d23,105,3,5405418bfdbfd6ae4ed4fd342c41cb352b84a10189673356e23e78ba09487a63
b1ea813,105,4,04d6882ae3b3d3f66561b7baf6c074920f669a27444e8112d87a8032967785d8
2db6925,105,5,7d82b8093bcb5d0f3058600dce901bbde60f897e4016d4a6d7f38cf5b5576ace
725701a,105,1,d81aa364c61730b4493bc640d6df60e9287c4b2d080e4799df2432e917397df1
0224c63,105,2,45e5c0e2955a89f51fab2539f2f48f93c5655b8f6faacfb1e7e3214a5e445623
ef79a47,105,3,791cb2f6bd6ee9bc47f199a096b3e3db33ffe820cf129e5375f76666e90cf7e4
34807cc,105,4,a7465fc7650f358c067715d4e5f26f098baf598d701e3ff7f3ffdcb9711cd6ea
93e1019,105,5,8d7776ac3e73f97d9287e5daa204ed82299002f19a34588e76dbed50100c3d2b
49b6cee,106,1,ed09920208b1176067398e4843eac9197f55888b6776f852fbb6f459b2d91ef1
43c6f9b,106,2,ace5ef55e4a75223f8218a23ce038de58fd69ceb5acaf2597901de07dca166f5
248e116,106,3,77b487d5bb14988aa4834eee3d08e283d9c31c8c9442328a94197f4e4a0c4ac4
b3c5b67,106,4,ef4db53af3225af80dd124f5f681b2e16b509df1409ea0d1fac2e2ae784f97e1
1750767,106,5,c0c7a20a41fda84647dcbf0fbae2a6652261a123a2474fd792bd131535f0d4d3
129237b,106,1,54bbf6e4a6ab48a53fcfb47117513185ecf20df76724f8d8f5a443f901cd31ab
aeb4515,106,2,dd0a13b6df315f1a992e9be3a000cfc8f3fb356c06715ea75f8cf886ff8d4201
0fb1945,106,3,ef06f0e91ead51b989d8ddbb9180eec78de2f32f1c4a67369d8b9d60e8b5bcfd
57733f5,106,4,bc907ecfb889c12bcc1abd29d840a7d28aeffccf2e89335bb4cd6468a2f55de5
2917d93,106,5,30fa8a50cf0e520619b4d109ba4514e021ea686e907d06f5bd46f4eb2ef4fda4
954fc01,106,1,29d5ed020617b6eab5dd9fd7e6e197b91bc0ea4396525e50a40cc31a2fcb9280
300286f,106,2,4bd09c600f1e77517a8cb171761086265fa8a96d526cd2ae12e908ee58b4211e
f7c8057,106,3,457136df3f7200e3d6e8dc96f70b2792424ab1c420b51826e45780dd5b2c0970
c998974,106,4,b75eceb6e152f4badb638aa73980edd7b4f80346808ec41d33dab3a30fe50abe
bf00ad9,106,5,520839a8da3779ffc9e2ffc167e11d5837e8548b17c2cff9d42e853d45262234
d7e4bda,106,1,bac2b733184ad5c8b7c23f5d102d845ef031aeab7486aa023c6591f37eca79c7
da1c207,106,2,0e1f3c7756eafa1087193c822c37d622df30f0a6c3fdbc1d06469c8770cee8c4
4f99bd9,106,3,d28c372bfa411af021a3e6d5080f6ae15cf49247d5d4726cc630d739a1d61aa7
6d2adc4,107,4,756cde4dc41a8188c33538784cd27681abeb6c4b82b90a13b5f3c0c5ded377e5
b01c708,107,5,f5c54bf63a703263d06877c7bd60ca9c96a31ca8bb78f6dc50ae169be0228c71
1f7704a,107,1,8779ea25102c42f30f2cb979e545fefd2f2200f024a8b606c1ed2f70dbe970bb
b02a203,107,2,2a9a53a1d6358ccf28e53670fad0e6347c3c267efce58a50cb018d2d23dba3a7
feba238,107,3,d085aff33f8a3279ca95c88978ed111d022e6c3d823508734af0c2a0822aa227
66bc323,107,4,fc5c8dc11b3604ac431a614ab34107b1612fbe11c34ab94d261c9a291a379f5a
b8a49b0,107,5,3c572dd29fbb6071b690180785b223c1ae8d10896c1b53831fbf42d3f9d823af
9acc5ac,107,1,5b402c0049f474d068d679367ecabbe8343a1e5d1a98284486f6ee5359027c6b
e75bdf8,107,2,9df2958912320b642136dcdcbac5f418769b3de5b87082f77a1b3db89f090014
030cf8b,107,3,20fa1f7ddb776b7ba30d6eeee2f1cb9f0515ab0c8b840768be5843d2aff2245d
5ac9060,107,4,c78551e826b7d954ae93bae8b99b2c2ad2cf5ee071bd819e19ac3215e144cf7b
e83337e,107,5,ee757b4cc7daaa256f6836224829920a81fef31b47dc36a34be8facf4becb126
ba5ac94,107,1,96c2ed423e4badd89fabf68ff0da458f6d03304832a06fe7f238adf3a97a4eaf
1ccb947,107,2,5310e2cd5734082e377205f1ba111852a26d08be0205b38900eddc4f7c027a33
947e3c9,107,3,e98e59b1da1988047f8e76fc695641bcaa2188229b8ea052afe69a834207b142
b03c95d,107,4,dcf240dafa731c270a6c5a2b52dd854ac2695222fd787559435df95183644e62
44e0bd4,107,5,9e3e409a97a7e7140011371a3e14041bd89ea35c4a205afc24900d7b4159d7fc
6191a13,107,1,42973ca01dd1f16e0cf3b48ee452091ac8cdbf8561453ba3104ad1c90e33b806
b6c3642,108,2,d226972221c24ba5e5299a1ed4edca711ea623b9f5556cede92c0b375f7ee987
bcd7375,108,3,cc5b71907480799850955c8af281072f8c3a582e75bad253bc4ee6522b5305be
7b132ff,108,4,5fb385f52fa7c1b3fcc2224c78ef280dff762de95316f94977dce5289a28c701
7a59c2c,108,5,d94ee3cb5cf09140c40b96a9fe2b3eeb88cff5b4dc2a2c4a12450b1b454dd5c9
a27c3a7,108,1,ac253ab769981e214bccf17a676678a6170f09c427f6f3fd8fc8a38ae2944d7a
92daef9,108,2,10397027a60bf8a454d6781b5ff87b0c98ce6bd4adbb411fa63f8036c6825d22
8e87556,108,3,d5a232842074fd9ef4998048d47ca119c0ecdce4365eb70b0fa018b56a302344
5de5793,108,4,4e93376edb53a5c272639c23920517de843e02ee6604033d4bbe55a58a77f40e
879d150,108,5,c51fa96c632e8372e7d095333aa004176d0617e93c1910848accb0439196bcde
b44e1e5,108,1,845b80c8fe147ba15c7e2fbc51ac5be79d7ae52abbb9654a8d37772f4d9f900b
51cff10,108,2,5cbc9950d6db361910224d3cd497662475de70f60effc8dc9201a1321900961c
260eeff,108,3,7f7ab85ca8df0dbb52c48239a0c768ffa7932114a10c17c1290b40eb4f9c28b7
2a3cc3b,108,4,b64643f5a34548d251b803ee5a4e6b8b8612e06b23a617725985e3c6a7a762f9
b984bfa,108,5,2a4cc59c0b49af5f2b02d50c9444c11b73df5ae1beaa7ad0fa34ea8db0fe1c43
b509ef3,108,1,a31cdb04d061f28866f930e218ef3a919682c85107c073a886d66e5779a672f2
13f81b1,108,2,6febb7c305c9205c21f79cd4094614b94e285cbb31180b62e11495ca0729ceba
cb07a2e,108,3,281b64ed8cb71f82f3e2e58b2ab5eff99e84000af1b81dd13b984e0d1d689b43
375c3d7,108,4,fea543629cada4ae6e69bc183f314045a834fe5005b70a1024026377e973ac2a
7c3270a,109,5,0bf3da9b9c0683cbdd18ee76888440ba2173c1a45c42d77b16a1a4284a77018e
1c030ff,109,1,6208068c6b52968cdcf86ad34f31e882be108e8e8d52fe4432386c53bc1fc157
fd53f42,109,2,98d4db46e02c412df22a437739e96b13790747c7a65a83b32fed73484a5765ee
a7b81d5,109,3,9ec894a80e46896a148e62543f9d53c9dc65aa9081332f78f2187cb5b12118a5
69ddf90,109,4,84a8033f59961130b7ca89bcec58d810091283a444370904a6b73f4000eb4cd2
93a2d85,109,5,f508890a2c490ba6d1dd3f2bd5ca0136157fc4e1f4f00aa065a8634eccdc4c46
1b56257,109,1,3cf5ea646fbab63d5869da29fc785b7a1375faf01cee94e890f0603f2baa0052
38589ae,109,2,47478295844c01dc8e6d806f3cd40560771582f4f1d3dc08b91d0e127a3bdae0
1157fa5,109,3,d6e56e5bc5e240ba0c0fa1b5f4d25ec924c8c63b07352ed21cbe0570abbeee89
f7c4b33,109,4,c45d255b3b7673434bedcf78db1b0dd04e2564c6acfffc6651731f281ca5ceac
fec54e7,109,5,ea8c6732b9f4d33265a1e3af48a489c396c9e2a01753f661c41a19d579ee6cad
6410f68,109,1,f85d3d2628319f67e4970c4b59c41ef1eeaf7eae2a623947232d757c7e74d4ff
1747469,109,2,195a657222a60d2032877641f57b32e33107c9cdd0f3e5db240f7a88cbe698ec
35e09c5,109,3,809b522e212df8a0e3fbc8f7cc4fc055ddb07b7823075390b9ecbb3afa4cb943
c91d08f,109,4,1820ae959833d5dcf90532d1cc97439c3e5e7d652eced1736269dbb99ac10443
2b743c0,109,5,6fa5e961c35d5c970849688d6e88a66251bc7d36dc8c202eea04c116afb52ce8
aa4f2ff,109,1,29b5b766e69b599aef54eb7c872b0c1bea35e000d01c3989a5c0b4269b6d6806
5c964d3,109,2,6808730078735404a2a229fd5668edf743c5ef00a11dc4429a0e55428933db00
c737af8,110,3,2af735da0cb0692bc23840950a1f9295a1afaf483b6e02ba597c851963ec903c
e67b702,110,4,3b6e243ec1af5cb60b1fe7a51c6e03fc3b44f6740852e100fb067fd77be6d058
14d1bfc,110,5,551fd560be82d1e72171fbcf9c811da2ae1caa93355d754fa1ddfc72fc0d4d69
b79920d,110,1,16da3a18002146766359a0db8cc46a5ab20bdbe885909e4c99aa05aa8fcd6f31
1e18757,110,2,0658e846cf15c4d6d67d69e2f9ce0fb418308723869df88d33ed4899545193ae
0a99d52,110,3,05abe21884c0d182f4f71ef5cdfc2e73b6187e34af510437805debd9ec1d03a3
cc266ee,110,4,89c141b6bea72109e3aef857bd0e7689d4b8a31b3cee42e959a7c3c0bbf000c0
b8b5abe,110,5,cd8538be759d79d0f5e490052ced0ee9646885337156fbe6e987a5cce7a13e6f
7736261,110,1,c49387435024949089955ee63291a7a615cac9c2b5a78e644350b84d9b867b36
8d3c254,110,2,28db7a7aebfe57cbff04813333bf5d2899c807598d2dc36baa1086706348c578
71905fe,110,3,9f476ad2fe0aa6186555cb4fa0cf3ae056f7ad718b5a6cca85cfc79784eb3006
f292c00,110,4,8e30f2400019af0d4ec2dc2a2d5f672a419243d0d68471845098fac9adaefe88
fc7b015,110,5,d24d99d68a4e97165df700134a09e64042b7dc863b50cc0d7ebe2b818b9542ee
83d10b5,110,1,e42c172ad25dfc67d9e461e05c4aa95e5b62eba2822599a15c0cf74cb1b2f491
cbd5c1b,110,2,6b6ec4e8dbc32305bf269c6f56cd35757a0d2deb3423f2570f13b253a392d91c
79f5ecd,110,3,ccb03326315cb2dfa7d4e24f09ca838a4c8c8292536ac3178b62ed9b6c16ab0f
f510a4b,110,4,ec0f93e5439055dc662a9d58b6537fdce51ab7985427559738ee0f60f5beb06f
4eaf0a7,110,5,864a3ff03ab3e5f655fb78ac70847f9fe28ca8f619fd9a3e21b304c72bba50e9
256734b,111,1,61588d62e48f2973f3b083f27e3c38f67a455cea5b3a5f890d3839ab492c5638
9e1754d,111,2,233e8985ecc2056ffc80e2b46b3803b0df2a909659b407dca0883e5d5b9272b5
e02fb94,111,3,d95e4cf24bdfdc56ea42ecff0f392b301bf7d155247f10893e5ebc8614dfc553
21f5006,111,4,764d0d8653ede418cf680d633ad605c6bb219c309d0fde85aa54ebe353729c0d
319d75e,111,5,b7ed51f40371bce15b161b37f8ff8f64cacf2f10c26d930df543c0d2a4899c3f
3df555a,111,1,ab405a61f56f581e73ff37a13d2c37aa60fe04c6794c5735182e931044f92f7b
bee6b7f,111,2,4db6af99a31637d18333d591576b900a7d7872a6c84455160dacb252e8526138
4b2c8fb,111,3,168cb7dfec0426c93bd0a34a8e9868ef0763faba7970425a9f1c7f68e1a6c168
0890d0b,111,4,465ec99f4bd616d6a4b5ced76c7852991778330a5281734b9b16e24efedeb8b3
d0127a0,111,5,a2ad776422c811338f68ee71ef0f3f0ea2911687260fb6e8453945d9fc96045e
3dcd7e8,111,1,9211bc2beea731f3e78ccd2edd81dc9549a4118ce3ea382fac5d06c13545886a
400076e,111,2,18c7577816bfc07b12691d07c6e6c5c1131a7e6e8927c98e793f74e94b3c069b
143ad9a,111,3,225c85735e5adbf552c9444d5def8e667d3d628857d997101708e68693766787
1576626,111,4,e74d437a6f3e4a78ab70de212f0a16bb1aa801aa942557bdf89984038a10580e
7fdbd44,111,5,8feed69857a1ea6abe3025ace848ef1c5d676055c0848e77f2c917163270908d
934d876,111,1,7b54394fc19fc99bac80a13dea0b1235641517116005349b9745e6028b431e78
eaf9c96,111,2,576ef7ad9cc54086778b94f7481d7919d97b4ea031b61b846d6301dc63772db2
e36bb08,111,3,7e3c80e053b5d9524ba2b69b824bbd03268fea10ba9660342c22698923a6aafc
587f42e,112,4,87804104332f536619c3e6eab2b1a910f8c06898fd5b444b1067b2dc7dcd942b
f99f8c7,112,5,177b96a396b7eddbad450af3ddce95bc9d7d1e54322397919ba538b01c097dd7
d24d888,112,1,5269275cbc036456603e6f6b6da025ac827c99c1ba6e84b65368a2e4274d84b1
bdaa1b9,112,2,e53a9fc8d16eee5bb555e824b1fca43611ed827e827676499441932292b78d3f
ccc1098,112,3,a6675faa573fa56f0ab86f6a9f555a1705073f68937416808f62620e06cfb6b2
6d69401,112,4,61de4fef932c98a744c1c92eacf050bbc6256f55bb3a3e9ce188a51d3f94400b
a806bc5,112,5,e6e34cc9bc460485b790b766e890cc7856862aa7c3e562986ad9876e81f0b736
debbe70,112,1,aa3ee13b92cf953128c167c66e84edf6f640663eb027c301b79883f330c99b40
cfb8cd5,112,2,f00223aee9981d93c9d78f0a262148ba8844be433f082cd41acb706afb7fcc1f
613006a,112,3,0fa5939973d6e5ff2265a0b4d8beed992ae0e4550d33260e7f6db9e73a29b677
22e1e7a,112,4,ea1904de711f5f389b8fd7e87c1954ef2b0d23ff8bd4cfcc4a602efc50266258
09c0506,112,5,28983570780207a64ba5d9d49fe50326f29dcf1f13ae2cd99a2060fbe0b86f95
a5f215c,112,1,1044042cb40174646e05fadf92761d590973687c7303654763dc43364f4f6b22
b2fea62,112,2,9c919aa02111e5409b0f0cf4003b87eebb857e4dacc24083d256a52cd8c2e84e
a6733fa,112,3,708f72c8a25e682032f168a6981ccfaa227791753d2c8156df361216da6b3a42
33b606a,112,4,954d6a568d0fae2daf3e2cff03d2404d18003dc55aad4ffa2bebf22e99dfa35d
7524971,112,5,d5d21c35323e33bf2de0afb96467b7a88099f78770275c979cfd536a35063136
04af4e1,112,1,c38e3fba5d30d565fd0623e68a05776473a55366db4216072fcfe4a5391af094
04e1177,113,2,2b50709b537728f68b2b538b979b9a23a41ddf068991be265a5abf11ee893da0
f07d210,113,3,9443562d553ce5aca94a87f1f0dbf68b5f035c8bca3451dadfd709c3b9a4b061
821138b,113,4,923e6e07fc39705295dd3914f217e5dec88baa97283e45310442e52bee4c1370
414ff8a,113,5,c3b1843bd7085f3bb5ab15f4ea906a3dfe2f9f333afb05eb554c486aca619312
19a2117,113,1,ed9076bf4079430920c51fe15eae5efc30c97ee21df68bd510b59e02d14537d6
b55f366,113,2,75c1c64129bc5b3ae14064ed796dfa97372b1eeac612c5de901347f919d5a61b
5b1893b,113,3,9dc00c7a016530e87dd0fb6e252d18afa8721d4da67449bd458769445980d2d4
764530d,113,4,88349f954f581339d1b5a5610ce0be3afba10609cfb79f885dcc0a2be5c678d6
e2aaf65,113,5,7ed161f7f0dd19dc9e7132cd97722490956dfbe14643f48873eb88162ab999d3
61f29a7,113,1,8f834f1601fd94effae3fb8662e923619870bcb9d16a9b845a60de873d3f4bac
5e4b977,113,2,14178b49e9d117cd7b15db256595e7829fdfb210b71ccb67a567ae3431dd0f2c
9163d1f,113,3,696e351be3c29af8e05dd54f79cb8f4fc0e030d30460f554bcddf39691a392a5
93fd504,113,4,77cbabdc42ac1e438f61042140076e18649fe58dfa38de098c5e73cb1d176aac
0eb2865,113,5,1ebfae81eb082115b2f739f00ad2a9850e48d381002d4aefbe45ca3aacb9c89c
fd1716f,113,1,168fa31b195118d5b1b91db54f674461b39e8936c229ce4bde259c59f60ba4e2
3dd0ee7,113,2,2561e5aa49d6162d7a06c7701010337907ca7b44f2d9500f3dcbb35cd6fa25e0
f20afb0,113,3,76bbe22c81643240e9516f9be749b79f1225c5c8494b63b875c300b7adf1df9d
a169df3,113,4,d9903055d8e3af497650ea7d855e9ce685d43319eafa404efed45c43e95b66af
977edb4,114,5,158737f265638c2dcaf28f402a8aed790bb3eecaa8f2cf5e0cb06ffebf8389eb
8b7d41f,114,1,9a7e773605d25a1e2fabb39e906b0791f383d966c17d1f8ac6e6b8915050182a
3f57bee,114,2,1974c5104d1351d914dad26cfd7f7acc3a6a5d8e2709674c663449deccc31c07
4681db6,114,3,4bc2ad35318dfcad500b8e1f30e2e6c9d1564b3cfd78cc8e24bc95db422fd747
44567d5,114,4,ba608312128e2bcee3981f9f2ee9de1fdf32d9de0c76dddd61081f3e060bc372
fed7163,114,5,397683c51eeea4f16c27186c9c0de3adccdd1cd7609e2341f836e077e984805c
57e1bf2,114,1,d39077aec7b199a9e19476175507573de22de51b7efdaa271346b570a60b2958
a17d5f7,114,2,ac158f0ebac753eaabce05948e0360e05e34d0992401ef259279ea8c41bc01b4
64d48ae,114,3,c8e02f943f7e5a718acf80f360ad965f384a54618d4cd8708f4449822058a966
1446c35,114,4,0e0a3ce2cf3e4d60cb94075e63b575501e637ba72cae250d2454094a50c21551
32ad275,114,5,6370e3c3b5669bcc26e4036db13bec6e308b3e331b30b7b242495e9fbb0b1399
d7fcf4b,114,1,67542882177642c71ebbd0502b97fe04f938437ee8b18937f8c0da0dcf52500b
c496be4,114,2,d5e5dbecb5ee6cd43e7d3644485baefca9da06d10e15c165ec7563def55a4826
d80032d,114,3,195b87fadf8bb5c00b5cab18d2082570b44ff8291801755462455e4880d1ceba
6a7a8ef,114,4,7adf7b416f15cfdab270c49d5ba908c2fbabb37c9d33443f4340d0e371001bf9
9e9556c,114,5,fd4a667d839ccf6eb772ac5580520553907e10daf90df2607c419c0472fceff2
d36602f,114,1,5068a6a54a44c0b20f6e8d73a4493afe03a03cff1027f0b23b7786c963951776
f24f8e2,114,2,087dd3ffc28de055b713fd9dd2d2cf1c4e92b9d55e3433d90322666aff2c6009
280a8d8,115,3,26d0c19dd15d1395b7072dbbd15d3cefaace5e21d836b921aba98d5b6ac1bbdf
571b844,115,4,91d7bf6d447ffda1ca7f2594572151a8ad72530a68fc4504bd15119113fd7e34
244db43,115,5,29b28682d2c775ef683749a721f01db097801cdcf4f3b4a8ff32492701635ceb
7bb751c,115,1,7998ffd0af1725847810cd9d18cadae6db3939aa33cddbccb175a6d903af2412
903716b,115,2,b5aa187f783b242228d9c6ffc9b43f2b8d5919f28f15d63506cc6f4709c52b1a
236de48,115,3,ef478cbea5c2d7abf1b683a5bf3f81bbbacda73e2a9535b7c7b4bdb7b166bfe8
1179156,115,4,ceab15c7ee7d5aabb1b1265bdf75b1e08032d8d48ed97a84c04db6774d954471
5e0add0,115,5,a553a78d8a1e0e4f2438bf07d878326e7e716c56dccef56bffd56db8df3bcdee
53ca0ab,115,1,96e630e384449633a2f43057d4e9963a9965cafd8ef64145db2e4e7064264743
11ece20,115,2,80f5ea48340e7e69c44b85ff9514236fe37e0524fc2b59a36c1878a9ba880cc0
a347f11,115,3,065d3021e8e4ee2cb1897edf18b8038639af1ea98bb2e1be44f3fc778f3b248c
b65e4ea,115,4,ab609c64705e3fc310ebb537e3dc57bee60784186478719dba0d673494244787
7bede28,115,5,fda3cced0ff73881b7491ac5010e43c85a141e9ce50f22b9ea62dae0566f912c
e4b7235,115,1,84b3e10ae6c710cf899633ce437bd3bc616dba5e248f3109154127061bc731f6
ab8bca9,115,2,ac2581932379fc1a783465d84b13931861bfc56d5156136fcb419365aaa36923
db9492b,115,3,f8cbe2509bef6738a7f59f77624f02602c8482a92b5745c5c22fde8cea5441a1
d70fe0c,115,4,84ede27afab265aea164ee2d8972e74ad331d6f1267b8721f0ff123b533c031a
a82b5ef,115,5,6e53758293b5c6181fbedf3f43728f27c95c1814976a4ec3176ca719912c0ec9
d7b2856,116,1,544ed73364c07f3673c3d7c9ce3ccce89710a326e9334e846bb033c4d747b93b
3e285b1,116,2,3e057814a3105d4d07d3443eb1c3e30ecfb3fdd79ffce8f5804ce2e34eadd600
6b9e3c2,116,3,b3beb6806810eb35d6bd5602a86cab602a22f385d15b745aa45d8a0a0c90b075
4a0930a,116,4,f20070557b9bc8c553b308a227a471c9e4686426e616cbf067d5da2b7810d742
f60205d,116,5,d732a8435c9c2f71c5091a2341b29821f8a156f6f092f963363a856524a22b82
eaf75d4,116,1,4d71cfd439922051e1d7036c28a69018344fc824bb1c095b4f995b71a6c5cb6e
20cce9b,116,2,a4be2168a8fb5ad11e60904ff5255c07b22d7b3957626a0e203ecb0c605258a7
cfdf3f2,116,3,2a434068fef2c0955e4a4695f89cb53a8c79918974e63d946dadca56305960e1
8b61136,116,4,426f5c408c359c56dcfa05994f5215808959a6635776b1b7cec1ef26192c2b49
2235d96,116,5,f0e6239f8f4789db0510507ffb84b2c524fa9e5b7cf97ca60e26e02fe252aea4
246b556,116,1,786bcabb48269377f4ce960be769261f0903f40afe2aa879251183639d3e49c2
f5860f8,116,2,1e7c0a607e3fc4bb1f552beee614295365e297d8a3651ab520d48c21b1ddfa9f
48d852b,116,3,b3b103d9ad827dc424d55a7f6a3933bbba7d2ce1d74361930eb5984d171296c3
eee237d,116,4,afd4784d48533485ed4db6214ece7551e4bd67021f26bed2a7a5f29e14ea9c5d
5a0a6e7,116,5,0e69db889988b228f569fab22e28a5ab975939e2fb09e0489f52a681e67fd912
d8b1f47,116,1,5bd5efc230186c2aec5647f19687a22e3af91a8b6de5fe6837e0a5296d3b0fc4
b94c2b6,116,2,3316223466edba958a759c99f40ccd7c5ed0fb1938b51037c1fd28abe6ed06da
0b72cc9,116,3,e39fa5d359bc8362898692982014b2c6950448780263022ebd8c326ebffc3987
f2b1720,117,4,2dc0380c866bd61b89ae755d52f1d2eff102d31074c1c1352a8e5ddddd34a161
0668f09,117,5,9ae3eaaafe60436ca1906bceafd48745105f0a242b8b669b6af2cff000f8cd2f
7813094,117,1,14d2d0cddf1f56657330b25c185d6acb09911589918ba255e25b10e4565aab21
2eee3a4,117,2,1782c906727eb50d28daedfab027a9566373c96d98a521675d6e288f1c671902
9a726e0,117,3,c489a66bcd15b2acde6bc8e2662751d338b3b9a1b1e75315a190ff4c93f81929
e214a1e,117,4,5752dba0178b198f5f46eece5f0c38db32dc74dabcbecd40be8f5b89a2333437
99491b5,117,5,7f07720eb5e49ddd6bc6f7221f6a649dd97cc1640dbaba4766562627be4ef2a4
40ac432,117,1,bd72c5331922e515d2f33405e85562f3ff7779ea6c201ce5239f1ecb382c10f4
fcc8652,117,2,c7987d94fc42357698860243ac8298a87a677458377d49c7e6d9f6db39d17d20
99d6eba,117,3,e98f6f40d47168b9f95245d4b38885975cf1371b75838eda29f4d02da0931a84
6e41e6f,117,4,99f667e2527feccbea7ed21e3419ba059b114c25f38bd36f70c673afa0caa82b
7cdc02d,117,5,d8d516ded44514da412b2e009eedf48179e194bfb0d2a3593f49bafb28c2221b
c123b4c,117,1,e6504094307885b42565b6c010b100189a73a5f23faa0c9a05df551ba9b8d40a
fd51489,117,2,2c447ed6a1a96ca3cc6867f796b4e6299f1b2c00ddcf1d64bf860d32f0240ef1
28d24e7,117,3,99ea359c656c97491046deb156ccd59a2b63766266be93514bad33c541e5594a
6efab09,117,4,ffc57f0d2f1ceb3a061f484a0d4c344a57369f43e602a0457436a59de4829a54
eea7072,117,5,533e04c83409d4ba9f7b3aec9873767ee0a0cbffffbc796f4d99c1f369940778
5a99050,117,1,78238f966491ecf38839b730cd326e5a40adfd307d21e0b3a2db142e307f3d13
a10dc66,118,2,8e5df6ef2751cee203410082a47545195b4b83b2ed7dfa40f0ee4ad8f46de42c
0b095ea,118,3,20d18667ff96d219b60951e44b5268e2992f5d85cd0b072f915d12f501927c6e
b5bd8b8,118,4,7216ff5e47aadc5cde1c4ee00b540637577ab79523aff089662ae53798fa0a67
2ed047c,118,5,353386649de7136c09a9a67e6975babbe714f06d49d4bd04faeefc67044b21ce
4332440,118,1,f6a108b2e927ec18b2d9966a9a260c7efb5ae319286b5897318c9d19e23fc2ee
d032c34,118,2,b2f8370edb0a2377fbaf6d3e5494ba64532a812f65569bdb67105bd89669da15
152258f,118,3,d93eb07f427d51ae365e8ab14ce926497893897ac341713ff3e2f5134798ba24
e3f3a45,118,4,1301c4055261175fa768be8973f860d9813ad7db26aa9d51c30ca94e91d7711e
8d0fdf7,118,5,3bd98abab95ca803851072502c939236e21b60bbd5e4038e74bfe0e794a132a7
79b53f9,118,1,8c0ab51f17e4a647b01cb39fb6568e227a8858719430209704e6f1567cfdf16d
a4801ba,118,2,81e732f3019131be33ab89676aa4bba6d7de9bdfeac310870cbb730929d56e29
2645e39,118,3,958223477f09661adb13bd5311f1af66bfcb9b1003cba082d4ccbcb66e1afb98
a1d96a1,118,4,0f969aac3801813859bbe17b3cf6a31eb6dcb07d0a75c0ec5ef06932dac4ec33
b9f8f54,118,5,fd6aaeeb4180cb5e03ef28d2ed9f83bd446465d4f5bbcc434983d0793d2de606
750b478,118,1,2a8c766ac0655c2989b565f546271b692f2507bbe15a1d3290b403f3e91c2524
74b2fe5,118,2,7dd195540f1bfc7c3cc9a04a1f607f06b3219d401c68c496ec7dbc32ee31ddeb
0719241,118,3,4fdcd605637aa6e5a3d5d5210b49ac8152c888965e4438fd3ccafce8d3e5dcef
a688b7a,118,4,5c418a3cf13c3815e8b978cca463e616644cee31c7badc92e9ffc5fb614a6990
3ab54cd,119,5,388bb24d73457146bf62b1364303b7c5457a8af1ea098833b037c3db29ba3e25
30a5a3d,119,1,cf0dc179675343f0c288c26b118a496242f644a1b6d1facef618e64fb21ffee7
b42fc25,119,2,69581ab219f4c23c08ff104dd99fa162d8a7d0c9a42607536870e47d36387387
32f232d,119,3,afdba5f0457d9f356aa486efee670c012e87bc65473f0f3d397fd120cce1f8ea
ab12472,119,4,5c9f378c2d8382f3af7203d09e65296f6d312d2b6b6c10e57d84377c847a0edd
b5365be,119,5,d07f2b96aa24c29e2ecbf54a0c453a972dd7b71b594769a5070ae5cb54194f46
8276527,119,1,7a24d36eadfa22cb18bc0fa44f1d31b0f624cf0eb21976d9f23235215fb535c8
8769deb,119,2,2981e43abceeb0fbacf91604a38aece6a36f22c963ae90350f9ad570e5155d44
cd0deb2,119,3,e4603969077872ea50cdb39173cd48bbf3666cbfb5af93f872a0501d79214876
dae3018,119,4,8e6ec2c92e3e4ab3df90a65c51804c39915b58fa2251017c06fa26e1335b952f
87cf25a,119,5,69d37726793c363b675ee7b97b72a18951fa7c4d661d2ac2b611b2e979ae86a8
a45ebe3,119,1,5a1039633fbdba8c1ae1a3784835a8cb2cb460dc30549a2570dbdd76cf82d5d0
790576f,119,2,13d2e82e6ae4ed4b3be0dbf58dabe79f34b293a3eb383cc11a02ba1b88e3ea13
15c487f,119,3,5fd601ac866151fd589fdb3d34e822051d6713aa4080bf27f81900bbe7761330
3c3e5dd,119,4,f0f607564cf13308ab055235271e1753a27b1b93d9913314bec27f851b2a1a2c
da6ba15,119,5,51f75ee7cd7dc28940f5fa3a40a729909b066c6fadeaec1fe743c3568c735428
2c46fcc,119,1,7bdee0218bf995aaa859d5b0679901d681d217907e36df92e80572966ca4020e
0d64085,119,2,1fa190aa5e8ef74e0409df5d56c1befbfd6758196c05fe8ba51ed00a3d24ad3e
61c5216,120,3,1674433233e50a21bfbd84b623009adfe567958472a29a9a3354ef368cc8751d
4eed718,120,4,610005cf3f942e2b33ef977e2876cec2b3fc73a587e69ee60f5185d944616274
59f5500,120,5,f04619d104788320263b2a2008471fbbadd699c36f04ecf66e568d5ff446a31b
ed8f1b7,120,1,3d20828d00b0113ef8f245eedaac982496be4a4794c11892ed119deed40327b1
a1e35a3,120,2,7c625197960613b180c5bc05375d61d38ba9b6f80a2e983a27d94094da3f78f9
bc3fd9e,120,3,f7c20dabb590f51f0d18386d8a5475239f018c87915d6b8bd43547061945b005
77581db,120,4,f6aa8b14dc43a0cfe6f5c42cefcf19279eb0b440e2eb70a04c66ef5100b8fc47
cb4bb86,120,5,38fa26a6d7cbdf3e2729bf47f04dc89ce0f85a23113fdb6f76be51f863192bd4
c229648,120,1,5ee1e4074936e197192f61837a3cb4fb117e8a00f31e7accd945e38520638edb
459922f,120,2,45351f1d0b57ba7e3163850be3d9ad34d8c3d40f3d1f2d1ecbad9b7884566b80
db5caa0,120,3,d5ac18dde4cfdf7c72cbec7bc9b5a094cda4a9d237016fc1d9e6b261fc0bf417
2833102,120,4,2c0d46d8a59c3781f9f89a476737a66e113723d500c847bc2609b958b36f27c2
e29e6af,120,5,86b0a3b95bc3370e7adb15830716930324d3ff11bfdf0ede264e0d8116fda9d4
8b96e59,120,1,f60317a07d46688f16b6a8dd31cbd95dc4a53fc95ce00894a62cd984ba9a0330
adae5e9,120,2,d355afed4cf37205598e1c7d90a183933dde7148936e685c3bac8db5bc0d0d3e
643b19d,120,3,bab4d2fc641c3664aa8ef4d53f70862a909d98c86b89bd2e2d7658579f44c272
a14c860,120,4,e6d3073c65fb334a5868a30f389d6f799913434dc1505392562b9389f4778fbe
2597102,120,5,b4d41679fac4117585ae41fb353c8787706a02218896ce69ae72760aade00b7b
f2ba5e3,121,1,67e6945eae0bdc48ccdbd7006416bed355ed636536d83a4fd231fdb84bd92d0f
c435fff,121,2,65d8613f5f1d1a05ef6d29e3ba82da75ed450e3311261f8634b2ddfb57cde3d0
03448b6,121,3,b917bcd155edad29ee9cb079a4acb7c1ceccf5794d8be8b6330f6c5880f319e1
6b9b583,121,4,100a12e0d84d744ac7f59b6f1634b8d9c9f59679429d254367fe3ffa416597e1
b1fc8c9,121,5,7a2e0638b95adacd5d237ede1a7fc283058d18d1c5eccd11708afe837eec4469
7ac5274,121,1,462af6a3018ad8bb44bbca654ff46804cc6a40f213557347bcfc8736d4d46288
3056c98,121,2,5f528f49cecb6a28ce6b887b9c6c6f1c80d11e74ca7150c11d02c4c02aef6f0b
3497854,121,3,f10f409f648daf6498bc942ba33e4321a731fcba5f0a21dd1a1ae97f87d9c28d
5edd221,121,4,78ed02421456c12dca76c806c4c63877df9c442f24f09ddfc37bdf07b2bf48e0
ea2449f,121,5,6191c8ff8e20255809ff0c93cc86139f36d8228cd7aac5dd670959aa54c96b64
ed327ab,121,1,4e4513bb18b8a4115f16cc4329f872bf228a44795ef29ed58341775630e5399a
84ac016,121,2,3fb67cfd19e682c696b94c6e83368abb6e4f282711ba13bb8f4f04d4fd670e8a
9df167d,121,3,482f938505506bb09fc0ebddac539bbf2660ef4aa57e72d0f1a4d488b7694844
6b02476,121,4,78a45937678084b3df9e11b7d9b61ad66f65c75cce52c8eea5edf243ba08e75f
5acd760,121,5,dcd7ee7baa30f61d1f97623aa3444ad54dfa074c79b8a69935b0b6655de8699c
8d1c468,121,1,b4b2b7ffd4d98395827d3a427b09866e0e5b140c7c8f9f916cc09159b5b653e4
8ceea76,121,2,b76e051c99351f672b32b0e1e42fdf0ca56eb4e1fddec6dc48e1b2c7ec433cc3
cff1391,121,3,c20a2b0d190c0b0516de37b704fc4b681610df3767bcaa596ffc0b7aa8e2f31e
cb3376d,122,4,74809ecd6bb1517b65989c6caba44afd614d1a1586c8ce5963060e20d7d6ea3b
62e1061,122,5,a85458118747a20b93898ee8911a85665a53441897cf410f7e49278c3a21ac87
9df51e9,122,1,9e385ecd9d8e510ba6d51d90edff7396fa130bf6be3630dba39d7725f1ff384e
ca5cb31,122,2,51e54acf581fd4ec8dbb4c3124b0cc118a63ef1721a5d4aa5776ee0a080fb0a5
b16cd75,122,3,046139806f0ef4310d75c97478335c6ccca71c6bd1161e7a582cf6b2ef410f49
d644ad3,122,4,4d474e15ac98128a84f05ccdb456c815d2076f789f76ac4782db3f41638ebf64
3644611,122,5,c56b749f448aea34e85549225d0585a78ea4474ffd0fdd729a42a1ab5b94a2a2
cc24973,122,1,6c22f1270d2fcd38b557f53b407d9abe4a826a2c0c88d6e6087bbdea27304781
8c77043,122,2,9e06bdd3fbb094366a9a8416c18dcfb0dc9d206774773c55d303cd382bd5e55b
e0b351e,122,3,1faf20c419b8091c2b5aa27a34242c1509929439a91a2d2145dba7c283e790f4
2203c6a,122,4,1180c773865e3aad2f5c016db8c9c67742d219df8b500669775f39620886d3cb
69084e9,122,5,1d21e2562fc792598db086f689339aa77d6a7790adbd169a6748e20ba9fd1836
4e9354c,122,1,49c438972ebdc1985f233530304baf6357cc47eac1248f2778ef3c5490209865
9588686,122,2,009940c05ed5856bb756ebd7663433639337f8d43e0215c26b2ea5cf36b091f8
af2214c,122,3,1456c2e44b1d733d69ae0531b7833a81247b6c4246cde9cc7faf40bd79f73ff6
99120c9,122,4,bc5ff8f320caeb3e5c1657d9d7829b58cf03b83e6fabf0ee21a7afcbf0e21edf
dc31c99,122,5,d29e0207d76e738bcfc269e9b0282aed974ef9b19cf3e4666efef519ebcae732
f43c475,122,1,204fefa068df695d7a169eddb3eafd36a4975998c02d3e2c772380af90248bc9
7035b02,123,2,9fa538b1bcb46d8a047bb6d339a21998ae26c71f090719837063b2dcff8dceab
e81bc41,123,3,d1973b4fe8768999ef1b4404769b56da63f5ffdbcb296e039e96ca462505bb17
55c1225,123,4,934390518304dba087f3c9fb6d180d3063c1c7d4b5f36c5a59c90ff0ae958b0d
f7dd4d8,123,5,08c800af080fe61c5e26829e81c4013a20e9427c30ba9744c9150c85e3bd4b59
0c1322b,123,1,9282e4f207522290b5ca579d7dcfcce9d5d9d2e773b2c7e45e1207eb42bb2aab
b5403e4,123,2,8c6b3cc7545250d9bf5b6f26cd2cf9f78238d2dedc607482dc7689a2b500006d
e7b013f,123,3,199566f2ab585e3c3791282e35d22afe3b0228802ac70df596d621f0ad558b05
7646cd6,123,4,db34ed6132806a974731790a92744008ff1e31443f58db7daeb9d6de15666f4f
1c8d415,123,5,d30f0305bafd519e6e71bca601d48fef493a5be44185bd33fb5fcbf93c2aef51
b81213d,123,1,52bfe93627d6bbdc8f490cbd0fba357ae561ca7b2f186cd3f509e1ae938edc7f
eec4b50,123,2,df8babed90cc2b91fabc5456952dca7a947df04b91255f2a4921badf0be018aa
04a4c98,123,3,0e950aacd368685f487045ba94b92648ba8068e445f8f9800ea5469ba68a3fd7
ecdf554,123,4,8314c1bea23963ff0adae0a5b8fd83aadc3e4b0b3fc6420ebe311dff952d80f1
813954b,123,5,276b345d3eaf3a6eda22551b56a89f97e0e54e040852e591ea83b6fa4f024132
30869db,123,1,9229befa8116f071450811cd63bd30036b6721af162e9b9883b478864dead87f
f2d525a,123,2,0695093e402be6590aa289b46e3793c62b1181bbbb5e8c0015192cfe6997004c
df0a3ec,123,3,77efbb832d3606e55a16b3d83c2026d0d25031695fc6e0bb2e86e94613a697b2
72f273b,123,4,c2bff14ac90a65992959197f45823bc561ae8a5264fd22c2563249ff568d7d14
fcbcc24,124,5,55bf807b04f45a059e1a7a2202e0e0c7848be47bf6c82be891af0be049e5ff03
2bdb51f,124,1,bbb6c0333639aa825215bba0495199421b3abe4da0e73b438f8db291c932aedc
350a223,124,2,8dcea038c39e34a7e897a0de618e96f6bf870bec78fe4ffee1258f5a47243161
9b7b295,124,3,48416a5cd28810acbd20438089e6e72d3809962f098bb0036de833d763822772
51d1c42,124,4,f191ff74502aac402b1c556cfc04f94b114d8fa52d6c287129aee316d80ef715
e35f6ff,124,5,873d3ca12e364e758b1aa084fc00a766f4da874436281f459ab6ca452e610d9a
8f5a33a,124,1,09d4c9a5e5cded63492357a1809f6015ed0ef67709c2091e828855cfeb0ba9c8
18f621f,124,2,d802f94bd9271b823deab5cb8fc19a49f9470476e192ceac029ef3a7cf48c045
3688184,124,3,7e6956a62ccca7719455e72075b91bc5a1d54605b84f8d851dec3561d5e27f08
0f01b9a,124,4,a3ceb7a89238f370bda5486e16494ffb51b12ed23b9f9679df3583f2658080bf
a22d402,124,5,096dfd7c9569ff727cca1274600cef5cf2982717f6abf1c80e875183a1f15635
9301f78,124,1,ada7ed5ddb52176ea82e3f334d4eb06800282c4be4c8f623bac10ee0c780768f
bd4bdbf,124,2,c4fa7465a9821d901de14a836171be4a52c4bd7f66a055eef9c7337d356aab9c
442a914,124,3,2f95ba83e06d0ffcc8dfe8c65711f4365a885f70653900833daeaa3e8e002133
07c7556,124,4,61c57663152957cb6106873b42d48a895b489911a44aa3a6cdddab536a9334ea
e9d4e22,124,5,87d43dfc55c14c544c7499ca6c32126b5b95ed649f0f0a2d1f3b7c0c20663291
6bd66b3,124,1,bb069247f0ed112df73771ace320f736e57f90222e9436145582fb7aba307e63
1a76a83,124,2,43e75a53aeb68c74c7aaaaf58c7b5553fe8e5c3b790e7add2c318285a03aa8f8
57d380e,125,3,cf5e21f615e95191e478002c89f243095effe86558dd18216fff09f2181f873f
f6e4a7f,125,4,94a854d378a0f73eeb0bb077b10ca08c86186aafe84942127be4efbfbdbe6792
1af5f9b,125,5,fca5c1ccd54c431dec804c2acb120bb54159d85afb3744283c0153706c0e39af
11eda40,125,1,e425ffe01415802315d5d2735136e164550ef139b2260b3d54c0aeaa792cc0d2
d35288c,125,2,5bb653ef38b57a3ca970392291cb272f19d7c760be9cef2bee1a2701f0c8961d
22064db,125,3,c39fc593f9966ad71bc735726154e44567822faca76a839e6529c70b6587b8c4
c1f420e,125,4,047dfba4ef2f852b4f84ed82898c15ce0b74de31c61d1bf33015e36231d026d8
dd45719,125,5,a0545f8472943f7cbdee01d35e528b78b476f4c7e0a3bfd59f78edad6fb6f212
8b54528,125,1,2077b808e0fcfbc3da0fa8bbd179816ba41d00233108896eb70ab50ef035aee7
eb336b4,125,2,a65923c1c8ab7fab35d7a8b18eb062e802c794f069695d3b98e8bdc3be065cc0
0347bb4,125,3,8119e4c363570c6135ca64573fa07bcc831d297994309475337fa5a693a808a0
c3967d2,125,4,fa255c68e470ba0d7d01f59bc5ad769e21eeb80a4026f8f341af566378350ef1
6a533ce,125,5,6e5abc2b153273849990e7df0d82453e6d98dd9c5f6d8062d87791085da41cf4
70ae282,125,1,d19fcdd0d91eec4ad5cdd5bdd188d7db9630f8cd127bedbab39351f7cd2ad57b
08669b6,125,2,02a1c0d18d55af64ce351f0f053f948d7d195713f936877723f58ddc537d25aa
0f7dda8,125,3,9804b97584f54e51045c426a5173decdb03baa6733505591fa36508f8ab12db8
81d2ec4,125,4,66ee662bf21a90cda52d80dadaa6aaa3ccf5e9cafa5c577426034cebe889eee0
761fbe9,125,5,3fd77d63afa46e883c31bad5e82d84c272083d68a8d4fa80017666e83c2e0019
49b0696,126,1,ffc5c01a1bcaa797d7f6116837c0157bed005441378e875bc37f708b65b12ec4
3fe1ffb,126,2,10e3aa75096921b629cfa41e1a91d87c061b19955f8b9678e5ffc0c354492a76
077377d,126,3,73da93b15a86fd4003db486fd442f3b7d3bc37da255bc8629e41aa790a6cf27e
359b8ee,126,4,9e97cb748538ac91655adbdabac177e987c93e3a3f78d33cc216751af5f6778f
1d80630,126,5,8363d05b3b50933d21ebef4617f7431f72a80154aaef0ea709141a0c4c11fed2
3d1f831,126,1,089ac9cb7e38d5299d1690631048d2488e26c89070431635e0b65a321b49cffe
087f29f,126,2,fa0e3ecf4f8646ac49e0d193774168272043c153c163b14475416f12eab76bc1
1c3468c,126,3,578e6568b22cf0fb43884a8e5a1faa6a3b83b6113e61a4b19fa9444e20d45016
71a67d7,126,4,c925532eb5fb4f078ee2cc05ba992634cbfe9856ccbed6d32e014287aac5f840
9f988da,126,5,7f4e42484c05103f80e09cbab637da140be455d78baf474d119d352859ed02f9
73b7cf1,126,1,8ec862a1ef87b1772b07cde1b1c051ff0b632280d93d7f2353a70e6bd97f265e
894104e,126,2,f4da8c5e18529e80bec6ae68edf8df1e3a097272d556d94a9238bc0da6f9da7a
389b212,126,3,07e308b22fe10f5ccec6acc5526380aa36dd8b1f0cff6f65805069e500f1bd7e
791322a,126,4,d1c2f8e178ce9ac6a14e88a52bcbefe2b040d0184ce6e592548167d65763f473
4d6bbea,126,5,550e4b30f52f0481e151743408494aedded23998a5472d9c943dbbe5b2a2e47f
0aaf5f1,126,1,d962844aa2022087f1c6021937ce8c0883e95e6a6eeab63cdb10a9a42edef4c4
899e64b,126,2,4dfd38c466c1aa19c6f24a690456a5cbc73255fe969dfb2ac496ae4689054cff
a4c3f8e,126,3,6b908f85ee16b78197ae66d32c54be86a9935d3907001a553f80266de13d5af9
78ac219,127,4,8863472d1ff2e2383b616c028b300c3f5c635abbcce8f0e4f00a676d2f123df3
d5f4814,127,5,05474b63579fb91d5c961b1189db77501a73f509872cc9bb5705dd86c88f48d6
f6deba9,127,1,8e87aa8d5623a90299440414218ac36401fe72b4f03c9359e5b3f306f52c7085
8cd1c55,127,2,8244b6152a22530f04eded1f2fb4bc6e3c872b17070ff3a91d2fb19827ce1225
24a099b,127,3,90fddacad2ba5502387c624e77f77e937f3428eb75a48762378b1a049e7e90fa
65e7345,127,4,63e65bf652de2a153a034055f331c15cb5cba862913994f4302d210445341625
fb97d68,127,5,c6a3f7bca9a2fc35e4925e9adbc02d8ddd7985502684a0b2268625ff51f91a2b
888d8f7,127,1,bcd74bdde3e0e083aeb037cec0d5875913f8a40ebc17ba1d1c8b47d9cc725bbc
5ef2247,127,2,f1a6c6491cee736f9aa3c86c196674a97b17f7c302dd993dd3c044718c392009
56c8283,127,3,183422aceeccd58d01d13bac5a4e86b6813c05ca1b878c3d2613fb02b9f9c7fe
1cf2302,127,4,499e09605b63d93840015645b066d49dcfe72bf27607b4341ab3494d07e49f46
e26c4cb,127,5,aaf3a01cfe0ef48c1f518bec36884466c40270dc5a2276004640f886f37e7317
0a31858,127,1,15e4a78b6a5938cc05b74044123da4b9b6a53c4dbe3a64f53f7039dae25065c3
2bbf923,127,2,b7dd7c02356f9395537b19fb81f970279bb5ce3b1817b5425dc8d4c7c5fc6387
d5cb150,127,3,2acff417aa2a772985d40ea7ef6626939268956f1eb6d4eead044ed8af834bb1
5f95578,127,4,1cc59e0ecd97406d5ab8df16c9d3f873f8e46652e4fc9f428d98e3ea3765ee84
9652adf,127,5,5d81a63c98d7a0c0b75d57857a9c574ae7d23f610ec45d2da12a989102c33180
c4014f8,127,1,78b8fb156edf9a56fa70a41e33afc5b062fe14b79e04ca7226d4620932abd1ba
0e54efc,128,2,0b6f487abf374b86f54e9a46b119ce84a5d48dd0c49b693908d763c5c5b522a2
032153a,128,3,76faa0722e874ef14ed112e3d1dd479afb865cca895a17aae58e36aea6314ee6
b49dc5f,128,4,872882858ea2377151bafb12b55ed99bb1dbf18ddd6341045bd208bedea29e2a
353f9af,128,5,6aa33dc5edb4759994d27e8658ddee32718d83d7e0dfbc08b052f0a4bf8fbfd3
445c11a,128,1,6556ec67d306c52e6c4711e307a19d251e0c974bade44ed2427667dc743c483c
7546cf9,128,2,8e244b6cede921e89e6dceca9d04b4fe52d113695fb56fb18e226d777c0fab2d
c320e8d,128,3,b060b623228efaaafc70b30af9aa8baa1e3801bdd2639849978d48aaa2ca7b25
082e9df,128,4,270508b427945004430578b9f740048cc736db8e6a773ff9130dc267efb100f1
ca340eb,128,5,72164a1568102f21bf12409ce7a0d150eb4d61d9f75aa326d0028b9867c33de3
4d8d72c,128,1,345ee3fd11c238b61b90773098a8e3c7bf590adee356f87dee81d5b983f8fdf7
246252f,128,2,6799840289134ef48cdc155a13c4d996c4fcc81f76ec52d77c7b91df182febba
59eaef5,128,3,ae226f0254433ee7c8f08a4c98e85aaa3c90d2f95828c51658ee3d5a661b24ee
c0058ca,128,4,2945f539c64001146d875ed83de5823c000ba6a9d7092f0d2cae18e3fe6b5211
2d39dbb,128,5,9ff76e8c0d496e7074ccd0042ddf9c7f6e9953d0258fcedd85db236f0801476e
b766957,128,1,ddda846df83cc94befe7b5669095e13f8d02ca8d4e9bef5d651026d841156ced
57998bc,128,2,a6f360c074f716eaf4544d03b6e9d58e2610a4ebe7e95188e5e1d61c3041a6da
cff51e5,128,3,07b67382d0355b07be10f8694aabef6c32bd4e0c7f19f38ad7488a9a9508224e
9e291ab,128,4,d568889d0c42b448e40f7bd13c96752c969e0f5855db651cf0d24dc0929b0424
1b26302,129,5,30cebe3f05f5fd9fe7a8984fa9a073efab37b1ce67b97fe8be3492372e97445d
0279487,129,1,abb36d428e2d00817dccbdf33b04a81fed36ebeec2caa3ecffe8490519de9be3
0746d1a,129,2,92bf4187929a6ab582c01e10d2bf6b53b55e5b85a1f12618a679ea2a4597921e
5a867c7,129,3,96fe85695a4ce6c36330005504b1c16689086d8905edd4db8d9b713bbe6298cc
5719378,129,4,8374d90aef172cf3df6d61a59625e13823ab966743c3c935e931019fbe846f6b
79d0b37,129,5,81d559132bd493b0f31e88d000bc5452970cd467495278d8364c19bbf20713c0
7b20057,129,1,0c5492c01f1de1c425f03c6d26011707fc2c73a691819e7a976e3689bcf6a814
afb061d,129,2,91786ec0e4a92c23c5a730397e50d4d810da84aebe78593c3d938706e3881a16
b6e35e4,129,3,0ed8309ce91d991ab09a6f0e92a22f4c9d6206bdfea86aee3df16f7be5b52e52
57ebb53,129,4,c23104d3d3d96d2200f86733fde227477db67e1e3e05084cd7d37d61c850354b
da478ea,129,5,8ed4d414748efab85cb0fb28ec0be719453e1b2054f5d98822a5088abf52cda8
635eab5,129,1,aab1cd54d3a71bdd3c0f7b2dc3a3e7a04245f2662ac9276e6c619aeaaf3beb55
e688d2f,129,2,7057b2f232e174f92534914715f16d3e8c48a276b59d894e1cca8cb66139d2e8
0cf8c55,129,3,1657f7a2518bea7d2100ef268f5ea43c8bad39126fd607e94ef21fb5c40bbae5
2d818b2,129,4,6eafe416ff55d08aee30776fb216d7c0c70730e8cbfe66c506c4ebef28847f4b
62bc176,129,5,e20b194887ca9fb57f0ede436bba39ccf1174751c6ec0a34cf42ce25f84a9960
301c5a5,129,1,6a8777650258e7467e228e3418899e6c79663ea64363f30b6c3cea1537ca8e1b
18f7fc7,129,2,e463c764cf0f3ebd627826d76ae7913995d58679a34d7170dc8494b14ce5ecb8
36ff4b3,130,3,932401483ee06fdbe2a496472e2666a5442c54aaeb4e8973a552657677ba6c78
283ae2f,130,4,7bcf3651d80320266be07b7d833c12fa8280e737df749132ecc5ef4e9c4dedd6
87cd32d,130,5,faeed5d9243ad4129a42289d21bddecd09d01f0fe2a6c32470b90900e39409bc
b64c616,130,1,1fe8e8de986ec85956cfe415819767a1f4eed8004150d1b8dab062755cdc57d0
e145336,130,2,5d6a5746cf4c5c82bc98abe49cae39aebe9670e5e0364bc30eee8585ce7df2b2
f96293b,130,3,074819bfe6cc959bb3c6251c686363fc039d81a13cd544bc5f45781269ccb4b4
4fa4ee8,130,4,f199d3bdc657181c6813fd73e27c97aa5bcd34ed4a9f908e5267a9e58e54dd4f
5a92ac6,130,5,91c0b0e5296f0c8e51777a3bd51faec245c293f323feef8a365925bd866b3b01
bf967d9,130,1,bbbd59dfb33bad710e1087a9c57602e57f3d3a452f18aa4fe869d018eb8d0b3b
7d7bf6b,130,2,24cdc05f5e503b2d7057de1436b665d0487ddedf6ee8207740d9d8fd7805e699
e52a741,130,3,83afa36291c5360f1114c8b8d369e62773bc2c2994abe33e3e9e9e8765649f18
990a4a3,130,4,6c11711a7fadb373174d7a8009f9e974a58829c47975e5bc1879365bc7919403
1e1b741,130,5,a572c983a3e9af4129b3202854fee6e5411db807807edc15d455d5ee5d8cd97e
ed12c28,130,1,a1022fb8d2cc35a12d8d23ef0022911cbdaa6bc8422137c0c4ed9ec72e939e94
3a8262e,130,2,2bcc57ec7488408c273c51a62c021e5ff03281a725f0430659c6d91df9a5761c
46d9c7d,130,3,2eb42e21b058b409dee8621ea4009b360535a11d03bbf6f6ef336583706a196d
6368413,130,4,4a7d55dff37492b9fdf74b76fe4402571e9dd86fdd19391fe275622e777049b4
b63e093,130,5,edbb25cc527fc5293af13c82251b3b95e668e19343126975806abf9672248de9
f7b0d7d,131,1,5f342da6ae908e8531dc382ae2e50fcf195c22b791d574edf5e92ac414996c9a
48f464b,131,2,75db2cf58491df2ed16cca84c37a7d635e199c2a39acd43ca6d35413676f0faa
1696647,131,3,57092d7b26f411d4bb1669a927b75be476a56ac990ec87da6ca06289c9ed7917
c82d4bc,131,4,5710ac4680a1c19b74320a16815a45247d01babcd6f0800b44dfb55f0e7e012f
cb44d67,131,5,dd679e4bf56fdb0c37f25d4d7f81806891566d5ef6b7f76a074dbb4f0c58c962
47887b6,131,1,0211d9d42fe68ca4df252599d382a8f373e2468b9ec83f4edeb4c9e64dffd70a
3aaa9c1,131,2,1358251c75b8824e687a16029a6996d304256bb8ccf3e2fa5ac67790abcdcc92
ef4fa08,131,3,8373f523f7d4a5d7e9221c280ce74fb58a29b119804d29fa995b2c399161e52e
68c44da,131,4,437e2b5f8169d8ad0bdf1bddf6f5706abe3cce64e04f7eb5d430d6633ed11c51
4334c97,131,5,0c5045f84bb5b22615f3ac51b1cf7b9d72fe29868018ccf070d53e1f460b3f19
87a9020,131,1,dd4456c857a836f760c97d57be9387e260643cc5447fd6799f5311237177c4db
75798aa,131,2,a09090eb79d0c3d17501977ffb381b115dd8ff9e7aa98d1bf98043c618df5a19
c8ac4d3,131,3,7281d5ae974d9a3efe6fb3f09a607ab5d9d0a58f0380c9a890475c3d1a254f54
0eb0013,131,4,9793860f46592f836a80dbc95e7e378393cfe6526dd5aeea69562ddea3b7ca7b
461515a,131,5,60591d5744cfaf179141f054dd26f84b6d7e0d155abbd311b95ab04785687277
92f46f7,131,1,90140177e801c1a1af760ab8cfc6585e773bc3cf1979730f1e588cf972647dec
573c091,131,2,43046ca244fa05629bca96a3392472cf8f08968630243a5060edaadee155516f
230f9dc,131,3,43ab8637f301638cb34943f202b6048235925ade60dbbe7357c0e65e67e8cd54
7d129d6,132,4,d04d398d5f460fab8f5902efaae94ff8e0217c3b41a1f8f9c516845218fc8e70
14e0d1b,132,5,a775440bd27c085484949510ef611ce4f79d5cbac4b25550917e7b852dc01e83
f084460,132,1,3e6f393a78609fd9c64f79319707b73efa795797675d9da91c2b6dda1d16d3da
1d50ef4,132,2,00404aad5b4479c260cf43a71c2b6ffc560cea849bf05ac0a62326c628c34469
340938d,132,3,e8849d87087a14c58f0e0a2390740964b23fe33dbbe89cf9dfd866c6112cf1bb
eda6cd8,132,4,2f32220ac10db6c8571a8b9928b08eb0b569fbd810f32345db026460fec54dee
fe546d8,132,5,a7391b53195b62debad22c79e2ca47ef1b198a07f885fb77e52053ffcc3de6cc
77421ce,132,1,080a28fbf89adacc83bb6e7dfe96a94bec7375a81fdd41a24b7766db6656b6c3
566528a,132,2,d8ddbd614064dfca650e9ab71af3643fdb8a156ebf58023446737bcda04f5173
b580903,132,3,ef1d75dfbe89825debae9e15027ce0034073efa760536669eda701aec93b7d8b
a915d97,132,4,ee61c36a6862208b42ec4de775be756f41d105bc8eb1d1990bc7996eeffe4686
ff5c95f,132,5,f56c1f4293e611b8ef453d11cc018817588678708108e33e14375cbc3f9448ae
faee97d,132,1,fa28795e0f4ec08f9fbadf12751732546a7e74f872d717a07f13d42dc08aa1ed
cc2d280,132,2,ae5f6b9a448e33d046001383be23e56beb078d40ce1321bfb9ad0471025e5709
57d9535,132,3,9be15cebdea3b3c17e76c50383c657778ccb2f03bd4afa669ff04f59a3d72675
62edb06,132,4,6020ccdc4af5fb26ebb15c12b8819c698fb6c09aea6c4888da558656f26c8415
4301d19,132,5,206fd4523dd3d95780f1da7683a5dcf9cd8181e92a1ff76959410b97bd7dd2a5
16ed2eb,132,1,dabc6cb90eea47c00596dc74eb6ac00d4fd85c73cd7f24b436f81dc929c42f1c
76afaf5,133,2,32548bd0b9126c8e6fcbda2edbeff29dee87ae02cad175903ec678b7fe393f13
06ef6d4,133,3,54b2534073ab618cc950c7edcacc28d3fb9519ca3870d43d16cd46e32ab9d1e5
929b955,133,4,c27750133f3a2942640e381b40cac9210f16c15defa8f128a7aac3578b543a1b
8a7446c,133,5,dbda750c8162089708bc9f6faf6a85e6e6249f0c03587981a3f5ff25cad766fb
046d467,133,1,e4549d41fe5f518b95f0421c906145ca98f2617f3b1e0e9161f69fb2db9951a4
c6beb17,133,2,f77bbd237758d2fd4f863adcfac463187dac976c4c1701ca6cecc4f6fb32c2ad
7a34bee,133,3,685ca0c851309759b1b26a6e9ab4a2c0fb9ba43b083f42aabf57688b2e4f5e2c
983df9c,133,4,fbe38ac32f8b2a39dbc83c33b1bbeaa1f2f34d5e40bcd99fa9ff5a52abcf8a6a
f02843e,133,5,693c8a4362e9a23e733f684c58f0e56fc8a8de18cc9d1dfc85e029d962319e02
4a842cc,133,1,a02056647d23ed7a3ca150df901d0fb3261ee2a6bed556e3f9d47c348fb075ac
8a5813c,133,2,0da75759604be0837aa12441fc19b2c860fb226ce6531ce9f888cb8f3daa7551
9594ee4,133,3,577d5a9fdba6aa268a48b11fb46ae9fe6254a33f607b589fb1f8fee88919deb1
40e6f7f,133,4,0bf6422ab5043bb4e4cb236a239f102d434b953a1ca9a84b37c9db46e11f871b
21133d1,133,5,d3b7ed849c2e24308485b9a093bb0eb901679e2f67715410497ecfab5bfd2d47
6cafb50,133,1,eb2ffb3adf51fbbd52bd373269bf25e1f2f004afed187e2e2a594db8393f850a
2129e90,133,2,ec102571fc17f3a92ab6428e1576aa4bbacc96199efc2002467b6cd464c4ef02
4bfbfae,133,3,741cbc0010048db64d7f64e469bba16556d4ccf7089d630c0318a3e95af0d312
9c72dba,133,4,378c72c837750c10f6b78f3eb983ed3669e495ef72a884239c1a1d5f7ba46fb4
e068a9b,134,5,29759d5a919ffdd87194f5e102abbc6277df96e06322807fd409495bc11d6809
7373a64,134,1,1016960aadf25fe481289d676ecba882a19c4d4fb969ba179ec164d12ceba40c
3605e2a,134,2,dafa0085bfd381ec8f79b51a97ca7126273e1d4005e9520a3a60b615584ec170
5810ac1,134,3,bcb4106d0d7cd72d2b209ba38ec509c634e57ce3d1e2b91fe88f293964f81171
1fc74a6,134,4,d4baa789918b342fefbe34f054295a2d412754cd113f6e00d48427d963bd98b4
da5a58b,134,5,ba68ace8c039969a4ff110aa52a30a4a1e6d50101c90547797483dcb4506dd8b
8197f4a,134,1,e41d7049baca66cfbb528eaf6b104395572edbc7a4264a246d2e8f62663ef811
1a26c65,134,2,22e742fc7d87ec2ad67864babbb9b5f4dfc992530a13fed129592a5f29504af2
2db61c7,134,3,75e7df2e278f12a88610d5500c60a98395571a0d2eb4c8464ae2102bb648668f
1833139,134,4,3f2f7879c7412e646680c335922e6e456fe4f5fa1a669437530f1e814308882d
12a1427,134,5,7d3774235cbd098303ee1f52c7ce2e8b1808a475e94db8660227875ea192332c
7faa7c0,134,1,30a1b74114ed46b445f8c1b173bfde8cc26bb3b8f0a91b9946e52a6c4481b055
f93c8fd,134,2,07784a76ed0e96e97aae88a404a2b3ace706320ecb9e72f7237b7b3f8e7b5457
eee7aca,134,3,62db35ec47eda43c51a0116ce5e18d0e22212ad85563fff73987eb2540bd9555
8bf172b,134,4,51aea36ec429ff413d8a0846776cdf25ceb46dde3bb7001340d601ee0cadcdce
1cc3ce2,134,5,3f1678865f7780f63e02c366371cada3cb703bf9981a4c8f5dec545d7c24cbb3
bf09b3d,134,1,4906ba9a0ee18645b233dc27c84c8b1516ebd9606665958f8ec482deec53c800
94e8b11,134,2,81a5f3472e92da3833e566e228a9aa460d8614e9b5d28adf715b9dbf382695de
99f6a46,135,3,232986c2c314d23ab35f1530234877ac8d1ec64725add48f05ad956fc5c87c9c
c428258,135,4,67dfec7ac52d39889ea1f10a4530588ffeb6656ce3eb3676e434563a1e2a8495
9b46cdb,135,5,24ccf28a6a7df47b25f853d88273b52e08643df982a493a213d7976a191bb22e
d66421a,135,1,8fe6a76a2332c459ba8de6685edaef0bb417413c33194db40026c11243435661
4c1784e,135,2,d8c0786ef5868adf4eb80ca84e7f7d00662049282d8c8fe47e8d8d1e69dbb276
82f301b,135,3,bfad3f7b61d1052886c71877dcbdd82027e22c124eefdc920b18f92b7a364406
978be22,135,4,a262dac5c3498a71f5da50f312031333841d31797e8e57d2d8e006497bea7ab0
540e96c,135,5,63207f355dea811e21fa49ba3de7e7eee4849ece307838ec663d2f7df19a5231
f5f7161,135,1,2140b97d931f78da34328db66184bde017c544f686b52725e2f99ab9327fe866
7b7b596,135,2,d2e3274cf963b971bfa6fe8b050ea4d8acd30e3b1c975b010db889a3e347bae5
90b9070,135,3,e87a799b6e3641af571710b3388380e53ea9762c4d9ae92c9e3ad0a1ac5c2724
e57c038,135,4,2a34a30712ebb46d1a1936ac5f64546b8371773ed14535b35a984446670f7e78
307b540,135,5,72d906dd4db4a1b58c806b6dd00a2cbce696e173f8efba098f5ec1ce6d66f2f0
13d0391,135,1,5205ee8ba5144058ab44d9bd8e69ae740ea103c0e901e75b50b8e4d60e946fd5
fb67f03,135,2,08d994016f1a9a40db7fdf50f507f1ee80878151c9976fff5eab8562d4b066b3
db9c634,135,3,994f259d2c45261f274118ff36233ccb7720519eea69abd33904d52f3950b5ef
1284ac4,135,4,df755b1a934ec294bb7bc92558c3c2a1739440d5d50def97c51c2bf19697e718
ca18c09,135,5,4b3b10cabf9e73b0907e9993bae7d7cc983b895c0c9ef55eee5f482d2db3714e
0338170,136,1,43b1e1b509173bbb0dfec3d6e0f268bb7a23d5af240e713af6c7a5e62b2cf559
e7f598c,136,2,9bdbb8fa01781f09177efa7e9546f8f6e96bfab44592e60ecbd8c99970e0f5a7
a7fe09a,136,3,d1d6a001bcc8501b251f8c1384928e63f1477b7d2e346b4010cf360579cc3c17
1542a67,136,4,37f2e6505308890bfc033bc0270d2c94e2f409bbdd434b35defe9348e3a9dce0
7b823fe,136,5,78cb7606ccf49ab9b44d605b0b882a4b08a07ed0cc471ca9a75451e37ab3f25c
6ad5505,136,1,b0f6e4c275a78d8d00050addfef9d89a31913b496de390ee05118873c7fed934
1d5fd7e,136,2,1b3c0b313be281d299bf683820978ace1b18b3aabdd9627d484ce2e38dc5d133
c2dc1f0,136,3,ba0debee75b3d4f171f501bab958946e024926272442cc778615196da7d59ad9
ea14ad6,136,4,435a9212a090003084ba700062b8c4d6f47638ae3b12ab8c0590e8befbcceab7
949e0f0,136,5,6ed7e5fac9e4da414d1a57f9408b749a68f10da50c22e3d8789ad520a6e58562
45ba8eb,136,1,a5fb25163b186821d2232406ad5a3fc055ca8367d3e8b3db63b6d8fcf82d15cd
e272e4a,136,2,e141fa0e782b38049f083c8c854d720d51c35be2a07e0f463c5bb0608f144cb0
d6d654f,136,3,2ac1eaa994ec48d300376055a4b46f964c7a90d2ee860e6062a8644f5eccc781
4215a86,136,4,1600724d3c15e1bc530b2f5bf1df7a7f42a6bb083daf522e152bedd9df34d195
9209bae,136,5,0de241793546c7e4fbb9c5b9ad2bf3d5af239f0a1a15262884ff5644ccddfc0c
3b16819,136,1,0db0cf4f9c37cf837144cd6041e14872b80fa5704d193776faf38a5799a9e439
295f8ea,136,2,bdbe4a115176f78ad02ef463d55e54b4a4e2745136d02bcb32006571cce88fe9
26fcefe,136,3,5785631add2128fd6959b49b8144060c48cffb42737c67dbdab78d2a096406e6
9d104b5,137,4,c2c186877922b2c0e5f514527395cbce9f406f472400ac419f80e18e76dd3454
e5a9937,137,5,ca19b00af22d03b5e3327bb155bce0303b5c0fdf61de0c792c73004276036a4a
bbea6c5,137,1,3a445c242dedcdbd3b06ec43bfe9f6de4a6a9a74065ec255391987c2f8a38fd0
b83cb77,137,2,5103a07de0db6537e5103d33a7f4153b2f77f3c826698b485ba4927ccb611e01
3a31b70,137,3,235926a3e618e031c3809addf6b0f55dccb9b080ef33b754f7f371ff50f7280f
efb6c37,137,4,e1963e0ada5d5bd66bf61ed31fb51bbca4b1b46e88a77fec1b53602e669dcc24
371081f,137,5,7a825c4faa131f99afd700593e97dd21a4f31b908cfdf00c16b5f19b1097c782
d2d6be7,137,1,27333d932eedbe9398dc2f7d1c9bcdf0fec1fce6d41ebe52f3fb1c48c0db7213
d53934b,137,2,38ba9ce80ceefd62217245eb4c1ef6839dca7bdb887ee8dface6e41836f34cb2
7392331,137,3,36fb7549c9f6ee03698c7d683c3c9e38ec6e5fd1f429c456bdcec57a6c1aae44
cd44a5a,137,4,108938d230a25adbf440334f11389402fcfdb49d34abeb451a0b513a4ab88a3a
bb7ec27,137,5,075aa109a82d0651733b7064b9dd84e7a2dc45cd85c1c7eef77d9d15f2694d99
4ec6e7e,137,1,902020eb72090e264cd88c62f5013c83b59151102519074351c5df42d26f1dd2
6040a53,137,2,8ac358cfcfebf08ead4d482ecc8a4892f1529bacb96462c9df55d81690e08778
6d19518,137,3,6904d6aa55c2b5beb6fa61550005edc151304222c1b64a1d319d05d71651a5ca
3c03d31,137,4,9d7d447556e5d6e21c532e6fe2aeb68c73dffe0c2b68b5c2d1e357409d11367c
2348e16,137,5,783587746c5dc050c39aeadac68d80bfa3a239082c1180c762fd9743181849c4
273fb7d,137,1,f5cad2b5503790c2f1bcc096703fdd7eb8ecdea13586a6e1118afe1f3a26a19d
e8deb0e,138,2,e9adbb69ce78e875e93b97287faecf25bbd74ac020c136500e6430bb12e8c593
80b8f92,138,3,29775461ccc5e7e26273194c282475b9b2b11cf66f6201b83bc08389430ff096
ba4f6db,138,4,09a375c204672e2cd6815039dc7835e9afdde27847f1f9153e11ecdf9cf6dfb4
7c4d4fa,138,5,1e9a526aca135282be69dd159b7209390b5d17c9eac7c307513724d71412788b
c2f9e43,138,1,e4a1991c255ee3ac91212b11e0162812c0ef628f453df3c29923e688e142b0f2
706d693,138,2,ae967f14710b097442d39bc6aa85ab18da001dd99c947429154844c81a943ca5
a58a879,138,3,d124c34e5959546f1625469f6147c8e10e0c9ae3a6c9326968087248bbdc281c
2ea91d5,138,4,f639f37d71ac64e8de287c5c86f85f0afeb32b300f55b0af2301df125b1ebc37
438648b,138,5,424f955bb961acc3d6f80e554fb23ffdc5a7c9da611cd5d7b298fdc19019de3c
8db93a2,138,1,2cbdddde31d6728c2955d03aaf1bd52aa9768caf525c5c04cf4be9f75a3cff51
2d6f640,138,2,bfd33265b054ffa66a535e787a2344fd9cf70c0d62d60df0bc410cd367a8f651
89ccf66,138,3,11a20c8af19b1d40f4dfeac0336a08ef326fc034526fdc4da7747afabc558728
105d8a4,138,4,9c88074d34a90ce0c49b6b9d584000ec6810afa0598dd90895b41a33f8014de3
713dfda,138,5,c112f7b50e68fae94f48e6a492623861b87aa1d14995ef64fe05e39515cc3daa
b300e9b,138,1,1ec40c44989b1fc1b8d391003d482c582c483df5d74c20f87ee54546623b3756
57ba363,138,2,b67b113db5a855c5c47588df01219a9caecec218d341e8d337c7d871a7ac3add
c67fbd3,138,3,13422bb9697035cfaedf6714dbf63a64807c90ebef2d4436a11504ee908d5acf
b09dfdd,138,4,248aa7ee6d42a757099b73355097d2c56e13c7415a72dcc8e6fa74fa0cc1413b
790af05,139,5,50cfd18c3c370defdedddc3fdd3256d87a145461c875e01be33cf550fa7d656a
0804daa,139,1,8359c21dcbd6b3e957fd39689699ac77f9fe008983a09e40ac66eb8f6f7f72c3
3c81830,139,2,a0e53d0fa5c008f7c4e9eca0c7ffd094868daebd6ea5e70610f67b69fd55a990
23ed908,139,3,9f9b6071bc0059b6a81f997fa1156ac5397c7d24e3adddfada313d101c106135
8cd41e6,139,4,1d8a7a15bae22fb5fed32eddac43aa997fe642782f235ee8e973fe9a415bd262
2290a15,139,5,112bae23af28566454ce1485fefbb42afead59849070060dc1a7ae830b8e8edd
326c204,139,1,3a5359d7311e68e701ba244bb46c48372baee5988497a753beb1cea4f96b0d51
f37ecdb,139,2,ee9f0efa7cea8b48748033b627c08ba9111e20adf02d173c25b64f07e8ab74a2
abd3b0b,139,3,9ac992594aebce43a3c6ab3cf382607a90920a695d0a6ef1d9af5e0e67942392
de106b0,139,4,c3130f2553c1feab19da7c246f3528c99e0c6079549cc81d17408141c0f3e37a
9251b3f,139,5,df721795501fc95b29891d5c404f85190e7f54848734464cb81d80a7455e2bc6
320ae92,139,1,6286eb5ccb89ceb98350687e372359d7d64d116760011559a2089cbf9fce6ce5
2472175,139,2,a12182c2e059f4fcc4c976a954be68fc45463e81acbd60db4934ed9199c7e3bf
7e7ed1d,139,3,bdc018af75eae7031ffbe305164096c666533621419c53b2617cc3f61d4e5c05
74b7fb1,139,4,561dd515dfb5e8fc10e15b7dad33a924aa203a9d7b97d8afbd04ebad1b3907b5
f05fbc1,139,5,1b197db3aea4619f7d0a6289d76454f7af10e7f41f6e4d82ed70b359a11a1826
e3aad5f,139,1,f92907dbb9e166888d204309595a9c3a8e138434862b4c7c6327043fce42ef3b
3154945,139,2,80328abad40da87a35040d2c15d8f9a97515d69bb2064bdcf3b7f70f961ebf65
e74222f,140,3,8d2eee2c53822ab1a4fd3f17bd84cb21a784eca764883d36381a7b7c20d20625
85e497c,140,4,f9e7f943eb1d219c09e0ddcbfca2aa2dfb4e625e689d0b363fb436ab1cb02593
4c03596,140,5,eba7c7d160ab42299045c680466b51b13b4aac3d14909f82f75b1b79d1d9d246
f0719a6,140,1,b01f2aac8b91f54fdc09b2166543f040207ee030736348a82930ac69bac4454c
e572cf7,140,2,2d758c9f8a4b98d92c94ba514ce8370368f74883afde349b6cc3350c4dc0b49a
c83f4c0,140,3,45ba6b7a84f323a0eb4bc6822c5dbed0f1497c727c1c781450c72c311b396494
47dc56f,140,4,51296b62850c38a1c23467803a40dd9f049b0f318ca047339ceacb343c3bfd0d
3ec8931,140,5,92246d6fe5f983ee6f0370f4b37e6a690cfa3923e538a5e1bc454bbe00e5aa88
9baa424,140,1,eeb616bf8bd1ccfbc5a7691a300813fc8331afa97cd12b6b25020ba682af8669
70e51aa,140,2,fc50d96bf4a65655938f4b659d81e15216601a56294a7435691cdaed8ac69a15
c192588,140,3,f95441fb8888bb8b86d6b9e3978858973611e7d3b08474a611392f6913c8faa7
669d1dc,140,4,39b34042a702541021b050dbcb78c7af0172fc5bb9dfbfe18f7c51d302676816
8f7be0a,140,5,71c581fd00773508310ffd2e581150a1256008b07586466d3de8672ee099d57d
6be1abe,140,1,bd3d0707f86fc5ea538ab09211eb4f5d01f9ca208b1dc1960cb6e993544f4817
f983854,140,2,20e397bbc302b7171bbb768ce8a0342f34d5d06a016a01c372c3646d8fe83627
bc034fb,140,3,c4be3a84e4902516ea9e3786f1407ab4d76f33aaffe173c5d896b57bf9b9de37
373a9dc,140,4,cc8663e3874ed2fdb76e5d614a52fd0959aa0358ca0642fdca08c001123d39de
274b414,140,5,f2e528195135ac64a1a9309052c7418f0b03a65e55bb5e5d95fe0c1513b05fdc
854c999,141,1,da6cbab7a36e5a45c13a3facd719e51fef4ed1089521dda880962c1c66d529a5
2b082c1,141,2,2c0f0f7822fc8e84a91daafef634428531af1176c6a08823053525ac3afe450c
56ead59,141,3,2f4f8d31fa153610beee3c2229b33a83cb4b7c566707344eb10e33d816b5928f
b8f5028,141,4,18eb3f79779f3cfb93e9c05447262d40832278164b62b2c0ab8dc8a48cea7023
93bb1d4,141,5,93f87644a3d604af72ba8804a2ed0f06e54d16691927c0b0501e9c39890e9d59
6852e97,141,1,f9d1510dd95ebb305af3ca53f793a728afda06075d6e6bef348c66c41c4a7b52
6fb25b4,141,2,111733809a121d294cefb2d88e6d71794a00db2bbfc744ea3972ab281d0e96db
c3974d3,141,3,02532fa0f7adff0b3c669eea23c010edf9d410c4f295926bea2683c5320c8915
c317e8b,141,4,4f465b1d018002ba84a1c663935835f78c454c355fc8559e9f7c2e6ea15622fc
786b550,141,5,7e126466d91ed56c2a8b30c6d7bdc8b79c8e767ab794c0fe6f56d98b835c0dbc
7d4d397,141,1,b1f05cc3dcfb0456ad94fa5d8be14c987e01b9fa039c3b90fc1cbc1778b2001c
3402605,141,2,b48f98cddc617381ba34f499f2f2c1d5d2ca7e6886f05ea5c9ea5502ceeb495e
245484c,141,3,47b4c693dc3232c09ce868d464522be45fc585b336c94d5e50cbd52b8ff74e21
22ed5ef,141,4,3a689aa0e2eb50bbe2238fcda94055f28470bdfbe8d5f72e05a89fcc894a292b
9f552a6,141,5,936d859f02c69035cf4721b61fea9ebdf1e2aaca2e7877ba5c42c3ffc9be3d3d
9380797,141,1,0fc27b1c9889bbf10d43b950923d05fa9b81fffe79be7d894c1ee30b9f5241e9
53ece1b,141,2,afd1803aa87370735980aaa791c33e113eb91dc3d7000e8d0327f2cba3bf4d69
40aedc0,141,3,b016d09a6479646336fb80e5f7edea76950f873c96d565ebd6bfba20a708edde
537fce7,142,4,132c706ba093fdc474cbb4de659af62bd45f9b587f49d629b9d89b154e74235b
c20344e,142,5,856f5dc7a0a22098fc9fce6368e179129cc7e4890c4286ca0f8bd585859c7dd1
b5962cc,142,1,6b99ccdbbbaa75db752346b994f8353b4ceee0433a7f037476ac76576826ca28
8505e01,142,2,22e9df37004359880538562bfc57d9ecb9a1dd4b201fb846db376942b89281ef
6498348,142,3,a10ca7264ecfd4dcd1c1dff8a92695fa59e813006d151e6691e4d2d6fe917094
cdff3b2,142,4,06e20de2391cd026d698f79537d39606886aaf1f6f1b94b435fa7f4a23b87eb1
b835460,142,5,bfa8c04f348bfbb8427e271df09872dde137d2c86b33c2d0d449321ee970e8a9
c8cbdb6,142,1,c9d17d1a896af6991b1ebb323d5d0830da3f7610306bdf8bedecfa2f2e392203
53cd66e,142,2,73f81e7c9eb53ae44eb8d71d78f26229574e479b2d49d0c2e1371777db5c8435
4f9f184,142,3,cc2cb19f29a77203fe72e872e87ad392e07d9f69855ab4ba3f20011e2c349032
2606118,142,4,d64d5898d43a92fc8b25019afefffa19b6f6846989f440c9dbe193b23ee51488
2305032,142,5,0414ae11abed81bfba04595073afe32e3a349204e2af31ac18a02b6362cc7fac
3e1969d,142,1,0148c099b484504e8852e261fa9678b41da9d16aa8ad1b3768dd017c0176af62
e9c5831,142,2,4116992837b728e995e73221e1ac113a1e599208c36e50ada1fd68ab0e43e478
7108253,142,3,33272cff988ca35be9bb5cf7ec5e66af0535360956311545bf65911c411b82a8
1c74f89,142,4,b25f3e495e181d98b9239b8de4d69df11e9a81da164d47d48b0b99105d52b2cd
bdde981,142,5,13cd12cae59bc3dad6acffe6d763bebd492c2e77484ade94b1559685f303b7a5
984e996,142,1,0183ac1ed054ea06b85ab0e97bf8515113e0d4fd0744900b256feb694241c1eb
41867ee,143,2,0e4e4f70ac42dfd8b8ef6400bdf06da746fa2b459d8a0bdc9a47e9e171ed2d52
58379d1,143,3,211449e46e165da8a1361b6fe745c0013767ea1375fec5e8b608a5e4269b7b85
888c2f1,143,4,ef3fc807a640ba0667a21d1e19f1d7f4756e112871b66ecdf3d620e3f9e6fb14
9f792bd,143,5,04347e20ed00fd05174116c5ed2cde48be0c2da42a08d8233d6850467d4357f2
6d5dadc,143,1,2eaa2ac7bc5b9545d978afc466ed4c06d28e10b578917b48ab1c56990a7fa8f0
3a9c6cf,143,2,930dc7f8e651fc839ae58c46170c841b3730a4a212fc9db593367fa7b5e11795
9df4209,143,3,b60e6d62fd643246bc28ce9433cda493a335b63adf1c0af215bc544a00e449d2
a250110,143,4,1772e7f1c4c9b29f0e3c0374e5055727acd91b6903caefcfcc60379137661573
5446002,143,5,e5e8539b1b3763122c145261a993fc9eaca1d0d45f1c75dd08a0fce3a1f65d2f
1039122,143,1,897192f13008f94e2d050bc839356842128da5f1406858297d3ba8d370e81bec
138da74,143,2,d0f429bb779553fbb766e1935919e8c8fb4a97cb41635c0ad0d0608f95c72633
bf041d5,143,3,06fcfb37c3dd21a347d38d3080012ab8d38e50b698f20a4af745bd27ce3d965a
da3c348,143,4,2a7df235e103d6da94d738cf75c9e1d9ece0d160ebff714ebf6efe231acdceda
8cd77b3,143,5,eefbb895d9e1fbd940676b6143551d4b01af1169bdce2869b509c74eec3b256f
302c03d,143,1,9757bb0ba66969d139eba12b3a807177c498bc96892efe7642cabfc28377bc31
eef9cfb,143,2,d7ceaf76999c569108abc412a376609e4f80c5b6fbdd0afc58d8d60d9863a449
79c8844,143,3,fad3a2dfc14f83331eaea0dfcdf4df5bdff8e7ce160a8100544dc266fe661459
0e9b816,143,4,434f8b4b8aa03a502ef5ea43cc3e1b142d8368ed0d0512b982bfeef8b6eaed92
8c8c4c0,144,5,26210aeedac6880448f783c215276ac9279bad47182e9c89f6d5f49303694771
434b035,144,1,b790234ff135d6c09095dc969b558155ee8425831cf120b17a953b647f076469
71c1f3d,144,2,42b02bc1aba3785c0b47eaa43076eb2e1b6e1b0103e80af879bc4929c3e5eb01
876217e,144,3,338782ba3547ca9ed88520c3d1a23233eaf1fdee1151392608e034dbaf6e8ba1
23acd87,144,4,ee9647c3a687a9237d57b0c59e1534fcfeb9913e326680de7dfe925fa6313e59
2e128b5,144,5,772a13bc9df336b7e419e021825dcb9e928ffb86443261e48da8d9e206c41952
0913268,144,1,61823302d85d81321fbb6eec645a91bd9b974988b069eb1b7cbbd50a2d65f7f1
b31ef08,144,2,8a0cb317de9f58dfb435ac230e4a33030b33c5f43a5d6c08df8a31f76f88334e
152c2e4,144,3,07b4f2258355ac06f291966338d2704c621858fd0223fa2841e3fec314be571c
a935042,144,4,eaeaefbea1514a00268a4a8025c7dc2516da9da742d1b68c4182c214dc7b1797
864e49e,144,5,347779ffd811ec6822cc1d795c0465e71169bd8dd20f6e5a54bd83cb86801324
1aac26b,144,1,7687f101ac0f6bdd9c4fa93e0702e5cb2e28d89ffad096bcf9c8a5d5975005c4
5de1aa5,144,2,c9d99bbca9b850557d07692f93e1f85f9ccf737ad7223c9852d9e7e7ad29d254
75efe1e,144,3,86d0ae18ef4c38f1c98179560d9a37ae38f5a2ca6d31a3bd88f4a08d701123e8
5ff1aa5,144,4,dbc96448c3ba1be49e6065812c0202947dfdb6d01e8117e155c55020a4b2023e
f267c3d,144,5,b0ce1a34f477ed48b3aa2eb58547311a63cd1fd695edfc06b17c0033255f60ca
2e8c47c,144,1,c8b0df9e933e56e605f621ae7245cfe06cff4322239ef7620a670696a8a596eb
f17fb05,144,2,4bf58f31d57e4cbbecc7f632a42515f3aaa7c8a595db8f881bf8ec27ace1ec6a
acc3c33,145,3,2c22d4fcdb0cfc14be751ba6496cd5f746ecb077fe5278f4f377371f8b15d3af
ec9d365,145,4,93255877f38c0fe3e4c5394287d6a436e534102b0151c0657d5150e29ead3216
4ceefe6,145,5,c9c1e6b5d82dd7efc2d1e7fd77845f026b973a253ab52cbae4be500108249842
e7b14b0,145,1,93095e4b954c16881457b547a15b81a29ccac8fdedd5e59c87437eb0909aaf7b
3306441,145,2,e2c9a1dd202e3e11aa9c06cc28f82dd3f92cdde76d55d2666b669b504e9be12c
7c2dd03,145,3,eb4970effc7a479f90febf6eac2c356db195410279da876ea907ba88bb488e25
d76d97f,145,4,9144b86461691d44aed7648080cccfb430f03799cd8650d5fffa37f963e37e9a
ae3994d,145,5,ba38a9d604d34467eb74ad71866fc31ca2ca84ea48f1090419121641c51a910b
6e9ba8b,145,1,9e81462c083271bf40e32d319b2b64949bd9a44902267a409f4644dc4166c50d
b7248bb,145,2,6dec364f1d960403f9c050fdadc5d512c30a76d666671c9e572f0e2c6e58762e
5719951,145,3,e9ca857a70495e14ad51c4ea036b7d162850b8363a793393810cb3c145995f9e
99603ab,145,4,b7b359c52826f1f978044529136aeb3b2f69d755c407cbdc5f5b1b1f5dbdaae8
97ab7f3,145,5,84790acd5fb1cd52ae0c6f6833061f1f2fb783c702cbc65fdb15023765b84473
101b994,145,1,8d2a90476c746e6920d98140624823de25c9aace77c7ff65d65fb12b7172391b
2024044,145,2,5db6d0dc67692184e988949dccf276787200fd9f5e2948552790b992f52a963c
078f997,145,3,b808df1b246d4680ad0e9c9c90753e7157392c6ba1e9b9e6013d7b84478420da
52393de,145,4,a11a6e3d46ac757cb2c8b4c79a4b927528c59975157e5eb8f7b98372bfb89583
edab83a,145,5,75fa25f1b0adf2254d537d1f98890779cdf52db157798e5b1dc17e22dc8ccfa1
1db605b,146,1,13c7020155ece4ee65ad08fc0b19f418ed08684677a5263730026f0805fc4789
8947d0c,146,2,ecaff407099d0ed51b8b1cb42c648add04eb639996a6dd651f652d3b4adb3036
65b060f,146,3,ea8889dd2bfa68aa28b030c5f82d1f3307d96d11685ea0c8b5c612de9f9779dd
04af97d,146,4,8f4d0287b838d7e15854ac4d214b997adf3f28da2fc8f6a163a2794067959bec
43fb35c,146,5,fda494a63f6371e46764441fc1eb457f251dae54c891e954a8b812fa85f2f82f
d107e54,146,1,0a790850c765ccf40400a77800edb3b3cad372cb50c1f582892af56d42615004
1221dcf,146,2,67b7db4dc5dba83a891310ffca289c0e853a78a66267d72541f3f9328b9cfe6c
bf85b45,146,3,6a6a3c03d2fa22951e1ea50ceb7240632c2abd3cb8e3e87bacd9cb14306a3ea9
6372aa0,146,4,0b112b900d4daf83d0e2f453eab29a8f866db44b18145454a110c70af6e4d399
4aa9f4e,146,5,7f2aa936f0d031043383220024ea242182f01d8160758e4910de753ab719eea1
053f99e,146,1,e5584ff6d4a97c08e35941f4a5908025793e6129c2b48b67c60b2589a8d72a7a
c25ce3f,146,2,44df7210faee9758a7741facc3429401ae186e39aa5eca131c35b10d53d82e68
046e84a,146,3,28cd24ac900aa4da441ff8e9031ebbfaeb1058d7b3ab46432df5f2f3f36bb048
1579cb7,146,4,966ff80023d9cd71dc492c04f9511aae6a668d00495c253429da9643250fc4f2
35c806d,146,5,1c0d1ccfb3911eb71e07719608c00abefd6908f8ce68bf5c5b4ddcc33a7b28e6
d8c4ec2,146,1,dea96a0135f98d2c5f1bed97c1b07601ea53827d030212e8e85777bae9cdb48a
c766758,146,2,895b81cb1c5df480ea9ed8de6c49dce343c770319783ef0f20a5a7d2eca8930a
2bb8a01,146,3,c756b0f97bdfb42f9faab47e4a941dfe9c3b2c281ef5f01495166f2c52d900b7
9c08744,147,4,a7c0f8abf60999e3dff9125388d68af501a8130c4e3777df436468551a70b475
58a9eed,147,5,842967507f9705cd1a88c4aabff684301f52236f067c2144e1f6afddda58fcbc
92a3030,147,1,ad5adccbff565a6111b63878fe3a255061fbd61d55db47dddc146f5876010faa
2c5940a,147,2,785234661ae9075dde5c75f8aa4fbff67f32935c61b400bab1882bad41b2dd3c
d24acda,147,3,6d096994ae58344de4c199c5cf6cb859324fe19c65a13e3b848319bbfc7685a5
b2b1d1b,147,4,e9252790a68ec27d42a22badf8f98ef733bcc249e8a722a4c273e00b7e828467
0f393ae,147,5,d00caa4902154b23979678b18d0b6fb157faf4ee2b909d6c9c0a8b7219906c2b
36e8507,147,1,9f92212f17c6258d28e0185b793dda8eba4e5330f553ce5d7588b11785f48105
aa59609,147,2,c1ce5db04ef1112f6125e744b9688d334d04c5164fd9fb18fe57404c04a5d5a9
9077883,147,3,31eb0b17220f60f4259f9903e38f5b538f816cd27fbcd73e1da84e0666ffe636
c20d79b,147,4,407e64424954433da492b3799357cf91a6df66a7179383dcc34dabbe7bcad344
d73b983,147,5,4fb5590d39ab3729291d1fcfd04466b04bf3d473047082641e3601c7e996d2b0
44bde0e,147,1,a34a70f059a1bf88d47fb2646f278ff980427591fefde90b18486a09d7d136f7
8acf0ad,147,2,49df6beaa4974d6715acc28877d8317a4a8f18ee87d119a5a87e8d8e9733a32f
da452c5,147,3,a2b1961ab2ef99dfda187c69b2a270f455f124bfbc7195f82eddd7a05516fc72
f26c2c5,147,4,1407a90e47cef59c237911f699a5213109dc8311f1e5898e74db10ae1eab1a00
9e2113a,147,5,a7d3f916a935aeccfc8d6ebbd5962c90da4f52cbc561b288c4238001e4fa9e7b
5112f8c,147,1,59fad4058c132125da7ec064680fd487533e625868ad49ef7408350797d4b2e3
dc06527,148,2,df7dfe89b1f85f1e24035d02069ac95036548e49b1c1aa54065d455ed522588a
7a7e7bb,148,3,ed6a8f158b9dc286baaa9915aad7d27f99725d9701cb66d48eecb3c0b3493d93
01a53e1,148,4,66836c93cff525ad28ed6c983089a3fb781f1007a353845ed5ae9c3e46aeefed
6cb0aab,148,5,e8aef32a3112233bb310d42a73fc86e8447dbafb4357d103a69bdf967aa32351
4b96296,148,1,30bb4565d49f5a30f3fa64029dfc789a50db19d2c49c6ae2fc1d6f18b3cd554d
be4c667,148,2,22d0723e176c4010e98c7e70e2fd1b81e4b64bc83e6e8881dd9b6036851cf959
bdfe5c7,148,3,99c04b594eb4d719b599970c0adc3a21527a47467f2164b196236cac022b7bff
47b9921,148,4,39e99cedf3074e2d3951b11c318f7f98b3b45b66e6ca7d00ebcb3dd41df3de40
5415b21,148,5,c4e45bac616d5ada16f7246458a4e25ebc180d53d59618f371aee0d5098dc3e4
d0a6d84,148,1,005139fd5a17e21519a5d461eac0357302ae81e9b87b3a272459f238752a77cc
a657a2a,148,2,b4fa6cfa80231ee6f47beae25e6a2579cd3391581f81fa76d183676a2200e089
c1c1d81,148,3,2525cdf52e304c76dde765c1d2aa541e57dc70217b07b0de5c8bc71812e400d1
8336072,148,4,58bddd7070c6eb303a9d827eb80212f1375348520cb1946e91b018a50fbc9c87
f7c1419,148,5,ba4701847044b3011f7bc45684be4648a7574dc4ac6e1f139c77ca3b4782c765
a7df23b,148,1,2e8a1b24a663cfed91f694ac85a4239ca58676cf4455cf05bec1fa5e6ff3a693
a7cb084,148,2,2b704ceee1ee4717643651da824e561751a1922c7a329b267f905212f4c0c1a8
50cf267,148,3,5127c90a232e35a0042a1c1c04a2f834817c9bcd41a30ecd6859d4803f5af77d
480c834,148,4,4bbf4068f76738ec540614ee53c9da795a3d2fbf555ef90b210d86919342ddb0
28028e0,149,5,7ea1c405bd2559a16d2c4781da51225be55974dfbe72fd2337b3077492d0afb2
83b21b1,149,1,c7b912f7deb48f9ef26dfd3247f7f899a28c9c9f2b87a8a6026cc80c27d45aa3
5144819,149,2,8c354a081297c56a68355973d0bd2e1fe79b59b00d914889fcec41c1c3721d74
d2196a3,149,3,501c8633f3366ab5a87a2b0c4e2e8608e5ab35fc5c700f098843b30700bdca1e
1868e57,149,4,334c09e286ecadde0045d6240fb4c1f9c60228ff1713d58a4fbd4cb98ca2e8fe
8f33bf3,149,5,adcbe614ad6f0c8133ef7d10e5298ba9e2e823b21cf645831d53af465f3426ae
d5ea90f,149,1,8c156aacc85b5db9710c04fb192fdd42b8dd513ff8e694e521ce3dea8fb341a2
d48d0fa,149,2,a89848873cd33652378d12814bdf39a210f59fcd7137c62272cf5b0cdf2e2a2d
730846b,149,3,15c6ca94ffe52542af4284b43f88dc12897ea3d253fac35bc0d35a60580b6cf2
3df3c06,149,4,e0343441f2db2189cbb0b2557fe4262bd92fd7efaaa2f51ee9556f5c00a73fd4
28645f2,149,5,93d3a837c00bef551b99e7ed806fc593375b1372aeb597dfd19c47de439e56f9
3cc72ff,149,1,8dd1b85b5b9a1004f804cf2ad66d9e45ed2408e27c7962fd70a8d1e1ec1a68ef
4f53e1c,149,2,8ca1a15888a2b6b8fdbd4f0d82d3e1320fd968f54ae19b099a186a2c9e722180
c487f64,149,3,39314b7c53f875f25ef24e9399a911f810771750665515c2f24ab296891a7676
d4df1ab,149,4,be1dc867e133a2f207f060d720c8b5abc92dbc9fcdde17848928c95a5930ceec
178f445,149,5,7b4dd1f77f2a33dd367539a221a6c942b9f09f5d74a1fe2692f61bcc7417c561
1cc8f9d,149,1,6e1cd9329f32e5104018091c045083584da1ad23407fddfdb703dfe7bb6fb8bb
0b1ab1d,149,2,2eb7c11b808c7e75978262a2ef763fd0f62bfacb290407930bdc353c866142bb
c5bd38a,150,3,757ff1ba5ce3f2779bc0abb4561545d23de60b885f581687782acdbe6c02f574
bc650b8,150,4,c984b9d14a226ee1b467a32833695a597dc26cd394e8e79a965a17d351ee4d04
fad3429,150,5,f5d7d43d6b763847cf7a5ed1bd629ecc1143e43cdd60ef8d375f3687568cb6d6
51a3194,150,1,23ba023765f5c55790c618c68d63a69eeaf0db0c9443566195411a1d70392d06
8745830,150,2,278cd38eb4373eed297bfd32947405f93c587549ed271a0ce6e401e9723ade42
db90b66,150,3,4988ce2f8f1d98988c64044594a03b6151beb44eccd16d3b09922ff4d8f96c33
71c9986,150,4,846052b6c34506a01d3b1d46c7fa29db8755fa9e3ab245c2fe9d66d1082c8fde
62c323b,150,5,cd48854c6186036ab7ac558012cd86e1e7874628d66143fa93ce87e335a02206
4d7d425,150,1,bcf1f78555a7af542612a4512377fe48c428adbbd6355206d4bfae45613bbef7
195345f,150,2,ba3bd4e98a0c300ed641f81a8ba5a44ef4db74249d1aabe25d60057afb87b054
e284ce9,150,3,d5ced13218c1dc6f860c100e61b56ea947230b7a23aaf0f7edd94fa163064172
545d121,150,4,c5d0a0f732fccd603e7073814eb9401b6a08cbf43fd331f86c8299079a38deec
1ac3740,150,5,c77d49612a7b439c20d5e3b7e582ac41f5fa31f54d4e1fac06c34a37ab3dc8da
b8299a4,150,1,128c8796e6429158c7fea60e53d20386e09b697b3921995a61235e45f737b3aa
2f7eae5,150,2,545bb21c69a28f0714b169d01110b14bd21f761b8fdeac018ee5a3c0f42d51c3
a875d6a,150,3,5e9c6840a2bf8800507e90ecfa6a24f6da793da4070e0e26d433de79d0026bd8
5b54ba3,150,4,741f49ed4341acbe7d27afd40b914c3881d5e5f4a70e8bba1f71797405708b43
30be42a,150,5,03ab847b791a69d269af0fd3bbb74869028a4123cde60a623146401a50de3c06
a1b514a,151,1,6a2048d72ce5c500d1ebabe2376c613902374eb624d843133a1a138f6bf2aec8
421ed60,151,2,0bc5d4cea4078f284719215aa23ed61b3ccedfc7f0c5bae089e852f031fa6fbf
87a9424,151,3,84ecdfb2a8ea6d22aff6ba87cc38c0717635647335bba7f3de1666e368b859a3
442479e,151,4,8cdd064eebb92cb1f7dc3cce1f27d4c9d791d6517f3a5b7d5a1a3bb0e13b4c40
ef98af3,151,5,40173cd0c81ee08036fbc579b6fc49965c009680d208e24eb8021f6ce5174b7e
2f0294a,151,1,7e0969955450635e8a3d18f5062287e9d62df075a33f9785a87e9ece451e3aae
b7d0710,151,2,8f53ee7d2bc59ff86de88ac9ba423a6f04f6c6cf6a151782321854f7bb970295
2ec03c1,151,3,3875d595fe52bd4ea49edcf373fa818d7662614468030733deb2de53952f6061
c93560a,151,4,c200152d6b127b47d109fb482086d6eec805161b11999cc6ee6d95ffe3d823ab
dff1a03,151,5,bb99a91cdda83d259eef7d7fc0cacf0236817b9a0a82aca013acd94c54e6f5dc
ead8b47,151,1,59b2834e3efe65d09247a6ee4df9e30fea157c1c0accd5fb1f656f0afb646f89
54772a9,151,2,512d00fcbc37307b9377b60b16ccfb365810148c853e7cb5d60c2f84a76e96ac
3e60172,151,3,233d854549ff22af77cd168f99ec8582b34dd63ca4b0ecc9d717b36ac84783d5
ef5fa8f,151,4,af0efb5f3c50ed99aeea91766de67332cd3321eeebc2dd83444ebfe46c9af829
1feabe5,151,5,90e92ec426578f2fe0499545261bf9ecb05a1a004fb49e0028fc549acf84d7d7
4b8ee35,151,1,6f325e4d75f1995bb66c12d1df0f3a59c236dadaf691284d174cf7f9e7367426
0ad1f49,151,2,22bc7fd74b6c0e69eea12d28ca6a0628470b05ffc8e4dbcb8f1426af13697dc4
998557d,151,3,edc90b85db7855818a2bb8597f539ed4f841d993607b9ea95d0729ff930ce48e
d2d7ffb,152,4,d3377a8975ec5d61eab3b3a0ba4a0e239398f1542f7d41498af5926150b3d206
c559e18,152,5,4e16cc45d96ed08226bf38fda4313e55e5ef3b524540dbb945fd8e73d926eb0a
5b8791b,152,1,6b61845f27624d562ea1fb35bffa4ed39b5f34f71160b3d86d6f304e297123d3
b93974a,152,2,13439bc8763940a87fc60de14ca31c29b23ac3dd211740088324ae38a3eb0601
2af2552,152,3,df3d7a8eab5a2ce7e46b853cc915cc74af6c58a126cfddb06bd6ceef3cd9d460
a6dafc7,152,4,7db43f697b8eca95f923695b287bcb1f492c1b272b63cbf2057a22ba8060dc6b
78c4efe,152,5,f9fbf49c46bc82dd2c2780ac844be21ad74c6b40ead0361d492d6a727b683998
cdae844,152,1,a198423ab25258e0af22ceafc00b1c47cf0629a2c1c6476c2f34540846719d73
5c80df3,152,2,e66e57bb3be3785276c809aed4454d4d2ca9d8ec93d726849adb77bcf50ea574
8100b68,152,3,131456f67dbf53e5d6282c937949641d658c16258e4c43debeb02c30bb98be68
6f1773b,152,4,71e794fac970b2094c87434ecc6648337dd22426145c133817dcb3b8e36fe00a
3734dc3,152,5,ec451f07009fa37389cd74a400eb156cbad2f1bf8bb487640dff69b268aa1332
aa7225b,152,1,6571a2568bb3a5616f45ff928e11711f847e7b46e1aec0e73413f8c652051412
38b22fd,152,2,f7f1bcf64b3c688910cb72e42abe396c3195b8e26210bb7585fdcec4d7a603b8
dda3ee5,152,3,2daeaa17799b3e2603b6db746f351ffefde282798cb0d8081eeae83af3e704da
edbe3d7,152,4,b9e7d48f6ebbbd0503a96936717e3d3ce8b6e18e8e715afe8a47327ec2cc941a
fe936f8,152,5,8d03ce605fae74497f1a2254f48f59b23fa80756ec268adc271833a3864361d8
3cdb2c8,152,1,9ff68df5404ee1e58850674657e4049feec8381657bc4c7dd7bd57663d69d413
90cc6f8,153,2,73def0b657395d243b600cd06b556518e246e035fd235b1421f44eeceffce385
66e9092,153,3,be2c9c5eaec7cb69f84637a6285e67a8cbdf6106b1a8e0d51999695f71836959
0ea0f0d,153,4,35edceaea263dc236c1c36736f35a0f08dcfb3624d013bd47034c70ebb92a5d7
4fa7dae,153,5,449f63fced6b3a8f1556b3e4f200d91d4864938296b4477ade7d93aacd7193ac
6dd6055,153,1,54804b622c0377b7887bd10a08e1dcb08bf26663fba762d1311055ff3b9228a8
5fcfe02,153,2,f7cfb7f8287ec6eae82aac4cbc609102831dd08549a7840a782f4967f151c991
5a5ccda,153,3,657a6072e04be3816a972e820f14626ab104fabdff07c81782028e0e6e732b5b
37b659c,153,4,08d794d637bf6867d379f7afeb5584344b94bee971705578ea4a064ff857315c
2ab0ffc,153,5,41e4e3c56a493c4aeaff99fafc0480b6b6b629ae44fc96bef5537ce24bc7fecd
1eacbaf,153,1,bed8823d7af448f94eff85136259858bfe86c033bf1c79ebd05d85b949ff4f73
ac84bac,153,2,429da0316caac46cae68d8bbb8ab51443e0318553aecdaeaa016e3afb4a653fb
eb30a92,153,3,b3c12eeb51f35d4a338ae97db54aa9b7ec5bea5c2991eaf0d00ac463189c2925
dd96c5f,153,4,cb7e977be727afbb91819c1078e53cd52f9c3655ef48ce5a5aec8c82e925b90a
450aa09,153,5,143fbded15f224b2e56033d2748d4dc217ba5d35756b8f5cad9baacbe5edcf09
6828721,153,1,95610dc9fb7234ff50c814343e2143be0dfdc976dd72f91dbbf8e409f0002c15
433d0c2,153,2,c24132fba245aa1dfa83850376720be8700b587621ff5561250d424c48a5a332
4ea0b14,153,3,0b84790a9ac9e6708d2c2b3beea298039c6a88b3018df6ed6802f97d3031d9b9
161a6b4,153,4,db26e1bf7dfe4171a4bdbc6c06bc5c2c91bed076507b50e0d0df6d6a1f4e3165
5fbec4d,154,5,4520ce28e50fb84edbec3c63ff99c1749ee0708b49d9d4f0b8ba19fe9ab58955
28070d2,154,1,28627440a2a0e3832a2d9633bac57efc05f7bb00c44289914e49ee0b7d7dbb87
ee5102a,154,2,9440d08e23f526fea6370cb89128a95f7ad828fd926d580f241b5d04ac613366
8fc1fe9,154,3,aeb5ad67bc68d369f24a2358c7625ad1d63002e60b6ce533d9c0170db2ae20f7
56f5293,154,4,0eb1a97c60aeaf094945d35a8184328d9e633357dbc9ead034e5c9b04e1c4182
1fe9c77,154,5,70f3501bd30746deff174ad9d0e76d2a1c6e89b9e92680371f72baafccef810a
53b8ebf,154,1,bd4f36834fb8ae960fbaafaaf48407d709d52651cfca4779d76a0455f6a98e31
218778e,154,2,c939668dfc063deed8f805bd0ee92195035a35dd95e9a659f6120279951bb501
3faada7,154,3,fb6bf95a4d93f02cdb335a112306927f4b253ee7f9616bee1cad5b337d40e5c5
8a9e3a3,154,4,fb8f371a5e85a74c98c047cf739b8b6202a2055e8af9305855c2951037711b90
c2b5ab0,154,5,2e9814052920cd9ede26e2fa3caec48b9b7f80b43f90533c9dd7948a2d520a33
a10dd12,154,1,317ec9b736df4d63e32e6292af12cb2021b7c4fcb4d973b8f19b2dab7eb8324f
e7900f2,154,2,91b7ef2e80d758e23966a51b21c9d51f5ce2d2756c9032e3d720eed878108c82
c18808b,154,3,ec60453f665f40e19ff169fb59e8e5a2f1871fd2e0552bed26c0b80948c4f89e
f4acdab,154,4,ade10dafba09e0769388fd3e41dedcc84214f117a292713b7afd04b8d387a6ac
1da8f12,154,5,99c41701718edaf147830fc892b1917a1029f4de269e856f95c75ce1726b124c
191f567,154,1,0896e664522a932e10b7fc96d3c54d752907c60a4754a612a2cd8b4a0651b414
b2e0ad5,154,2,f8e01ef34a826b4026e922f61d700a376d1a7da1dd57892d0caf2b949e8cd0b5
3df743d,155,3,7b4a9ba0be87c9b92cbf5ad3301737c632b8c30a9dcf2d0925aca398cddda5c8
de607a9,155,4,06de99b15eecff8b8b48839d30f2b915e2e07e2602227d9e3aecd67714d20908
34ad8eb,155,5,95fc27eb31a18947b6813e07dcbb20943ce9c652d99d415bc8fd232667eac98b
5edf56a,155,1,715a521deef96d9db90d1102228c4326fddfd08a1cd054ecd1bd88eb31eb2cf8
106d4c6,155,2,97964f5cf03a584298f9aa90f951b9d01cb22bebdaf59248c9f24747bd0720e0
43a5fd6,155,3,b1d05b0141db6097130b66aacf7e8b6dfcf578dd1adcf387725958ca419c0d50
64595eb,155,4,347517e399be9a7efc1115b99b1edc1e738f931bee32fa6d75e3a1da7a773a73
4caa6f2,155,5,eb3e6ee4d50012329c3869ffd563ea291f78307334d3a8534085e540ce3c4070
818fef2,155,1,b8bf614ce7d8208b5dd162e215a2bae08d634f172792f3568e781b7a2906d173
402c653,155,2,f7db75c769c5593a8d4d49b50bb83feacdb6e80fd53a4f9e6de987aa5736df1b
4dce904,155,3,bc1d1c2d1f9db0e05fd0f1a671218c18403ca8a50a6c1febaa5d50909415db65
be9f270,155,4,8faa9d0e74d0153b30d7b20e3f4b0da160c87309ec00499930a9db20b149a27d
87d747c,155,5,5476b0406a337402832548e53a967a08fcebaecdf5056a04d973219eee1cf73e
8950f29,155,1,b42089ed19fb12b457c9a975175e3f4b709b42d945b1f5aa24f7af44fcfc43df
fba8915,155,2,ff6fc0816c2ea8bfc800f7c56a1acd4f5c213a37996ee20078c0c7410536d305
9740146,155,3,6856b1f709dc27dff908019a0ce03db082da9a7250ea900a1f578914b970df30
b754ee5,155,4,cd220eb8979b0f7dea2628de247c3f793e6751d1eb68cb50c2c0db238f7e1ddd
fe0abe4,155,5,ff0d800deb72a75ab29fca6bac25d24a55aba40b3bbf968716bea3b1c08b4b59
589fd79,156,1,2edffa26ea6af9be3eb61ef3593380394d2073e834c07cafa52e51f9065327cd
b4d6682,156,2,7370801a9357879ac25739a876f09fbc0940c6aa3a39b2fe6bdf4d376593b305
90af7bd,156,3,395a79d1aca0a5f00d8d8d05c3ba2ca63f7d20369e065c38424f0c4870d1f0ec
7c7715f,156,4,881046b701cb6b1d6065da49ef6f4a0d090be9f6c354935c104a7a4cf3ce81b6
9d90fe3,156,5,8d8a8d04f00a1bef2f1e6bf8869ba77a01413a48824fb0882c5a810f5c20ccec
0d96d4e,156,1,728ba8314b84a44856a6725251c403512be590645ead13d50ebda42029f1062e
68c37d4,156,2,2cf33a3867690a8fbdc2ad615a408200c52bcd5b1cb916b87ec6029c62f58b9c
b558b1b,156,3,8f6228f12d909d0b41fbb5fa1ce87ad907b24709d686a9e6282238df831b7b6b
0f20721,156,4,276916629dafe1cb853058cd8ce7b6f91901e58b30ea179c19e634ba376812db
99a411a,156,5,038b9605040072f730c5e51349e290fb8b19c350c86a3b19701bfd4722078736
aee6430,156,1,7249abb5f3a4a418aa743211f1600dda517546db67df5dc5f0a21ace833afd32
48d2e18,156,2,3575182a2db4fc9a66fc30b05ad0feb64f43abae78e5b97f62a81cadc639ce83
081db56,156,3,bb2394926a4e806a774fed3188cc8fe037ab06ad72500fa1b98e188ed4b0edbb
24e9709,156,4,cdb01a4e21fbd5f58ae0d6c9e967a44437544af352630b1a0a31c2394621d17c
735de2e,156,5,659762ca2533b1e5a5682c0ea0566a4fecae7071754e0698e0c4326a3df106b8
da8c829,156,1,1fd6d73fe142015ea078c45b9d66cb2c07ccccd7cf5ff6d10562528876ea6352
cd0a006,156,2,a062d83e4050ea3ca02dc203b0afb1952fa1a9f379c12260a3119efea6b8f2c3
2a847b0,156,3,a12b1043c0eee6a641757180cb10c960cbcb78c9914ea00dea06c3ce01c9b8b2
8a932e3,157,4,14b2f639cbb11ff1eaae6b8324db0d7e38107a4474e4e686925bb84c431763b8
596c46a,157,5,681232f408111279b20ccce86e335060ef60a550ccf23c02b85c7553760b7737
e70d68a,157,1,fe35053d0778d177da885c0daacb7883b9652a474fee6ff23d0a23e481ea59ba
8d67ce2,157,2,db397587cd0e17955bdb4172a142d7a143393504ebabbdffb7be4e9a737b4eab
6bd29f5,157,3,702fd6e8ad791bfa4fee910e9a4d20ec60f20c01e370c69042b841c540c90388
650f016,157,4,4d461d493173fcf9015c773f1d8f6dc25b1536773b289a78d5a7b310d68c2952
30ff0f0,157,5,c00c48051be8e637f22e502f9dc5da7ffbd8bf2cfdf5a68f434e853d7076f09d
8bfb48a,157,1,ab86359a3dbb32735b69bb455ee49ed38660e6420efc97c89af48d4d921bca59
3a17a01,157,2,b5d4922c90d780e34853026028fe0c67c06133bd48494e20a93067118590a7f4
61c5578,157,3,673972ba1cc9fe1e1e58aa2199b9f65f8468016befc898a489deea36dc6802eb
b4885af,157,4,8af552319c2790040fc027fca0acfda152f9e5891d7280f99305eff0d14ca3a2
d9503fa,157,5,b65d080ac08ce9afccb995ec84b57ac80876094ef695e2aa88b6d99c363f79df
d2fb7aa,157,1,44e14690b234b6855587292a03f18c59bff27ac74bc56f6238425b095b4b808a
88d8d80,157,2,23e44368a8f3207d2df443a68f23c19576bc66cfc27cbbe482c497acaf2d2359
399c926,157,3,6217743cd913292e52716fb399a81005e8a84f3c362f4039bfcaa08a3f5924de
5d47f5c,157,4,24317b02c80dd4478df36f4909269fef12f8e72dbf6ad3a33ecbba8d9bfb9567
f0803b8,157,5,670a15a775136fff605d5c993b331251c55cf7f25cad1045c2e013bb64a09ee5
a478f42,157,1,146455f449480a59acc4f104619a16d3e1d55f36377d7f60c3c6dfa019144f1a
80f3e2e,158,2,010a8d319114852a2c44c1f35e103d7e89187e5a19d05302c3706f8915d9d035
fa10fcc,158,3,f8906e9143405727100392d00924c3bebb839a3e459561e5b9f01a407f4930f0
2b87338,158,4,30581851a14fc6068ff5ac262b0d9ba59cbd7c4eef408092a4d9a2942213330e
72bb125,158,5,0abc3287bf9e4b1d2d644efa3c2e0be8106bb4c61503e29fa1a9838d3def2d2a
48b90fe,158,1,6eb87acde94703a9e6c8aea5ba7a4eb7f8ccd3274da91931fa06eeebeb431923
ce5eebd,158,2,cfd19808e05b363750849f27dcad09ae970c1c993aa20f6d0cbeb51a2bd4cdab
c1eb255,158,3,b770733c5b86377cace146caf21bfb0242ab2b6f0f771a284c41892456a5e918
12ec9ce,158,4,63a60a5caa7cd73d84a31b4189c85adbb57971a556df3ceaad179799cfbb9297
e0f1d9e,158,5,c3af95b7a399b4d8c6e83294d09b748172efea8f4de6f84cc11f65fc6d75853d
470f64e,158,1,939602aaa35306721de0601100e3d47cff1b2d77d7a43df3a9cb9be0c3cb4505
4799bc4,158,2,6bbe0bdde2f4f299efb4aa18351aa139a5644d6815e4d07eaf09a61261c6d23f
cda1813,158,3,6a53c0952f34b55080819abc8b9d3d0b5ad45b3dada4cc8252f168d004c98976
ad11bff,158,4,3ff789c953bee23ee609cfcd51083405d7b7a06e5fe97762355ed06bd0bdcd4a
4f70228,158,5,a566e46e1cd974eb5a0ea419418e89a59055fdee9781be4f873d09f72d62de2e
a658683,158,1,3f34c834676d85ccb0e478a794b9b5e2f773cd7bd5a2b298bb5516d8ac416b2c
33e6120,158,2,123157e257dd8d86c7650dca5c930e60d20fa45ad60b3aa1ad5894644b8aba13
d2ef605,158,3,3f88a511b8deda308a5cb13b11ba49eddaad814c636bc4166e526b5cf61ac77e
af9cca5,158,4,66dcdfa4dc36c19dded6ef13f26c4b226844d94a1ce1f00982e7556b6ae24941
2705967,159,5,c242ba6f636e289bbd33efa46c37a44b4824c06dc9957e034a85649d8d3ebf4d
d9cb9cc,159,1,58f67c949b4b7876b0f4a70db5d59e5d28621750fb9c55f1d4766284231a3a92
c111d3a,159,2,a7a67905db7b02792c4bf929d750221c8bbcadc3921742174496644501f81b58
47ac3aa,159,3,e7eddf6bbdd39a4ac16c009324c548c41eb20b4267ff1d22fd4f4d05334bb240
dcc75d7,159,4,348bb4312acc7039373cb16b03cb5b9e33b03e190d21364bb37036e512d2eb99
61fc0e5,159,5,50c9571ea363f8976286913b29c625231ac664617d0878554597561921eea0d9
ddc656c,159,1,de6d12edfeb44e327af87f9ad518dd34952677683a8e6189b8ac53c706b0372c
f1c81a1,159,2,1efca97b00ce20852d279d313ef4c1d93d160fa2cb91fdcbe47fbd4ef6867abe
25e3cc1,159,3,e66cc90e7c9132d01f392dc5d05b731b854eb12aac493e6c72df2579be17e677
7972b02,159,4,f452cf76394df48d5cca80ae5f4f657ca62614d0dde60dfaa892a28f02e5a44a
ec6e134,159,5,2fee79a167ee3eb29799039a3888c8f6e57f66078b80483469094f2141c46816
c5d69ce,159,1,2400c61aa43a1dcc35db0d01b7f433998462bb78be17fa7ffc00a5df20ff1fc2
b9c3e06,159,2,049ef01c755aace2b12d66e4346155183385b719923ce7b756154a16d275f36d
d1bb139,159,3,ad38f26dbcf231355e58df48d67b8e418d002119198aa7ecc361a0d13f0b9318
6b9febe,159,4,1180b07071cfdb1968ba18917fcf67d4019c163cf8ae87ffbc332a93d2c28d9f
bd80d69,159,5,52a85d7e3ebc569545465117674aeee1c437b490d54d6da3e724dd199b7afa55
20db990,159,1,6b9b8692be2fb045675341d0dac724f9a23a021c57e82e7f830f676564b407d7
0cb54b1,159,2,d3edc371a6a8b61935ef01b304fcd0db9ca7c6b1b6898a107984058df445d504
f7f1ffa,160,3,34a0d1bec15f8665387c477ca2a2016cd9f7f5f7e2c9ecdce1d7d435e0d3ebbc
c5bc641,160,4,fc0b638e180e88e805a0e6a90167adf51ce6b5e5eb0b187e5e289768f43e90a0
a4fc9c0,160,5,bff882ed3f4294d5a89af455892bce80e6ac9dbedde48e30da9ccb4636d27853
84a35db,160,1,4f43e94f2d75850b91d75cdee4411cef54d17989b53e3f1de1d881ec9aca9b79
a7d3e8a,160,2,f37a5bd0b1996891faafa7b21d024ca190886d424c95d1555ace622da7c57736
cceb8d1,160,3,683770ed891a6812bc306ecbb8264f2c9bf31e9ee403c6db22ab8b596eb40d69
ad3380a,160,4,0669a6c0b1d873b1938c43a84014c46fdfbc034fec44eeae577ae5d471fe6f63
fb7c7a9,160,5,a58965cd242c50005eab57c390089d22f3d42e5076de3ddf93a872a652467eb6
6692341,160,1,17e04c8df698e66f67fbd875ab58cd3ceba5c57ad9b61cb3784b594b4bf38f01
5373630,160,2,83d05ee61b338c6a2147a190c37418f683096d4070c9df2d96e7889f2652631b
9ddf1bf,160,3,8d86cea3d7f92775f46b55dc86c88c6f57e9e3074a568c99680c4d3281f371c9
265c64f,160,4,40099edb13f1cd31913afa074b7bfe9d3fa842a2a351e3adfbb2427f8b18d362
29daf40,160,5,1e724c012fb718ac8fa73286afaa380c2d3827752ff7c47df244027ca7914b36
537ade6,160,1,6da6c14e742ed2fa1e13702debe006521c3ed8fa307c5930d9a294627c6bfdde
1d2f823,160,2,236c35408c8877bf0216305bd0321141a3b786e3c0641a8547dd0e84c979f9b3
5061c20,160,3,93101342b3d965aac35edf95c6484b328ecce43ae0551feaac36b43799448790
528d63f,160,4,c18739fd7af85aa097f0880773d8df07ceb1e9ee57153c05795ea1e5a09e4d39
6dee91b,160,5,7d4bcdf098ddbd9d1330f2b54c40a3fcd7bc4c0d83fae8d6c6cff10108f9851c
ac76dc6,161,1,c88fd1731e0d983239803a62a8415d834a3b5e8646a7b9e0763fc1c2a0643220
61c8ddd,161,2,e66fe9dd4fdf2df2d1d4b3a481172d6536599ea89ea5c057ece7e9cb1aad0e22
2444077,161,3,c5df42c29f09a770f756f331b7ec6fceba162c53448a16d803a00ae26601a263
22a5954,161,4,3408b384f606dcb89beb2654907a1da3c5424accf154b9eb6f66dd26f3764484
b209a7f,161,5,f2d1c5f16d0ab2488760d64a3fd74ab349214c97664ddbb66eef2a9de4a91a18
9e8effb,161,1,8fd7b0e6f6a0566de36fcaae261f0690681bef53a61be89962436d84587c84a0
d9cb2a4,161,2,e925b50ff1965fcd2f01625baf15db6b37b7d26172a657b3e9c806d6854f735d
6b85385,161,3,6b2295cf7c64e579cd9ebb3d63d86da73b7d3b08a9707989d54d99896f8f59bb
6000f26,161,4,c186f9640375e266db82384bde5334fd352c3ad368e0e74a97af50334ca10a0f
2308e61,161,5,1600154050161a8b8d8cff63f4df560eb71f8e88524b97f8a8762c98885d9d19
3072ba3,161,1,84a7c5dd4b45244ef5f97174a1f6e98c07d936c38402b59e2032943d0274480b
4a23085,161,2,4e365e0b675c128b99ab93de0fc9b2e6ce487f44254b26b266e07cb84905059c
2c75ee1,161,3,d033f31d4f031777831c2f72640e4a36c5f80db4708c507c62c7e7945336e103
64e3c99,161,4,9beb49a97f348051e33ac0185aa4c34e4abc81ad19357955c6cbd408983fe792
a67771e,161,5,11b6ff141d82b74ba6db5acecaff7428ed4080d05f552e7c1f481e566d729033
2e99f1e,161,1,9532cb7ba4d01699f55e7ba80dc54ffb7e08859c7e230318bc7a787a4a81f40f
55d6e17,161,2,64a73d5f0ee77acbaa7665cba6b29d85d4d7095501ac9cae3c38ead22efc8eb1
ec82b99,161,3,089a99074959bd69eb9f735ada5edb01957ba850288c608a4aec49f343220cd5
3889cc7,162,4,a00bc3910619ee5d0ac550829c89056ab2fd0ddca9f1f541a9c13c190380feb9
14a1792,162,5,9354f7c15709d3ccc18ff013740ea4eb326f5964143d2847a38ea7b5d4299fbb
c0f48f0,162,1,52dca20405bd890e0682005dd9665d2aeff95d569d49d08fbe93134155059580
502014f,162,2,e4d7c5507c41faba74fd09dad577d3f0572fe5dbe8ccbe12a6afb7d9b9e9b8ba
e1f5327,162,3,e0249a2245b2a5bb4dc1900e10ea56c1b8c62a253f338314efbc967c14f0c898
dfa0ecd,162,4,ea7b633dc4ae4eb417ae5625edf31c7816b611cc093d7fd3a11f4e0220b4007f
1ef816d,162,5,3802ab5cb5202e0cc38ffcd4496cad0de29964dc73db8889224fe7210eef8cf7
ad10d41,162,1,6767cbdaea7154f491dd36f58530e4ca22bec533ccfb927ff1ffbae320b56209
bc1be26,162,2,a3a07c05288ceceb6b3d9a9b9bc2463a3e4e0e0563284b6c118d8b0a2052d7c9
104c9c2,162,3,5c2beb4315a44c5aac2d4e6508272851cada0a3c6aa1ca26899f4048e8626132
e42224c,162,4,22af172cab7260a3584da5ce190f3ff678576cd3f71fc766761684d071924287
9de4b03,162,5,6742fd54aa3282c29786832587afeb1da8cce89c343cdb71b122473688aac756
3f8b27a,162,1,539f41c183c2f64558d1eed484dc674ba4238c84480f57043113c9b2f3cf9779
dd7ad18,162,2,f4a24e83228171387ad0e969cf2439732b084b9c4f017fbcc21c1290910ec0c4
9185c9b,162,3,afd17e78cb598ca1347117280e7c66b853701eca101f1ba0a4ad974ac0b5622b
0811694,162,4,2f1b4c63d0cb946e69bac44ea0fab2cc3e3e3e214324ca3c3ad077145eb5a438
165914d,162,5,cb8a174d636a73436da301d92cbbf7358b54c4963eb11466f3edef53bd58b28e
5b74243,162,1,2faf52ca789e9a24dd3a1526eedd3ea8bdad385bee25fd42381a8416ebbd0228
5e08e98,163,2,78677cab8366fccedf550c66b9599935a6f96dbc29bda5f94d2915a55913d70a
a53d268,163,3,7e6433e923085e21b6aa5748f6b08214e12759637cae27607f28cb0039917e68
2eecc01,163,4,d74ecc2bbebef5dc8af23ee0f1276dc4974f5f90e9e4ec00a9e6e6287174951a
7969ad0,163,5,9a857e85f0914aa74ae6928096e7371dfed1135abf89ef99820b1c1c9cb3bfab
3dd84ba,163,1,26a7c364ab114318e3f1ec864df45622f6e0f16b3b2d759928b272a35b5ec6ab
2e622ff,163,2,11060509bc41ac463ddf6bfc775e9cc811a9be4dcdbd6cd67741c17b568e1809
882db97,163,3,42a650ac8f129881dc4100e44fa895454db1666244c1eb46de80b2ffba48a439
30618ce,163,4,42e33303c12671888fc97ef00a50ce1639855a422e69075a9315400b536c0281
577fa76,163,5,1f39de4c8258b010933ff441d22989922e803380dec632f47cb46176dc8e62ad
400105a,163,1,54fc21821f8d9f1ca61508e38370a055d77a1321459c0bc0e948c36e1c752610
27427c9,163,2,3ea980e68ac548e00bdc0569f6debdfd041d5e3efd41195d3a2ec631aa2dedec
a004e6d,163,3,c2737f19dceaef7d545a2257770fc387979aeadba22472597be4febf27988446
1fa1932,163,4,0ed4c81903e4c8f5a31d4362a71a57641d54a5cd4306e89d713294464a8dc0a6
cc0bb04,163,5,bd95a1dac1c9e9c8e00ff012b50aaa944f0079611c5bf537ceaaed27e5060233
85efa6e,163,1,a5b8ddbf08834c7524000a9134698e1a4136b7ee8279c19cc555215ce65d6fa4
3e23640,163,2,310015d03973da96def8ff14141da51e1b59ebedc01ef64b4656e46e97394d08
c9759b7,163,3,e27d4ba55f1963264e736bcc1ec35e0da56e84135f8223c757b87ba406e3ac5e
0dff325,163,4,f023dc6d3f4e7822165fd1410d3c19fede388849b95a6f51654a4d4a5325ab63
9e1909b,164,5,cd67319c00c83dca55fa5dca02c992f4b432cab61d4dc994bb8568b276aadeeb
c2ac052,164,1,45b4e488c1a1ee9262871af3a35da0a98121fbe3086e2c180c6bc510f2ea58ea
75e1d6c,164,2,5583bf7b0c5e7dac047e5809c2c536a321129ab4e49b15203ba5bc5740072708
498a10e,164,3,beb7d65be9bd52800b59914f79dcf40836b799d6a0b303fea11b2ac2c1d6aabe
e44552c,164,4,844c5bf36a434ce5e34759f9c32adc971ee7f9498b88f8f3b8e525dad0a3f8c8
81ee842,164,5,3bb8ddd58122c4eb33a6b77e249b61ff1b04aab0275eb5c12d2c9011e7c36870
e31884d,164,1,51e96dc6a0e50313250ec91288653e5da9a4afb5d94514a2f4d79cfe40759ac2
9129562,164,2,e6fe71e30e28babd415113b0e2b88c881bb6462eac6dd1906231284b65ed02bc
954bbdf,164,3,d9c19016f68882806d35da46e23cde1b469bb4a75d8839e34770d075981de374
6429e74,164,4,c0c4c859389949ea3bbf1047378b1a68db1ca592a6b4fcb72dee906a788b8ca3
e5d4c5d,164,5,457d5006cc100284dc35004db182ba9a011433cfe7a5408ec2e2564b60abd844
af44b3f,164,1,61d5b8920747b9b6d12a324035eb99df6bcce75c2ea0e4d788d61d3f912d7b65
c183c9c,164,2,acf3c028a3f564131284fb4c61c65ece846e855110a7b1258242f32e56865e3a
3c4f799,164,3,14beb35ffa24ec2a5dd94b95c9135a221c9eadcdcc67f1f636b9707838156f48
73f5cf4,164,4,5fb40efec1336cfc700007a60fd82781f47f8cb4799e4cd7fe637025dd3db37f
7c1bec9,164,5,5c343dd7a860aac49aa4be6047a868b3d23e731f91ea601222761bec88a9377e
5b27764,164,1,4780c4aba28119db6d86aadaf4a971fad76fa4b91dbdd95390dc4a96392b22ef
c8ecd5a,164,2,9cdc91eb9e704ac7a576e767cd3fb068b826dfabcf1b5b79bc31b516dd8746a7
7fd4f07,165,3,82b051d2b56fbe97068dc9bba68b794407a00184bf70dd73dbf94a7de218b658
150d761,165,4,4fc55164e5fdf0a27586b93fdffd1af3525a1fc16a78081b1cc652a7f2e56f45
cffc4a6,165,5,48b96704e27c95ba6abaaa4cfc28ca3585a29206bc169dfe32cce9922b2adeb6
576b6b8,165,1,00d319ea287fc69481cf91fada97da3515e6c6a56a28a736264b3d4e78161e9f
018fbeb,165,2,e56721f86af81564f7a4c4d445998d56ee64228a6a4a1f65c1f8ec1eb77d0a55
51fd470,165,3,d216192087932a79e1ad1c0d56e04990bdb4c8cf074e6a8e5150a0bb7fb63b49
80828df,165,4,84aa834ee6bb14cde8d93e09b20904ed2f88038c5ed94364efe71cc874761f1d
62e810c,165,5,7bfea135b35c57126d7f218d847c5b5e877b927839d64e1fddb30250bb023bc7
7d7b8ca,165,1,b3412b0d78e3ba80d4a3b90c47ee59d6fc43636713c72b31df3e39cb489e1063
10e0b91,165,2,ccd53400d0c9f25ba00a9f9a9837c3b3c4423e6b1923413cca708bd18e38be0f
db27efe,165,3,0e7bfa0328f97ff0d0a278643431fb94a748f1218a73a0a0e7af8bee5ffded9f
c11c0f6,165,4,47919f693f4bf9d96fc132bd13da682dc374109a84dd94fc55b8015ec15f79ca
6426f32,165,5,7075abf229033cda55dbe38662f074eed7b8f7872903f5c61e186763d887905a
e40a58f,165,1,d8ddc4e0014c2f5f3303e221294f2c31e60d3f7a4b04c2a35b87cb86c0cc4758
7bccaa9,165,2,06d28e0ed60b1acc7604d2e24d785669eb5b8a1629d3bf0db26a1c47575aadff
c651ee9,165,3,17f493d283805a79ad2cad7aaa443068f806f0dafefe66ffcb0c61ab80eb07b1
2cb68c3,165,4,df113b5aed0f7820eb8d94ac05752fe89c0bedb2185074e6f5e80bff1431903b
1c139c1,165,5,10ec09a9cb480b885a7ba9a3d3f8f2d8e8cf2a0e631d581671065ef7fe18e10d
0b8588b,166,1,6e461592a892cd3ecb07fa9a7423378939704c48645bcbe9913bc2e36ca49c6b
e25a788,166,2,7ce6a7c6667018bb6756fa25c5abe930bcbf8582150a97b93afbfb8f6c1c2107
f53d743,166,3,7259930664ac09fc5354ae201d368ccd071bfb91bc491797dab35f34c12cd469
1cc616f,166,4,3d04a832ad5ae6cef98de059a1500e08debad1f57d222f2e8b79d368c209bb8d
9c138a6,166,5,746a58e79be7abf7022d2455e7b418081b41129b97afebb51ffe58d956b50f40
de69117,166,1,cf3bbf73c0672b2d4b0a5028566cfc1afba44c9dff484c5380df6d64bfdf5518
86687d9,166,2,e8819afdfc2b188d71e581de16f882d5cf7d306600c605ba3c952c408ccb08d4
192cc79,166,3,0523be36f4da972dee7f7d6245c7db7dbf03af2c50c22d4e443acb4cca46d8a3
b08b18e,166,4,0fc2eb48c99de040888d0c9e4c07a06e2be1aca351800a62ac94c038bfc96b8f
dd0c245,166,5,9f3d08188697d78e513d29fd7730e1aee6967380909f9f26c91064fc3ddb33bb
e8dfb46,166,1,b502c0f51027ed52ee2bedcca4601dbe2d2b0b72e531bb749abda319f87c58f0
da9b194,166,2,eb5e5ba6a26735b3326e8d182d6de99a45fef0aff788cff2df40caeecf2e9738
6ae483f,166,3,43a840705a4e1488e0920a145e6a84cea813d8b83f3f75c6ef9de1261c60a9e5
39c8524,166,4,ebe4639947789004d3d68f83baccb7c5fc903338e36b750873d00dc906b77b80
6988509,166,5,a46e6d0c8676e4d26c473497f9a1796ce6eb874a309761418538f5742632d0d1
a90cacb,166,1,994921afaf64499cae0700ebde304b892bebbe8af056971e80343d56314032e7
0ea84b1,166,2,5688bb61863f02de6540c4910655d4f5e3e34844421a9b05d8aa6d7abd051313
8ac535b,166,3,4031aa5a86ae0e5721c825436ae2641b4fabdfff39b983b2debfcac1d722663e
e8aa91d,167,4,6240385bfa3dd401fb069856b1364bd53f89e65ebf4be503fdb118ba7c2424f3
6727533,167,5,976dd7d28b253f562ed8ea18a5681163f0b563a1e455040047f45730b8e507b2
d2b9b8d,167,1,8ec2302e6d55af3c58f97978d40ec1cbe25e573e3a5ac3dd4127d404cea0d7ae
24e42b3,167,2,8930144dbca39a87b7d367e1c92ef4245eb7a34548bd97bbbb99c5028980398b
fb5e093,167,3,6137a069e3fe311e90f2ed7ae3fcee82d2117f3f96874b9a0b3c4f920a8ee307
20383c7,167,4,cba5c7b4853fe2ec7629b4f005996625db857e056e916d52a4cdbd0c4c2afffc
0670d67,167,5,3ba2e9ac6cd456eaafa0aac387c2707ec18efd85f635f164a8be87b86807d51f
34ee1a0,167,1,d1f99f1e64a7d27eb5c4b9f31f87fb976d3aad5779f3e64324b1257f79d381fd
ee7ed2f,167,2,904838575927c964b0f3260d6a9b3d491b8ee0bb08475b2cf6adfd4758167706
b386564,167,3,df67f45fa0ce5178f719af27c975fd20159e2ab071ae4d78bd221660d7f225a9
59d8128,167,4,43382c50fa49d6b51bbdac0d4cc3080c3a8f7eab6989b1b9c8c0dd5217cc5041
7bf1945,167,5,5f194ad51ec0c2d5593327e411518e0c91309fc9dde416a1b8fa7d055481e12c
f8514e5,167,1,999f29daafbaf6f3fa366bc7c54eda82d2b513cffd942f7b2db16f622f7b0a78
e91beca,167,2,25acede1df79cc3b1feb1b6b56b7f6d00efa1fa30194873a3743e72c4363379f
2c6c2bf,167,3,933fcc2320fbbad81a1888428bb04faeab0c8d71648e6bf2f5fbb57f6452d07c
df04de6,167,4,62e820e5fa77c022f17d5da2014842efacfdd9a530cd76fbf588758d74ddc1a9
b61aeaf,167,5,707bdd6936dd5aca5416583d05de19bac343301d31f2e9c66ea81310252a9670
8cc630f,167,1,506287c395c769207bd2f790ce0bd4958599e86e893a64742e9e60f69dd624ab
47762a4,168,2,98eeba7d4d26a7891ae1f993e14602c1349e92ed53ef35d796bfd6f3161551ac
4df7e4e,168,3,277f36fef5cb032d3d66db2e4fd44e4475cc51f7b1c5569cc788664c2e6cc77e
e9e1f6a,168,4,d09ea1c6140d02565e06a06a4575a67899c64ba8aaaf351f4ef1a98b68f1e8e7
93a1ae8,168,5,f614ea2ee3f06c3a9aa49aebc7f2a74610710e3ae5ac23bb29ae7c332eca5b7a
3b69214,168,1,b744fe3a7b17390b44582f8812268616e850ca24e00a5214a402bdeb38866253
c62d306,168,2,bafd75aa5b876e95a15027476f3255e6fe97a9553be35b9e18f028701b88c5a2
b5de127,168,3,18f12997e385ed60aaf585b7954413c263327aabd23d2804b2b3b42ba2bc457c
5f263a7,168,4,89132e04f2ca8e30b1728a397aa412db71208c062c8cdad6b634f7642a92d478
e0680f7,168,5,059bb3b618772025e81952be7c11a8398494926e5623a979c6260096508356d3
7bbd917,168,1,1f170031b677feef0f08c50ab0425c158940031963d0d245ba8be7d4b65fc8fe
ade79ec,168,2,9d294cd8ea2bf5a09faa88ea0e2dfc294d3fd22faa94f2ff3100b2dd0fabb923
6fd2b7b,168,3,1ddf04123baa1110a24fa743b12c324776a79fb36e077f0a7d72da32f97ac68e
54922dc,168,4,1b14345014baf575dba04c4f9d7ee78faaed73c03b3a0596a85cb4c9dfbaf2d6
e3f99d1,168,5,95dead20001d84b17adad5b264b532d4cfdb684315a6cba9af2b8e3543bae490
05fa0f0,168,1,60e49fc5e456c24eb0b12a36e6dd63e6875bdf8af8d9d19c5d559bc70989c39b
490a3ed,168,2,b531b34f56b5e0cb5164ded553777e4a730535c2cb6c7f4a06ed3cefe7f47b70
9dde278,168,3,26d8c02fca869dea677fedf4ed92494d942c674663a45eb8bec2f3bc7af56a83
0e22bc3,168,4,f591862bf80643e144ce67cb35a642c68612829b968c0b256211119885283635
a678979,169,5,eef64bdcbe8182fca96bbd2f28dd9748da07cb122e7462310a5eae3da1f67b74
d7d13df,169,1,53b5c39b4f1a20f51713e567d48e8bb37a30298e87323817173a97faa3356958
590d353,169,2,67bbb373f0531a98fea60de46f5434913e565f935884fe89c17251af632d4e29
19e85b7,169,3,fc2aa98337b075450a67ace8fdfd064778281c5dd457b47e5fc17a8260177d04
5a2a58f,169,4,93b85ab12b71200862088c6145a98c17ae120647115c2e7f474351bf2f602b72
aedb3b2,169,5,7a679a2eed56fa71d410cd3ed48e15f011bcb54f6e1c42503053c1f83e94a730
6435496,169,1,a41b27eccc6830fb428efbd804e818f5102900175b3f1b04facaad5e96d0b942
0210900,169,2,58417faa6ba36b2a8c7e749a494423dbd8da5d60ab7a27657d8024bfb1b579a3
e42198c,169,3,322ce000eb961e591abc436c81a903dddccffc5154c0db200368d848023fb91a
f788113,169,4,80ff44837f81a97521d20325fed8b8e4596d9672aa091288ee9819a982d15835
0459116,169,5,2cd8cd868029560c4abc1257ce12124e56da1aa599871b482d17b78eb21dcea1
ca42365,169,1,f61172dd5786bc103b85e2934b391bf377ee50333133d02f6de4037e8d0e8cea
23bc2c4,169,2,cb5dc5d7032bed5d89a558d97f1510e59589773dc85b843b3061e436b867f3b9
1f04460,169,3,6899cef1876cc9e97e3629d8af095969aa5117d91ad30f95ce10e39890df5202
eb9c14e,169,4,01a9e2e68644dc2da46f76af6e03958d9d88d01d07813d4340551b502bf754a5
0b9d88d,169,5,1766de9f8e257320f1e365a52c34517073ef62190ab38cee0220bad679dfb2bf
dc436b2,169,1,7ad2006742bf440d06a037a59ccd60c6631885d36d17c9f649dacbf0a4ccbd09
595ebd3,169,2,ada87ebe7ae95fe7b934de2c50b8eebd94555b572085ac15a2758e84c4dbde1f
d9d981c,170,3,3953a696cf684fbaa38ca7d943091a5343f5239836a54e2cf9a7b25aedcd3027
69527a4,170,4,f3e746bf91db67e529f5ae2874fcbecac6929858932aec281a83f4959b852983
aa95fab,170,5,6946a10bc6a06277a228b5b1ab6fe35cd6ed621d6b33c127af90f13062ee09c5
4fed77e,170,1,1cf4cc57ab08a390390e6bb0a989750e522dbd1e0e67c8b9149e603647fe8e32
5a0b24e,170,2,b075a04aace68f3e08b785ce7d34e57c76169d3b10b768782d339ce6eb801eec
ad72f66,170,3,629c9e1a97a0e836566e5577bc895402467304ca9ff39824ca9ca0febff84b85
7874eeb,170,4,d32817ec2f6269604e3ca68bdf331763d80ea13d21c13d18511d5f6d6d852aea
4f78439,170,5,ce56bf062c60ec51469cbadb25076e141e76485661acdb8ac3d307022b2104a6
a75401c,170,1,59212f1d527428e418a4145513e10209211570ef15c2634328ff0ded328652ed
144515c,170,2,ecb1aab501d89dd1564a3f6b3a2925681885022592736d97e639736d24bed6d5
c4fcfd3,170,3,4d975f052ed7667f8ca6a4632312ebc766572f47afc239d346d3b36a73f87abb
b52e1cd,170,4,c61ba5cfd929ebef65728ea3b5b9c31210334d7c926509f4ffd34b1785a21fbf
b5dda6c,170,5,e8587be4bbc01ef08ccbdeecb1e4d29fa811dc49b0fd89f0995a963a83af9247
d669dab,170,1,d0a610f600748dd85a8dd44c083cf2a7a802732a2f9ceabe5b821a793a291c35
2e8fd2b,170,2,a1812037f5d82aa541a8d9caa27f0f56319df2c4bce9a14329dc7edfaddfd80e
5ab9aee,170,3,25d32638737b63c26663aca298113c1c5eb88b5f109e96cb1926c840ae5299ed
7c45326,170,4,1b8084aacb134c0c685590b7365e079569f558582d3ab322fdfb55123abad215
e0a82f7,170,5,c334aa24b50a3dcd5314c54afc70c4f89fdf59e50eddf195711a15ee33601c77
4e51f74,171,1,5d907022fa92c3aa08090828b7af824b9b5789cdd8a656f59336dd1134a75d5c
90d13f9,171,2,31142a728fb11b0eb32c3dd7271e595a9b4b9b56ab36016cdb49247d49d45814
08133fe,171,3,821d9899330239db64df5df5355dce182847d7ea878c8dcf3aea2726b3104a85
dc60914,171,4,770e0280076d208ef5a6983c79a74aa19f38d6e0afcb61ae52b038174eabb835
25bb264,171,5,e746110a5f9e6bd815011092dc44826ecba9f7a9158dcf34a8f0465f9644d454
28d3646,171,1,ad217963171ff83c8abdc13bde4292d8164d2b1cd5160d962128aed523d5fbae
09f7d1f,171,2,b6e98b7d3f453b5dc153f47284f4c77029537ef95670df6f6930101418d27fe4
051429c,171,3,2a234d23f375859222e3cc3f01676de95959fa10f7338139346c6523b76191d0
77fe7b6,171,4,b4dcabf75f7bddb83447163c0fee9ae53c80cf860efe0109476fc2ca13945732
20fe8b8,171,5,303009235ce3192364e96a077734388c3aa2b733710f4c59194896a571d5d320
07dd0fd,171,1,d5e36cbc2bdea16e2ee0952d05dde1bc4e64e1b9c307efcb415adf4bfdbdfcdd
4c06773,171,2,082c845761cc2665cfb413f994dc768c25a21cfcc2640ef7fe9ac39d8ed87dfe
c4b4df0,171,3,c5708c70272c989f4ee4526a4c04a9f29e0a0662a92c73e7dbef61e8b5ab7d83
18d08e8,171,4,c0b29c153dc949a62fabe8904a08ef00d969a558fa5e78a8ce3d4f3d52b707e0
85f5495,171,5,c2afda5e9147e0d1d924a54c2ace3300bf58c6c4df007c587c6e2fa2f744d437
322a5bf,171,1,9f8776ed553df3a7c0dff02c09cb0d6464d259a18937ad703c6328bf3054152d
7e22c6c,171,2,a2166851a58f2352b833ccf3f38157e231406d28596231c578bc8fa34c45e14c
a61ff31,171,3,6e7bd7d301c804c84a27bda80c92a40de7c4b12737581a3c9086a6adee33579e
1853495,172,4,120743e306becf075949e975e28c17e28eea808890ca746565285e249f052d55
14a6a23,172,5,1f6b1164abfbd3081b9590083abbeec39751afce7545e9b5f4b47fe2b27c632c
9040279,172,1,61f7871fcd3b05956e8d625bf064db69125600eed3cd853ea213d7334803fa4f
78a2c82,172,2,ada8f2f4dcd8d044e1c19f6c64a721142fa2c024e12b1917123a9c95503bc77f
50b9edc,172,3,365cc19293d78dcf260a6f876d9f2a475a3f9c84dce334a03afadc4863257c31
361d73f,172,4,699677d38185cc30057c1c33b2206a4690267c4e587cae465bc21388a4fa32e2
1a229bc,172,5,10320c7436c5b63a73d52429e06fd9db802390884f59e2275ee74133e40ae44b
c85ac45,172,1,af99309159bcb5e5be9357ed3573855139bdd22505b51cfa37d27e064eb7781d
3570c77,172,2,1bd2efa5f043dd81b545ac33a7d32adeec724f2790e56867a12c55673de5cf28
82ff441,172,3,8dcb745bf0430b3f2977494e4b6e325b4a7da552098d9b2c744b9c6c394cc252
5f2c330,172,4,ab2c83ca1a8eea04e77742e24139222ef9b92fb86e4b417f160b3b4e41a6d601
e4dcbca,172,5,a032f2dc05347191b4020db2d9a513b2c4d7fc90b78e1278b1ba413594c7e24a
31b903a,172,1,b3a368ea0e8985304580dfd1bdce245cd54992c8e68e080c9aac340568ede9ae
afe48e0,172,2,2c3a8d8da68e81875c8cb657eb1d0e74eaef273d941136c3c39d0c4f89346f4f
7e86c35,172,3,6d33d93eb8bd6bc463c3c27c0e11e8e4103fa5e7e4c8695c58d32676e32ad087
22085d8,172,4,cc3557a3ac4b4a7f34970b34c5895d4c72332c3d06ce23a90ddc14ab92e33dfe
cb02c27,172,5,16af3c01d925a9a56927d8b6d7f7e1d7cb04fb6b06745c911b3822cc49921d22
4205550,172,1,ff9378e4a5b2683b3b253862c9597aa7a92fdb8d75107c2934e7ad163587094b
99a0329,173,2,23da167138f368dd420a1d9565112476c91ae66d50f9410aa2224b30e636361b
a5a575c,173,3,cf4c35dc128d02939ce1cc3a95d1b28aafaf439b49c20d528b2189c5612f4747
4f06c54,173,4,561607a52d2af1b7c83941c28690deff57228dcc4f2984a1155f5cbd80c569d1
131a75b,173,5,6bd624dd2edbd52b29882d158d87cf77898e9dd68dca2e19f3cc46332c1e9b09
a708c0a,173,1,0fd01c78f614157622eec32e828ac948de998f1bf5a5ffed1cbae4871c71317c
eac90b3,173,2,2bd3dd2affafac522409b01f7d1d42d428f81e0a10e53ecdb8d68c6b0bde6724
f5a52d1,173,3,bb2597bb92287b42c1fdcd75b65741aa74666e2413ac46252a5a3a5a74d6b3a6
9db3108,173,4,83743a3e632f40ba9302dda932c442b9a4095f770fb5de81b7beb3c4f214e3d8
7cb7c5e,173,5,b017db24a18c65e1fb42c04c8ee146e3a0d8a1567e4ecc8a9b36f667dc3f55bc
fab848b,173,1,eddeb96441edb6eb9830a898a07aeb029b8c8752ab471f13bce30a4657f867b1
5867764,173,2,2de7eccdd66d915572e5f8797f8ae681a91cd21757323643532ab31d5f312858
1866c81,173,3,85ad69ef55242037e661cf699f226d2096d5e54a1752d50573467c198095a0dc
d0d5c01,173,4,502004ce33904ca785cf90e49aece40ff27b3f3601e92ffbf790c086b4aba6eb
3496a0a,173,5,365b1db4be2ed46ffa67b501d1f02d0bf8eaa961c8fc9891530514cfdd374b2b
6dcc16c,173,1,4b8413989cb2eb91ef80b97fd863eb9ea9b31efecc978dbb4e1aafd56e6d8ce8
d72438a,173,2,1c39e77517ee61e927e8c30d457d5cc575856abf8b18049922fa4b91bee0e3a9
3c13b79,173,3,25ed50a601e92d95eaac995cfa63e09d6aad76017001ad07891d8a12fd9f1fab
409fa65,173,4,b2a3b3239343dc02dbdd6a398da306c7fbd09ef827b54b1ef767910bf65596c4
6136e73,174,5,ba1a6eb973c4d7677f39ca2a070e6c1f17402d2c3ca7f085f46220fe0821d55e
b3cc7c1,174,1,b8ec632478a5630b4f83d1d1dd7c1f4f61290b0b54db6abbff12b011936a2044
f197341,174,2,45c416929ead82fde3df55e788e64dd1d80e4143dd68323b2df2f3c1d052f8ce
e2926f9,174,3,498e2709f5186ff773e9deb220be2ebb76646a4ed3cfb26a4ef95d6eda5b2030
5f79786,174,4,d4197c8c25341089780c2b71ea8e98e28ae3319fce39d354e341fa8a9b27e06c
a4adf34,174,5,ef2377663856550e51ff6a834da9f2885c39caf152b99a14c431fe54e60be6a8
679b451,174,1,ce428ba8b9b2699cfd4b6f7bc003ea4379ad1cf657b1fafa35282ab53fb2b4b3
d93bf92,174,2,3b00223d12b9ac8f65ab578e2bd3d5ae8e6cd8ff673899fa5245834991893045
df4a236,174,3,0f1d00e8a745cf6352342cae3e91ef271432f5553727078b8e62e071e0ae5628
813c0d2,174,4,2f989e0096c217912a8fac9aa4924aa6cf3ce42a84e8f35530645e7cc1ca06a8
f4023d7,174,5,ede5032f13d343eb1b678ce4e1bcd3f85cd377d09fcb5740ce97e82bef6ffd86
4f1ec05,174,1,a68c803d578cf107832972cf8685ac648e3e97844cb518eedee20e3072fa4ae6
2a1adef,174,2,3cf80ddb4f80488bcba4a50a116c403e2babd6e2e491b6788e50cdde37f3f4fc
043e1a0,174,3,895e54560e2602077931afae23833b512c5009b2f91c27815adf31d2676153c3
d358b72,174,4,68174ef359de69b15dc282249260078a57da88ff39d5c7f612258e8e85004d51
974d35e,174,5,24f15a0fe5719e9437b738397adf6220c959420d0dd1d3fa7c2f172ef0e5998e
b92bdee,174,1,2b82db79b6bec4e50637e93a35eb6ce303ea36d2e53cc3080fc8aec5777ce566
18acc14,174,2,b960369201a36b906c79e7882e2724b1dfa0d33df49154fddfcf027dcada66bc
a7c39cb,175,3,2fe4c6d8bad015df8ac40d445890cc092765c326df35f73a627827486244baee
09e6583,175,4,19ac166d85843a9ce74d23f4ac54e36200ac3c0f78be6b3bf2b0fcc15bac5178
0687af4,175,5,51574cb961c54db2ab474ba600b04095f8f60ebcc44dfc8f9f3c758e5e4ed632
e07e781,175,1,c7e95b407afa5bda3d6b8d21043c1843a83caea6ba0a6c59106a51701827e030
279e329,175,2,0b9dfe11d3fda94f07409854a8b881277317114c1afef45af10b2e67a18819cc
860fd6e,175,3,f133bda2987132c229aacacc6d0dd200255864851cdd8b3d6aa6607b0047ebd0
46a61ed,175,4,970a0d9ab378a38a0f3504cbc8aa34a2bffa91c801837fc1ac036519e7a0c0dc
29a7d43,175,5,0183e98838e2e3a05380f85e487239691e97561394affbdd104b044689de2877
58206bb,175,1,affc58959bada9428e9b6a77c128a4d3261b98647c5e4ec034aff318ee9e0a80
3111562,175,2,9bced89f8c24c7cf73296351ebe8148f43b83de9926ae8bb559302364e651a7a
9f1e1e7,175,3,ef0fd060d4cb64e49babc4f6c29d9e8b6a067e5f58dd1cb5beac6182214c6a76
876000b,175,4,fee69cecffb24a2cde75e1a1799658bfcbf5bcd97d33911979f9b7cb480e2117
f68f5cb,175,5,6f0e655ce12ce3ba7209cbec0a09b0fdafae5ae82f19ee35f48f750e536696b0
19d3181,175,1,9f5625aa1baedffebb6a76bcfc81a2f22d994213ae59691e9c99c831027d664d
7ab9574,175,2,883dc9860356eacd306f8c3a0ea972a1918dbbad9eedbbac712b2729bf3efddf
9acbdd6,175,3,294bc3d6d52f169872cee7b8d10b406d217508465a79379c46cfaf9ff1961ce6
0c88bb6,175,4,9c2cc8570b69c7cb9e334886706233a332de4ae73f015878f2dc19842904c461
452c84b,175,5,ac13459ffd34d04ae5d48897aed862bb7e866cc6cee5562f66a5e1e40eaa371a
a50ad20,176,1,67f83577411cfe5594938acd16cad25cedce32afd5e883c236a48abd43f94d08
6c9aebf,176,2,b270c29332c95068d2fce24d68b723cace8dd431699b8aeb7595c9e006cf5997
ac16db3,176,3,8613e8f7aa5cf30fdade460a08f8414b42eb4de099fa1db3c7038003a01024d6
8552d2d,176,4,df9aaa12efe108ba1caa104c3a6ac7eeaa9bb178f9d4cffc21bd6fb06fbc4821
022a010,176,5,d3554267fc89b877694ef91136265214dcf6bd34ba48ff507251b94a6f58e584
3302250,176,1,61f8a81131eb0ce658f8d4cbd778cb7fbf6335b792a3a674a1a5d99dfb4c2f0c
b5d0ba1,176,2,798f69f52ba6293b34acbe3d55af5805c5c4006e9354b7b5b2529e6fe22f2c04
7bb3a15,176,3,3585f199ffd31f3763c7c70ed2058e4556f30f6134a955f13ceaae8ade15a717
07ca280,176,4,40cd66bbe4aaacfba42028f7faf19146404cfc1908258d63517be2f04dc5f3b7
1c1c470,176,5,79645d348106cb7d080d1e957364dcddf3f7a5ab0628d569e0cd8218e9513a4e
91e7a88,176,1,e089a3305f2b7628f3b2c7967d38203f5a290bb21dab08517fa9bc4742704ae1
4856bd0,176,2,40825c06438e480d8590955e41a3fa20684366226526fb2fb0e63e8f12e85b5c
eefdc66,176,3,d58366899762d950e452987b8f08894831b63590f3fd4a591cc791b9f0ed00fa
3a153f0,176,4,882c0327b34d5a4c21462ba43977b73d34142aad0e7be05204eb68dd6e514382
db8c22e,176,1,1b72b545918aaffd8f62d352a4e76d39fa08bfad1bb4669532a334bd77fba062
00feec3,176,2,cdfb86e94106f07e86809e4b606a7c325a72c8653e1061b9edd93860c111a2da
2b260d4,176,3,6647a35d84873c1ee56663eeea1c9d3db9139f82ffde1c6249b3fa81d1b0fb22
61f7a9c,176,4,3ca662de4e98d2d0bb230c0f0d2bf332e5d7a2681364491c0dfadf0c5e6a8505
1d287cc,177,1,135916e9692d264b5d9b2016ca6a363689a6773a0a5e052ee297a7368ba4a033
892da1a,177,2,1069117108721455063c1e78f82c7b95ed0f17b391046371c1cb7024b74f28b3
cd03571,177,3,5a405be7c647a8601f9858a6a75f95dfa3f7cfa08a6632a3d5beebc9912b86d9
98569e1,177,4,8dc0a2c6086fa9b6ca030a9a4c84ad3ec234af5f205fd55a41e2e8989158ef25
a8eb3f5,177,1,3e03bb344e1ceb75b8627650b9d56a9d4325e585647ee5a456a25a893c14f2d6
7e494c8,177,2,0d7b9b98d2bfca94eb9de0029fc9da41e52fb07c66381c4c88e7aed0c1c5d049
06c7ba1,177,3,41ddad3abc140f074909d1146fd1d2af8510b1e54cb7deb454eb885fa5b7a823
e80ce3f,177,4,651b2070a8101fdf344cefcb65097692b3149aff1a83a633aabd843971957121
f004f21,177,1,9da0e83bb2726a4ef221795c80d252173e16ac76baa36b2997711339779088dc
9b51fc0,177,2,d43f1798a6a6819217a603c64ce9660fa96d2b9d12638aee8b5c7dcbe6a967f3
c89eda8,177,3,839e4ec8ad669b552fa9b8f60ae078b35470e948ad0252719befdcb96f048418
51c9e95,177,4,f1fab6801ded9ee03e2db7c9582a5e28852355b0953b48d5129516888bb52691
86e1ed1,177,1,d63c7ce95a22440fc3ac95ace50ef01c5fce6c7c44ac1dedec4cbd4df92148b1
0b35fa9,177,2,499adb978f07b22f73006a71cdf8d82232b12c25dbaff07c0b957d09d5efbe50
5bf8a20,177,3,7f6f23eaf83c6b6c8b868543122ef663d132305977cbf2d7fa8c2b2fc392b6c4
1bac87b,177,4,6ee6b781607d5d7009243957ae3198a93dc7b79489f957fa9f9601d3a5b3075f
8401528,177,1,70890d944c8d0c20a147851a4a215ac873d9f72ce52ee1cd3a5d7a968bfe3d0a
8dfe413,177,2,aeaf7103b1b98af6626f4a672a037b55156f652400aef5c1c56345ac6029d252
5398e83,178,3,09e19d0955074843b9714f02df7639f12c27181fcb38e0241613b514933b3803
0fa8295,178,4,1d4e8e7b18a04b86479b25ae2a1bb0b3f8aa64e746d922598d28988bcf443f3b
ad2e904,178,1,3b12ae189e5a1d299eedc8c9ba2b52b392faf781bc3529a7fa55a04ed8bce418
fd7dbfb,178,2,2a2b44ad9072c898f1280d26b80a46c5cd1180310c9958e8c5cfc7925f4af149
7f6d300,178,3,05e29a84671f1a83346919e900a9207cb43bed4aa962194b7b32f9c633464519
7e9871d,178,4,4954ac893ec5552e6a9f3cf47488bbe22710684c28085f5c6b1428856963ca35
a57fd78,178,1,c083be31a88a0e556d26bf75fa80c0c18e07e2646119612621385ae09cae54ab
3572116,178,2,a0bb4a0fa390c13bcd8be1457adde040ada8cf07096a7df83fbd4cb779bcce2b
6f62ee5,178,3,6f10feec6bf0328ab9b2ef29f99c405250b3cf755603d203118772f8281cd842
e0d868d,178,4,7f40239f8d4492e203b77fe1917e70b15917367b5a18cee20af4865f783a2530
bbe2d2e,178,1,f5334317e11848e8602fb16db81255c5a81f11f7a8a06fe2761d0848f7dc0728
abf0922,178,2,7c535ec4584c234aae31b6a7a327adfff5b617eab3ef84a4e08d255eebb98c8c
29edcfa,178,3,a2bdcd9e0d0eeb8af1e9ca8e126e3e2b85bfe47f279dc475693292c73772d4fd
6fdced4,178,4,81639a32d9b13cdfd9cf3393ab95bee746588fa0bbd81d462ae1b6addecea14b
1dee883,178,1,157ade2888f24c780c1e7503e71f25aacce4567f5d7c64d59d6ade3541b18dc9
7cd2bae,178,2,7f32019519b874454570790fa7fd316515489c9068e46f348ce427ac65c3559d
36da545,178,3,d540ce362df1aee4268231b9b2b48a3718d99f54c2d86dd62fbd97cd37d8e5fb
58edf73,178,4,dd3aeb3209c5cddb3fe6c3ea990818f50ed9a48e3e0ca904dab886437d12f288
356939e,179,1,f8ce53f88c7526b78cb367b2c9768e9138aa07b8e213ca741456599db73afb88
82c6d34,179,2,ef30392a97a806af5b759c3860235534b41aa3e954bcc0061f31a9700b5c84ff
03f2d76,179,3,1e214d9eeb919dfa8468644930bf3ec84e39fd56b4b63071ede6653db8b5f9b3
e2714d3,179,4,cd6b9bec1dc33cb3fd7d9f34b1ad8e93d8f4e69015d797d6f61884787cb95598
4dafc9e,179,1,e7b565ebb6ff3eda517c1a7901f9abb5218835eae289fb149a1859b4bba4735a
aaea0e6,179,2,252767ea58c8f61b44fad93b3824f80e96bcbcad601d4b62cfd12676ef3012d7
12c365a,179,3,782b1f8cb98556cbe32fc29754ff149a0bc2b50e7243138a01c021803f22a09f
751c429,179,4,6fc4ee468f7e7a926a288ff3210facfb2ea46e13e93b805f83982402b6ff529d
d211ba8,179,1,f5e2046c93885a2c67cf6db1f92ba9effe9be0a1add6ce4d714fd677604aa238
c23bb92,179,2,4226d50da2c35b33ccebd291b228d6de596c9c9eb08c1c8a71b8338b8f04b43b
7fbdc67,179,3,008461db0de684a294516c003c150ccb82b96cbd98a85ef3195198a1d8d89412
e3820ea,179,4,9ae906c9ea7fee3d33160d2f5ac45f440da0edc1582021b9b2a8bab6774adc20
a2cc5e2,179,1,2432e3f7078873af04ade4b00d66afc1b4042a91eeb1a88a495c9779c547d019
3984fa7,179,2,65116f85acdbb2150b85c19ac3bb42fb2a78aa28faddd51cc2cad41e0def6bb4
7a6088e,179,3,d5a101a82b4e0c816422c22177ad2bd3767238802accfaa308247a83a90b75c2
40bdb19,179,4,06ff7665a5833a38031d1ea0aaf5c80ba2f0fa7f433f42364b170b3e0168df29
3af6a4a,179,1,9dc8359ba2afa0b961d0e9ed74b50f2ac7421fa1ea12dc9dea272e091d84c60d
98e52e7,179,2,cc5753ff4136dc8617fbe1dba28a8c21beabfa983a80b95f7ae547f024d0db66
4d605cc,180,3,0ea589569ba3ed91445de5756d932e3b597f06fd69a15bdd666fed7f12e682dc
477bbba,180,4,fc9febf834a81748cf560f971a5f73ddcf9a1e02ba9e270f44f0ee049a7d224a
36823af,180,1,f13cebd1135028af7565e58379345255c4169ce24f09395a89365c5281c584b0
b7c2646,180,2,3acb4a241c75819bfe32a991084048952d7b7a3daa05c013ca873bd258a91eb3
3a481f7,180,3,841190362c00e672f53c8a865ea14446476fda0a39e3cdacf02f086dec3cdcd7
6fc893c,180,4,895013634fbd1501cb2912af1d6971cabfa36af69a9cf4a710f2acbd85629cde
a14214f,180,1,060ab0560b5108eb1f0328898355139c0e421bbbfac1f6896703274a72033a2b
04e6cd8,180,2,04eb77a405a00ccea594ca9560299928f80f1340b66c4360be7999b62b38bfed
b1131cd,180,3,51150d5439027226053c4941fd4857c3c4b8bf43af1bd49d424b2ac553555b51
54081d1,180,4,7abb4e81fcfd7ff9301bdcd0594aad239857cdc7ad051d0a75d1e580028a999e
7477a07,180,1,cd48cab5ee6bd8178371a651c31884db66e47f134315bc7e2db9e87bb6c42848
cd7d4a3,180,2,d31ecc306a8645535245104a8741913a1d587106492fdd66eb5a46a6cf678538
81886f2,180,3,1974326b44b2760f23b30c82e62c0dbabe4d636be299392f70b9b0893770731a
94280f2,180,4,ddf914e78a0411ad2bfbebc3798752744964f0fe2aac4ebd3b016d036b8815ce
5d0602f,180,1,7e693d6e0dace9b37d09ee8b583e4b45a25a948c2cdb8d75182d33c620e64271
bab2753,180,2,ec30eb2333dee4338173dda8ee2c4ad03c3298c2fcce31dda1a4f849250d595e
14b9c3f,180,3,9a7c777fccfd7870152f121895dde4e9e327eaade19d574117a84eadcc82f00f
d1914a2,180,4,d3851d7c4ea6997d92de886686148c513fac2a4ee7365ba31de5b0674e141d57
535dda0,181,1,1cacd2130226b08eb37d3b090383c199e70f6198e3ddb04bcdf7af30b475423d
039e817,181,2,cc1e303738c48e08ecc91c696e39bf63cf75523e64a07cefdea22e3a8d284d03
660de37,181,3,c12afcf03938c0fe3704f278c4b5691b2975c936a1622204e58f5c9e2c8eb150
977383b,181,4,55c3b1b643895f9da72fc82b28e1f0463cc99fd78ad7b01001906e34ad6f4ac3
73cc4ce,181,1,c4762ea02666690009338edb0d74a1a31badf23b128143fac7069290c9734d73
6d5d422,181,2,a7aa663bcc534dd9bc7a04a3f77cefbfc3855e0ff229e5d8d317fabe4d871492
9a150e3,181,3,9d76b602fe44001c2b3be575e79a5761e441df50f3917b3600e488f8eb7003b5
e0e7925,181,4,f1fe65bd694d1b1e140abb6a7d07a8af33dd9d58ee51810a1b0648f1cf90d1a0
f1b6d21,181,1,a708a2eb5f10c040ddebc3938fa15670cec286e265e0d3ae9e4f3c5522ed85b6
c3c6f38,181,2,0261487a5a0a181bcfdc837b6b3f5788790ed94021918238528d669173f8e085
ece25d4,181,3,263a747e2972b587df619267f060cb5d960d769d4c380c5c3843889305e49da9
6ed0346,181,4,e5a60afe02063c95f871f40294b6cabef15f5e6af84531d0d9cc59d27d51ef5b
d9d5eaf,181,1,7ea2cf1b0b4bf41bdfeb66b8e425c09a39b58731a0bb7dc3b589d497338759ce
723a7df,181,2,39e52b319b3ac3e420cd2aa7fece46f6b6af95d6b79e381aeab426d1164a2d48
58a3037,181,3,7668e7918a8f8deb69a1866877f16e9a6e02efffacc54b28bbba7981cf78383f
bd6f060,181,4,be595fd96bb2e246d92bc55d3544f018c2972f9713e085cd977887f6b4a7c328
6ead7d4,181,1,93526bea35fca2484711b872b9228566e83701f384b0592f5ff4f852d4a7599a
caf5cc2,181,2,bbf666c1a33308ad5aeb93a53e99f09a41dcf3cf7c5eb2ab14b102b8ee0e49b0
3952208,182,3,7bea387a76b95ff2f3997805b64dd814ccada22df4bc21b618b9ec4ce466f526
72c35ac,182,4,6cfcfd4b5747d7f01d53e47b0483b68ed8d7fae0ace02853eed1db49f1e6f28b
c137306,182,1,63750bc35229e63ba5d926225b3cdb4b0bf88c4e1250de9158f1f8a0e19417eb
0b4ecc7,182,2,c4271869c5f80722ad28f52d49dd41edce4c7550adabf7414d0b26f16ef4d4af
2f76f40,182,3,0c2ce11bad2b08555b8b58f8757b5dceb5a6767486e9e27771fa5b6cb5516c0e
794bb5f,182,4,3ef931d8483a714de9c5bb35d20a98af7672b32b69cca9c6e9355f0d0e441497
549c5cc,182,1,b0977a52726bae82d377fb11473e815c6628aeedf6b02fabbcb133361092e5b2
3128486,182,2,8b8c099051a4d5f0ff047e9e904ae458d1073312be43933d316faee35b5efa24
f1a7395,182,3,fec4da694883002f8fbbf637afb2497aaa68a19226ce3f509e3073899e80d28b
49e0d87,182,4,4efd8e47d4274f8af2ab0b041821ebaacf0714a0f5082d46efe8192e6b6d4dbe
9cc5892,182,1,ff43c0c3ff4e2dc70b5f8730be49695145653908dbb8fb8e440df6863442be70
9d0d0ae,182,2,592a7581961838671bd71c9bbc1a35206e48654e37ebdf5e96f5a427e00dbcee
704ca8c,182,3,78da25142046273a00d17ea092becdc900a70e309588f5bdd9529fc72b31940e
e7596d4,182,4,ebb4be103b3f61f515cc98a1b004b9a19c707fd006eff54a07c43e4100a971aa
fe78d5b,182,1,262c79562c641f834fb1cdc7c5c950e4d9931b2c31bbe1243a7d59a6a4db65dc
99073b3,182,2,f5cf57245442075c26b8f6a7ecc4590aa555215550c15fc889a02150c403bb26
9bdaaa5,182,3,4bb77acc4e286fef32c995a6ecc6e66e4319db83a64b65ee50ee82b780167ba5
a84d1dc,182,4,7ff41d92febf41a8ba1026cb5d927244f9ffaf93a64dfb1daaae00fc15734ee3
8c59dec,183,1,4f6818d3475f15fc2cf134ca3ad1bbfcb712a5b4ce3f00fe45fb3804dd2d82e6
700baa8,183,2,b740eca829995662152b9ff8a37e1b9f4bf89587865c0cc27d2de99174295159
757a6c3,183,3,7e9f93924431066a1f3c2fed7eb05008a4db587cff315d8792244426068cc6c3
3118039,183,4,9807cce5c1ff092c928e6a93935b85d1c928590705c50041f71aebc31abaa18a
fa6b1b2,183,1,1265144c39c0b57e312a2b0bb8a1f5c4b150b163536a275310a36c3e0d963c6e
658794c,183,2,86ef3f43dbc6e2b6ecf89c703d9b13902acb2626ca04403c24742476a3144940
813a77a,183,3,39fa987b9f44d2a47c99251f97515b451acad0bc99f9ed81c9446276609b2ef8
802db86,183,4,86dea3467989470090b9e0d1e51796681db72f117d59f27aa2a5ac353469dff6
67547f2,183,1,f9aecf28b0cc75db418922935afbe83a068951d7293e480778412e1276904c8a
9d48bc5,183,2,6a0c3d0e3f344acc8ea59b8256be771ddd7f2f66e0be050b1f917121c57844ad
655cb15,183,3,a192412d7c3c8d88327a8373160ed1c291f5b2f0513ab0c954662e138efad2c1
1ce9669,183,4,883ed3319f306550b69e76d044150712907391a15a78bec5fbb5be227598550e
fcc285f,183,1,0b1282bf2b8636c6e3ef89a7aeee4d28e732000a6b28f24d64446db9c41686ad
a47a22c,183,2,d025bd51c258bba8edc741bdc82f517511bff15b345cb63402635253566b7c60
0786ec3,183,3,fdb25148ff687a48c9140d79b4e96f3232449202a2c943cf609368c9b5d9678d
724b563,183,4,6a3c4095d92b0ced72b0f6ef071d59374efd4422f5c4529a7040025a75dab69f
3333188,183,1,59cba7af04438dc8aad88da9125d840abe64469761b2addb86fc069404a22bcf
c35a9db,183,2,a0da44b4cc192436c141313648e5d09f8606b83a320cfc349153b645e56e7943
9c6dd12,184,3,4c124a9a118f5c8c1e5676e2b458effe5e4bd283b873d7e5b328501c5e62bcbd
c0f5c76,184,4,ef1d45f1bdbe0ff5b00f19336de1e053d6d941b67c4e0a86eaf316733fc7db87
4e6d530,184,1,ccc36eb7fb40a854faf7d2a42a6274278e75e1c0b283beca1d77376d65b3947c
60852b4,184,2,69f510f94785cbe2ac3651ad8dad925d3c4f74a9c730d196273caec0b6862a9f
323b601,184,3,6d56a0c254d8a7f22684f12363222ff7ead55830f6d280ed0efcd3bd367605dc
cc8319c,184,4,36e14d3242e2bf9f406c87ab047eeea8ba129f206534923d6f80c52754734531
aadeafa,184,1,d8b6dd2933202881205253185eb6e72666fac520d29159b5c64a5fb6a93d3e5b
a8a2337,184,2,795fbc5c221fae2d342e9a5520465d635487df1f4c19a9d1198cb419111b87e6
613f390,184,3,31f34cf9dcd0bf77d6dfde6541b856b96d0377793df11f87118f1f9f8b318c60
936d03a,184,4,634b88e4d535dabc3f39d4305746bce240e89d4af916aabda0e4f5bab4df29d3
50ed966,184,1,c13bf0ff2b9e871625f4ac7a3207a06162ef91f366e7b1cb2c173172aca1b472
00cb5dc,184,2,debd403caf67845200315744d82f8f2178be4e673237fecc9e58f09dd888ff4a
7bae5dc,184,3,cb255d3a338b491c189742cb49d1aaf5504908bdbce7207cebcdd0d05e71d818
efd30c6,184,4,d6128abe26ef90065a90ea33ec2d1da68224735121c9decb2be5802917937121
f92f950,184,1,ad80e793d557ed709dfdec8ec160f2da9f260b44e6e0a6e1d554e5830ac1116d
a456bb6,184,2,9fe4c8a20ba20d581631890aaedc0dde84a124618ee95b48427c8f04989c2a4d
d84a404,184,3,0bbab4bc064b6b32a7565917310ceaf7371d51c220043cf51ae7091b33b13273
a5b3af7,184,4,64679690730744e14cab80c75dc53274bfc48c39fa911061183f282e2433df43
429eccc,185,1,bf7a782646d13e100709d6db5c7a12432eea90cb64b2c38d86387068caa49b69
d19c417,185,2,0eb2b95941b14b03af0c07b5d41b0de105bef7986cff9ca8b0b6751e5408a0a1
1c24c26,185,3,7a27467319e5c317433897e9f9cabb75b7c171403582a89a139e0876315e4ed0
660de82,185,4,4c7772f5ab589b33e7470ce7c71d72e947d57313d681f3eca5b364eb9486e420
8daba5f,185,1,90cee5654722e475ba6b88d519536301610d32b928dd16f37780726b938b25e8
232fafd,185,2,e1ec2599eb2077d7b1c0b3258442a33aeec82b3114da57a6e999b8699eed1cc8
cf89e5a,185,3,0ae90cad5706d4ef4b2b1ce1734adf163fa01f9eb1fb62fe9757639f077c73ad
68b12db,185,4,89c0c2e6dd4d910fa812c116b553bb7889dda6db06ed549846793f11727a1017
7006ed1,185,1,954c1d422e434072a9ab9cec52f4631592ef111ee0ec16e7ef5b288b1eb51718
f1527d7,185,2,dd7827db06d09a0992eea0cdf2edb2ad8d49b0c86e7e6921f8e5781cb46045af
1e8d2f8,185,3,4d377d2be8ad499a07fd15454d1ca48fbb34c641250c2658603633fa630bffca
8a52d1e,185,4,a720eee0867321e7384567ab5d82658872bcb01ed8baa8c6b04b65b35b477cc0
390ba85,185,1,57131203e450ea557002ecbbad0f0db110a22596c6796d9d73d7ce8992b7b8c1
8fd287f,185,2,ab365b106d82aead6430ea371007081b8c889819565af8924ee46c31f89de993
22d9b4a,185,3,51ebe2f2ba60c08b2907bee41346386f3284f6875de5926b447f16364d1d6be6
f60d685,185,4,5a4471d5b23f1beec8812b4d6b753ccf32a199f0cdbe7398b9ae843be0608edc
b996081,185,1,8ef015b47cb853cca8f6682c2ec14f586c76af2e566ed3dc944d74ecb4e3c55c
ebd0e73,185,2,58ac69e27b9a061f4087be46d9d197a45237f9bc584068784fab9ad270be7397
aa9d793,186,3,d01e3ff80e605d10ee3df6e3f0cce591a69f6f10fde6320571bb0ded829f4192
b3f2446,186,4,7f3557e810f7aa170e8e99a760e671119de64e24aba59712e155295d37f17860
ce9e198,186,1,4b03b40c7d95270ffdae10917e0bc527357e297f0fc1387a1658be78dd54ed75
a068742,186,2,a9f3cbdda77558c26609fa503a01625836cb2318a19f0d68f4bdcb38040176b6
9e6c4ac,186,3,a4b7768b043e78bb152942aee949d72563c5bdbe4866523edf14c2f1e08f116d
b98dd39,186,4,0690a148e2549691a26fef456b0d22fc687353fb70bc8af167accf110bd8e53c
ea57a9c,186,1,40edc23b1dcfe25c41c88b841836d01281ad3c315643629e091b38c69c82f3ff
d8dfcbc,186,2,363567a9598229de72b759f2c714f5ecf11dbd66b32eaeb4bc04608d6f005710
8893ec6,186,3,80f3b78d805e21c058e57a53a74b9ea670704b20fbac0b1a10f96db3c9adaa65
215b5af,186,4,8b6ea7ee76c16232f382c0613f63a503dfcd2038cc786b7428737177252207a1
83fb177,186,1,2a61cad13ee4be38f1b51684a44f6cd5504c99dac6e83caae7d49cff34b39c9d
3e9eed3,186,2,45517f2646f2228d0dd4eff2680bf7bdf32c81681e71dcbe9357ef951097778f
e067824,186,3,562f529dbcacb57268a41bfb7a72f7bf26892aab70d39be7ce7f0f121a233ae6
5cdd3f5,186,4,55bf969b7d4d0732ed8656b7667a0d954fae2e0015535bc2ddd12be5a155aa3d
1c80539,186,1,6525eface0ab5c85db7c46bad77f8e04e5e0d6a1a2031a4e3e2634a4518facaa
3e3c20a,186,2,e47597e1b506372cb802e48a15748e86a8cad262cab867b3c193951256d6f916
092a3b6,186,3,8673831158e4daaf126470a5a251c9899e078a08e1fb330fd0939383bc6e03cb
a9b8802,186,4,370147a5b7dfc7584b0d299d00d35f736fd33a780009942dfd0fb1234b2291ef
b90d8f4,187,1,aa72b8f616cc8f83472298c2f431307c32010a30f7f4a63a3615c9c6f368698e
288c02f,187,2,d3558da98e72bd886918a458a68d4f8f834f639f24249397d8deaecdea33a947
57ed4ff,187,3,dd10db105b56ba9feead860834c96cd4bf6581f008e9ebb4bf29090cf3954a16
c825e74,187,4,03b34d961f732b64fc1448fb4cd515243eb3ba40c836bac036775ae4270204ec
daea975,187,1,a704e0945f2fdd09d6394967cd1d4f3e8012120663fbd448bcbf33297304b0ae
9ca1c60,187,2,35a05c2e667716a418b5f0efe460225d1d230c18e052196dee5dd9af0d16f662
982dfcd,187,3,e927feefce09a0f8c0e551612901021658bd7b03414f7eb3aac39933ee8b3552
0da2967,187,4,dd0afee7df431693261314f37a6159a5f3eff1b7babd31f1dd36bb3910a47e46
403b099,187,1,9440ff7501d683558e2acc4af0539968e85f21dd8e5678aaf05a6eb29eb48ccb
571ac5d,187,2,05b9be10ca784e0741e1235d03ec37c1c5e2f37e5665e9fabc9459d3b8e7a5a3
2047852,187,3,b399f61a6b81ce9eb04cf8eaf63ff65f160b1600a716c5ea0a83462b2b697e77
b6945f7,187,4,16c930f5182ce0c6398fcf3816be281cacea3ab3671897345b6405149ab58871
0e9a9d3,187,1,b5368cbe8ef164e6183048d232b663b416719a02676813b18fe6f2244ebb4e25
a880da5,187,2,7f3acddf87793a7bc9f1101487ce4ce92b4fa64604349e452426f4fb39e97e4c
e8c970f,187,3,231362498a5be4167037416f7751a8617ddcab8da9f6febbc9c3d675f11b46fb
2d9b9c4,187,4,209451a3edc3c19ba5302b283327cd66e3e2b6cfdb61db6a71b0f74a2a7fe8bd
9526e66,187,1,989732f41d97ad23bfff48e32e9f5bf64e5a4b23f7f2733c722a141d2bf1bca1
603df6a,187,2,7d38b7acc18de506ef0e1e6de3f3b75d202d387d01f9945f093100cad8882de5
587c2e5,188,3,ef694c41783375e4d3c5887c61fe8422fe21a7b30461aed96122838426345a4b
76ef15f,188,4,029a1068a2f1db8c28b7cb9e774dba0a84d1869c0cbec2f4de15b16f5df8506a
34bcca0,188,1,381396daf6f9ef099bc6a6fb76bb2e99b3a72a9a912fc7e981274de69a0149e0
80ea52e,188,2,2f2a1ed6ef0caef5f331d08497a8a53681ddd804891f4472e03527c9e3af55f8
27118ce,188,3,2c809ae767912693c52e7423110f1d63661ddc280473bd3e4b95498d03f968ae
71e74d8,188,4,2c3641ee58e85043929e19265f875c48710c6ff06507e2bcf5d464565a481fe1
ab0d3ab,188,1,898de92ed7ed30ca95eeafad109c695e2ec71651a63bfc981e0593802016e09a
bc89849,188,2,a63fcdfe9bfd8bee03e3e55e2e883006926abfa33ad6429ae96085641b2e1cc7
2ee795c,188,3,bdff3f66ce4a972c86422451889989e6ea8f023b0c2b3ef88402b739dd9bb84a
d0a986e,188,4,fc872019200ea9ce3593491a1a6d3f39bd07a2db9a34c726019f10aba64a2705
dbe3115,188,1,3abd06f8adf1bf6a58167a914459e884388b9b8488b81def7c6757e77a6eab11
1798ecb,188,2,0499a0f0f302c33968d664c85a6fca25e5a4e6ca53484e89c9313016909bfaa7
b4322b4,188,3,5c363df4125ac1bc7f13cfc5be06a879bdc0fbfa6e4ebe6f4b6bbfb1d4a48cf9
ca49967,188,4,7ca72c7ed75104b5d0c51947d3261fd404c86dda9c4861612863c0d37241b327
b6aa357,188,1,52e5305e875ab7a222213a2e5346741c5b8390f62856367ebba6fd7f2d4a91a9
8ae14a9,188,2,5d5538f248629f179b3962c5603e2bfa1e583d4a5233e50f5532fabd478becf0
556383d,188,3,478a38aa67f477a112fba8fc9a263b4d1fb0ea76ab128d4fa8ac8268cb8d0a1f
897681e,188,4,70264071ee04d0c00a1341348009d17d67b58fd8c81919bc76c12495d3c4fde6
8dfaea5,189,1,fbc86c80ea1326ca071ee473940b154cfd9b7e5a47c6f1e3cff2b5eb5f863ce5
b2bef39,189,2,e7c74e217e5ca5efbc3028c9c73d6f65e18ea9eb6a0697650a13bdb375ef31e8
efe6199,189,3,4170c283bcdf1912b4ea14a7a676c0d4c5e44a41813e2b13de7c1112aa8c60b5
7bc3482,189,4,9564f51a5e81c60775044e1c2eb6eeb0cfa83560625d1e8bdd49d78ee1ff22ea
13e7ace,189,1,66c36c062d362be68c02f46e3475de78ba3654d500fae20e5bb8c4870a9d8104
ffd378d,189,2,eb5bad635e89fda39e3821a16199fc586adbc303c034f0b59063e533ceeeb9b5
878db26,189,3,3b019a4b4804d6ae68c258e886d57502d1822253a26b7a2e490c54d4d4e4c959
0f7535d,189,4,0f51dc1f6d169390a7d26dec8791f97c34044c87a56108dff029a0199b87ecda
c7871eb,189,1,6bee1a80c6e66cf580929949537acaaf837fe454e735124871596397579a1080
b4dfa5c,189,2,2695b6be44bc92213fa815ee7048b3aa188c6e52ca70e7903c49bfa3820355e3
3395115,189,3,27c7ad1a0979e91a7ab27732db9df3df6daa269338b7865df222cbbc19f20ac9
ec32da2,189,4,ddecbcf1f6a01e6eca76700cdc3a1812c3a4fcb0338d0585974000a5a332b089
a8c1526,189,1,892450fc52988d284aea70ff38aaa18ed921860828520aa995209f3aaa6a9c7c
59a4420,189,2,945a5232d489454d3011205366b9179c0d439f12fddbbe9b9be213a428961e2b
f8a1c0a,189,3,57e139131e108703519ea6ccad25221a8fa5301b12549907bb39013fa22b9d63
c36a91a,189,4,ca0baa05f1c1315275498fa929462ab6ad6f2d572fa3b2772b81363e99c2f279
3bc01dc,189,1,f76b1c7786732c8e7614116eb4cca68d9b3bbca60ede6bc3f864284da9ecb0a1
823b228,189,2,6398403ddafdd2ed05b367c3c04aa030f494ec4151bcab4808449c755d3507de
2e922a8,190,3,bdcef0a2fcb8365a0253fd6f8d8a8c73c95c0a67c864286d16ef95af4f36caca
c0311d6,190,4,c5619f82d7595718198a48b9826ca3f6d63884f78519da99f4da5930d04c0e17
00ef89f,190,1,3e77c7385cebccea38a6fcab0b27c5412e66336044344a2c84facb5f85af6a4d
4fbb5ee,190,2,a5efa047ac1052ec58c28d4a7572e12d0179453195736f375cb8cb6275b37e47
d5ff1e5,190,3,f320bd14d769c17a2d46e733b43303e2a557a9f9c51e578f26a8055d54a20753
2c5e0fd,190,4,70ed47bc40ef316720f1461293b90b25cd4606701274671fa91620454307d47e
ab2b805,190,1,9f361aaa7dca024453f17196776059e787982be2201e628214b3299f62fb1282
7e0aebb,190,2,e96f179fd02f5f1288e26fb72a07ab323ac5a0f86a76ba8db40c89172e77ff03
01bd69c,190,3,c39a48064846649a5858565fec3fd307ac5722357717032c8a4e7fb092df2dfe
392b094,190,4,a4c4c0f72a0ad4f515663707518a50e1dc442802da4f0a6046a3ba586117be69
be8ce73,190,1,71ca293b1577588107d8cff8896cfde9fe150640a3aaabe2cf4cb81c92977794
71077d8,190,2,e33a23133e3f3c23f1ddc91d6120e39e5fd47b909e9b434b9ddd9e736a6a1fa8
4a1beff,190,3,5be6f5542f72e21e0f3a8e267296fcf011e5b08c1b3529d4629739b819ca2637
176fde9,190,4,058d6320b62181ee71f012d6d47eff324e5da45668447e936df2abc61df2b21d
c6c4cc1,190,1,e35aa7e4dc3461f6a55f6f5e7713c09209c13268ce5cc0d42d7274719606ab74
aebd3a5,190,2,7989bff2ff1873764e66515b0c60000c283b623e9750cfba2634a52622b3654f
73fece8,190,3,b7eca1ae41a8c63ddad38aa215a3d89913c9d4dd94e621eeb4d1aad0f2ef46d4
9371007,190,4,668e64fc793c0aab5ed9987c973353922432771a79809edaf87ca6109cf441b1
f6e0319,191,1,58ecac00e7970ab4f0422bdb6578a9f6444666c82c6b62ca50c01408ef16953c
5c0836b,191,2,1ccd2c7b5f1b7f267693484f187520eadb5be42d7bd55b95d28d9f325f660d81
a06ce47,191,3,960c0a91efa3475d1dbcf6f0fc56204e6bd68a571f2ca53d92dc6277fb70728a
0760f30,191,4,def2c8590f8a7f542b637464d2d7524e5885ab0daab41a818594607ac5e4812d
3380b17,191,1,6d8c4331d88d52a05dd5238a752352057e53f443307f724b5ddd496495dbea22
a0d4f2b,191,2,6325f7d62ceb4ff1fb726edc2ac0a969655d5bb82143e679419b00d358b99af2
6fe4eb5,191,3,f88ec3bcd4abf2683a2df0e285f6f1796fede8962024d96980bfb60c03a816c5
57d55a8,191,4,35a73b8c866a6997b8336c7cd2f1e8fbb16c5669254cf7deb208c13ceec116b9
509f872,191,1,54af57118cbcc552f507f169c7ca6471e8c463f6484adb2e66afadb05f8aeee5
b5b8a2a,191,2,8ff6483970e045db3f04338970ea9f58e80b4090516062caa0da964cf83fa7b6
4f0e1e0,191,3,672692af7b33439cbf7cfda44c01dbde5c0c2629aad5ed72aa4fdbe734de45a0
f710362,191,4,395dabcc0da2392f264f44833b71a42bf72f87617a83e2e8710c6bee8b83bac5
9985008,191,1,55596abeff414fcf452ef34bdd82ef2c742cf1f85d0dc9c91e0139ca278b7f5e
f2b3076,191,2,565e7eee62768354ed779d6d485b2f94618e1519685e84edf1e397381664259a
77c5de3,191,3,6483e8dc575e1d08fcdfa49de2629b91533c1f186c8347e1bef68f764372c0f9
d64d128,191,4,774fe6c81b382cb6d413bb1575b26aaf7e183b8fa7f11cac5c2c4811cd75a520
7be790c,191,1,e11759f170d125b0b1300bbea19eb5db14074dffb0f97674d6aafae24e7c051b
54a4e88,191,2,b4b84210a10648249dca60c4566d23fae2eff7fa16153c680d0c13785e2b3b6f
f7ca7e4,192,3,8c6cc27d78225c44c684650abbbc5a4d0abdf20eb8bb1d60b6ff0f192ed53e65
4e0ef8e,192,4,3311d8e780ec9198a1d4b0a77f011027d946b94fcd32124bbab20bc04ad3518c
25d7df0,192,1,25fbd70e5e327c4bfcfd7d24fcac8bd36902f715449d8cfa43b3ccc1272e5bde
88ff1f2,192,2,87750097141c92b76a96aa3beea5ed1b0d6e0763f66fd961d93b5a9835dc8e4e
41cfc2c,192,3,2dcc377784bcc6eba533b631adb7950f784eb44d3525c6c5f610102dfff92f1e
6e42888,192,4,f49277388b037c9a032d225af88eb8954b44d1ef834f3032d12b535ab15ff672
28b808f,192,1,725de181f84df4f39165cf7f6c3610ef84aacc1cd7ff9fa8d0647d7de47c00b8
bd5e3de,192,2,a47f1745218c93556f5ea1f51d0be3534062b62104e3950dd8f75878186cb493
62d5e45,192,3,24e7987368b9c7821fa885777f6dd1f243bab9fa3a463d59a822b5208029fe9a
a889edc,192,4,fc01b81c4877919f3e5e1529b6930630740c5e5e218184cfd00e8aaffa6c6ca1
5e87948,192,1,9cdea381549779385e5f6319c3e16028c1e5cd5668c6a7648332dede0ed132a8
0ad08bd,192,2,6451faf13c5e4eb7760f05596cd51d0b8fb19fd31da8ddb286fe5e0212fedbeb
30aed5f,192,3,c6012fb7b93d2e5ecdcd5e24a9acdbe8c27f90e86dc17e31a4239766ea7b4a4f
80e8016,192,4,70b44bcbc5382a868c5b7c449d870915768ec53b27c612ee125960c005dfadce
c760686,192,1,72251cfcc2df282548a7dfe483b21c3d1cf66c1661d94c700a30668dc545cbff
5d1930b,192,2,e1858ce2505ff9757a8ab7f09a080a88b45d5548004e0a068080f4a293f3ba58
2750fc1,192,3,837f3f1e4593ae7da8e6c6d81fabb942c8aea4a6f4c6880d8d5e891b73624ec4
729d99e,192,4,472c401a648b88c82f382166a5af82abb938ad115429eda7fd85047509da7135
7660c7a,193,1,4162d1a9832a96f2540234d96e7aec4d59f9314f3e964c6c3657c102fd37ac6c
0aa8caf,193,2,0858935aa962c6308d06d15770ad5c373b459d727ecff889e858ddcab8a693d9
1991cce,193,3,40ba9debede8a763f98591c81287a755508a257a058e339dd45b72573a748ffd
ff98dbe,193,4,8a057f3e2593d5e369397cb7c2f362d8177aa43fb46acf7204149b8b2dfed8ad
995e34c,193,1,7298df397a7cba2e387bad7dfabb1a8c392ea0d9af598761e1b409c7986c3e66
b88c3b5,193,2,b5f1563e916d2c87478c201a96c3ba355651444ef3dab777d3106237ff8249c3
5fbfe66,193,3,1c2554ee5d2bbd824d421de94303f2c42fdef9e0207ad9e0bf0748587d6270c6
2b6bf6c,193,4,879d2537b588f3e8a07ab98f2b5f277e29397b494339fbbdf9661f9668dd3b9d
2c83487,193,1,4ef65ee3a0313a8928051c1c8c61b60ba95e7b9046295d79bd5a928164e04091
e63e799,193,2,32386bbd235e957859aafc10ece8edb8e8b940981ba939412d637b5836ae5a17
9c306ee,193,3,28b3a04944450bea1f7a36ec32cf17e89cfbacf580f0262b384505f06fc2f415
4bc17fe,193,4,b6cefa4819587f314dfcb5b0a786c91d45bf884d5b51411d81b288a9e1f71cd5
74e1e4e,193,1,b65ffe1bc803660fbaa7068e606af12f5b0b3f82d7fe2d2977e05d90753f4164
ac8e95d,193,2,8294b436acdffb979355896e2f8100e0945c3ac7a54b49a48e21ecf6bbdcb5c3
8101828,193,3,e5c633c9f6ec2f4be683dc92cc6767fbb6ac61d8aa7615feb6363f09a28422f2
a3012ff,193,4,11dbe2927f3337ae6d2309226823fa86f8004a07d9c2e6e819b0c9688e7caac0
73274a3,193,1,b72cc1f94abb3d5b8bdf448eb5adb7e2045d3ee005c842536edfcaf027309b9f
a36cf12,193,2,7be34f6e16d8fc09d8cbeb65381f0d66874d222c92b92bff4759f9d56360904f
12ec7bb,194,3,423d5cbbdf1351701e7820cae1dcba638778947e8686975aca78d9dd80d9bc6b
fc3e67a,194,4,500e1100946817037dea1d58250796750b3831a6e82441ccf80ef3f0e3e14c78
44671da,194,1,7aca8e04eea36a757d47da5e782292942c91d279db73ebf04fd7684146d7763c
9291bf4,194,2,4010578b371d8bf1dad3fe69786fe22a670f8527bc044cb6894808a00bbf3adb
3ac8feb,194,3,c445c54643311edd9655bf0f39ae21a297acad7212536bdb8966fcb94b75c9ac
2b7513d,194,4,6d3a9c6d5a171077f6eb83d7a13cfa462762e4d1267ab0f1b862681a8dd3f4c6
80148ab,194,1,e197e9e1bf0bd814f6028624ccb7d4e267cc58c5febb86981eb4945d9cec9651
a381f89,194,2,4923421f183950f21db2eed5e5274a991bc98911079abd91440f793195467894
c68a503,194,3,cd3f6b46933714f5f86a73765fe7fb11b09851506bf420717592d5c3a13a3833
d300174,194,4,7de7029117b1eb7573d13c44f55a96d7596aa1730aff72d227fec0a7817f2144
a95ab46,194,1,dfc940f87402f98cd870bf30b4fa41ae6879fdf4911049205f7bfca95d8e2537
e9c5ea9,194,2,4cd4dabd8a539aa642a8f8373c42006db63690fc9623bc876f843f2fd24c1e08
a735609,194,3,21a96f1682aa2d8d68847e9bdc122d80b5875afbb904cae83d9d386fec346b3d
b75e1ba,194,4,4ba501dee74468ff354e035116032d0fd1a8861facd2b223fdce73fc99aa68dd
eafd71b,194,1,3aff30820482ff5b38b9c1a03a417e4446b30a6cb4a22bbe097d4fe56cece890
90a4d07,194,2,1805e6cffe763387a034103e09edd190b74b9278c413731a3e9f5583009fed1b
f72ac2a,194,3,708ee3007a302ae9c3d7dae6139dcd5233666fa3aa17624ce5028402216f562b
37c450b,194,4,cea5890bb666452d6774e730112109e33c262f5ab7bbcdb4e33bd411192d5827
b4e5144,195,1,f9173ad16a4a832547f0750dc5cab0b804ef7911a98869bce9ee402e3c4ff7a6
c17cade,195,2,fccd938d4aff2cf1feea49a3af8991ba48613afef8b033223a823695adf3b973
da5ee3f,195,3,1399814f8bf8035c4bb38d47c805413d38176706bd68edf61bb46d403ebfba8a
25811d9,195,4,5d82c348a5bdfae17020fa9c4001296b722905a423f4e9d0f46bb6a68aa04469
dcf0c21,195,1,fc8e039e308edd567345ef78aa1b7d8adb799a0f254ea38a6b67ba1b68baf827
61d1b5f,195,2,7f0f4dc5ec51487fad28b8640d7a99bf7fbf8fd8d780621cdd4abeed23847801
37ffbbd,195,3,1755c41be90961e27d70c26aad309d933c3eae637703c8e9f4a59bd72932ce84
d129f6b,195,4,a5a61d61f062b3722acb1f199999a22768dca831881c4a5abefd7331a7654b64
247f18e,195,1,6184e98a699ec8c0d8f31548e45192cdcc4a641f12626702d3f0f382c1ec38bd
29c2c2d,195,2,f24f69fb60ba2282cf9bf17b0f30f4f67a02b23c26704cdabfe6a8b7cad74a33
db0f994,195,3,fbec2da26ece5655a0be04e4ceb0c6c15fa25e3f0fbf09aff94139da29dd5c78
a208781,195,4,6a16ed2921a7a4378d64c626bb1671b8ff0130045d6051126afa001fc5306f53
103ff95,195,1,5c6461f013f0e90a78c3ce78e9946e0285beef0b7ad1d69d52f106f2e0818802
9a7288b,195,2,9404062f7b5071d429c4ff036c25d63457a87fa8b8d097072ed0497c6bcafe4c
e7e7ec1,195,3,c26abfa8894005d5b24a5aec53bd9205cac73bf337853a2ad698fe58a69860e5
3cf0e6c,195,4,394e64a699d89b4e621a818740696635b828f3117613ab7401022bb2d5cee6f7
c506c89,195,1,1cb429fdff6753f39ea8f6cf2b53c7b620efc9ab58160f479904abd153b89765
9f79642,195,2,f7292b45eae8443c1a523d02767164e51607585edd1bf520dfcf92ccdd570fe5
4a18904,196,3,21ca220c493e909b0c92d1c17b1ff06cedd722956fcecc869c06d53db597ceb5
f53fbe6,196,4,244c990d3949a57d18848fc1697a9b5ab4e20652502f0d3e0b16a3792220591b
8f4a4e2,196,1,e3d684ece5f25d0cabf0f12b6861a1cc73c7e266c8bc7d18e2c48701a0cbda5d
a28c0ab,196,2,e889423f2f601fc068482133c3eae59432bfdace2f83b7ca6f475e9bf2e084ae
2bca0d3,196,3,cc1dadcb1ae8f9c08dda1fd9976fb195a4e9332ef20124d4d996f6e7e30cc398
d4c6797,196,4,8dfc1947bf038b2f8456643c6274f4ec762529c483c30c5a76c844a92700fca8
6598ef5,196,1,71112c972da785382763555f17f779c171a664d44e96a5c26c6d535a21ecda9b
b863a21,196,2,f2220516a0dc0db476d3795f97e700da03dc8740c306d144089f32b585934d6f
042dc86,196,3,f1be36bf6295bec247210f60d3c39a84b9c03c6d2467f50261a76c186a8cee75
e74919c,196,4,9e82ea39e37ff17c63e3e1f610d389f50d6fc22df80c7b9fb3a6ca872a1510fc
a1de23c,196,1,131794630f03715f1c0a81069e3065dd60bbc2e145b06e7f259f6206c678c007
01e64c4,196,2,fb4e82eb8816e7e7907e849a58865894bd3ce0f82d28a6cb8c20843d2345bbd0
2e5c179,196,3,7ad53f20c526fabc33ee2d655778a4b375ff971c1f035910f3d2513e7c517a51
06cf397,196,4,d115228429a1929aeed3e9256f869e49028cf6806a67114d4c5a14853c0f6170
d93507a,196,1,1464ce1fda37c8f29e55c31bef48f4e0198089c29aa1bd6fb00393e4af98be66
270e38d,196,2,293986e6480fdd5c8edc58e477f319373e2d816a8cea3efeddc3cfdbed3f8e86
7ff7dd9,196,3,af49a45e6334e97a2f3aeb8820eca2ba2014eec58d77ba5befe54fd5a7735c36
5c9a0e0,196,4,e0d05a12ded25e97911d9bbde6159da63da55728d6abaaa70745d209173320c8
8306a62,197,1,ee75f5d80fa656c941ddb8a7eda73a20d7750768b9a43be8d331e1f2861f2bda
74b3cad,197,2,0e4fe633dabcffe9193dd2da328f880802638dfd60684ba66945ed52ec969987
28f131b,197,3,a1b2b2410f9c61af60ad75170dc55653ad642fffd7bdaece505289f5db55c362
8ba4781,197,4,dadd3ca3ac01c3f877c1d48beaac72ce29db4f4007c01dc1cb5aec1b4b48f18f
1f7cf56,197,1,0da60c156f55adb877eaab1c9f72778c616c9abd269582f686278227b494d45f
595980e,197,2,a004912b83db6fe493752526058c476929ddb8dfc4f5e7b15e9544fdf3c25f95
9216557,197,3,3faee44f78925e6cf26458ddad41a18ee6ecd778c5a1014bd4c6ae23f0fbe741
71bc28b,197,4,30119b63219d76e5b1504399262c5168722bdcd08933363d4be07f9452edd049
a4c05da,197,1,f4adc8dce8a0ccc9fd8273ecca354a8cc49b7bf50dae56b42671673db4512299
411a4c6,197,2,d5a540da50cfd7aa08b686028a1bf145cc0c9e3768e48897c35afc3cf5a58ed5
8c803bb,197,3,4084ce171a58a3eca9e50ddb17acde2fad1606610c6710be4ece2184f1115550
0b88519,197,4,75fc3d6d69f5288fc5950512c0c941a376cef8bc63893b0af116aaf786e3fcf8
87705ae,197,1,d678ee194e6cc91fa2d645c0d17a316e1735233239e866469cb40ad93f34d270
85f8412,197,2,9ffae5ddf644291fe3ea74b3d2803b84edbe0323a7338f6bd880428d37b57b95
d7ad755,197,3,bf56a82bf485839094c9bedb53f04717635f7d50b85c0091034b5886f8fb2d0e
4a46db3,197,4,47719b3159ff3d5bd6f2b33ea9eb89d4b6251e1fdea01abd49cdf2cac5e2fa8a
a1849d8,197,1,c3654ff3c59c5f43272153b0b941ca370d097cb22cb646579524a0a4cc11161c
a962a05,197,2,300c2980ee5647152bbf577f120cfb3a997083e74bba6b2fc7b1aca4a1d430c3
24fd1fd,198,3,70e3f695c056cdbda6aafc6587382d6c98f30c42611188e20b7f770107cf0f10
d55811c,198,4,07db8f0b848da6d85e4e62d4c02aed8ec62b898e8664db3766910e505dd6a992
7b59f1a,198,1,c92308740e13f797cd806d5eb6f880836fea9f6d956517f9ca15d4ff7601d70a
3bea149,198,2,63f2ded2be656205320e9c45ba7a180ff4a2836dfe5c5db27b9f367a6777a30a
0e2b7d1,198,3,dab71270d807cfd165d6ffa3935d303de417dc0b393cc65a93ab15c83b5fcf5e
2fbed21,198,4,cfe173b64674139238e728e11229b37837d715e76ae7240890f43452d8eda4c9
ec0bc1f,198,1,5938b10523e85703b9dc77728efef01520770e502ff3107e9b3f1bd875068068
a6a80ed,198,2,6b290ec41c305dee554915a669e6ed4ee368b684ea5cde84100233bd541df845
3dc3432,198,3,876ac83c4beaeea018792935517827c6d722044bb112b1ef934cce0dfb2cba2a
874f274,198,4,fe444eac800feaf40fb92725fdd117ddbc54409381952fe2679720af6815578c
62441fa,198,1,244aaaef6ff89a4aa33925633fa8e43cd4114bc5720f838ed21ad49109328526
f8d91ef,198,2,e201b85b3c7b22890137c17b42b85514af58f13741c146d7561d336d9501ada4
c163697,198,3,7b296f256042898328d3f1dca75101379f183361a21802a0d87d4a5fe5cbc8f0
46ab8e9,198,4,2da94374d16fd890920280a576a0253315d68716166cb144d48623c95b21c2f1
65ea1b1,198,1,0695e01bc9b534a3b4e14d6c83be71e52ee5c2c9522f6fc4ab5c85944c3aecc2
2cb191e,198,2,17956345222b0170795970f1dce31ba4a442fb0966d37c42273ac2dc27b12dd0
51e9c41,198,3,091bbab464951cec08765e227382d358a9aa53d6c79efcb861ee2ff116413074
9a57298,198,4,1839721c2b7b4129a6192221d9034ccf48ec62af49ab94858212ba8dc48abc75
9851276,199,1,8bfbbbd62fe87bb0f55fc6e241c293a09a6a10f8de328bd12803da104f3847aa
d5081a7,199,2,f7504a30f196e70fe90bd8da713466017f0c917d7c715dea6cabfad7c440a8ba
e85e962,199,3,f77429d6c055208d6db40c0773026b65d771fa1a6922509b78f84e2444245b4d
522932f,199,4,dc87af2dfb26beb248ae994d559f65f980e0a4edab09714c9fa8c1748b2a5696
11a8058,199,1,a586caada48bf9c3b46778e7611782d5ace21fdda4d8e6d70553d82d75cdb6f6
5f922b4,199,2,07c53da599645be8314970e841b00b3ebc33f666d0ef383a7e57f8023227a119
54baae1,199,3,dff833a5b104ea4974c8543c1ec817db3ca8974d3675c02d35615c421c7c6f36
864ba12,199,4,6fd9942ce9e3a77742bebdb0f4d9571530bc88a51113be1fa8aa52214c6ed3ff
466a255,199,1,6d2acfce0cae7cb5651ee2dcbf1bf44189974c1a8a2b157771dc4c06d3468887
14cb817,199,2,fbedb97f863fb03a41c77a6301cdb3494cde34c8123258469433114bb523bdf9
8462dd5,199,3,07e6ad0bdc10d149718795acf1d7efb2b510cc285d8c55eda6322834afd45beb
1f7a4d9,199,4,d762b98545fecf435cf925b8952ddaa1ba46464b69338ec5435219bd5cd55364
eda1180,199,1,53f404837c01fe1e7b6fff9d04d068d569fadba4bd566908141acf52e78fd12e
7e3cc3a,199,2,91ad6438f2f3e3ea95b2b91832355d75f7a8936d5a83382200e77c84be533708
f08abdb,199,3,65d3d1f5a62921673d0596c9a2e215d8adb258a6409782463862bdd18bd865b3
c18eed9,199,4,658834d1450753c6c8d31fc8a64b406bfc54feb8b246bc6d4bc3a39fc733028b
c9ef046,199,1,e2f460f44a637a7868244dbd01519d4f9a2269bc016b0e9554daff838e89c02c
f1885bc,199,2,4760c2f7e77f57ceac8fc17aee25853b0a2f0d94571c9c1074da167bc6450c74
c24566f,200,3,cc14c6acbe8d331affdbd7f3a4c952de01f86e772bac3ec6c0a2d3feeb6eed22
726d43a,200,4,a7d45aa662c194a04f9306d55553a25e0185c963013ee396f443dfe72ec6e0c3
f831bab,200,1,97877dd7bae7ed23bc484e167ef381fc73dee200e7a1987298209a9af5eda1e2
7fd135f,200,2,d518fd2b16e93108611cb171f7cff5fd22ca220b93b4f6265a2683d13a4a67b9
5ee3109,200,3,b301318769a52b30107b17f965c220c7866ba2c1bbed107d25255d1fa58d174f
feebd5a,200,4,457498ee677de0d22ccb868eb0bfca187435a4ecdd0349536243928ee1d778fb
106ec05,200,1,3159d6136344bc69a5553a0dde6b08a942a89ea0464808f31391766ebce2534c
dc86d27,200,2,beff8e3e4f604b1f073b9f56aeef95a3971b9a6a15abe5cd87e502a9c6f3d180
6044442,200,3,c241c65fbb3a35c19f01e87c16dd96c9f2caebcf66ca7cb77826c081b006b2f3
e61eb19,200,4,ca659d542484991b8f5c3168f8356d3122ac5eaa209bc258de57424196c059e9
e8976d7,200,1,5a7c6c441c58ec09bcc3580fa501435724178997324052b109a9f86ecd1d6278
3feb2e6,200,2,2db656236689c989991b401e441fc8ed7d674a349ec05fbc5caab33801389ee7
ac8c2d6,200,3,abd96cce2ffa6e81c51b1c73131dd927e8ee57de2ae70cabbce3e544ebf5bc58
ce5391a,200,4,1801f3567e741473161783710036af40ffbd69af90d6d6062ca61d57f7a99a38
4148241,200,1,c7590489e0be8134f9226be9258d7071d43508296519391a70ea844cc07e840e
6861f05,200,2,85997c6d39db274950293f9ed6a219ae8e2ec9ebf74aa2dae8e08eb83bbd798a
c03a24b,200,3,c0e3bd15bf8bf49da2048a27f7abc73dc2f4ac5e9ecf9c2d00a0a8a5f14c2a0f
5f920c0,200,4,b2dbdb9c73a6655105e3e52bd321af25274b29ecd13d4bdade48843af929bf20
c1feb27,201,1,a114d40fae0f51e560ceaa8c99d0583a60bef866184fab49e428e3e7756b980b
e71e75f,201,2,8274c57036287e05f366d3862a748cf9f20880a85ea47bdfabc15abf3a04bbd8
dea361a,201,3,c0b9a946324a60a44be9ade9c7c3d7e912881d2829ab43d5c1ff8d553a234e3f
2f31205,201,4,e2450dcb11ba6bf3605917fb08f86d8499c3aa9fe8ca2f15f39efb91a26ab775
c660bab,201,1,89beb42b6f19d0883becccf03081fa9bd379e5a2a5a5954f06d067cc77f05559
f8636fa,201,2,cab172252311b9f52616c7128a9cd76c98ad917f6e986ecc6f8375bab645e788
b7ed507,201,3,fdeeaa5fc175fb61324e299a95724b77ab5ea4d4fc66839c0962650c2e68358c
17c5f94,201,4,274e884e85ae499525c79931e01409c0ea837b4b27ad57a887cfb215da461483
c597562,201,1,297086dca7442aab8678038154f45863b4284610fa55d37909ef79b34fa6737a
ce1060a,201,2,d9708d3c880241792fe6ebcec7c18c15e81c557831501cf0f80ddd48a2a705b8
11acec7,201,3,e64784ad1e89bdf2d9466e9efe027450390d5d8fc4415d05313c0e9eeb189d7b
8e57d69,201,4,b1e7618b52553c47424c4efbb535d9b71098bccd09faadc642a2ab70cf73257a
84119fd,201,1,43757eef28101490e616f00dc89977ffb9a3fe3337d6a5a41ebbd405888da06e
0539a44,201,2,bcdec3cbbb931d1a3f720eeec32d8295b16d9201e9d58bf51429e6b48c01e7f1
b92304e,201,3,065c870de22f4ad5876b26e700df307024a60e86db52af15b59f4a02c25b1c0b
ca5deab,201,4,ed38775d380fa26dad1ff3a0eadba2e9256dff0ad4acbefbb793d87ec6f7aa6f
72886e1,201,1,ba2fcb6d1d108f0dec62fe5c2eb11c4e17faa68274e52de77bb62baebe0bc85b
296daf4,201,2,24e045019fbb67c4deb38cb56ba513cb60f6d1f1e745c8580c302f7743209469
502e0b9,202,3,836868af2ed35831113695ea288d2c3311ecfe381b838e3890e93bb6106da59b
1df4871,202,4,a78d91febd88f8387f4d33934ed0fb8eb4197e2541d47cb0eb7b55265170a552
d2373ef,202,1,5b5d8a8b3359831f51a9382aff9c4531d6b7dff5d8978db8aa4978aa7f676ee1
5dcd034,202,2,2dcbeb8c9e2c8fee1a02b885bc0ef8775324f60cedbbc1cc762dcbf37d4ac965
92ad3f6,202,3,c7ea677bada1d17f7a4ad62727c48abc69ef74b3554adf5e888803a41b10da9c
a4b3e4e,202,4,7d90501a3caaf6c5e4036b1d3efaf4213f6e3c8dedcf3fb8d6f1471728b12c18
fe10f02,202,1,f63101c3d2bc2dd0781fa4ff38db75f0390d4d7e6f34581d72cf592de822ce34
808e21c,202,2,f3491fa5c452e89f56293174641bd8db3a749847f04dfe97322890b316f57c14
abd3595,202,3,982e2a2ad1f2671e8cc72be4f3a81bfcfe11c8d0c562e0c15c9b31e34d864fb4
d1e5244,202,4,84a621508c819df04b2045862eb76a1a8fbcfa315f796185e684e11cccb08d45
67ce637,202,1,af4d15d68730e7d7a83017c1f2fb61bbd0d2064e383d251939de19fe42b87ac4
ef04147,202,2,7ef43eae30d7d21d8d88a61691cf4e921d05a318e9d443d217eeb82eb3c1a096
82c3a96,202,3,5d570bf64d13ab83ba731587c93210a2ddcccc81c6607ec661baea48343782b1
5c0e7d0,202,4,d8cc6c7584b73feb9ff9a0cbaf1012c7e2eb51cc685ff5db095caf0514c8944c
bc09367,202,1,ba43ed8578671e30fd0f90568cea1f94fadda1ef94d8c71b1d39130b6706c595
812f71f,202,2,5f356494f9942a437e67932bb0a617b340edb4f2bc46dfdc1a7dee69c9d6bad6
0b2a399,202,3,5dc970a89434c8b94d8b6b699513f1077fef4fa1c3a60b7c33b5239ae1ce299c
77d1a04,202,4,fc7814f01cc3c9122aa3b2e4a1c7a00e878e00c4861bf4802350aba3b3b64735
72d5fea,203,1,df077a87b776514d9e60d7464bae88f436a537297f99c770d116bcec92cb24ed
c136710,203,2,ba3b735b0162aecdd4b1ea6786489866d05f7819420f960220e1ce9e0330e945
435a100,203,3,c0069728bf4a2a48e5dd3ab93dd0f02a302d30d93865c500fed60c8127c8e1d3
54c06cf,203,4,e3f297d3fe8732e593f7682b726eea24902ea14c2c4553f432754756a6fc13d4
77caafd,203,1,4014059f0d2e5b150e4dc92b18c7688570acd717d9c06fcfe9fefb2cf69df094
833c539,203,2,6f02419df1cd0198c8fa019716281602bb52153c6e30eae977b457ad50c1c8c8
42a21d9,203,3,7b10d5b59ee48ca7096dac51ecd7967f37edbdc681eacf01a2b4bb3923fca028
041804e,203,4,0d82fcbb2fb4c2bb93cb4013d498c73660db026965ff8692150766428ee512c2
ee1d27b,203,1,59e8c41bed61e004471872902cae0d1907a21542c7ee153d6e68b6bbe90f51b2
b7b3b53,203,2,6d1d6509e0f5647fcf0bb49ec9d39d038b323949ac2dcd0a3bfce481087152c2
3562b27,203,3,557544600708df4243d7b195ef6ec978f07edec996dd80bc14e0a79ad5e55737
951eb47,203,4,6e07119c639e3a97ba2ede80ff7f5ce2ed8326c3ceaed85e05e8ba81a3804686
6cd8a38,203,1,fdba667b93f0501af7792cd2b7e3c83442368d92ec0ad084bb92458efb3a3f71
8ee388b,203,2,46d1edad576f23734de0a590ac3c661df7df4147f76134ef22ea2eff714c239e
bce4b7f,203,3,10f374fa83e42847088df549d78d1946bdc255aeaee450b468bca0a00acff39e
762cf74,203,4,13e46d6bf3fa2b859ead0afb391226dec78b5f08280a1a1b230cf9372aea44f6
a72499e,203,1,1e8c4c25b26d2937dd143abd1718323242b66ae518274089dcc641c7ed429e8c
618a932,203,2,08d04cf08afd22bbebb2eeaa9e1fb7f49f8c8a37f29b4486837e72cac4efe49a
e5b83a8,204,3,a845aa35a0a9a3d3ce8772fb52302d9f599e0345b804f0b2a24e66c2d954228c
9941ca3,204,4,f2199164791eb157d681b2efeb46b348a7e46d86ed78551502c90a7d7a7b4242
75e6161,204,1,13fc0f194878c5ec8e4819bbd65bf82356005014f70534600ae5482435691825
f757267,204,2,16d8d53ca2bc2c85d4d276ba6072ea9a51b3290bc81d98bf7bb2a204b10f6b9a
ad28e86,204,3,55bf09832fddb23c7b742b5fa101d769822172458d5a7f2b8b88bca8ccb10cbd
9eb908c,204,4,3fc8eb1fbd596e1b8d9ff6ab474aa4fafff131fb5bd900fe1d72d3a49d5ecd7f
e03ff2a,204,1,3510443b11ea09e2fc7b7e1f5e47f5d7b01775db1ae357da229ac42b5c0077d4
1c84510,204,2,204bc26b02a5349f0da4ca477230461996b3d050e3ffb63380f10e5280e6ff65
6f15dae,204,3,0e5a0d610ca380419abb5e67ccfd12211b5780bf3038f13a1b29b6029fd3a426
c8dd865,204,4,62f901c74439cba6e25bddcf47c852040d0e3ea1c5aef6cdf69a4e9f29e7c408
619e69b,204,1,cd35b3d39781d75b078026a8aac13688e1ada84e1c047a06f2e1f4ac33754ecc
24af377,204,2,c4e99d85e92a2129e64d228f5791f62c49852670a00656a1c57f8aad5fd0d707
b1b3814,204,3,02a11338196efd1bed7d59ffab4110bdfdf1a48a2f1279777e518c9852912366
441e12f,204,4,c749fc5a214356840ad0fc72e0314f2b1e2ba0e61609518719908c4e7d2908cf
8ba94ea,204,1,9568b43a8cfa65bf79f2d7999a00fd7630d3fd5dd7de7c7868552261762d396e
07d1a3b,204,2,1351bf0d712b5b1e9001e0ea56bfaf3cbeba2f7ecec96ccd9c643c1f9356f386
e1870ae,204,3,ee4fd1eb33ae8cd06a2763a75ff21f2f44a6695c6892e1fa5611906ffb78a59b
18c9ed8,204,4,15c3b7f14e9888158ec2ed2b20ca48a56c2d122589f4576d1e56d90158a5ef30
035a4d2,205,1,97d11642f166fa08506c235e44eb7beafc7a89ffebe6cf26e754206174162e91
8ee682c,205,2,eb00ef9406e4356ccc92161606687452f37ee6e0418f10a961c63e51741979d3
2f242b8,205,3,3a9e77a7119d3f2d88deb2f89abf2d769390ac6398de86c4ee5956fdc12e9bff
8ec9dfa,205,4,3fda59641576ef3218ccc16537ead3fc9c7332ab3f160e8283c5153f0a140c5c
ebe2ce0,205,1,4faddd855424234b2132d07032d0827ec3cdb59ca834d3f330097e9c063b66a6
1ccde24,205,2,31eb40956a9a67b19612cd5b3bd64e98f6e71d3cc55af2bbbac448ca606f51b0
0376bcb,205,3,e0e4347f4a41ea1529acfdfc73c734311aa9b7c6c40ceec326ad0f93fbd995dd
f4e06fb,205,4,f220814a95f9558516ff11a39f92115499207bae99e24b0967fb0e516b0e7a02
1cb6294,205,1,155887fe85c400f2b22b1b0f7e86f658c2cc61625987258ac728308e99ff7694
39daa94,205,2,9e66709de52f946a99caa880d41935e279bfea2b6009d8faa6d70dd38ab57fd6
709e39a,205,3,13b2bf139e40b929be143e7604dd98bf582ec233c931ac4ca0bb3db80139040e
fd0ccb2,205,4,739b19197c2b18cc71e5937b5d5f323f165b7052c31f17a1e205c6631d859b70
8d3822e,205,1,f2b5a0e33fa551f3725626d43e0b624f55a37fc9c2aaf1a3de41613a9e8f8b54
231a04e,205,2,41de3a8fdd69eacfe1576061f41b6c16b5785097e541b08e47c91b062f858569
a8eb961,205,3,bf5c5ffaaf83d4354115fb2161534dc4830e79109cbd790b32625db055a9fb42
eca8129,205,4,39bbfa0099cadc5439b7453d2d701b13cb070d13e973ce8df402ce3982e50ee9
152609d,205,1,6c231e758edb0fd86cce6b2ca69085cac6c5fe9aac1957790c6c1975a97bc33a
3ce331d,205,2,6bd002e634f331c964f29e66ef538308f2530e73838fbe9535d90d4fecfdf649
d28faa7,206,3,fd90e07e97a0cea5cda555a42b929ce2d3ce2b13d359c18d2582319b69ce89f1
ada100d,206,4,a8408195a0d1391b277e621f666489d45adcc66796f9eb95ae6102d57d4f001b
4232755,206,1,624bc6c3dd00162028b4400d7c5af509de023ee61265d603f6ab480728ea0010
f51f0fa,206,2,f1d03e606db26f0a49205194479c80a15e0190a4f85987e26f52abe99bbd687c
62665d9,206,3,bb8bdd1197c7d4c3f4ee266c66266bef215a084feae45b2c89fb8a0b157f0d26
cd279d1,206,4,3f1fb1f8b67e2d5cf9b483ddcd6a51705ac8c817ac555bd1eef8c16877e0fe9d
a941dc2,206,1,c838c8181414f767e4ba904bd954c2ee93f75032923560ec46959d761f42b76d
b841181,206,2,7e712eddbd3703dc624d82e10e55808cb7f7261b58f34081d5c97dc3414effe3
f59a340,206,3,2b3983979156b47a1a06a3f2ca0a692b64707f0b74b460aaa7b4c5ee5da09c3f
961baf8,206,4,baf12dd8445bc985c1c097abbdb6f51cbee10814eb1f601bc0f151196282bbf3
8355126,206,1,8c8ee7811cb6086bd09312b445adc93e3a4fd7050a9a6fe51fa604a1841b2920
a54fa0a,206,2,b2b1010994c36a9929926bd0a4f5633385b13f103980eabf2ff99ed36bf8813e
0b6df5c,206,3,0040cbfc18268dc8e37237459217739f7404711f3dff5acedb08472d767b4926
ef42b06,206,4,db2666d7c1a6a288da501c492305fd6dcdf4aea7777e6fe8ea4365434e45cdfd
cf6c1cf,206,1,5855070bec01c54a884f0e19c32b598ff525cdd38a3b4510cf72b8251755c399
6c94afd,206,2,b237931020ef47f61e0b87e6b7fdae704f5b269601eb207dd1b782b31bdfc49f
75ef893,206,3,b68fb7c128fda7ad9ee84ee4e68d66af3bdf6de777a8c1582659b3b536273e5a
2ece958,206,4,9a53cb3c8788fe594df620f42b77c16fcd68b8be2339fe63c75bf005268257ea
4316541,207,1,36f6851f4400417091f5af9a315194a67f0971b3051883cef50f5a73ca3a34c9
9e940ef,207,2,73f03b514b730ee2c2f658be809dd2c5ff82594c1638ec2e3fcffeaf98522f69
7c76079,207,3,0728d03905b4cf21f24ee16f40d2c9d8289be4734bbbd07b8ce0670e17902173
3781369,207,4,75fa89d1f5547b964df552611476d1885f60b3c39c7d3c77d11366087a433d40
c0679f5,207,1,81acfbc4612cf641bf8c14131707e7b212f8ea3bdfd0cfc07b13cdc7d813ec09
9853a17,207,2,4fd64d28d06400c286aef4a8c89a1de4015e388634344e4575725bbdda3f2132
921202b,207,3,29826049186cc63d9a3ba62f268e33fab4c41059da18b72c27d9780b54038924
bb0f3b1,207,4,043524efdf20e0586acd11cb329e70b54ab0396cda60667bdf28fbe3d5f64b01
48c8d1f,207,1,a3c09e77787b448142aa40531cd131079f4630d490735e23bc9fb8f7ffb89564
67f2d57,207,2,50a04d0b372740e0117c480509fc54c9a8cffad8842dbc47ec4bd43c44827a76
9a6daae,207,3,770abfa0e560102acea542544f18b35069a91eb1248d0f4d4014c1f37f43202d
29743cd,207,4,e761a4f8479ec5d56dee3114466f25aa15db9a193459ee196bd084e852fc8b7c
c47258b,207,1,fe6d3a159690205f2b608ed07150680e8ddf4fd20a32bdfb25f091b76ab98f03
17c3a14,207,2,86d1a840b8960756f77bc8f9b323116a2eca81950ce1feac94869c17598ad209
471fb53,207,3,d4dae6f464bd76f88484fe727f3c2ccf65e434befeb00741965745d075f14e94
79006ee,207,4,ff4d903e6900e90c66f913b6134787a5e57550adee6c89588afc244163752f6d
ded1371,207,1,ca6321c556cc0c8f4ce3e51715b53631583cab4cf24eff769405a716c43d8183
ea3f4cc,207,2,a1f84afdedc727ee7703215f699a63c7b7de2410d701198493bad59338829e4a
9ecb756,208,3,91df65ae13bb73a43ecd0e0c8eb99ffaabf5f792951ad60fce9dbcf02f629b68
a3e37e8,208,4,33b73da38f6d2da73a41e2e9954f4e3e570cdd24ac5878752962241ac62f5fcf
7fd2d14,208,1,5328f7ab9f36fefcbe301abc939b60f2f7f98e12339b4061891d751640759faf
2b6d2b7,208,2,db4f776aacb0234a9ee26f7f5f6054d0409de276983337c24a1e1b989d8cd26b
e046d2a,208,3,60fdbf0c969384f5910ef99aa6f3b6ba8279e8f02c1117edf91e5db07d8f051d
545470a,208,4,183e9ad14fcf23d303010480428056165e21c68bccc0c8da2c7f5d5d3155a7f1
ef95422,208,1,5965b85ea36d49029bf24982bf13706d9f998336c719ee12759f17d0923575c8
4a84090,208,2,b84dd88268bb9e471e2f2b6ba613c88ab5dcb683bd7ab79b36ff642f5ccf4627
df0746c,208,3,19188a3f4e1b379814582ad64c8be8c6b105505f56ed6a476a916f59a6e4cb59
f8cdfe5,208,4,5abc17cde2438c4ea661222cf82c4216baaa6071e955395eb9e7f8a4df851579
40cba9a,208,1,efcb9f48238001093f831128abfda94de99556bcf6dd2babad985f7c51ca8443
bda130b,208,2,a0a9cfbd6edfad6c98499ec220aff783795b8c1084ef2f22c3cfda202cab4857
39ed025,208,3,0aa7314ffe0080f4a07c9909bfc4f078345236572768352239c8a1cf42cd5016
af0b4d5,208,4,b47a074488e9d5985f78e6f5d9cf981f24e98855ebf0a9f6a7b86112a6b9fb92
c7d948c,208,1,539ec61f70a997d35effe8fc45504a141d720c69b7a75c1a25254932d370af09
fd421e7,208,2,e9740ac19ec265bef3005741f797b458d1cebc430785e72b5231b7b938d0f574
bfd4a19,208,3,89f89e3723ff817dfb07a51ae8a6b163c38b4178db89649117c57e5fda6682f0
9a99c0a,208,4,1799029a7e77a8fefe23a0ad350c46c96bd4256a1aa6936c87e933f82a341525
eb8f967,209,1,1e60545de1f6e0bb3a399d42284dc86745b648c004decb482fd9a9f743760cc0
00a541a,209,2,e24f23725529424022f4bbedc04347ba8948154bebd2652df356727629ff3608
bf9e85d,209,3,47c51132884882ebbe125f11678d92ce29a4d251bcaf17c637d5b64bd4923afd
9eea4e6,209,4,4687c7af7ab3df73374cfbe1326d0d83ea76bb9c94557955ef0e29223c82c25f
5f51576,209,1,29218555849559a2e45016851700611717f7f97c1445251af58c82af74a29d98
3ed4755,209,2,d627d60b0bdd3ae281440498f8aaa44a4ffb74b5381b50e1ea209cc8f321eb2c
299a5f3,209,3,3783f1d0a50415e37ad9bddd0d19992e1b846c9cea896f1cd632063e49a11769
e471f5a,209,4,3f88fedbd3ede84a563ad6348177d184e73588c2a881f2a8b1ae62f31553a5aa
982f413,209,1,3ed6e287ffb0d9f9037d4536d292d1f706e8765c59a9d3bb6c1ada4e7bfff54e
59dcb0c,209,2,8789611ce45cb3f39c820ad6952b93b2986a4958723d4d46245cadcd9dfd2d10
d9d166b,209,3,e640518c05033d9fdd4ecf1c713f289001f71c4c98e89b665199cee221717c32
928433e,209,4,d321abcf03dd9695298f504cca5bd4268949c7ceb09db9f04e695315fe63a8a6
cf6d57c,209,1,c20df400798ebc9234fbbc5f31b81c1aa40e10a712f2af66b1bb6c62e1b81c51
b0a7822,209,2,46a14e0bb718ba88fa7a14f8deb0cd038248f0a47d3b61d411c54af163ac851b
f6e5cd0,209,3,0444776585904b45c7b5fb6119d6f1cd40f76f23a0ba9cd15a9af64f0d131df3
ceb1c5f,209,4,0cf70120aa7ad024d0d4769b6f3f6518e9a8ca130d764ddbdc4d1f1b8880a374
7f0e5fd,209,1,18c4c12e849b8d2a3426eecfd432ca159aaa1a81a8cfdf8a975a1d3c9cd83a92
50af254,209,2,8ae0ede01881ba7c63c91f27e15f278350dcc6b3033db660207bde02a76542af
175da5d,210,3,46e994fa35449b3b9649ef21b27bf72395e669ca8450777b0c66dd94855ed4e2
2e4bd8f,210,4,eb5f842b222d02ae1751f9f1d430a006051536560a4553017153dd1756e91499
59cec78,210,1,67c101c24bc5c975d8cd468935caf0152718b92bbd4e4c8b5c8ab461a812bd19
1e3e3ac,210,2,0b6b5dafa235c8866b38c5683d277c5cace4c1c43062d244f2c82ed94ed4f156
13e2ae4,210,3,689ced6e978e125e3a28cd06dc4245c213ef6ef09c21b7a6823e789c85d0ad0b
5c72d6d,210,4,ebc9347bbbfe827f2bc59259779966460d866c549706d4ec5d72e991208be273
5176bba,210,1,ccffb9a6c00f60294661cf7d3e7585d2612d0ed823002b1b1f0d559d2f0e3e99
33dcf9a,210,2,bfcd976b3ed25f52125b0c7080ff2e300c205960cded7e674fd4fbd9e52c99ba
1aaae24,210,3,c2039b07370cf2a0be10e58934e63208f46847704f7d9af6d5a212a38287e075
26a2e7d,210,4,bb5999fdae605dd573d9939eaaf244bafbef546e1db6e33c7cadd3dfda99d037
e4eec93,210,1,4bd6e9043b3188299fe8c84662349be4aa843442a6fe4d15f16bd8d83e1c0fa5
24e61ae,210,2,8fa050c699c78997f0129ac39c4a8d1e9084002d2ff5b1d8ebd48720d3134e0c
0e3c6eb,210,3,24b2c287586ba4b5801d2cf95f11e607d9a5dd4495dc12ea54725df3d33c0dec
9473a2c,210,4,b52ab4bb121648791be70cff67af9e9293a6bebbba23cdcb7c1ff683ee00b225
5a9f2f4,210,1,24ed21de4a8f661d06acb7ca2fbabb481d78bb5773d9d05ede95e88ed688d41e
6b0d22e,210,2,f58b81cad9c626fd6d947c66f46e9063d935405bd19138eac3153f70526b6a6e
7d79b75,210,3,2d48ec52f22b6431f714a5405ebb33204349c013b9d88b4453c4fe19fa097023
55e620e,210,4,3722a4916169a5a64b97d4afc1f58ef85b215f4419fddd511362dcd1389d239c
dba8941,211,1,100eb5fad5b60fd74fa80669f27e4a21030c60ed8942c03d13e266839234d057
c252897,211,2,bbf950c8f6ff4008351fbc378548add893bea607db7b5125657d1bc52496cf87
dd90072,211,3,14b62f94fd481e4bf62cf7655dad8fb5c5cb8bc73388aab431f050be3bb365d2
3f02e1c,211,4,591334c71d3339d72e3ce372b4a7fa1dd08a2c4410a52e4177234f8e7f748764
f0e3d25,211,1,faf6f9858d7275e3280671d0e1d21339095d295344c8d16e422e1b465aaf8281
8249055,211,2,cae50ec3aeec8f797151ad1b8d8f054cb4dd2b0696a83c6b89144ba20348009c
25b80f6,211,3,ecec87d18c0db398b1156f9d1cc4adf461043eb82c513f0fef6c15f8778e404f
1d24933,211,4,4eef90cae3c3eeb9f19cc017a35114001f6e82d5428d9af94ded149c31f101a1
e4cde6a,211,1,9b70c3b869a7e65ed9cf6ca48d4e91f01417a33835abd479c51f5be2d32eff44
91323e2,211,2,00510af9c36d8412b4c245feaf7e906ad172e82fb43a560936077d7e6706902e
74b1690,211,3,6344d740719effec221c82f0eca217cc52377d5e3046fda156a161a6bb962bfa
eaacc19,211,4,410f18d25d8da7c74fbf0332ee3ea2520a1ec5e644b5b13d65b17c57d16ea8aa
1e23fee,211,1,a1d3d11a4b927a2c8e9bdfe3b278b84641af9f747a40e4c4a7ff187c572c9f5c
a510e35,211,2,afe610ca254b1798d4c47cc26e8386cf5285ab8610f8f48a98a551938fd484fb
47875cb,211,3,b7dcb4f46b31764962bd804f9959cd510c4c00a6d41de4a7021e91f5aab615ce
f035da5,211,4,a474a34caf4835a3ab8b5b1e5148274c005779e33c999d5256861df40d95f6b4
60fec92,211,1,4acff7f9c225c521bf0f4b8433d7463009876245f3d6a958ec68eb1d110c312b
903f1ba,211,2,6a7b6022d0534ae88e6471f42f40b5fc127da0310daef84b292dcd0dc9ec0026
ea1e99d,212,3,e67d5958773f49c047dcd948bc79af8315153942581d8649341cc3300c8acfd6
151a470,212,4,c84049aa9ff40c77d79e77ad5df2e552352705d10c2f9b97bc43dcdbd9fc2c2f
ff998c8,212,1,695afec4382cdb1c65cd43527ed67c149edfb7b6b0f044e0d06f88db8e3a8649
4a04ad6,212,2,ee617445925f970edae4e51c5a9fc3925b0bf2d53783742583112cfab231cfea
2b0bc6d,212,3,5a5acdcb4df2de1f834bcc281f731f3d71c2ca2ac59c8c1905ed5e3aa00ae724
0ff64dd,212,4,499b265458c9df4832cc967b8c37e63870cb5e7ecb44ff20ccf54763c7683a6a
9e09cc5,212,1,b2f7196ac2b01784c93a7d4ea3de00aaec5bf1352add4823c51aecc844d9a4bd
0be5034,212,2,426487d917f0316210aee4b42853776df60b8031fd3410df9a9336fd0b979275
1de8098,212,3,af05ba38cafb9318750d550264cf7fa0dabcff9e0fb73eb27180a647ad1ee97e
5df9875,212,4,68c743c95ff0c2978f606ad36e2d28d1d65da480a1e723067a7c8926635018bb
68eaf9f,212,1,7c326b34372a52700ce14eacb3c6f0571b0c065413739749cacff2f3e46536ad
2882fdb,212,2,a489590872da5d004bc1d8c03cac8dcf9cbd3e9f6b410dc2ea72a0a3776c74f9
5948fc6,212,3,40812acee64e7587905fb55d3252a80e6eefa3cc4c493c67b69a8ee4fe202436
cf7d5ce,212,4,bfe41bc2409e6a282ec8eb99b1c34fa0816fea40c10c11087272a1c8a8b69382
7bf7800,212,1,594388bac6915f9c7cfcaf38e3e09fefa586d48011cea369aa127ca0b3674197
955a73f,212,2,5b4b62f13e9612f0946d263c4b232e744cb41157819de85f87349a3aef3013d3
23e63ae,212,3,bee24a06932767079c8735ecc5953716f523fd12f8132725c5cfedf339ef5521
305a4e4,212,4,454f55ce304f73804561e8f3d23a37ad71e5922519f96fb5879a2257a1550b08
72f0594,213,1,e3f604e5d1f29c6081275dc4d3311fd6decfc5c202c253843775efe0e7613a3b
1635650,213,2,d98a2dbe0d4f70ceb0b8602418bc64f7049ce8d9b866f7fc24da24c173b8a832
0c0b284,213,3,5e6f2731ce0a595e3d4b14233ee4e3ddd036a14067725f2a99041ea1c9213f5d
8fc5a7f,213,4,d093972003278256c5a3f608e1687c678463b56a0cc4a646062de7375fabdf75
0305a15,213,1,c980aae3b74f477edaa5a17f501e339d695ca37301471efeaeb926ddf53a954a
2a838f9,213,2,32bc0e1fc4824fe21f28504dda63f54a1ca56702381899d4a57d6e59d75ee39e
0155be4,213,3,9afeb9b4bf907becba4ea35c48622af756568a12ff98ec9eac7aa04d68078ce2
4e4dd85,213,4,23d666d3cfd6209ece047f5dcf753dbbc65c59cd6f7e73ca495d3c5cf8127502
0d34dea,213,1,75a880814dcab7ab827c8758d2a671fe2f66eba4c264a27c29dc54094db85e60
46983df,213,2,997f1c25671819cc16fa48ef5f95010b8bfd81db07ee62f2a834cd921dde0fe1
6b02148,213,3,8d77e79138cd396147e64730e41db9b24093771ed280fd5f81c6f9eedba41dd6
2dbac81,213,4,bb78b2be31216ebbb10d23e955e2335945ee0c1fbec9bd40d306ec2dd28164ef
2e312fd,213,1,65ae26ba373e09cf01d8752022e443dc61ad703c02187187abe584c59d580fc5
d88e664,213,2,dd48625b27e212285699310513ac37d908d1077f4ffc978ac0cc978a376817a2
416fcdf,213,3,d3bc2be3ca64fca38bf7c5c95d495017a32bb9339cd276daf04e2d71f731533f
ca6daed,213,4,07b973fbaed2b826774964f46a367064f84436f0196b43b50718860582522199
82dcd90,213,1,7e8dbdee429974588f62a1c274fc56f4285b3d8be06b41873602d8e3c388d167
f2cc14d,213,2,317a940f4e0d403a00bdc509f4c2db7bb552aafbc6fe933cbf838da1bd3dda53
142f458,214,3,fd81cbfa8734cef7fd7dac24ddd4dc722d309a35efeebd11385e28df8980b54a
bcec5a8,214,4,6e863df00959d70cd7a3118613e23ffaf84a989fb4a5d57820a25fc4d625a3b6
fa7c1f8,214,1,9d753f6b908af8a461be45ea56bd466142be0c103d58f5627bb5a5f3cfbffadd
e5c6f04,214,2,4f59b410893c1e6fca827581783b35d85876d18913fec9239fc07a37c7bb6d21
d759791,214,3,dd46acf6cb0098422215e4211020a7d3a6b94a8237614db707886a8b725577b2
da89a81,214,4,5bd249980bca285428ec08da2ee074b6666dfc787540a0207abe6c33165b07e1
45c449d,214,1,e6c30b3252bf22a3a1644ce16460e0b767d17cd5d16dd4285ccf4f6771d05c73
35f642a,214,2,9b2db9cef94999cb145ac821480a7f6577336e27db8e1c8a875b89948183056e
27f5975,214,3,872101eb8273bbcf03e8a2db920f46f5beeb4208e1efceace6809230fe4bee19
0e233ca,214,4,7e12b5e78d289732464b27dd652c74dcccdf54beedd31c743757fb4e3f349109
987afbf,214,1,5174c0797d978faa91b1743b5ccf136225aee85a01fe2bb1f6e94245ce2f182c
9dd3136,214,2,b895b675ee33b0edd9a7306101e8adcfb54b901d4d418378109df8b2155f58c5
7efe0c4,214,3,9b1c87f6779dc29db79ead6111be98cd8a1141eed0f814d9791b3ec7d8bf4434
3d0abd2,214,4,104471d5060f1f34fe30a0d3d2dee8357e79a1b79f194973f0a251460b8b22ad
9402ac5,214,1,8587ca2e096a55eb04c698ea4c48737878ef64573a77c639a452987f7d460487
01b9b63,214,2,c220f1fc8f86645f10d9404948a5b90389a9bf57dbc0fe8d61bc347b9049a705
3c6d6fb,214,3,bf172161e4c4f82395b5afb5a0f36f610bc088be2d12c13e0786fd7f1f91638f
557a81f,214,4,013a7e1e4823666d96a51c11b456720cee79e274536ba25d87099f8d78bbce67
e16b27c,215,1,d17bf502662e922f3840079773d2358da2182c5cfef518eef88f16ab5a92501f
3d74cf4,215,2,0372d70a7a77a629c1353037319631817dc1f6087a8f80883592967fd62e714a
a286208,215,3,b54b38f1eb10fced2670811264b5e0e216d1ba3df78a8474c49743a79fff8da2
10ebd3c,215,4,1713380883a682fb4d12c40b55d0b6cc089f0e3cba0779fc4c4c887440494da1
0ada1e2,215,1,434efe4320cf1ed5fea1fc9c5aa27875d2ae4eb3e7ea25c43ed952529ebefd69
1d56a2d,215,2,1670a67a3b0f77039ce51996dac3a3dcb32438d57713d2408c0384a3c116af7f
54fd7fc,215,3,48ded273af155cb0f3af61a5fa882499b695ff104ab4c4066582b61bb38fa984
cf315d3,215,4,fc2c8f3226ca8e91ff60af58279beb4933265799d1f75836961cced1441a0371
6951784,215,2,43b24f5ffacd49663d39b5db18b8f3babf5e728bee2c26284bd7abd25210e15b
20a8ce1,215,3,44cee584521e7183b7cd1004d9a20a532a8e75527104376cc6740a22c5ec3735
28de5fe,215,4,77e34d89022c26a58076cb537a7896ec7ad98236fa5a5d2298f9bd83d494f66d
2fdb1d6,215,2,b0e342e2bc66b6b458c98055b346db6f4ef1636d98fadbf7e0fcfd86db323979
77fa317,215,3,6543f41a39664684ab9d3d67a621d92f31b16edcf0b7f00c4e4424b10529b1fa
3a53b74,215,4,597be0aee02ef3df8b14e8278fdce716609a06ef91412b96ad5eb609a131334b
bd55f1f,215,2,32ec5cf9092971c7f4dc0367a5ece4906aa398f3b33f349f5e1076f4f56a2798
36c3a79,215,3,b0eeba816b97e0406d90e8ed8d8f9d6d9a9f4413fba899483b07eed7616b730f
eb2dd89,215,4,c7e142919e7d3faae0c762a7085ec75841c124dea4935e238ca2d31f21dda600
7f0cbfd,215,2,ace913df456a6ff711ad2adafde16b4c6b17f28c8990a04b91b6fb793db9477e
c155b60,216,3,7c20dac8861101d76cfe30558f4f742e65d7da311325a3190f541b72846c9d3d
c98a9ba,216,4,f7d593c48fe82b1b7ee90c1f31fada43eeaad5b4b4c293bc62a97f4fb5df20a5
ed247f1,216,2,9532541f11ac1432ef28da6c0be02c96ff5aa0f879da201e606e923e45594bcb
b5af145,216,3,4da404db36c402e45283971c32e74f84ea640afec3029262c8412747a800504e
001ab80,216,4,450c77254739dc0b2b6793acda4753fd508c400272ee7a3d34dc14a17fb2103a
a645a4b,216,2,6a8bfb5b9cb848c90a24c5b6f166b6b9182cf0cd6f2ef201ff9c0d8aae695a3b
56efbd2,216,3,3762cee409af5374597c1cd449a26c6c9d310ec61e04fae46038dee13e6a54a3
53b3fb9,216,4,ceb9c36e40f63b6cf24c6d893ea4f9d9a4fd03705ad07fded816ab6429f30eab
2d75dd5,216,2,b16a358dcaf50d56d42f6f28cf997cd0a34548ac4a2d0047dc109b1aa37c0bc8
096eae9,216,3,9e3d34cdee21871f617478cf00be30b5a6c14fa20d393590a6fce76524092c93
1061742,216,4,dfd73e9afdf83cad16550518ce9a6edcc29bf2971fb789ce21a427def9a169ec
2e68380,216,2,8e4f853b7c47393385d81e8e571eaded4b32de1ff9d334b3ef7eddca13851ab9
7c131fd,216,3,2f97c00a4aa6f1864818adbebb056a9a2c2b5745bd7562dd3866f559a2235317
14bc18a,216,4,baa2bf048bb3ea476c48c2d827ff269f084a913f98dd0f3784220bd5cb95f5ff
0a41d42,216,2,c135b0a810670a228b459202bc9905c4d26fec401408ab49efda02c5d4d7165f
23b0b0f,216,3,dc82628292578d6ae10ef4e1ff2accd3ad33fbb28e615bcb3084400edd521d96
fce1e83,216,4,9adbb72cbffea9b83f6d01104eea4805ec39d3dba5c1c12e5f2378f2d22cdea5
d7fd73d,216,2,0b731be871839fe1672f068c4ff5de24065ae1b5918e7ce0a17ad9edfdf89448
82c32c5,217,3,02bd94d9bfb310b78b577738b75886d394e7da18caa26285a15e85676fb672ba
5897e71,217,4,fa141c10b90f0f8c19cde92e310bdfee979029bed9ee731f7d0ef0ec201816cc
6c353b6,217,2,44c01c2f9c6a5db0173a12ad2950db153611b9a53c465943c0617a9d41927a5c
6c84f16,217,3,8f838b87ca5deb08ff34c53d23870b3e9d6bbb7f611230d843143a473f52d7db
4677e9c,217,4,e7f072ef49b97ad409395477425c51646a2e9fe2b5c8d8761b4c8dcff9e977c6
5e52c35,217,2,3ceb9e6d00db1e990c7ff19895a01202ec4ee54aefb29eac326107579e4c00d5
39cecd2,217,3,2f3a97e68aa190120a003cbdf92f1a85d7383053d01f90a7fb39bb62218ed0b5
526454d,217,4,299b94d7e7bcabf2547c3f14a21f2f99f3381d0d310b5d393c8a05b69323c173
d38aa66,217,2,cecb238e6e0d97e6533c6ffa330036170367dceecf4df959361c2836d905aea4
55c94b9,217,3,3808bd48133fd9e3b5b219bd82cc8bf1741d70466b4c276f67947076dae272ba
77418ee,217,4,278b139099396ef2d2cce298f7f49c6cd3c02cfe16f29fee784cf97081e7f3cc
3bb67ff,217,2,4f9af1efd13d53feadf2063ab7c6121a71cbac1e36585c12de2a4850e43f1743
e254feb,217,3,05594898ecf55d0712af1196b216995a41b8cf422bbc56b17cd99fdffd2b4fae
b387c56,217,4,a942030e4943f5f54557c8e46f67e1d0eeede67e9713a6f27ffabbb724127e2e
d42a4ac,217,2,311183951060f9e83b498aa4888cfb6ab3486abc588118e0c42a56bfd7bd67e5
072c8a3,217,3,08db7f3c49cc3a2fe4a226b4b86b4a4fdc1377caa4b5047355b934cd9d192d12
df59066,217,4,cc9e120c6af985c3a032c15de3b9f6361cea5598065b7954d3f3f022ff33eaba
20dda58,217,2,638042e027673b1745b23250adb6a76109b3184d2237a628c34c4cd6784320e5
642c585,218,3,c352ba20169caf87fc8f8cbd32c78364baee4e08efc82d35109cf29910a5bd19
5c0cf35,218,4,4a154b935f6a6c1534e32a12765189b8be5d53e4ed21f1db70516fc77749b5bb
15487ff,218,2,00c135c997cf7dffa5dfa384cfb0e17378e3a76fc1386031c9d8d2a4dead7dac
da302f5,218,3,f8a0e25cdec18f1017e5fd13c90daff3d8220283e2b374b30953ee6d2219a77f
57797cd,218,4,3f26b4e566be467212ef4f447fcc5320ce85d2b3c853e03a6a09030f28aca100
3bb8ecb,218,2,656ad2d218c122e222028491ca7a894e0b8b450f3072bb9ea133aa69efee9836
1849da9,218,3,651b2c079e265e1131d66d0a83595721e250e24d8318ce63701aa8b96e96b18a
390f734,218,4,9c679fee6bae4b32e1c89d6ba16596eec5f4b702786410e8995754da2d7d6d11
747e866,218,2,012d007a1bfd8bd55cf4bc75a25899671be41e56ee934d16a967a79fd7f25bd2
31101d2,218,3,d50be1a5ef4572a46154d88aad516b9dad00f994392aa36d4aacd14b93cb542c
65f3733,218,4,b641bbff92d94b41384083b20cccec1d8e92c27f8520649a99354abb9f793eb0
a7f685b,218,2,69162f5b5c66d55755f52d9e863fc7bebdc4cf06b5dcc809eedae85148fc134b
63caf95,218,3,0110884f7c1cbe38b849ffdc5ced6a2be84d8b1f5f879d2dc9fb1d2a2ee7960b
ab4898e,218,4,580c954d02b435eb6fd1770e2761c26c74541b7e7407feffdc15afd9e8c25e71
2895919,218,2,0c9f5d246a7ac3d2d76d689744e0202b38d5ba9de596974f32bb15765b04f5eb
f1a54d4,218,3,38ddab828834c4e1a11386acb12081040df3cccb548e5aa800ca93ebe0e2e79a
441ba57,218,4,d58f43bad2bff997874a07adf4a65ba5401c7bee33fdfbbc54db284db99654eb
7826c05,218,2,9b55179179f387327ceaa765b880af30f3dd9496165c73cfa73981642f440afe
a1a03f4,219,3,41a44b44261643ccf53c8f1485adef1d58925cf70f24845c3004f3ca23061747
b3ef813,219,4,cd1e836e2f2c9b048a08e1140546d98cfc6ac125f452f6dda910fb8d05adcc51
16729f5,219,2,c492221d1e7a982ac5e52413b8ca6e1876ef51f23bfe8809b6eb4ad58262007e
44a1d3c,219,3,621f887b024ddcc1676305998ea39f6bfba84759038e00fee6452ec6003c49eb
05aacdb,219,4,7987aa29ca48a5a743d115e2bff76e58c864756256a533d94ee090bf77e3e02d
66b8eaa,219,2,cd2019ea9c2930f06c88f44e88f68f9987c1db599fb8b8e93e3913ad692564a5
6ab7d0a,219,3,e144f2ab900692c6fb5b1e3b28b5da88ec285af7d56399ef6324ee0e98c42284
95d58df,219,4,2ef43355be65de8b8a61abac636a03b2bcc845fca7df096fb12aeadc27846d00
17e6981,219,2,203f9ea08f44e07a10691131f50fc943496d49819f008756e2c4d8bdbe68fc5a
58ef980,219,3,552abb25df4d67ed6cb7a4e1a6a3a573042fba243e5a04338ce8e29175dbb07a
c25501c,219,4,015b9017c7bf1794fdd16c5dfdc9e97711cab64d984214fd5f389d7ebc2d3939
7dd795f,219,2,9150b9fc44cbf8a9bff5188c38b77c9ef30ef819a7e623ebdfaf3caec5e58b3b
1723e93,219,3,9ee37ce0349a7e1e90bd6ce66749b7382a53c36684099d2b3ae05ca6e507e7d9
0f18dcd,219,4,d0482b9c5e61c16a606e1733888cf675600d7de9b969cce87fd28ecedbf9c2c8
1d5b94f,219,2,550dded83f378fee528898974523ba23b77b95a988dee7efde1871f157388d27
cfceaa3,219,3,3d13e39457a335746d9a653d1b38726868e2a8eaa19e24793c771df7dc6e14ba
0931a6e,219,4,ce412b7c1639d8cc868ae9632f240fd06d43693cfc23e94c0241a14aa9a23b5f
1f4fabd,219,2,ae4b7fef8de4f475a42bc36b3da00f008e4269a577bb4bfff289cff7d7291816
e897b21,220,3,ba5e58dd943601d949707ca8cfcbbb52db901bcb17f7f562463055bf54f2986c
2e43333,220,4,7316395555e3a7b214ef40682c2135ee5aae2bf3b08ef2edfdbe616156b8c098
6ec8d64,220,2,2ff4534e45a47fbeae544b863ea91dffbc6e0b583fdbfccc29bd2448fb2c5007
ae1326b,220,3,acc9fa53bf6abaefe3f2f118bdc297c9b05d707655ded7c836c8cb9d0f2493d1
69dfcda,220,4,5e96928bd4f14527f7e1db29530279020cf94cf4db4e534be27a05947d7e5a7e
2313cd7,220,2,2e6f42f1616978c96c4c4b0743357c1a8c5a920425d7c26b32c3eb86b61d2070
13ed689,220,3,53abd7edd72a1011e7a8151f3f7dcb6370a61685d129af3db7d650f56911ec33
ceead0f,220,4,73ce32b5529644a4ee1d088c1a14c5868a05836996fb40f50b04ff23e795691b
b057e26,220,2,e397c700cc7aee7203db627d1c5d682ca9bb86dfdbf4b0b3f09a8f4c27d99c7e
ad66e8e,220,3,ec5afa96a36960e16d14fee80a483dddce0bba1df8a3ce7af73f13a27e39756b
630114f,220,4,07162a424d7d8df49ac1af4800feac184a5437d7e19df491dcda43627c808ea0
1237e4d,220,2,e64e82355b3b8ee702b2fcbfa24612cbc1f56deb898da1e7210c4f2031b609b1
9a18591,220,3,739cf1560a7ff63165b28e02e7ec203591cbb4c5ce987bb027c57e816b14da76
5dfaa6a,220,4,d66b118f8cc4635816af68f93b471f8afe968c78ac15a1c3671d60d9e052513b
75a5226,220,2,472bc64ad085989710122a3b9f10957a6a16e1cb8cda4362d0b3271f85148316
1259ea4,220,3,cf52680e3400fddeb0d62a9510d5cf322072440fe3ee8869a04c1aeb3bb21f36
bb9e309,220,4,620fe0b3459b7b6f211b2c0691dc1058447126c3972c0ffd5bdd952a61db5157
2975d96,220,2,47e0fdd63366f72e88f72b6edf02ff101b14082882c65c7786ce088d83681ff6
57fa317,221,3,d1becdd18d42b9e624997f6353321b19fc3fa5913868b8f9e87d5c0b7a743c27
94d40ea,221,4,2f8780a4e0e51502edc702cdae3e201e9c973bb55372b3f6d5c3e095486460ad
66967ca,221,2,afe0192edb964d855759adaf56d4cb6ab04afdb913ddc60dfaacaffe8ca0d517
f0a7a09,221,3,b787d02496e7f2ece7cc505f20c9039cc88e95997fd0776dfaa59c5562c11c28
7fa0ea9,221,4,8d7b0e149f3a0aff6d15ad33e1f4ae04570ac4f3df4abd02e986679494667ca7
1cd0bbb,221,2,ed956497022f5d92ed947779db01cf4db43b0247a531bc7ab18d5ef9880f6614
39b8a74,221,3,8722ab86f4e414c5600afbda993cca919460905432a300b245b67ccbb2d28ca0
40ae87d,221,4,4ec4c9a54782f2334afddf687414caaad87de2e2158e49f869ad7595dbbbd7f7
945f7ba,221,2,53d987bf6134e0d948ef29de628edd2f69485ae6a6ed9a4ce735d4e17f919679
6ae7907,221,3,d2214667ea02a92cb397bae8913a06d3a99a419ebbf801d900e115a9ff736973
7a43765,221,4,308f7ca4da967eb7b5885e04e59bd720afc25caca1cf4496ea2ebe4e668c0e82
b08a814,221,2,de76420f19b2df8e4edda2b6c673214dd04a191c4ea6dae341092d2ddab6f15d
e6631d0,221,3,d1bccdf2520a3b063504433e0de80ae11fb113d82a58ebc145012e2689417777
5a41f05,221,4,7f02426160cd66582563903071ccccf329574345ad81275ae08383b428f4a798
f593565,221,2,3187e6eb3c1b7da66e679ad5d40701e333be61b23578b48d58317347a7eca586
633e700,221,3,962fd40fe5302df7fa2c9a9f457676ef262f0002ad60cdd63236b5a988e8f0ba
c94198e,221,4,1c1a0afe58ddac36a15432e58d172c6cd343d7690874f4ad96f1e341a2d4d418
7ab444a,221,2,b9126f27a88ffd7dd334b75c4d37be7aaaba3bcf94b2ef99371b4a4a018d3c5f
8be9ba7,222,3,a25e94e10c98db4015e9af0038cddfc8a6ec6bbaa91bbce61408509cb30d82e0
538f361,222,4,438521d690b789e7cb845c7f3c9fcff31903db0594d266bf2addecce20f53703
6f8a68e,222,2,aca34a239772014acce9b4d2bf869a3a4c4eea567d398ffde241048e21df2014
50deda0,222,3,609e41a66b771c2a514ab354ca9344ec329d3476e9d9cdbb88bf0681a7498a6b
888b77e,222,4,43a1c656a754de24cb7932b90bcc9725318dac9bb3fc10d7e611afb3039a040d
4d0b93b,222,2,8392caf68dc37799ece26e4232dc5d6dc812cc33490cf2059f69fbc9d7aaaf0e
0f89327,222,3,bdda685446df4158958ae6774e3f19058fc700a8dc9e19fd852bf0c2f8e539c3
6fd79d3,222,4,949bfa6ed9cad84220fba7af5ef96ef54afced45c5faca7e2b966ae9812c2c1a
e6149d1,222,2,ee43f7e996614ea543d6113637708a103ba1d9230c5438aa356dd62e0734c92c
e759873,222,3,1b015051dfcfe2150ed9a1a694628084b3c29729c3bd35f0862370a43700b98d
b20bfad,222,4,938249659a72cc37c4b9d38f29d2fa5be194e455d0c7ad21713e4f62761ada48
2357683,222,2,07385143ab5e3f938871854d94140de3a5514210ddaf47a11896681ca6623c15
9fa501b,222,3,1fe1f7c4e98b438412e59a8ddd39c5a9d483914ffbf0a15825cf1fe3a04e8b9f
74d22bc,222,4,7709dd05f871eed056b58dbc28f90c54c1fab2b7e252a771c631ad0a4ac08466
c1337a6,222,2,b9553a80c72d9966d120b574c9e5d315beb2129bf0837e53b000ceb5650803c5
7ff0200,222,3,9047059754adc174adfe1dcd2a1e97cc7d187c2a5d0d5c204d3576c9f7b15cfe
52504c7,222,4,1ed5cd842b57c7a5a8237f32387160ecadda11f217c019796a1de477a2b4692a
e8754f8,222,2,73560fce88413bd75ac48493b10c5aa8976b5a88bb257f9bca2cc4a33079ba5c
47b0dbe,223,3,a060297735b19c10a7daf69e098d5b10dec661e44fb00015458774b705c46ac9
7f759d2,223,4,c4cd869aa5aa846afee61501c83932387977161ce84167b279c1db36e796fe77
870d543,223,2,233998b79842d015346ea2f858df29c58dba66c2ad66cbf52dee150cca54a8ab
2b85ea9,223,3,452ed130bf7ba6396a5c83b2968b3e8a1f4a0da85e46f7b134388c0118d8f75b
4ebd88f,223,4,aa76d342716223751fe91057d237107190cd58900a42a2febaf905019ed71cfc
a67a151,223,2,aded34080fc0ca22dfb6c33df257dc6730ff59c76cba364fb2e8c766d25851a5
960e817,223,3,b887fcbd4e8b96cf6db4d3ee4559c6c72accd7ea0dbf7d95c9b8e9140b21165d
881860a,223,4,4c35f66b80121ca855444902ee6cd20bec2ce0ee0c51e19744fb9c5070c978d5
141df49,223,2,4a2cc82880c93cb728a9231070e79732f7eea787e6c3c2efc973846757cc7115
47dc813,223,3,22db5347e40e2317781285eb5ccbd7de5abb60135fd170cc486d46acab108566
c1c5139,223,4,6ad7b6773abe892a18370c2d71d0700390a623a3a95388da6494c9a2fb7c7dc4
615011e,223,2,3d295689b4831c6ebfb5dde477c6139a28ade376fe8b7487c3bbe24f645ca941
0d57890,223,3,65cf9db5072869195275c99d14aaa3342163f73603ee4e20dc844f5d4da4b057
1f4aec1,223,4,e257b849aeb6c94c09d18ffed71938bbea8fd0f8328f7adff2164e6efc7dd8b7
910482c,223,2,bd044b02f374209d2fc25bb3b55183f1cabcd8853f8af6df6a60a64b319e5568
c352a0a,223,3,868e90bfabbbf4895dff9f2c8d574854fa3fef452fd9f4d1f5d57ddd2fe007ad
4e0d459,223,4,611a8fe07b464cdfb673390d6cd985424a1169d2da670fc2a0834473ab2bb6bf
77b2dc7,223,2,3eec21961e987037e1dabdbf69adb9ffdc34440f375357810221dd12138c6df9
720d191,224,3,2b1341a2cd7e3f282e09546bb375bdc4049f41f388941530706af24a1e685a9f
0b0644a,224,4,e8f473f0f6d1989d545785811fd09ef0437f543a4d199bc4fd452df38d9e67d8
6a970f5,224,2,9da726211570e9a493ca1044212abc0a398f640b3d94116abcf32d8a107ff0d1
2eb5af4,224,3,8a9b18157956cff9e151962e459eecbebe480af6cede7e91b8be2c78b45c918c
75a30b4,224,4,95d8c2bdd52ac591f7862459a79f54e9456aba0fd3061b1500a224a667324401
2085ad3,224,2,a30761c92f7198e8289667fb762a42dad977ba1d738ec679ba8603bcd6409f73
40d1fe4,224,3,1b59a08385e2ef24d09b9dd06081414dc6cbeeb4c11d3478e382ec2b697c89df
eaf9b82,224,4,6558237f8a7a73d50b6b80ab19b1cbac02f14e7bbe580de1c75790e6ba14d522
f666b1d,224,2,b13e6100e5c60ef0686abdbfc8941d938acb189fe1bc55998c1dfcf36730ddbc
6561024,224,3,e3f344b5e5193e8b4a21ef18ace745b4c011dd8e5473a3a6ba5adf4c25b502ce
9a6133a,224,4,309a14425a3be817456314849d69f9e86f553bf7b87202c3e7c2cb98cd78f771
44cb3be,224,2,2710ed51e958011a9488c835f8684f4d1c1e196e5c7d88b80cb93848e5f54999
49f49a3,224,3,9e02e5ee245ecf30d84fba408c3b2a8fa37323a49ee2a887db9b2147bfc1b668
4146edb,224,4,9e2be3ce86c35f4f56e909c59238e08f0a7e304c5af460c69fcfc42046978a46
f41e6d1,224,2,8dccac2bb081c5c8345a1aa681aae5889fc6a8ad0667a4bade99585df0e1d982
25a9af8,224,3,0fab8f840b438ee22139d0ced32b0f184f6494549b2c64fb22e659e62dfaf7d2
6ca9542,224,4,f5855ecb010c440bb6acc554eca8f1a469858398e6666a201beb5762b259e119
ecafa7f,224,2,a7cbd04e7b9b6327d623c232063b699f301f7debf2569e1b74a0e0220a31fb8c
cce77c3,225,3,0903af63023181e46a9d18757429b43e79b89a2f52a7ccc29d14ffab766dd87c
64cac95,225,4,886a66df1970242426a3e3592db7cb68db239644475b66118ede3e3eb5acd095
7e0b6af,225,2,81f96bf3714dffe5f7997f096ab4099c0aad38d7274ca803991d82d51107df37
ba30fe9,225,3,e0f47e1e859b6f8108b73bec7cee937d884b461374a3630477bffb4406947c0e
4632334,225,4,e92083f153186aab945f12696541af69580beef1ece2444c13da7cff55fb1d3e
3e34984,225,2,37ebbf07f1f92fd0b74477d51c8f5e155657dd343ca9d6dc8d282686ee94e0a4
cc737b5,225,3,8dd09d63d5a8c693f6f4d0063ae2087d8c9aaf6fbef0ff5cb87495026e9652ea
79f7075,225,4,4cdb7bfbbfbd31672947160b7d3897df71391d22f2e1cd1b4665fe428eee4ee2
09b7da8,225,2,adf14190bb7f2cd9f57837b34e45d6425661fd8f427a22c5b076b96ef1caf28c
704db62,225,3,7d346de1174dd561e93f6cc4f88e92d77b0bfe76b8fc6f1b23583847c8c686f5
303e5c2,225,4,b281240e334a58f9e13a81ff32115c3f85161f78aa4e746e5eddb9cbc981263e
2365387,225,2,010fe9d362648e3d453fc63b4a7bc6fe6d76ca206ff422ce436ff074c77e37b5
eae9baa,225,3,03446ef3f6aaaaf9c2ef2043f56011442e5d6ba1c3d19cc4210a41fc686e449e
8fefb41,225,4,246c6e832b2b993c13ef766dda5f730a4bb1fa56db7fe99ce12023625cbea79e
8ede676,225,2,140afee55a747b79f03077df82d28876d3e34ab867bfe72c33a0c50fba1ad926
395e093,225,3,29c7f15d6bd523c71153250e95bed2fdfaf65022110999a2681e2b023f5b2c88
11b1db5,225,4,8e56ffc81c82f4227a6951b6d974e6472be81062bdcd9ccbe19bbb928c658ee3
01d0836,225,2,def273a3ebaeb9f86417a1cae71853860c2afa562eaa53eceb4fc78e11c97edf
3de9f62,226,3,e05ba77b2a6fe5a16e770adeac7f75d48abf1f076acd44977c43c94766e2a92a
5dae838,226,4,c12448af8f1c866172b25c480bef42b141dad709ce34d555d649772428fcd22a
2e10f49,226,2,528e6797c9d4efb5bd0f14d40595ebf08e2e29114f4dbd55c2998b0e11684f67
dbd114e,226,3,5743e068ba2233ed66c2d27220f79ebd72b20735d655b3653293286ea38f00e8
adfb0fa,226,4,022f3b40e8ce47152033b525cd654951efeb069dc9bbd513f411340d6444bb57
62b0410,226,2,476e33bfdd846b6ab9f7e78626709bd9f5947ca9ae18f5db7239c9fffa738d1e
0edb7ff,226,3,1499a69b6cb45542a2b739f16ceafcc4eaed391f84dfd50bcc9a6ac0cd7f4c24
1c388f0,226,4,81ededd1d242ed4429e9d216ec56467b723dfc26a6f67ac97dce61fb0f115142
06e25aa,226,2,bc71f170a8b16d7ee5cc2b4b1afaf9366ca6f760af0c19221747f165ebc6f571
e1ca329,226,3,8126e2318af3240cdb3213541cf95de825950523423dcfc79005afd1ae1be62c
ee9a6d2,226,4,2dda54574b90f7b924ade1c9815fb0dd0619e8ce94f3aad2f626d1b9b54dc216
940c51e,226,2,ff7ff72141557f7bc7ddb5e025a445c4534701c59ad9f1125fb47d58a8943bc7
0b708bc,226,3,2595c7175dbb13a2a91865511c190b00de0756e8e5751c6e6672324d9ec2cc57
cd726da,226,4,f23cb945dae2acd85ad49f5f192342148243c16aeaf4bf3b67bf2344ab5d7c99
9547f0c,226,2,b4226f87008d937db52fe6253be3c33d05c33dd9c9b6c4dc3334c5174d508faf
58f1cae,226,3,51bd1abb665de66a0757691172309420ce52276a9b2a482304162c12e824f216
cbd7ec6,226,4,a52a1e1a6a55771764fcbcc0dd2757f94aea96c407f281fda8a601430187da4c
a35f336,226,2,884d2697cd89d7c69ac0c1927d08dc2a8a490842669baa05629fb05b3d591686
a6526c3,227,3,c027e89c241d619318988a317f28838f28d6428526daf0383d819238e336813b
ad0e063,227,4,c526e0fc8df385577dd9b9dc2657c05fc7bafdca20f7bc17be937cf8f588d42e
04defeb,227,2,f7119c8001f81d54a7c2ab6cffca8a1a57760e84e69a2af97b8be2c30c2be4b4
1caaf3f,227,3,3d1a64daae881e99704456f2032a82021cc8b92d566a05e0d22ad9039293e9a3
71c4a6d,227,4,33579a2b35908f20980c493250551a4a1b4a63e5e3768cab7779349ed0217594
1eff034,227,2,d49317d76b0ba0a6191a6decfa52ec3ec313a820d25f4e8fa65e846b3c5bdded
cdd506f,227,3,978a8ed0fd762e9a6f3b13f456c9fa1c92f907446df8ffbeedb02bba490499e2
ad31471,227,4,07b0da310fc0db23251ca6538c130e89827beac6090ec01400ef4f6dfee013ba
a763494,227,2,036a13e1c2e69ded3bbc4433663b5f475d92acbc24a2f01c9ea235b0d6c3c1da
499a9c1,227,3,1041428f8358e044926d2e14310fb3a21089c1589a65cc0fe62b41a2a327a08a
0a31cd0,227,4,004de6423578fc92fa95ae082fdcc5b606c2327d2a5baf6ebbf36197c66dbb79
6555b9f,227,2,5e517b3a8217ffabd7fe01e6f433495038a24093c566e7b34c4a734673d9e1c2
3715486,227,3,bf2964ddccbe6707e0153a2792082a590dbda02c041433431bfa4714496a4d41
33d95e1,227,4,9e4c827f3a27b2ccbe9e234fd9d7e43d18364ea3fc5f1e8db89b36fb075caacd
4def97d,227,2,fc213b2f107a2835a18e69d6ffbc41f1ecab9fe8b60352b0ea5f321ecc9c16a5
a14ed8f,227,3,aa7e0ec60f6817b9fd55b1bb5c1b035823a6bed8cc261f7295964251db935422
65eb0c4,227,4,73df7a7caa8b681bf239184f56830a492179dcd225376adddd5be42c2db7d9e5
9d3da12,227,2,cfead692e624335904ae1adf12b70e2ce0623b3b20d9edbab254e662098cc1cf
b119e43,228,3,c5d7ae6424eae648b600a023260ba97c9ee62a56603ad0c7ebc698be3e65385d
bc5bf52,228,4,1261419230ada8fb523003b5dfc82c77562123ec7bbb809849b331e599312e96
f7c9ffb,228,2,e26b63d6c474a7dcec7456874e5089cac950291328a79ed16bd2a5243cb21fe9
559b949,228,3,d66e83d6647cf01bc7a417655b135cdc4713f880976816ee633e114b6fa754d3
edd6430,228,4,a33a2714d6cec722d359fe55a0abf377bc8bcbe915512e2e669d464b1fa1e41c
83b5ab4,228,2,fe78fe5434af81453397c5f23c30297e5be5662ac314b1d92bc1f3de446731e4
da4f24a,228,3,7591e72f19fdd4891d982c56b97800f6e92e6990e67f4b506d2b1fb74464c0a2
436c83d,228,4,08cc9d0054575af017c7222ede9cd651a0e6d7be300f55b7aad9fec9e819829a
9fdc1d4,228,2,86663a112c7d61234a46a50d1b081ec9de4197ec782f60931dcd59d2f0bc6f93
cb90005,228,3,8cb766f2cf43524fb9a744308ec29e04c602c56e531b52ab5bc9598b3f0b16ed
c90aba8,228,4,893779010c8324632066440b6be3660ee25334f32d43ed5193ad6c9eee4e79f6
96d4e62,228,2,b179436a4079eb150520c77b5fde4aff5f9ab615f76d7bcc7b4f6c96c81a53b5
5992b7b,228,3,ba5ac3ac504368623f0afea835e135649517c4b11e50e1df3bd640a9d0924a0c
2eb32bb,228,4,9dd7b6d4638c0cb7c8fb741473687df8df983eafd5696bafb80c95fadd19fbef
e74239f,228,2,838da8ac1c71686bc65fa9cd133b7a0334374f52032772ea41d5986390fe1c3f
9c8d646,228,3,9f3aea3455c65eb0a04f1c1b9cfd14177acc6dcef7f629d857016d7b9b05e3cc
38ea253,228,4,6248c8529a78224fb46bddd8411867be52ee33ce5e5cb121e763afb68549009b
4f4cefa,228,2,ba6adf734714add3a95b3319dcaf56e5cefb38c3ee5b0c1911e6682288282a18
8289969,229,3,b53a9629e5154e445c4871e3551aadbe679cecc62b4d67c32e51d915496dedff
4359c17,229,4,d5c0401d07e9e1fe70def4004325fc57554a8fccc619bb8e9241a1f6d44d964b
52f452e,229,2,bc5d2d81bc7bc9b7350bec1df3f2c3555e3d9cfa578452fd3ae429e110da201c
3a7aa19,229,3,ae954e74ff7b90a66d2600ccc542e5c4509273357dff760c0b1e45c94a26f841
8f6da1c,229,4,1680ccd13071e10194b9952727ca25a4d903caa7dd7ec450a24875a735be8df2
7802637,229,2,1b6e6526da113f54d30026c524906b74398c5f7ed4ec58e09238e00ccd013829
a52d490,229,3,1f3592d67ac836aa730fb9b685b9bb10b68d84b08a4d606ece2f3d1c82def89b
05b0858,229,4,1332a96796ae7431232e9490b96aa52bae35c0d30e8b23f93e835bef3398dd25
f26bf7b,229,2,56b9a77006f840a17e3c7c3f2437de37ea75e8c05472017be861a747f8e502c8
6adae64,229,3,4322dc66d616f7fdfc63d5d7edd1b37478e39a46a1434983050248084bd071ba
132ccff,229,4,a6f3ee4818d105c07ac25f86e43f0af2fba55d7349a1f16e488c7d6e2b187450
4b34887,229,2,12ff21fd176847c18b243788d91b348d2be96e39a5d48d71a18a811c5901f1c8
5272eb0,229,3,761f79de1250926f44bd02997187fc45b8f44db62098e64dceca42c67ca72a24
0187e96,229,4,81d654ebba67d077576b3167ee20024fdd5f72e0b6c6ecf773b7badc579e4d4b
f6dea82,229,2,1eb61e17a6e2e7ff709c40f62cd56d63a091934dc61a548e17b2a3d531d987c0
dee5040,229,3,b3f2589ce529aa681a73b41f2ea982a6d068e9cdb3b39a48cb6b934df80b5782
e03038c,229,4,f79385e753b5dffbb59adcce015fd80e23cf7be43fc8ea8d3c28b651b7c6fbbc
01846d8,229,2,c0c6ffb84e133d4d49fa1e1f0019ce4e9bcdf9dada099ba16d7dcfe6d1555433
eb63b28,230,3,0f14ce3c57ea8ca7f3dcd5bf8d5f608549b459f8418b7977af7b9c908134510c
bdbc14e,230,4,05e9c0fe8f8cc1f1a08aa5c448f38025af5b81abe7128fe6936cb512de9b2ea5
7f37c85,230,2,f75240d2387a69eaedd6b43fad9dcac07403ac813313bd9aa7d0ac6403810245
7360fc3,230,3,c7d05733a519b21bf2ff8ba442d901405943543931ec927250c7ce1f8c014b16
f4d0ca7,230,4,61bb36b9fd4181aef4e4f96fe246cf2a1144e2f978cf244eedafc23eac84e960
9ec345f,230,2,bcbe4fd3f79322ff3b28d28dbf05d7eda5b83e7a45c7e7835474bcdd148048b4
c262f42,230,3,87b2e978dede4e86395fb3bccd067915e4436a9ce3314e6c1d28b6d56ba54888
a8d35fd,230,4,b00645cdd929ab7696f4076095d23d6b5be065ec47a69a4c5a500a14e2c6da7e
fd70ce5,230,2,e873dc5873a0aac119144164c03eecca340b158bd68da82eb022aa4b3be98b32
635a4b4,230,3,461de6cade2824a399f3da15bd163544b990dd80835b28734e7770a1f5d3387d
df3edd3,230,4,e83e80c5bf5b56db71583178f7fb179d4c443bb786ec195da37004a06467133e
5e39f74,230,2,4a063b7ebef1bed041af987749a72979e386cadefe349f5d6122db63dce05ae3
39a8344,230,3,545e58449b86ab77a42c4f7d1cd46632de246356f56cc31d66134f459087de42
5e50b4e,230,4,1215a4f8529c64126f7cf55cae954db6c34616e6f5115c91e263975c5653e2ed
618261b,230,2,e5196a56b26faea1a414e631671a226c06c9d7019b4da59551b96fed1890c98f
aaa4906,230,3,3437f8488392045eee973cc8f422d91bc2805396c07d323c98cd8e73a48a0f8e
a2cce9b,230,4,83e2cb489e685b45ad5e835a83c217bbfd2931793239c582c8440adb7bd17c4f
c9f4cf0,230,2,d0857e7ddd0343932d2f4ef3cdfce9a4147ebdc7067b100c1923f4d251f5da7a
5359db5,231,3,7e5368930f3e021eab85bf4c61867dbd364323c3893d41a87c9d61ff3215df45
59ebcf6,231,4,aaa7d68def708bf74d2625cc617d0a920e4769b4b411b8b606169b8e85b8ed83
df14366,231,2,93a47c593aa44d98bd7e0c1b28906497fc81ddb30f7878e765d2cda0975a6588
8626564,231,3,dba889e64dc06b96ba46619ae0e2390b908dbf0e80cd3e4d56e26951c35104b6
8a526cd,231,4,45ad8e602a3df7bf8d23eb67cc140a6b6f5b8a4de01a13310dff8b24312b642c
10a41ed,231,2,150796299e2d926290d56f951c220a430dece885c326304e0c89e9ffaee20f72
3f300cc,231,3,958f27340294e13031ba9e5a010874803c757ccee4a79cd5d619dcaddc5c77fc
6b9b40e,231,4,991a808b0d7ad595a14841ddc626e82d28cf7dd78ac76455a5cb64aea824cbf3
2dd6f1d,231,2,b58b269d9666a0c3538533ccde481b379bf2c443437abbd1554057d3e2f25ce3
a188416,231,3,157ffdb2e1addff00f83e99e0138af94434a25dee444fa9d6063e4e8c561e9a1
7f318e4,231,4,68baa6f383eff7bdd497b880bbfb700e7055d86f6170bb628d444a11af48bdce
3d68e8b,231,2,9916a7f3883a4265491a86e57926c915b50b84ff2f30b77ba093e35e89039ded
346ef5b,231,3,68da00f6763c0d18e42789bfebe154cf54a4de74b55cc99f11c460f682be4db0
7c4e31f,231,4,f29cc616d800f6a7cdaeea03e776be4726dd1c24ee03a7ce201fb85f959f3e62
0d7b70d,231,2,724ce41c1dc89e344979313b3dab551bc0246b7a5d6ba0709ebec5f7325999a8
63e0593,231,3,4d32536f53c24e1cd45a97925c15121dc5ca0a59a781e4bac2b31fe22b722e28
ef34e97,231,4,b0f53a729669afadfe3831c50c98a3bafec6a0a59764d932fcaf369a342f89d9
ebff20e,231,2,1623a004fb8b9ee229182b2d9c9343b3bd961fd65128bf409bb5bcf79e83b7b1
a840d69,232,3,3c6ec3bc7b3d4733d007f86ab7f109d5a60b31b11ae70cfccae3872bf9e6b199
8779507,232,4,c448bbf1f8feb43d3c25e6b9b00530e2580022914e9c4363c56031696a2d2dec
55a48e1,232,2,37553826257c3a6fc29d21422291390d6f189eab144141ba8fdd5f03e263bfd3
dc6cc6d,232,3,5dd2618f8e95968e02bef27511f2d5c598c9bedcf691a8ad89dc76ce43b20278
e89eaf8,232,4,3906c4c60e08e64893842ba9caee3c719cd090e2ab759ba1b946f0d787f9fbad
5c657d7,232,2,0db01e603d439cdc017643f3a3f7290a2efc27719be5d72eb87d737a6aa09ccc
ce356c9,232,3,8e70fd732c537522df7c977c0ade8f3e4494ddc6550f89b9c75932c254bc4e7b
a125389,232,4,b7d2afa7d8c9b34ad45b394d3b404ea04aae9c3d7001a88ccd1ecce299c0770f
b3cbafb,232,2,a95c2662849a3c74fcf183f1c207f27010e1e2942cf4a09edd63d06390622e4e
4cd774a,232,3,1abe1afce0243b55f2a52a03ca6314583f2e9905855e4756fa3688a82b65bee7
4032f7c,232,4,8fad80f85aa946cfbdaad5169c8b482c63e15f51c646be3aa6e498c190e6001a
5cd143c,232,2,c2fccd6ca741e696206ae4fc7250d45320537c12f4071d0c02cca6df8f2e6291
0b8fea3,232,3,bb3e76cbad4e985fa3f668a17aca845f75bad478bcb1922cdf40bc3ce62d07ed
2d0b80a,232,4,fae270efa5f883acd5950853d4678fa95bdeb4a7b227c36c2024831ca463f94f
f281512,232,2,88e2b0871287314927523b2bd9125dc7f88dc2b03129d53dc0ce4729dce90b46
8e47f79,232,3,291b7b884c9c6648d61765874f4a593ae9ea97d7d1a0ca15d14316c55f74e1d1
54697bd,232,4,425ae98c6c90c6ed60d9c2a4e1fe033fc781582c32e0b0b33ef1771268ee358e
e22df36,232,2,85e1c3ea3f5bd260c30e0a97acc2ea617677d9f3ea406280b4673b351f322f1b
b15efce,233,3,4f2f19df2de6c24ccabb47f459b2c95052dc70e2deb252f986187a9f1e58923b
80ecb06,233,4,c2d1ed8a6db94d23034d9a508440cfc8c99c0b9672c38fbff926f5e0e5ea6be3
a996a9e,233,2,51b94a192b6ddf4283fd4c56cb2083c4d0314f058efe71df4ce2006817c4b23e
d6f2c78,233,3,76668360b9c67a5ceb3531e8580589ac58445469ba4550c6f65c01d23e1b4f84
b465af2,233,4,b0317f5efe884480e15da3576c008345f1aae966a54dc812ef8129dfa3b53aae
6c557af,233,2,db4e3a6e4dd77e253431b27919fbd6de7a7a4fe91909b4cc838ad69ee0885fcf
45fe812,233,3,eab7c7cc447718c456f95632b823792725f5c1d946e6c77eeed70d34dd1b1f24
e90de0d,233,4,164f71831e12feec70a6e99a6927d4f928e3b1fb8ed0cf73b37be514cd840b06
4f57f96,233,2,80fc24eb8acce5fa816fb5cba1686639bbdb1053d96a4207a8e883a47fb02c11
f22a833,233,3,4c376c84657e4990cf7fd9d5e0537626bb18a166d24ac7ddc0301cd1f831bdca
7440bf9,233,4,fbca81b2289a807b7e38877c0bbd0541b72e3b5839329865af0c7fe50cf0a52e
5bc5aff,233,2,8f512412b094ab0d0ed8f39059f32ddfc1fe56bd0a43688129b2288fb1a5d4c2
2fcb0d2,233,3,1b7f37a66d564c4582ff3496aca7fd13079cd857edbc8ecc7f9ec5c1a63a46b5
7d2a00a,233,4,9b318c89ecd8fc88f6a6db088b7d9f038d411898832116c4219c9b0b486210de
19db546,233,2,e915deb004672c8792b647b8420883346bbec6b3c0651f299309ae2d9b784916
5ad7706,233,3,7c56bcbdcf702af6e64ba7bd695437dbf8f7085eb6f430115581c7566ffe2c65
8bb5e74,233,4,9e3e477469ab762a00b492f83e5ebb7154529db0f3eb53c3fa992658137688e2
3f15b98,233,2,65dccebbc12ed2361fece0176efa64ab71eac586b535697e82e2b4264639d80b
7cd59eb,234,3,883588cb2c24d2888e523a4feea8450311419dd2975a89f16bbf889e353b8c26
5d6b525,234,4,3f54e566014f031aa0a2efbdc3ce7c55a0a76b37301a9ee59b5001216f8eb2eb
606be34,234,2,82b661a52b0dd17d4b514020fbc059c5e9622f6fc9be519020ee673ede540003
bb87e68,234,3,d156220235458ec6a63cef19ff3737f078b03e90719f680f937ccb943ca4b9b1
b8f26c1,234,4,590127d1879ce8e4822544836fcb0930215d88df9083f5d719fef93ffa1ba36b
51d14d3,234,2,a3a0e8270d9d346546a21583385c203f262bd4b990f9f3ce7164a29d2c2dd19d
5e99300,234,3,24fac4ea39a6fc93e853f0676c075a599cb9d90389fa7be15a63293cae544f0d
3f4fcbb,234,4,1b6a3c57fed2eb3649d8a717040df73ff0a2801acc0f4e254ee69415c25fcf31
9650eb6,234,2,291a0d83962e5105cb175fe9df53cc04c95e74dd4781c3bdd1b7cfa57ab09e75
2240658,234,3,3b3ac65d86cd2e289a1a4055153604e78725a878be3b4adfbbe52ad4b6337c2d
412350e,234,4,0089b0e87e46a5e965ef4bef9644bb1b3f72d548dde43921d9aad50ea3ddc8d1
dc81c67,234,2,56404f2802f9b682baeaed2cdcb4affcddb81ae12ba02241d55e38a65f5e0abf
444a92b,234,3,e5c087c7bfefd0d4d6b8653ed64d268ebe3da70b2fabebf3b8a0d18a91e8b8f7
dafc727,234,4,1aea767092c019b66adced4da6046222a12e5e68e1e7352484b2ce8143f4d692
a5f3eba,234,2,bb36581978054d37762baaa97d2f7f60b63101407e11f0a86f452ab15b3f05fc
0ded4da,234,3,771f49da4c5af9238eeca687ccdb3d26af53c841f9796fb58d93acc586590a5f
f5fde5b,234,4,878d3da337bf8ca3ce0e3b357871751e71dc3040b33630b21bb515a9f7c7f0bd
dbb2296,234,2,e48bf7e37c24812a5ec9632c9f9fd252640f65c4aae32fd71c14ffac8eedf915
002ba53,235,3,222d46a0a94bc1b8a944bd0e1170c66149823abf13879de0e021e9600ab9205b
8e54f8c,235,4,91426b024291bf70bd690991fd49f07387e7dbe909694580606647ca043a6b9d
ba95cd3,235,2,a7aea536bb0030cf82d55baa458adb0e7489c5047db4172b4c215252784ab98b
74706c5,235,3,36629bf1ba25c39686b59b2c157e3e6342b4817e2e96455f7cd89d879be23c40
56fcc78,235,4,75bdb496ec7df351a7f413ac4b561a3c59548ba1f54ec28c8b891f1a468a39a0
de78366,235,2,dafca486df51d5979b7dd9fa24936aa5b21e85330599d932224d070eaf0b3115
d5b6ed5,235,3,09ce706e350092d48ff0f1bb14df7fca2323286cf68ede2846b35e50879a2472
78c495d,235,4,0a3565c9910ffa41046cd46f4354c26b9fd618692b46501bae7edbd99c6e9fc1
23b4894,235,2,069e65158afb28d3aab7f9640e784e5abcb792766e6424fc7546dadb5bc8f7d8
00d027f,235,3,cf9de608a192a6cc635d2575b28f58ae1610c6b262e606c0f53a25721194ded1
3abb6ee,235,4,5944fcd68aa81b72ec6a0a5e411947f4273d8e4843333e6d315676b1808c68c5
592eec0,235,2,6b9f3fa06100d5cb66183afb1b4c98f9e8fdef76d5e2ecb879a8455ab0176058
0aec0b5,235,3,06f127ac1a18735a419792c0d9aeb412795b3fa2620906e0795fb427b86e1c68
3651ff6,235,4,6daac9d489e901c730beb1c920b574eb201110f775cd3b4d0bd3ace8fe357343
f22d50a,235,2,a2e37263e57220b99c080d429c2ae451b4f69f8be5ceae085084a08e25d197c3
90c9963,235,3,b7e93d89cbe1bc619ee2cc35857d1f7413387533fee6a7690dbb6ad6d2063e64
c63b3bc,235,4,3dd95920763a1175ea12c755352566c89add6cd52ea84912dd84c6e04d478399
7da8223,235,2,41b5323b5459b203d5328256592ade76b317238fb6907a6d5e40295275ed06c7
537f360,236,3,4a0e5facf69a892afb0e751259a1ab42390af21453da830acfd5dbf0e305f3a6
8c7090b,236,4,9cf8818075b2747a0cabb07d8acc9995a08a53714f4637b7fea3575205739dc5
b47da44,236,2,b2e3701247194dab380396d486ad54df21e603d584df65b959d619480c3bf21e
7d10a79,236,3,06e05785790f16a222269ea92c17ecaecd020c73a4c11e5bbcc383ff95763496
e964d63,236,4,d28ea1a27145709dd1d938f1857b349eb835fbcd3b75d10121e467abfc62e212
88c60a7,236,2,82578b8b6725ad790d0bebfe0f8c878d031162d3301777208073a3d0debdebc7
fad71e0,236,3,2ec5ceb4ceea46598cb22865ac123314dbed30164b4d7a9695eed58506aa4153
36bc161,236,4,5c8ae9a5f275a7e9bed5672238c814e97ff52c08e181f3687beb9b64f7926420
6e89a9f,236,2,d74b745190a705f171534824cb45ddf05f6855245813cb2e8dd00907e3e92733
b815ec0,236,3,6dcb28ef412fc3d1503d0638748a7be14fa988cb0aaab4a75fa4a048c0813548
4a16419,236,4,5e978ef8e3ab6fb694966e2456964685507bf5af210f16051047cbff169fc589
261d0e3,236,2,50b4e70e45b3d5a9afd43fa260165158ccb89366a4681e322fde5f85b1ac968d
84cf4d5,236,3,7f1de7d4ed49f570436751a659716341b7a5889967b5907ac7b3fd8e998e2b94
e528ae4,236,4,8f5f23e28c281f80d672a4a07fe6a0ec883a25fb8277d941aa9ecf158dfb71e2
9cf3904,236,2,a23c6aa71ec108f1a0977114bdd46aae4df36e22323803c47c9e8dd2fc0f9cd5
433ec6b,236,3,e5085d1bd94cf9d06d605075e101056e8c3b89cdab13276f6875d9621cd718ae
7af9f3a,236,4,6f27ae78ff23c756cc3c317c09433c4acbf08392639dec735a2e28fd24866612
1111bf7,236,2,8caf23d8b4bbc5a246bc7e9c2527f1813850e33f6f21ff4111df8de1c2b67af4
f0eb9be,237,3,113bfb3f9c114bf56fca2e6834dab6714e5a8cc9f3bad875ba190961aecff380
d3913f7,237,4,fd7244893c6c95330d685e06d5e485a3470396ca1ddbcb56a337ee608992ad32
cad0481,237,2,b6f61a6df3d6b4706b86b6107bbeefc9f84d5ff1a01fd3ce623f09dacee1dd72
7d62b53,237,3,50a9d8b9f668791f76fde0f20c6ea67667f0712cc9f407528b1a4e0571b6c001
e0d239c,237,4,1dc52efa226d62c45f08011fc02487376883c2626442181a928d7b3802f6bc88
ca061e6,237,2,a4d67c2dd96599c8c07cf1fbbaa1b3d931d648142e800f9490d79d2f2dcaefa6
8a9d6ce,237,3,b6c8d33d9826594ef9424f9ecdf1287c42bf33eeeb835af4e90d7e85c03f8721
5041370,237,4,35e2706b7ed9d9f37cefb784cb70506cc117c4e333947ad155344f77db8d489c
e7a28b3,237,2,4a9cdcf0438f42dcbb6c8ff5a064259dc07e4070e101a357d30a3769e8e4ad0d
b63e6e4,237,3,4a3a05569586f71826aa7076579ddf2e9acfb1aeeaa7d46f8547e3870f67d411
ec9a106,237,4,ef0adaf67f04bf543db1d1e700a69f276508c0b2a6a6ed517f1cb7ee2801b701
0dec069,237,2,7918dc22ac6146e9281d128ea8354044359e18c06913b174faf5677ee6aac15b
037ac1f,237,3,41403baaf8616353b19b504d0bc94b5ffabbc16ef3d24a3b40547d33fe11883a
e53ed3d,237,4,2e0281bf0fe41effe0f5e7d992138fdf354effce3c9043f667079425646db246
df2b290,237,2,b4d998017f2d3611976b89b0eb72924dc42395542f3e51b1c1718d5d76b92503
374f667,237,3,d342e34c2a5ef1d91e3f3196c08114e1e78a7b65fb1626ba496a6e4b64bed110
35e422a,237,4,ed6b623f3f0ac533fbcdf34aa6e37e0ad9f66eeefd1bfe052b86acc3215bcdd3
7a65a07,237,2,321460246e67eb551c7328d02f6eb76b6860014f3a27e7dc13c1cf233456ab74
0dbd926,238,3,3db9eb707ddb348b1c21b336684f6048faf894bd16f37a6477be84afa4dcbee7
01b55c8,238,4,fb472b068e437e7f5b13de03a00fae6ccab69bef93aa2e9306f41746943fb669
5a04f5d,238,2,bd07b6e11d04abd6606aa3ad7d7031033bacaa9482f920c52f9ae78973a446be
0764c35,238,3,d8f1727dca1bd15c202b6296ed35cfcd997445351b5442e07a0f064155928ecb
88efd41,238,4,a50bc04968cd31f332c605880eb8d42d99507316cf03ba0b0d19e16922c4fbff
2c2a9be,238,2,69b850c4d7aa337c837cab673e8ca0fc94cec393b692356810cce746a2e81dd9
78ac23e,238,3,a33453a0a63eeb3965ac48b7b55ee9a925d2de448b7e0b92c2c04b83ecc1fb98
b8c4484,238,4,143b6ea514df8990bf0f0c414eec3dda5a9a6fc82dfcfa6b0bb3b1c9ad06fcdc
4143c54,238,2,5c7d3a083c327f415a23881b89ab320a4c24333de03af41a850692c46960d50f
da08297,238,3,0454a5cec25aa819584a6edca997da8559bca8f840706868aa271865c6ccac31
96c77d6,238,4,95419b0dbd41a77228c8636f7b2cf8e3ad2ef33f173b4d723747f80ea08a1b7f
25e0b3f,238,2,16dfb18715b5c700a14993e85d65d046beae13a020c9fb1bb401f5020ff31ed7
9459254,238,3,df9040b2518bf87936ffa08f101be8f0d6ecc92b5068584e3627c8b1839bf1d6
3241fbf,238,4,3dd20c2f084d679c7222964b4c0c8c3682089523e0ac1a8fda952da80ca873e3
7a699e0,238,2,c2e41b12bf5b1d99e93e8cfc26070d495057ef84bdb4f5f539b44e4ec06362a5
fc59dc3,238,3,20df778b38e80ff08831f1ad10fb799946074dc564ada2905ea2fd26d50ab292
a6bcef5,238,4,330dbb2277b06ef76c1bd2f079610f857cea0aa7618ac1758a8b4c349d07eeef
24ff191,238,2,1b019d3cc781238d3b3d9ee00be9251bca513df0124d9e1cbf1630bc2d5f9059
5007bb4,239,3,c75ab4e9a3f968923793f732ea8f3ca86669b7f6a80eec4fa95a3466abf897d5
e036b6a,239,4,75a6c12ec872b2b83abc21843aa2df7218da77f673838d1660b869c06ee60b61
4f13751,239,2,8a65df315cad2942f88a5f4ccca2a193218f917406963e14cd2f14d7210f5317
ae0e8ef,239,3,198381594d59d0641b1d81515e30fc3384e808d2405359041072721a9898fa00
a901570,239,4,e4b0621997003c7121bd88d2c981d3ba738343fda0bd4cf4c1b0e6a1b4b091c1
a3c0561,239,2,21dda0ae4b61e8c7c49b2a9833e0bd9d719675bbb4fbb8d6de13fe5ec074f6dd
b8a4245,239,3,ce3e80eb24b88aff234503e75eaa8a41db0b16471bd19ceeff555bd85f443070
99eb2f4,239,4,b75d5d2c3a2d5e3321a03cd0c129f50cb8bc43097defa9663355654b2354599d
9abea88,239,2,fe35f41a7a5d6ce199f32e343dfec6b46801d6e024e511f721352eea82dd30dc
7b69af5,239,3,1484c17c5eff0b63bc8d3a2a172a43035f9f591dcd11ded4564c8a4b28354b89
bbce450,239,4,7c297da7f3d70de141956c937eaf41ccc822a4ffc0dbdc640683024434146963
e7e0308,239,2,93a59591b633176f457bf3d76016b19d1b5c60c340888618dd7766788acbe6fe
adbaac9,239,3,95e174f2778384debc3d1fc74d900cfd776d9c262f1a843d34708ecb2798bf87
d3d80b9,239,4,fd033b9de0d1f2b1c5a667841be7d80647ae2076be95dd47e6dae05896c49529
ad0262a,239,2,a6cee2c9ebeae5de1d72b871b7f4e8d85f7cce9aca78f7fd748a3755187772ba
52fff42,239,3,7988f877d7fdb36c8271ff94493c83d64cd819dc5fb6540ad54a5171bbf7a5f7
889d496,239,4,3df9c3d556f50cbb27a00e89c4a9ad664732059894098492ed96ca82b2ece4c1
19712ee,239,2,8b52dcee92371672c20d6ce828a90425a2df4f80af0d2bccc6b0d15a4a8ea772
3baea30,240,3,cb0db8e1b83402bbd7b178dc56acca82f8519c49a8bf2d2c6dc714634bb78eaa
83b6723,240,4,566b3aef081beb11a6287a254a24bf4d34c70a73259d0877b9e498e0fd5cc0b0
83910f0,240,2,a88a0bd7e432de078dc71b10ab337c2afc4c4da5bbc3f668b19dd39bad4c0661
b414e20,240,3,2c9da7d4142393447cf1b2b49a7f1ee382c04d31154c4c16e6d67a83058e1638
e221e9b,240,4,f0dce0a4ad7405e692ccf95511e1482dd05f0ebc98c1fc1978b5fa61b646c415
27c472a,240,2,737b64c72401eb7329ed2caa54a141a078d86fdd149b1745de1fb66faeaff934
d9a15bb,240,3,7bc4caed4f9b64b76bf6e701e3cde76946b1157b7fc63efd9c02dd33d8d21abf
adb6a5a,240,4,377489dd16d7fec1f703f6f801543ad64f6ca2b2bb91f816c0884d195fd55b32
de6630e,240,2,2b74c3ca5943632c0cbe68a1d76a2e06294653e76677b1e6e21a24fd612f5e17
944ba37,240,3,807ec334b3db87a709aa6c8972fe850a755f06c66eb87670a156be523c037462
d1354e5,240,4,c75efffbf5a048f0ddedb0095f9f514b0e71be385ae67fddb312b0ad6de3b7a5
5112af1,240,2,5a8a8ccd00f7e881362d82c989c7387c06b92adc54ace923ffec26ed31533deb
9adc8c8,240,3,96199163518360300bc44fb5618ad952cc520fd49741c3d0b5318b4b99eb5faa
a28d58a,240,4,2c4f8804556593e74c7b3cb783b7b76f6b56768ae6af1b3941c686ca13e7c02e
00a3575,240,2,32d4960cff4335e076fbbf2e9e58f74ea069498e72909998c46a63db1170f51e
e8f52e7,240,3,eed6798dac782d82379914a05ec7a0345a3750ff1768416eab6d4a19f11e8a7b
889d909,240,4,2a93e678db83c23d9a165724467ae95deba194f3917ab0ddbd7f1e26a5cf66a3
241385f,240,2,09b1f1ef9b265b3f7e15ce1a207234fe31216f37755145936015338938e21112
4bc1460,241,3,e28243d1386831861d6dad06393d0cef03e939a7b5715dedb076ee9c1354169d
0d190c0,241,4,e1725e9a41fc185d483e3278cec2445921245ba902a225aed72d3324e15bc292
1c1d128,241,2,735e136abb359f202c6c952d1cf0011211fb92bc477a1977d38f5765d9b4a9db
3a7ccc8,241,3,e528d4333dee2a03e0c17c8ac90c5af00f7d41c59adf25a16304b5e85301e8d7
15a509c,241,4,9e975cb46bb955441081beca61ba132a6933cc57d896eddd49b5837466a5f7a1
e5b6aff,241,2,d9edec57d7d3c83f35af09727a210e7ddede9bf672dabda9072d3a221b4a447d
69e9bd2,241,3,31b939ef1f525cdf5cf263303b1b5e53a10e2149f100f11e720b8e37e11e02b9
24046b8,241,4,829ed6b8378d8630a9b173c6296ce6144840c54351cdb8fb91e1841ea3015513
bbf3192,241,2,a70873624e558a2041228055080a1e8741795e2d0fdc8a4990489c4312f38551
8615067,241,3,4e4ca5f7842325c80fbbd52202e33acbc6a1bd787dbb9c980602b1f6333b1f75
8a76b69,241,4,da546649c67cafbcb45d2c84f790b3ad127ccaa82add1f42a0ac6e0010f5bed5
3a976b4,241,2,9d1d0b5af5872d426ae0495c53def306087df1d83101707e85828b792ca7dd15
823a2a2,241,3,9b4670d11d725d5520944b1dee5ec4546f6f134c6e4ad83c69401de5dbd0d250
01a39ed,241,4,e4fa929dcd24de2aeeddfacbf62802d164b5f1074e527d83787cc2c1239f7067
4fa782f,241,2,569a025c195dc24589d00260db428b0fd427bdabd113f63db8ceb2503996d855
4ffc993,241,3,1a30ed37aefbf77c8622d37bec8d13febfd7fde074da059843d0161902b20acc
c40bfc3,241,4,8583450c9a96e90940e3d9748f46a32e4cf06d12b600501917cc3b433dc069ee
4b1290d,241,2,daa01173ec90c1750e38f89490a886e66c204fbc18d108e02c05a1064cf14b33
2b59589,242,3,8f57598377315859a30a67b09525df38de2cefbd21b95945558e562656bee9fe
c625628,242,4,b59195d320c6ac5d3661c8b7c4b507838a83f0bb5e6ec815c8fae37ee01b0fd0
dfb34d0,242,2,8a8a0d73ffc404920574400b078db6ecac7f9d94b13b04506296be08bc6873e3
991bb8e,242,3,bd42c3202292faaf79ef91a5d4a9049344fd29baf7d14827b5305e94a18e43b4
7e517f2,242,4,df2ed6090bfa6012fc0746148d957cae93c43179ee49e5d1ae6a2d9af966193f
13f1eb5,242,2,2f8c5fe4bfde0ad9f6fef87fafa7f294591d6d2096d5ad3655e08abfb4ec7242
575d609,242,3,4e7e35d82d8a5e58288a64d29479b73d63f60c62db98e9752ae5df9914111905
023c138,242,4,e9bc799ece84aaece705951ad54229e21b7d41cebb924cdbe011ddeda13e36cd
d1718e6,242,2,596a025878bfcfc69ae49b3b83327388c6fc4a6cb2509bce5bed2243a06856b8
0b551ad,242,3,ec29ec6136400c513eab93ae7726e6616e5f2ceceab3f4cd42a566b1c114e54f
5bdbe50,242,4,c93d75afa4d3acb1531e301d13e2f8eb381faf13d5a12c04f3e6fe5f1c773c63
530a4d7,242,2,30f19ad0c2a6210b6ef57a764e02c97b3fb8d81209b4dce554dfe39ea590f442
c26de91,242,3,8b8fee26c10d456e75120053f36aa2fc7ed33b8d0712b817308de7927714246e
cf1e807,242,4,710627cfec7606e16d7e184c224868b2adc5d6f7030f6588a24572e852e1aeae
f285fe2,242,2,6756e49862d9afd495f36e277ef6ef0d7663a5eb5f29efe7c9fbbcc0a06fdfa1
5f3aa4a,242,3,904f410bfffbc8667db28ae8c871df3984b30bee618e89e869b8b5cd47288a98
cae51a8,242,4,5216464577bf1f98bf30a035dad9f356827c8c0fb1ccea059f73f7ab2a673ba2
1f94329,242,2,c747e48c77374aba4a438a9d1b8fae425920bd71a055ae184cfd3fbf0b6b6ce1
e5d23e9,243,3,49dc4bbc03a7de3642187b47f6fdec4c290ae3c6368fc3320169872fc3795abe
bd91400,243,4,1bb7daf89019fc68d263b62b5747daf85d144dddedb2a6bb16ca9ad882afc299
0f2299f,243,2,b4b028113c6ba43e731b9cadfad52c844b507772075ff27d99c5a6fa68b4a4d1
256a191,243,3,6afc9b1993be63130999a3e9022de631909422e7509ecb257270ab14b336218e
29b872f,243,4,e9e42e3be8ce30c0fe0bc802e69b9fa5393d610a5587cb150d5152e7ddc864b6
6badd4e,243,2,9262296e91d2237aae223e6aaeea7f29b527921e66e25c8369a80f7467ecf14a
6ad8ce5,243,3,b5fd4690bc8c3344405e91888de66246824225dd820b2073fe12c8786be11949
d82e5cd,243,4,e1d9c13a2ef3a0826fdfdfd58322258521ce509c38ef4e015422c202a8b51fba
6b9b211,243,2,aa59746735fcdad635feb01f87d30532505020f7a65fe7df7c40f2e0bca544d8
7c6e35e,243,3,3c45b38595c496cce7f2c9812cf10159c86939f2755dd2e143780181b94a74ea
7b00389,243,4,29e982e3e99e347bf44c4025a2bb230009ad70e5d2cebb02561fc8d51bac8812
153e8fe,243,2,5e673c79fe978439c594024290ef7ea647ad88cc4e0fbfec83247bfd7c743fd2
d11f475,243,3,1bbcc87ed0dce44dc4a7b4536bb4161ae4cdd66188bbfdc0b2c3b390dc2d2dcf
2c5309d,243,4,b48638680874d846b2276464bbe41196d0bc2af98a7de9af1b67511d011b0a9e
13fd809,243,2,e34bc608ab528716f5f908deabd19502220cad425563a1c51721cd2b23c71d05
24b2241,243,3,14cb74936e7a644fbce3b2d0e20301c521e0a3dde3d6f37962afb5bb634dbd99
cbbcc9f,243,4,c3e1b9be5e9d269f963584566561265fb872aaaec4ce102d1d93c21901ee1297
e5206d7,243,2,9643012f3268d0f4f01fafc61435c81b8edc801f9203fb0579eb4e41b1396555
ad04e66,244,3,4f0089bfa0b6c26c4f62e86b07a1a6740a50e3dc1ddd29e296713c351a83dae2
bbc22db,244,4,0ec1c2fcbf3a26e723197609500548b0ae44a3ccb7ce7e96f21cf0def0a92b2f
b06a1a8,244,2,b0d55bdbe6a6a0f3ddcf0dae6de8330d9a351ca91b5a77623866e411a78c4306
8ab16db,244,3,20e5104614bb0b149baf2110be97afbf40db678c33bbd2f5a420e8153e038662
c9b67ff,244,4,84fee09a00f368be7614d8d182712b79c344b5ddc733c904f446d06f9b6e44e6
3d1a0fa,244,2,39891843d902db1ee73712dc445e3a95f4511983ee4a0d2e50361c1d59516d95
f7706af,244,3,6ac5e96a017922ada6333b5363013072d6c8de461b7f3b3a4a9ccd74f76e3880
82c9864,244,4,7f9f13e2b06b56a5e351e2f6bd4175b8c7eef7ef8019780c2e13ee078457412e
d8cf53c,244,2,b797b7d8b1fba8bbc851e11d1ab871271c43e70b654b483e145ca716d6886421
c3f8d1e,244,3,12ecf75dfd5523aab5bc1a056012dd240592e33828d13f6c859c9916f2234664
c6392b4,244,4,d92c1b9dd6620f85eda74ebbfc89e5fff3052347eb5c3a5c8e38231531beeaa6
c3fd587,244,2,6918c864d641c661fbfbd15cafd48aebedb48d2ad7b4940e2219e7c9fc31e1d0
9019f5b,244,3,4f2699169ba0ea93ece8dda40bde6f259ae9e86617d16a7d17c0083e43975d66
5f6ec57,244,4,084deeab48b3a70064d25ceb81e06904bd7274108aa8f5ea093b7fc149772b58
4c17fcf,244,2,04a303b1595c114085c930ee75440f9c249bcd3c9347a686caee04c9160dd8a5
0bc0443,244,3,54ba95ad698abad7a947eccb5403eb6837cb1891a8dd1d39db78cc8d6be40146
214bad3,244,4,40d8f735d8baa85fc78267b9c2253fd13078557f283a7ad90a6ae5a660145983
9ab59e3,244,2,6a73b412924c6b31d3eae92470bc28513d66a970b21454f47ff527cc84459279
2baa048,245,3,5316d4535f3e82adc70c014d96a8b5167eb415cfa82bf227e9767bd7de81b600
402835b,245,4,114cfe3868add4bf14519c23c19ce3eb96dbe0979712c666f56de008d43c4518
f16ceb2,245,2,777cd7869fc059ddb5e843e870417b98c33bcefdb95bffb57509c94a2ccca092
61d399c,245,3,19477be344cf8ea237270f1971a937e87456d47e3aef93a336fcfb1a0fdc7300
ac2295e,245,4,b72611af86618eb37d4e98a6e7d8456477bafd68dbf149f2bfa6fa82125514b5
58f273c,245,2,96234c5b82acb6a19b9e7f7c43b09c89f6797fa0105336568566ea38d5970775
8236b4f,245,3,3e139056ab23dfcecee64ab66ea61bdfb509dba77bad355bc17ee725f621f28e
b5ffb8f,245,4,7871b737d011af1f5b05b7ab92420bb6389e3c9593cbebdc3217901e465e6883
ea436e2,245,2,8850f0e811573ddb4664d6630929c04c86e2aa9c8a0b150e45728f7f932e8fc2
bc873a6,245,3,f6e05a6868e037bbad407d4d4475aafc2d9582b11a7a5fd808bf276104d5c18d
8fb2390,245,4,cecbb32b499b9e66b2a0e15687071dbc2d8598b836b81831f17fc50ad4d0a2f8
e9513d5,245,2,a771061fcfc707049cf131cbf58da0d1526293b317cf1d63de5521403b6e4db2
7b3945a,245,3,7429ada67bba007ae9d378a81881bbd4624b5ade873f7072baf4bd7aefd92efc
c3bc0f7,245,4,63efbca9eacfa700e81b6bdd6ea5e4ea73f44fe2981649a846fe6ecd47ebfa9f
53a31e8,245,2,e6c3290478a555886d0eb5c08027afb3e9ff95e883b1006b29ee422c816108e3
383e230,245,3,1b86dc50a66ae199cc9d547e00191302b832576503a096b7467d30d0694de178
b5a1979,245,4,76c8c227f689230e2fa97d19d1039e5552cab0be66fdebadbcc2313e43c2621a
a62419e,245,2,d500b593b45a5c204c421ffba88d38ed2395fe9bcc12f3137381272da2609681
6978f8c,246,3,5b3be05971d0e21c1b0c6d3f65198312ac3072568dcd37d9063e290b8a899b77
6022057,246,4,2fc60b07ea388b42d96e4a1fb5c38fae9c14a1ac403d10cd2fb7e31f780b51f4
af1daa8,246,2,e398ebdd034c741138f44138867703efb1aa0c03ebcf1d8664f2c57148c65aaf
63899c4,246,3,64ea2e7d5a6353ad237233f64c5f2bcffa79615b1eb5a37cee5aa7bad2ac1a23
15b7ad2,246,4,28bc6ae97ff9b7a7012ffef1aff4a87537f17339ba62854dc37ee00dd0942e88
9419fd7,246,2,901252795fdc3e925c97f9071b94f374f82f4ffc99a071374cd77071e1c455fd
71e979c,246,3,9f91566e3c99f4a07c422524c677809845d2580342a37f1ac37e08cf70a224ea
6706804,246,4,48ae20e07c846204d380220afc4ca29aa09bf7b94bcae1def0a2044c181bb85c
dff3179,246,2,cab56334aad8bcb96cb628143c6afd7d4a71e9d0be201099d32c2a404de5a85b
b992d5c,246,3,8ed71e59e26dc2c62f61b55a7255b9aec4eec11f5509e357854864ec20e60464
e2d9a03,246,4,33b30153857afd8cb5478f332f2825c23d27fecfabb45808c37c6b5c26c4ad7c
932fe56,246,2,4d7848d97eb9baca607e78643b386a0d66bec2a16d3f28a1bf33019223c066c9
862c8a6,246,3,3a3cae25f8666e32a02bb55f34a57456f65a01883d40adf78ee4c0aeac0f7fcd
5be5515,246,4,d74ceba1027604696c496f1e4f27b198a3ea398c7c28a10e76cb3cd876c8d69a
f01b436,246,2,31e650f0fc21cec11c373fc9794272eb1af2f5a0c04b38bf2f5d3837522c389b
5b8f591,246,3,798ee0a64ca982b59f448fb39d48c3d21dc081e0689bf5f8d26d5aacb171e444
8fa86e4,246,4,753e481891ca8f95b7c15d2def1d4bb0f7579c6e51ae319cdd1f63068232bb8b
9c24e42,246,2,e9bcbbe26559ce8285279eab74a04cd49ae4478b80561d048ab069fb1964d426
2c4ce2c,247,3,094a44b5e43f009917bb705991195fd1ddfc17012bc6e986f67c2f6855447732
cf1bac9,247,4,2691f93a17ddb077ab7daf8f784968812a5cafcfb6131c1681ecab579110a9d7
b14f68a,247,2,4d9e48150eb21dcf2b33c81b7febc3470657f6639083c2a2570384b6fd454521
93d5e79,247,3,639812dae56486b9ce07ef83582ae6d5613fdcb53005d9b65e3482d2a73c7ae9
d2d0ad7,247,4,aff4e85c65fcbf85b94c3a1ad3be1afb07240fc0550fc8c67f1fa961bd1fe735
dd841ba,247,2,a93406b5ed3919bc927ef18ff847c614b48b25d76f93fb933a2042a248238679
1ea87c7,247,3,fd3a2db9988727849c15cc6abcb4f42b1cbd4208b1d54641a020bc12018f3f28
3bd47c0,247,4,48abaabe481c3313b30b69e321702f6cec3f1522d91155aa2bd484c7f430820b
16cfecb,247,2,1bde1cce6587166910acf1e57486b72859a32845e6505ac5e52e73e75f265e7c
d71408c,247,3,762f175dd4823bdb247091f60c1ff6dbb3aade7d01e5291024b1dc55e5f05be6
372c68e,247,4,54bc281f77274a92c2133a444aa34b4e7c20e8ef56d1491b29840fd3a88295d9
25a717b,247,2,9a0c505f2c4dbf2d836cab1dbeb156d6ac38f4eb6850789c233d074486226f0b
2e1c6a8,247,3,707b52bdf7c9f0c81328867bfe6ec6154aaeb4da3d4adce9057990a678e02298
ba47e27,247,4,13c971da3a891f34b65b1fbc4914cb42dd2645bff720274671884e4dff7e204e
6ae08c7,247,2,ac0ef5057b7b895546be87b04f5494946ef92f64ee5374cc9d344f7a9298d8b2
d16b46c,247,3,52a548f5cf8f12f41f89beb07303d9101d2899728ffc2cf0466758b4d4f9594d
44c8550,247,4,b73753ae1ee410afb38a6eaa479cf61a986a6601e26310adf1ba3c50b71034bc
c8a1b23,247,2,98c5bdaed01d9963b62d7493eee6094df866cf5dc42e1c6217cf985c95795222
98f995a,248,3,41c39208b51eaa4a808643bd02ccc3e18a768f3a80ffb19eed4e4b5831781c7f
3af343a,248,4,5b5055b0e0c053ddc251d55c2507dd99aaa462f84719be653f4615573a42ece2
ba4d6d2,248,2,9d646acda90e67c381eb34f10156c878562c79acf2e1afeeca59e64ac5e64c5c
79a4025,248,3,114837fffdb48e077abcd059596cf9f3fff397cc7c0daa6f3ebbf8ea265d1a5b
64e6b50,248,4,e737772dbeca21e44a0a11463d77d61045cebf450d4fac698337792c125444ac
b0d4bff,248,2,75add723fcaab2e5099dbf9c2f305952e99cc99e95bdc25b02912d1f45941fc8
5bcf37f,248,3,861dd39b46f45cb47438b0794586ea07d58b4cafdfddc0eeebbeaa04af67147e
0999761,248,4,aafc12af067f62d5a908169e72a09239e89e9cd88179843ddaa28b5810e8d079
08def35,248,2,e362b85350d5ec739e351c389f4fa29944febc7a255fa041c7252b2428d43b3a
4866853,248,3,9ec40c6b94e1f6b68d74217731457b2b9b7ae6ff0e9f89d904800f0c9093b939
30516cb,248,4,693fe86ce9b2a33dfd8feaa392ec4786d94d6e4730a329a90af6e0988848587e
466e970,248,2,eb22b672090e06cd8ad546fbea622152eb47cbe5eb676c036e37f3de360468ca
569a513,248,3,afde807a30f6b0a8248a385cddf78ec83b3fb272c115397cca5ebd4248969988
62a744f,248,4,e6ad6a9f705a1a350737a483f2e2c1cdaece0819a277afa099cabd66fa303335
d85ca40,248,2,5a6faa7af9579ce26e43a59633ac4c15500823e887be84f7db23a59b2c2cffdf
f4cd58b,248,3,1f85a2df40452e72598318eb2a5448d6e4db407e00f3e49ea5d8327b6072d6f0
492ece5,248,4,38c5d2150fb840579fbb28993ff30c1e473c2cf5717fce5a5ca59d7d73959e82
995d95c,248,2,31d1ae076f72566cc8b6e119054e2f1b4a9cf9ad145c4d0b3689d81568f00eed
8af588a,249,3,7c72b6042480d2c7c255b3220881cee1f0f20907efd44611d34e53c6a461840f
0af56e8,249,4,b83a624bcdcc72218b912a4960a9ab15d184f00fa14d7f63317380f0cb0b2800
c302026,249,2,93c236f2fb543c27e216444b0f0b448c5539f6808856e38f7506b4e67255007c
69e41e7,249,3,fc1a8c1c23849bb97d8d7d7569d1b3ea80023e18eafc3d883bc9387140cd6986
026355a,249,4,9062b669452f4ba2fe7d0dfa13b630dc0bc074bf1ec4e8956ed9baa0357c4253
3eaecf8,249,2,49506e24c4a976bd847d20f3e074fde18c0859bfa8d99e4b362072441ac252d8
1d4f21d,249,3,d7108a4f47301e5d3979fcdbc2c09440f423568197385c46b49aad86a2f7ead2
6265245,249,4,b454a4dbfb5e819e1a899267d01a6d08dae7a649a2c77c57bdccae5cca6d18b4
4d8de47,249,2,1c0c644438135c5a5726bdbd0ddd0caccda3bd3cbdb26b7f876270603bbc3e29
90e8059,249,3,a9ef0ac9b0b947f0d81dddddd16c7e68f7978f70e7de88919ba0226eddfab0f8
5f459f9,249,4,8f5c4ad94707c239b2839178d3c785951ce5ff16f2c96d11008b0e2f1232332a
0fcadb2,249,2,30560cdc1d96dafc69270ad513e10c4a52d0047541591ca94e317ab9b5836c63
ea26dc4,249,3,9ec92b6b3f4bfd96193a7e39e3ed41f712c66a1662e268e471c49f51cff42fdb
73ba914,249,4,7297f997c548abbdb0918d1ca2cf211060acf278150b004263c2527c30fac371
ec84765,249,2,9d6e37dc6cae262c2683f290236175b1f49d41266bedb9289b1991988d33b75a
562a16f,249,3,7c38a9c54ae18192880a2be5c3375e897e396508bf870c7bacf891489aa9c4d7
b34c604,249,4,f217bd67403d64d12cc9f4aab2d571a07f4746550a7a8adf505d4f5f762dd575
c5c1b30,249,2,3f0cfe4bf2f1bc84aaf6f3068122fbc59d0b4e7bb4d636170fd902a61033e97e
d0e706d,250,3,9cc06cfcf9974442b82c1f622b1d4feca006b66c9f0c42934722bca9fdbc2639
fd1db26,250,4,602660fe0756095c64073ce73eee71cef9c9b7cf10b209cfb085e778e2e178b7
3c8bd10,250,2,7bbd4187af8ce057a2bd7455226ce79a06d47f449cc2c4b7b7e82bbbff4667f1
0775ccb,250,3,c2cb7b59d774520bf245182a9938fe29c18deb25139ccfa47e81d986d5062f59
36e31bf,250,4,584662a255696d56e5cbfb62d819c687d33710db9927efbb3c4051aa9298238e
1af0ccd,250,2,6cfa04a02baf6c73aa44de11f6d8424e1b46e91d5c845be0cd2c8e5c156c2985
38844bc,250,3,df094670316929c2eb3d985429254b9c389598943362d2f73b0674a74e947247
33f66fc,250,4,d2ccf7a6e9ad70492fd9c0fdfed8276cf928b2f15ec0afbaf34ea1c624d27c60
78c3ec3,250,2,bf23c9dd3e7ff008bf0f1682da819584310c34b32699232d80824b62d24b65f6
ae0e9f6,250,3,33ea69965c376c64afb567b8e5b9b4bc26b935d088b92090a50d56ec74825d0d
ae92436,250,4,ad3278aa5942f8f8603da132e27d14982df5c74ad098599115bcf9b0d0015553
89b156e,250,2,fe3e4047d5bd29cfc3d5d7ee7baaff2a5509a27ed09de2010d59234ade800f5c
01d6e7e,250,3,6fe389365976ee5448b7764000be4ef971b2a8905d434ed654009c6a8e7dd39f
a4dd622,250,4,d67e0ef961b65b5630e21f007a848d820251a465870929b2f09d13e752ea00c5
1e88fb2,250,2,09bb1adc1d5b198beee17e608c65fccfdd9e0cd7ec2dfcfbfc60eafd5d78055b
b81815a,250,3,d9a40a6339c340e0a46dd7d7dce6988430389bb88cecb061f87fbce66cdea930
140846f,250,4,0c6b92c3c88666a8cddbec260d0ba1c35d4d16eee58fae6888707db166f8d47b
e6d2d03,250,2,9d132a0dc3ddb6a4dad706148dad2e93edc0b53cd46a58a75f2d9ae1244e8e5f
14b3ac5,251,3,fc922b0ba446ea8740f9487bb490fb092d2adb518c98bffd4c0f414de7b80e00
4333103,251,4,1c97b39316faf5d43ae1422f183d355eb2dbdc68343d4bc6e066d7ad7d0bdd11
527009f,251,2,536521de3672692dba1dff75b8ff472a189f9ac3de14fc8261d96ee21eb3e47b
c0d4f9b,251,3,0d7dac1eaedac772e03301ea259452a703ff29fce638de508473efa6a604e22d
14c37b2,251,4,b8aa5708de6352b34a6957cd3c2a0cda919c4ec53712798f37b9a91e6675fd05
8b02a08,251,2,6cf09817caf6b9bbe58078d5b1793c0c8ce4ba23c0867df6bb00d67bd16e8b1b
2c60d12,251,3,0debc2ae00c5712eebe19fbc7e7f2308fdf65f5954b8f2a75e904aff0bf96464
2c157d1,251,4,fc22ace429f1aa4b1c3f4037094e7a21f291491dbab9ee05edcc0dd2e8335af1
ef6569d,251,2,25405523873484273de08d74057d65ce844bcd3bd1c1b2033de223c4cd0fe1ec
8386f57,251,3,a99bce2877f7873c550e838ff438a9ce506048b1defd732f7140e6996d98741a
8ef8fe2,251,4,3d1b885e723ad3e29ffe368398b50880f0ed18a138e9a46804223e1e55d2ee2b
29ebaab,251,2,953c9103205d32ee9b7bdce9968c1800bfbd894235fa9a9302937e16760237d4
cf482bb,251,3,65efc5dfe075dfff0fd5a62e49d59f3156f8bb0a9af0fafd9d5049b27bfbea54
b83f457,251,4,d9ce2f3692c1ed8fe5d2b4be413a39f27d509e01b5387e4dcc3fd18e1dd8c105
af0e18e,251,2,449713a140aa109751610821717e36069342677826d0fc484e687626d1ccd8b5
7099582,251,3,71c96e9e75abb7ccf18afcd40082027b2d06d6abb976c5faa82ebeb44b2d09cb
584ba4a,251,4,1af323e2de4a6b8e3780fbc10a0eb0f1d94430f091a86d8cd61dc015c260a0bc
bd8eae9,251,2,ec5f10214172397b0bc77648b4a34deb379a94c7b0164fce1f4265d3318f197a
9e091e4,252,3,69ce7ffa7ac0182978ace898e55029d42ee26404218f9dc8e36ff6d0a547f052
5eea485,252,4,1b99f8eb534e81f103ef4380d78d475ecb698a9b86d32a71a5cdeb21ecac0f08
1bd9707,252,2,d0a9da6fd26f6e8f692d8b347ea2b04be183c62203e61d49ffc7288678e96660
c85eac3,252,3,658a20aba41c850e52cf1c5644762be7611e1d3da1c27d194394c1a8bdd1ad09
c4877f9,252,4,d69ca5444dea920d6a9f802ae67eec7b96a27c1a7ff77caf174f20402392861a
1d9389b,252,2,51bae2948f1cc19db7fedb6540c09127956d3222726fec4d7eedb569e59479df
9597653,252,3,5914ba09bcbcf79bdc396ac7a8b578d6b8cd6eb544a4aef6f82dd9de577d403b
480146f,252,4,d8a638101cda2d81f8794e4f45718325073599e1dc844023a1012d7fc6a2d9b0
fe39a48,252,2,4ab5a55c1fce4ab21f7ddb869f9ea183edbb998e7a9af31ded47eb9bd83f10cb
1482f42,252,3,bbd2ab4b61af0cc67d9e8c8427cc652fa0db0d50115b457f7e43c1c55cd20471
1ea7607,252,4,80ac69f28821a511e39cfe4e122625e81125f5cab6b3c6f77362c9d4f626e3b7
736f95b,252,2,87572beba0f971f67248da09db966cddae15252423e3657311b93c332311fd02
60d63dd,252,3,5e4f5fe6133c38f753c26553d5e3a5c6d8f7af6909d723712e6066bba89f2911
dd565c4,252,4,784a151ae58d44d26779c63bb94b14eff88a2779e0348193ba8d07018d1cdce9
8345960,252,2,a948703bfa9f2d329b4ca1648c6d86ccb02225dc7183d26d73f1cc63b5d372ff
5ce6e6e,252,3,47cfbf0cb1f3c629fa73864f4a76b270fdf52688930cc4e1db3f5fc76286e4cb
bd25752,252,4,96e682c8696595b6ce93dfb89baf9941d8c2d7ccf0b822d1a335e14cf93073ec
9ebd4a9,252,2,4ca8a204964cf0fc67bf946974e1a41e7f10d0a9b5963783bf4af5f11d818bfc
f03682c,253,3,7e3a969608f0dfcad26dc2e1478eb1fdfbb1e30a9b19ce4a20e01650400561f4
6992ea6,253,4,9220f321f0ca44a3d5c92094e6d78f3b1554300889a8d475a480bdbd102041f0
15c5d00,253,2,db274c30cc859941d4a6e8c1d29134c94250789ee96ed39eb01a70d14744f7c5
e1486c8,253,3,dc03828e986d422eb51c5c8292e95cae05a1b422e5f636ba86636c10df7d287c
86f42c8,253,4,17be2b8453030222542762a929db11b23ae1fde75ae62a06e6b62cdf802b173f
a93459e,253,2,99fd4746f0b34142f8a55a2526096153c9f3b5bf6bb6b85984cfb21aa3d0a3d5
43e2c1f,253,3,0daa5eee4a842bea80e8bcb859cf8cc4f02cac0a22e1d13177aa597611358d84
f0f058a,253,4,6ad64c57a7fdd3795d5a1d52b37fd20aab7403723aa6cb5e41cafe602842b428
b57b6c9,253,2,9d04a9c2128f655b0f5326c98bd7b74d79b4f88d8d1377b284b0cc7adb3a2adc
1f113e1,253,3,d7588e0cea1796a1d5f4a9b730a7cfc1aee0b6e464c6a38e83890d396d26f7f3
1686625,253,4,75138ca53dfdc9eb8178005c533f8be5879a7759a1f5ed87194b2ce3f1860539
96a2966,253,2,38e1e61904085cc342e131623dd41b8761bd4147214045e1ce376746db6a131e
3fcff84,253,3,cfe14699d6a1be5024c663f498a9b050620c0d7d7caed89698e09d9003e6ab1c
75403ca,253,4,4c5339ff3cc7bea8d33e76472934169e4581d601256fc1348ca568942b80d570
3dca01c,253,2,502573e4d8dcfe1fe2600d1f21618ae842969bf20f9f514a6c9444d8b7e84372
c64bdd6,253,3,80adec1eaa710dbee540bf17bef118bc08d179d9c9a5abcbb4b5239b2e7e7a71
8c35402,253,4,63a08e641e7405d2d7c29c73179afc2349596d66b569499e64a786d15be82435
f5302c6,253,2,4ac1c0b2dd79ca501fdb0b23571873614dcd35c8696c9ffe54dba35c022e2a09
a1f1050,254,3,55a83bb41aea68059b3ba39a1db7f2c2cee3c9d0dd5f11bbd1144f074af99d6e
f03d8a5,254,4,e8509a8d06b887ce355b8c100544771489b0fbc0ec75380ed0d6878cf7101f63
9749d96,254,2,146a056b89c3ea26e2c12ff612365a4e5ae4dad6a237b2dce0c84c9fb1d598a7
ef7a3b2,254,3,ada010747c5384c442155bd608c0f41ab85baa5f340e8e9f3a66c9453bdb2ec7
c6a49f8,254,4,f279498af4ef1e788f60f8f7a96bab5a435da7176fa3228f0204bc4d5231926d
3192920,254,2,76a809ecd62de9bf35ab4cda4a9c5d481e8cc44c413cbccaec29f06d7500051a
4d87a5d,254,3,3967d4b01898e09140efd2d74db258d8347a4b591950b9fe9d13a6f6658ce8e3
7d8ddf0,254,4,cb4e056958a633e5cada180e1bb8f893f18c355fa929a9dcd3708204ca203d2d
eb0ff13,254,2,84683e695b72f75406f4c00ecb1372760a46a526d51b1c9605e2979934f2cdb9
d836e6e,254,3,54c89c405ecd414c9938828be437a1a6148ab5bcd255ce88b3ee153f0a85a829
84cf99b,254,4,47c597d2e1963364123fe164e67297f96f5931c80be45489d2c58bb94ea1aa01
d48708a,254,2,8b3748f0156d7ad8e9a356718157642a1ceed8e3a9ab46b4c9b2e15bd62fba77
820ece4,254,3,f5c6e5409e63b5577006ed1525a92072ea65032cb627007a621fd2d94730c2fb
516aee9,254,4,159637fed8ca211a97be7ec7d1b53db25b5428119f31c70bf5ac569f4cfc4346
3b0bbb9,254,2,16817aa7b703e84f5b4a3d259c39e46e12e403af85dcbe8a74da9b0c95cb4e4a
4170883,254,3,bf453f176fe86bcf660fd9d002d79b07c9cd234ff60945802f8c78417325b4ab
5b8ecef,254,4,7d6790c941c02b4d83195242bee7e7cab70f6b3173f00d758186757188664c6b
5a40c03,254,2,3090b8191ce2299ea01f74a5c6f47803378c90a77e97f476580b6cacb55b383e
b035579,255,3,3801ffb879d578efb67a305b2a1afc6bfee05830b32945fd6a065568df1d81df
d9a2d87,255,4,533ce173f5f6ed0983623b21c79c80cb91ab41d0f3b85e07eb855dd5e6273942
8452953,255,2,b7e1e588726bac9e3b208da5fc71111ed97bb81904d61c63fe56e854343e49f8
3f19c05,255,3,7938f5f2bf9a291306e4f4a45cbbb6b0623d9bada59df3360710ed492771dd75
a45d6d9,255,4,e6532b9a9e4f9e2159307fb4a1a164086863d80143f6ce4fdeccd093f28e27cd
e0ee50c,255,2,f226d8a04a0dc5bba9f57486f9a7f86b801205b242de2798e2b8b790ab477b2b
292ff9c,255,3,bb711957c0cecc2dc0c85209f6752ecf179955b2ae598b98e78b1eb4ee95d58f
f1f03de,255,4,1678ddce4a3b02a07a883efa614e068aa888a59790d16f8e8c29cc6ebbfa4d0e
af9e3fd,255,2,27e652b7ba1ed4cf4848c2505c71d2b46e1e760ee6ebfbcb8ba729647eac7d76
ff108ca,255,3,778f9383124d7c8556f6607d7f7422c4704686903989a1e8fe3cd1d4e7f7b0d6
b815e6f,255,4,62fbad2ece6e6fade61013e1126dc552cb8f770977894bf757ce4da3e0dc9564
269a23e,255,2,23d730c0898b851c1751953c5d23dd4198bed4c0710579f2d9396d2f4ac0ca25
3e7e439,255,3,56d8571ee4c9a6f6b22008e96f6d6593a7f87feecdd8ad5dac5995a6c223f555
f273644,255,4,94deb8478ad9a7a8f3b100249a69fb58216e28fc82141d5c6a2434c852645038
66e3b69,255,2,d8799ea60c6efa7b6763d6ff5a4e9726b5c92ac3d9d9bed239c4dc5f8d17adb6
6aff675,255,3,856d1da004f98b9718a8a3b4656b71c72f5d559e9a5861aafc0b9b4403a2742c
7e123c1,255,4,9011c0109c161cfd9525723a7ea68ac10ed120c55f693b8ebeeaad50ddd6ba59
f0c559c,255,2,6ef7715a7c06f147442232c62cfd9995a109637659c2f96cc2a208a77ef9d2bc
a994c35,256,3,1166e91f07b1a801d7aa6249e80a309262a8b01146ef7bf28804fb527d110edf
af3fbe6,256,4,2499710b991bf13af7a448e7c0638def479e8c145c9b96686fb5d420f3e12a8f
4963bde,256,2,cce49f7f9321c3b622a6004592ea4086808bead523b0b7e264532f3834775918
44c494d,256,3,a2c9686ebdbdae2cbe170753574ba135a56a765a139561f5687e9bb8fcad1f94
04d409d,256,4,30810d206549acdad932995ef886b0f87a5c1189146ef151bb28cd1dbdc4f53c
89bcb5b,256,2,aa77f6915d3b8385166e27926ba2c587abd0f962b1512b8999a40a66f245f714
649bc2d,256,3,7bd4e215bacc8cac234abbd99ce89abd0d5a814baa15bd7eb5e7ab844e50d969
77d9cb5,256,4,538d1d736c01cbdc1c220c7fb666ced30c60749a4994a949e1b776ee727451db
a66267b,256,2,94d1f1d3388227169595e5e207c6dc034cba72c4d9bd9324f53e031968d7b3c4
85c1eef,256,3,a778ceb76486bdb5f734d28881ca347f2326543df3436591274b0f5b5084d176
096b178,256,4,7ae65cf751927b05961004834f3caacc0aa76e6f7f81f4cbefb4d4f2d1ad5656
d4c76ab,256,2,222d6eaab5dbdc39ffb2e13122ea479133d42a83dea88f262b623396e062878e
fd86eb2,256,3,d2c899981ba4d6a43a59ad812cbf63e6dde0a2b4ea55a9e803e953ed1bcce798
1b68c4b,256,4,54d3aaab8973d5a003b7e51d63a5c3a17f6b0f1af13afef4736f88aa4013fe62
536462b,256,2,fb11c79e17ef1668d030c9fc56831fef6d7da5829e22525ecc49265c7d0f77b5
5ab40d6,256,3,126323e09a49661df7ac1bf8828af38cfaa33712d6bb80292c54b3332c65ae4d
fbccbda,256,4,4a3e933cc96a79eb566b2b4c59a6d97917a4d10650e07454d02781f59cc291b2
cbe244c,256,2,53b39ee4159f3961b46cf107b20dd62c9ce3fddfea91ade0598e18130add3857
5efcc16,257,3,383fa40eae155c195b697b37b703c5abe2d338ce421e99551ffea7e400e536f2
87f2c68,257,4,039afd695be2d5d0e493ea209f1e5f2cb6e1953f230fa7ce1bc8688b476c5d54
f9a3b13,257,2,ac4f2cf692c1fa103b6b71ecb29af8243f28ffcd92781b227c35b9d77cf9ee61
da4f161,257,3,cec3ae92b91ee38d8bd891030cc77d30bcaa6788d0d8eed41c6feb80600095eb
6f1f88c,257,4,4a2dd3a6eb27ae2ff7a4a647d9dd69f5e6b57653d8105202269124a420d958ae
3c30a03,257,2,7eca39d95b52ea190168300fedb29a78a8b7a8fc4a5faaa9956cb2182727f22c
63ef83b,257,3,0802d008f073c321d601eec9241341ca51ba60adb8a4cf0097a752fc23c80028
1e34c9d,257,4,7cb3fde92b6f60908f08e07d9e6570c4a5fd2af4a40014c15b590d6069a72622
617c836,257,2,9bcc4b2885a4658c4797a43141f726be0b92c76a7e201e6b430aeefd8d3d38db
d798cd9,257,3,d239c35128c9dd0e79ff6f36d8914f855c655524d0756f5950ac2a318108d61b
169fccf,257,4,e2ec464492eb5977c5d3e0f89666a6424f3722d65730a3e9856e40e21b9517e7
c6c30d3,257,2,0e12f9e7e5291d4ea2f95487e3b547df2a72f28c14c9335e45b5771be92b3aba
04a99cb,257,3,777d860ee1e9da21f5101bcc24cf762fd7ce6960cb2dc4370853c9f4c3f619c3
07f4106,257,4,6606e9d3532315f2a5de0924e8db48b5659dfabc7d11f47f5b048a67827fd05e
5f49ea6,257,2,efcafe581fb6ec4f899b8ab417e2637c2239630be8255c3edd90a4c08dab734c
6df56fa,257,3,872ec7ecd807c130dc54a65f3098fa4373ee4f738dc5fb256963960f2b06317b
a2274de,257,4,df56e88c8d11a0bb38ef848fa9afad3880961247bf6b3e6d26b8b3ebb242f142
79ecfd6,257,2,05bb96d3ca7361d6295cb0187397d56f6a78885bc3be7220628a1a58570d6d4e
fa29121,258,3,b8c20392c8d3977e3b3e26027a088c75060888a9a87d73881e69fcdb90c954f9
4cefbe8,258,4,1480f6422d48b1e61569e64130242497cc1c4cd6c2d7c0082b6444883c44508e
b6b3010,258,2,fab7dc9833864d05e3c41fcf4bab5204dc5200296ca7a1ae60b015a2a179d8cd
e0f2b3c,258,3,9556efd67872131602be1452744f723a85509e4bcc280857ef249453cc03b6c5
9691df5,258,4,3708835b9075aac6c5ce76aff4eaf36254595fcd9d2b2674693437ea4278f765
dbd027f,258,2,cb4f72a01e05629edbe21762e22503cda31a35a17a368fb79cb48a834f5a6473
0296469,258,3,3c71fa17dbde267586969e5f2073cc4bb9c08f60ac644a6007739a5831fb1215
15dd182,258,4,52a389d6ee7238c2a1145db28851d7a97f7ecad704d9f184720cf8e325db6a3e
cf64f64,258,2,f98b0f1d1f3b8ff26c0cb572c5c652ed21cca7a824e5388dbc79a36a819afb1d
8725350,258,3,6e2bd7f40b564e519d71d85d12bce351b14919844d2ca3c868f6f2be4f77cc39
f1bd22f,258,4,9f4a3374272816b5c699e4304e9176eb01b89926a1b4f87c377071a5646e1daf
286282f,258,2,af328d0932a64439c372f8e00874af4d66ec5d65af006b691f4c5dd5d5a479e6
a329f9d,258,3,fe7e1ff0cc92b53c9d7ead70e1e42a8cc2f81efd5f9b0bd31ff7cb8dd65c8eb0
a7bb990,258,4,35b28c8ddc9dac0f88b71909abb8f7ddaae7e22155ff145290e91ec6ee49457d
46f9e1c,258,2,8abb9e205d506749dc3efe0c61410f10b9e2223a1a8d5398f473ada8d7db921a
1ce2f50,258,3,6ab0cc44959ad009e6155980683661959eb39deaf73d0bca04b626f1bba93f89
2f2ac3d,258,4,5221d3b2634099b239ccb8ae3f81aed788aec0df3603495a1ff31ea1d708daaa
363d99c,258,2,d6bc441945d05b32dd418afdd07c49bb3326b45e9dd95b2faa910236786911fb
e0b63de,259,3,d59ab47fb5a34e11e408f000d4752439d084ff54c5aa23c02bb43d04f256a01d
5ef300e,259,4,94fe0ca441aa8437fc3ad8e7af76de33635d4fe78c7f5a56f96e06add1142055
3b42d54,259,2,76cd4f9d0957f29b7e61a4c779bc39bc0cc1fbe7499388b2aa3728e79e7c9082
17a6ac5,259,3,0778c747ce003de6c8da4c388a2e462cf9e822cb7c53d8168ac24dea73062152
2774edc,259,4,b72664fa76653d78af3d85b55a51d0c6b547a734ffb352e7ffa71ee4b277850a
ee6126b,259,2,5d2d9c5f6581f9425e6d6917d932ef46eef738c31f42e04262ca7bac11aa9ac0
d552343,259,3,aef9fa492b64dea707420df20a082e0df6b778a42b01caaecc524951d1574e83
47f3a3d,259,4,3cdf429af9b45faa0e329ba404ce2036fcf9d74689aecdf53d580b41dc4c20c0
55478b1,259,2,b4c140a7abf64ce6cda0b84f29cba4b3e31276c65d898f7830bdb00eec3eb7fe
e3f5cb0,259,3,ebf7cfdb98e78186d5affd7f006d3f8bfa4af558c5cef943380fe2ef301bb5c9
40ab3ee,259,4,5a41f0fd49e4bd98dc3c7079f9fed3022bd8bfcc926d795a5a50f12edaa95261
0863447,259,2,61fc57225d60c3adcb8a1e6095bdf925d8d998cdb74acd990d6772fe8c1dd155
615020b,259,3,098f680eb4b09294f21f72aa02ea2ab565fb4209e9b1f2e2fcc01fc4ea195606
ebcf800,259,4,ef67875d58489b5d9a77c056f3232e08a9054bab62c2ce68df56282c0d00e5eb
cafe815,259,2,3c4d2fb03911dc43ccec5aadd535ddc89c8d2c750db951917f289809faa84ea0
4104399,259,3,0b96d9e391a7acbf8630ee9603e0adf3a2a7599fb85abe1366d8b5d8eb282406
7855f61,259,4,72e81deeaa74cf10d95ce00653989f093f7c86a054e9508210ad61511fe0bb83
a9ea066,259,2,69cfff9f4021f0f9d80f30f74beb7e3b1a42ed3630dc2aeda4b3bcf9a82e58ff
f697b8f,260,3,ce68e9910c310f37383abc5e273a1d4bea75a3ee19edcc39714c91425697ae5a
1d7c97a,260,4,f8567d345fe5680f8655b6df99130380b552dfd5b976b1cd7c0b7bd91907dd6e
ea4f708,260,2,ceea3e143b70e104f6fee57ea490b0612a7c8a7add1b8a6a5ed9416cd7b862c2
2c8f20b,260,3,a86078b8f6d8fc6b4a901afa641e0c55c265b560b3828a691bfc5440c042d59c
e502553,260,4,8ab6235ad5e3877cf2627bfeeea7930878bd01c9d189dc730552131bd63e67dd
4a8be70,260,2,eb4595a98cf463380b25a68dca5d570deae7f21e86b24d53bd93e16633af78c6
84b7e1c,260,3,a540e435254fa96a9872a93878dae8ae88b7ef8f972f503096388ade7890d01b
1423619,260,4,1e850c63bca718d1527b8ded917b975b556c62883e039021c964e18a1190f6f9
16502ea,260,2,1f8f02d71e0c750a34c3abf99ede055fd73ac7a256c97e96f692012d71cbc763
6051407,260,3,8922bc89eaecc9983771fe1a1af7b4146dd8d9e8e5ffd4f0a1fec3db3eab2592
10fe8cc,260,4,ddff3ff947297d5a5ae0c3c99b52819edbb066bd45ec859cb7e55884976e75f2
caa8993,260,2,dff8f29d8be251f42dca1e30e1ba7eb6715c6e96765d561b06b7944bf8e93f86
2e66941,260,3,ba559536a129a249bbccfc53b8b68372199151ca5e6f3e70c7887926c1dc5f98
5e5dab1,260,4,bce39598634aafd457e0c590a33193ab0f2fcbe55fa5cb4929775719852d31b5
4e85bd3,260,2,b54497565ec7a2845a833b2cb68904d23d394fee55a071c196e740845a1322c0
4f693d5,260,3,ae72264e351da67981682c98e82ae2f14ea9141bebedb9df0770eb31c556e185
087c663,260,4,bc12b9ca8b2f59990fcc3dafc2555f87d6e532a7f4d42c6965b1e7d69947545c
2e86520,260,2,dd9de4e3d432638682b094e71fd8cc61b11fc842133e7d0085736af667a8dd80
a723b09,261,3,70fa43ca2b79ab0405007673c9dab46f26b37494b1cfccc5db148d140ec89636
d11cfd4,261,4,650da407439ff064a87732c20e23df29cff579505e7fa4ec8db6e4dcdd9c455d
43fc6ff,261,2,be73271a5c7620b5f2e019d52808dbe0726cfe72e2b9d2600a299f62c1d2f24e
a60ed5f,261,3,ce41507458f5882cf44598e772453de9960e7b784df5b32ca288346adfe77100
88eaec8,261,4,57e60808bdc1f1f6c1cfbae861fb14f49a59668aeed2fdb1edd326e7941661ca
0a35ec7,261,2,0e8143d881d5f85c00d076c65f77aaba9c00347d2ecc57727133abcc1ecfe91a
a7bde28,261,3,3b6883ad3e285da65f490baafabf218586c8bf79a7b77902150f5bb5a8361900
89a35da,261,4,dc82609575e5fefac62c8210c7ea53149ca7d5aca87db09250d24fbb4bd3a96f
3b3df14,261,2,adaee6fba9d732ef37ede08916b7cc4d5abd585d0c138f34cf58549bcf0ea52e
da5a8fd,261,3,e67d97ca28b8a1a2e11e5b6375c0c96263c67d797cbba6e3cca94bb662490dba
e9dc2b4,261,4,1efdc12d4953f59339511a20171c43ea60246e9b6f09990da7b8d54dc5aa0d13
9b876bf,261,2,b0f1412b8e2567787b222a51c5501f96ba6843451001e9b78601fb347f27a3c1
949dfa3,261,3,797c8254c5a89d38d96d1093f084f90d63e8b3c4dcbeb33607af82a2e7ea78eb
d5591f4,261,4,aef0d4a9656b23f04a039bf31b42878e3b76a4f649fa21f7cdcbc30981eba7e0
b436485,261,2,b9537bb0e9b6968a5527048566a8893b9c5297708c16ad1fe13c09a230d168d4
6b07f61,261,3,00b4593c72c25ca616393e504decb6056c7d86fd6db4d9696520cd66e4587115
988f23b,261,4,a59f98c4f12a521874d6d9e6c661d5f918c3acb28b8a5c18fd69d0751b980386
d4ba980,261,2,922760327263ec0ddcbbb20f8befb8f82b20b4732a6fc9d2895f386c154aebf9
6603499,262,3,d4aece86a9d6377bdf983035159bb5a07a6dcd711f6fb86edb6745dbfa8a14eb
702a56c,262,4,f563910cb4aff09fa48c8bd265d3e3aa3b9f226a745511121374d7885853b9ca
a7d63d1,262,2,f73d12d8650d079c00d46ea1428052ebbdf998193643a4a602174456b6532bdd
2a70d56,262,3,cd3c7c1d8e91a1e98d15195d4c75563afb98dd4b158658a1c2b4d85c0c2a0435
9de090c,262,4,dd2884a68d1572b090fc61e6714a711e5d7e60e11ff2674e9caa61db3bf9fb85
1374736,262,2,f9df500c84a9d128e5a162f0319e6992dc2b3715b84b4136461479eaba2117e3
23d7e8f,262,3,032817789a9ff4fa33ae3ac4297a1a4f00079399f982a61849b79e9c6200533f
05182bf,262,4,c2eff90cf129983d638f558203206145c86b96ad5a51b8c0026287eaba5af6d8
aa3caf0,262,2,d3ac34374196ad3a215929a553833d9c5196d2ba1db7335220478e5433ea9234
da750c7,262,3,c418470894aed1c674e45d3cc842eff13f8ded453f1c6c78191ce2c378ffed0f
2ee34f0,262,4,e52770e5bbf07e9c852bc67fad99844479fc0294dcfb7aa5dd2886b748041610
cc11483,262,2,c201b8c205fcb07af066a13f6588152be702781f4afa3297c092317853f7a33a
5018d4f,262,3,9836f4e86d13d656c09901ead59a061ffbdea3cc90e9bb5bdb6e437545a153ec
de1b341,262,4,fe91d2caea408169af2aecab0ccd85324b86662e757430b13ecbd37d46c7909e
36b3126,262,2,50824837e362007bdab4e868353f689031897098cce56c700c4dfa95382c75a3
0607ed1,262,3,912ea90a4c5d0d8acbd7b1e9e95e6a15c441b0aad5a62457440489b03008cd7b
9ac0f34,262,4,8871964721d5ae495020cb0578c008b13123803412cf1f8e136ce35ade8dbaec
b7bc4eb,262,2,88859e7fedfe92e147dba1d6577d4a8785c27d22a3d7d7f9062da74789d6da19
a3f2c8f,263,3,ef64052c8ccf3abd887864b39cd155a31d9ffc58ae333ed577d8ebdda5da2c1e
85197aa,263,4,2996451ad86c728074e821f8204863873011e91a84128b1d50c2adea09b95de4
1cf4ea5,263,2,38bf3a749dc47008dacee2758af67c123e388e503600969950c240aef81ac3e5
37e497f,263,3,8f92120ecfe4bcacdbe8e463b835723dd094199e809728a927227b21d4d9de4f
2223f85,263,4,c976c8e64d7552ba4d23807e10bd28725102c2a6a8df73a84c436622ff0d4eaf
d1fd261,263,2,36640f9ef48fad2a6ccd8fd1eda04979150fba297fa1b578c60a688541153a49
f132fc4,263,3,156739caa27ab5d09a1d7694c838e36c2c19e7ef668e06435eb7065a262790ef
dd89be1,263,4,afdbd4fc3304faa81a096bb7873dccd72dee6245e8a601cf1b64fe003f9ad643
4867bc2,263,2,2519927247603cdbdcda99296dd3c5a3849a24d4e19c0d1a102760b22d42278d
70a17a9,263,3,083299b5ea85796100620c58189381861bf47ab96a925e23ef1e159cfc8367c1
d8f3bd7,263,4,b1577d21564c8fa7147fd22c30aed0f63dfc964e3b7df57c41f54890009d5c2e
775ee7f,263,2,63c8fb9b99d82a7b5d05160c9a73c8c27398c1cb5df5808f27e1dc4b247d0093
c966d0a,263,3,33f765ae55513f74baab1d69f7fae6e4349352c7f8407e332a0982cf9e4093ad
4e9a19c,263,4,888fba6ba8397072a55dc05ea57eb70727155bbee41b96cda8b84395d92d1280
4f661ce,263,2,5940a859dbcbe15c519177ab26cd8d49221b668b9d50471ef43df6ddd4dde28c
b2fa3a3,263,3,15ac9231d301b122efdf1d6954c33b7e1e5ffe98fcd154ff5b84b15bfb6c0bda
e2a9ae6,263,4,21e4b2554eb05fd0302ef522615c27027265f2c57ea80d3bb7a724a5916114f3
0364075,263,2,33ed55792c75dbb338e38fd57433d21c22c21f2425ed9fdb9a1870b9f6427519
bd205b0,264,3,2cf77e719490b82d1b48556380117716b88ded4cd4b376140de280d82c9dedeb
f7ae3a3,264,4,62693f47f334b4c1cbc5a1cdb0d497b1bdf3d6352ac4179279db224497e69fde
323cdd6,264,2,88304ded6c7cded486c6df39aada3d667da69d4a1065b588e66513bae5e5e6fd
e32b3f7,264,3,12a1412d9522471c62016ca99cb1b304a43959fc76c2158da7b8cc47ae7e31b0
e135f7a,264,4,1cd95e0616a24622a3b3dff0b6a11086b6e334ef4e63536287d947191d68273e
c5e49a2,264,2,ff50f8076b9640b753dac5dcf5943eadfd4c56bf39de55e9d875932863b1cd37
62880ae,264,3,59b61282be8e1be3cc65cfdbaf3b219847f02c36b55615dc684e56abaaa811b3
2792d0f,264,4,da3d175ce810912e60c001377418da4595f1800fa2b8cf8135128d0fd6e46d2a
4d5baca,264,2,efb9a11e5eacf5236140f8ad51b32bb05ac5db1b9c406f3f90a710c25c8118c7
af5df6e,264,3,8dfec02bf64f0ea334f71cfa179a8f07ff24d0d2d66c374f3e808aea17b32212
fc433b2,264,4,acec5c3d89e7efdb87b2837ca71401c4ef1a65279ce7db815103971fa43cd858
476dee5,264,2,06730a56b14a7144953e6745baf1fad449120f8cad8185a7bce167033f46aabb
4795aab,264,3,73b41388a8070f251ae6539e6df3520083c7403ca83cbae288e2d21b4d532a01
9c28fb0,264,4,e2162e8f8139fe0dd864ae5100d881cd20a56c79245a35674b9deff4fdfeae65
1097d92,264,2,639c2f8225637a9baed30c2d7dea13771f4a843b98c19974083312876d197c9f
1d34992,264,3,263e169d01657bc3b65af9738ed1829c39c19f7af30938d6016cfc8a2a57340c
66bca8e,264,4,a26a8fff1a8f52f7c14237f23241625911e7f2d56cdb726bfa03919b2a842694
393fc11,264,2,b888f47c1a0ab61f2b05a4366d8302c39c65e7bc9e86bb6d4eb42b2a8b24e50f
4fe07b6,265,3,2b7af27b807a50b6a2af0fa607414bcbda1c2480b597342d84f88a68fa57e033
6c9d025,265,4,211c88c0bab1b74fa24fa37e8786ec4f0a02144d1f13dedd86289018ec44718d
e65ae5a,265,2,7ce34e701c9df643540c716a36d054db2438ac658249a6afbf657abe2c996b0c
d45a14a,265,3,e1df623b5558e770404c0706a449df5f7519a93b4c271bef81f764e6a08e7a8e
7e0f98e,265,4,d55ddf22f60625ab406b272f7310b2b46f935de1818d91d3be0c93068fe4034b
a556f77,265,2,dcc15873432f9a3ca187fb7dc433a495962384b4518360a1be2cdf63e78ee5a5
d656985,265,3,a01965959d526e3c6d9bc8c3b00114b00597badc2dc6c56f7266c217b0715e6d
9062d8c,265,4,fef20cc2755f30bcccf487940d13c921e6ebb6bf04be3a1afbaafeb3b3300acc
dbf00cf,265,2,f7907c9ab46d274d1de97d78876b14b0d37f376a2a3f23e50a8a937dbae39d77
b71d27f,265,3,0e76f80ac3bbdceae73ff684601c90ec942dbd7f5a3eb86403c5445378518fe4
a2c3b4e,265,4,33141d37a4ae867ad9219f350dad20273959a3500562fc97a333fb7a06314b6c
9140a3a,265,2,bb5e54ac6f96b0a06243262524014a4b8545cc78b9b62668c41de6515b05b64e
0c34cc0,265,3,4d7ed67ec32fba44046cec5d78bbfafc430bdd1b5a5efe2e837a84cb60e8208d
9acd11d,265,4,17c5bdb8c2b4a9ff5dfd8d73eca67ed3ec7545ab043446c6e7a049b53102db3d
5c66671,265,2,f4791dba42ba5ca84ec3d6262396ba182a08318a5b6a47b3856fa1f14e20642d
d7367ba,265,3,9fa3fd9aea453d4bbacb3bf60c2c917f2b2d14be0901cccb1e02910aef09e768
06673c8,265,4,be4e4dbded056532f0d52405428af38be8a177976027ac969a332a3eb5055a20
7c66fba,265,2,269fb22271664fb90c67fc5ea1df0a741178013988aba56ce96639f12d185185
aa4589f,266,3,6f4b0ffddeca5fb5586cf6451a159a000b11c5c45bfe2bcf076b5ddd7923d182
6bf2b8d,266,4,31d9abdd8dec4acd227cee1c6ab12279f3d803f397f130e8b0db7247edb0a7a3
8e9493f,266,2,25efe9502aea006b2fc1b21ca462f5ead244ed1fbbcba3cc8c30c7de4b0235b3
72d06e4,266,3,9318f1c648cad27e63044aff6d9b5f823757679cfdb6252f9ad4c51f26ac0455
bcedb66,266,4,c3e816abd871c0f31ac68e8a7e08f8824318a5ddc0377ceded28734a77f17ace
863da41,266,2,1105789e18eefccab988a26088d2abbe6c2670841e46a89958ac8fd4a3110fbc
20cdd57,266,3,ede5b597d9c7e7623b102ec6ebcf57e4315ddad63c488e399f63987655de9c3c
0785120,266,4,3510e88f297225e2ead0294383ff2dc100d42763407d1f9f01c8feb7d78139b5
f4f1df7,266,2,add2fb334225162ac52a6c3f8581e680354e6c3a326000a4c948c0936b3bb623
1c3ad49,266,3,b8ef0bbdf1ed4fcaab889279b3945ea54e4d27e65953e8c9f7b1c4bc124a1506
d55925e,266,4,3e6bcc6fd9cb3c9947cd72542c6736f5530d69768e0fcd4e89f02e8ad1ce96ae
d79dfff,266,2,a45a54649f91c0a5079536f4a464448ab875f51dc0a62ce4149b9e79185c89f9
6dc736a,266,3,361e45b411ec8159f800e175f62caf6e28a6addebf5fa3f8b16a986f4d545131
22d825e,266,4,053b5194fc70c5849ba78518485d5c844d44d5b1b1647e9da2be1eb0a348a797
6539b8d,266,2,466e28fb19d264f0d6c03fdbbe12ffd7896e10b3bef03fbc501239ebdd87d6e7
4c6248a,266,3,f49ffb426b70c781018aa17de37687021396bd0c4442044fbc29efb4b0cf2c96
18bc87c,266,4,8609cba70caf4c399fd1a2b3900339977dfd6a92eac09a61e60b5e01bfac0cbe
fee0693,266,2,5cb6418e8e4a89ecb05faecb98879b6a4058af32bbddf2571224e082e13094af
bf046f8,267,3,6f208dfbb478bcfb6a7c301ecaa98ce5bd2b71dda984b8bb81ae8e80b715a358
3868a3c,267,4,054da202150ab8e89f5f1f15a03f0b3c0b1e4fd120bc6fc002022fe99596f89f
3e2ab80,267,2,f13885256b8bfbe1dc6ea218be15d220a2455bf56574d92912cec4d1b5ac1851
562ca6d,267,3,5e9909d51697dd2c4fc100a8d6785cfa3b52c64ebd0ad7678ea79fb697efba76
e430494,267,4,fb6ed060460a0f79d66f8c0df1eddfb172f432dfa054a097a8a050f90142b38b
ebb75d5,267,2,ad5fc39b80dd1dd695e4151c02bf5679aa59b8e499dc213af523607fc970f74f
f26cf95,267,3,88630bca27d1dcc0b07057eb49937df4fa19370706152fa4fe4d6ee22144714f
8a66f36,267,4,cb2cae0b8adb694858eef9b6945908533a186b19c54f0d35582f23d623476207
461b4ab,267,2,c7d44243d7b0329827a744964390c651c8c54a5794fad832b530cef87adc79ff
d4147f2,267,3,1db5da4f45117d21c861b03d5fba5fad9875e004ba59cf216d38f4effb72dd16
fb9e259,267,4,20e7051e1668aa6514eaabcf517168e9f9580b783df75f54856e247dbd01e48b
4653b67,267,2,999265725dea6bca382249a24ac214797ef9d5b0a0541c53d8286a76686ef21b
a20e756,267,3,d43aa5cbf8bcc73a6af348fdaa05cb8722634ecd645a0c6a9a1f123302c6aadf
61d3a3a,267,4,5887411da9b154d9d65058fa0fe0f43cb38089c8bf042b13a21e199702d01579
b73d319,267,2,e9b8d5807ad849c8998757cb7d40f3d8a6976d7fe41eaf6c64cdcad283c05128
e402d72,267,3,d97290d81713f41ebbf04c3281a53126c5a53c5667ad8d3c8341130cfc5b0f27
0d92fb8,267,4,71df3f2ff37d5cb29a7955a9c28fd5683596aba1b6e7d7c33491734cfc88e2ba
d67d2c2,267,2,3748ac18faec8961801bf9f61afef6664aba758b1c985ce6d2c9d154b3d451d6
0613e60,268,3,0c4f3c5eae49f285dbeec86f960ea8ebf3e29571055accb36674e62982fdd8fa
43fc657,268,4,039ed6ccce47c1c838b81fb6bf74656d21b67c0c1a959684015a6081a34b62ca
bef1ed0,268,2,70719907ecb6850af379c87765b430d896c0ad1559d976229e636e4d1aa723eb
84468af,268,3,49afb2fe86ace8923d7665df649220848a99a973b3ba03475be2f81d05f5fd4b
906472f,268,4,890966f4e368f79748f7a4923f877b7fed5146fdea80d55cd9caeb308284f61d
6f38206,268,2,497d2925c1d4ef75517df9510aaec307f2d116e9857bb191e58e1ce726d94c91
ec10c42,268,3,50083eaebd8e97d31f63367a78f3c93116c3e887b82d448600ba8d16cb5d0028
a0d3aa1,268,4,caea7994d249e85c4361d471040d174a167b6429807f085095f5746a4645fef9
e32743b,268,2,c5e5f3323e62b4e90548e7eb77ff743ef6eae3803ac2758ac0ad82342622b454
96d1a1b,268,3,e2ea2bf680be2726b367ba0c543d946cc9e533629795a8e504ffe8bb1ce87518
183678c,268,4,c6ae527e7a00ab6cca1a288cc8be2859d27c8a1ad4acc49946a017d325da15da
7473c7f,268,2,0c82dd1709b08621883e977a29c2f5b018f8df5b8ab7f80d1fe30d9c84f7dbcb
3db22d6,268,3,6ce5fd38f46f513bbf6433037d28ca216afc910e0d6352da1d2f89ecb3befd05
a5bb8c7,268,4,98052ab383a43be97aa71e21b527fe3bfc0c6045bbff0221fc89a10e851cce33
2598037,268,2,03e26315681eddb1ed39d916ad7ff5ee311466172a6e6951b56ad352391bde75
da50585,268,3,95593cb32f3adde9574630d8d716b910aa798239909f1c8578bfd5b4d4d38aa3
c561760,268,4,ca69819681961b6fa117eb5492cd7880cee9ecc33cdaeadfa669f99ff421f374
91c6024,268,2,1af1be0e1637b6a727b024a3131376a7c8db1fa6fd54bcc4c5c51102c533f4da
ff25a21,269,3,ee6495a1a8ceb3f3607823c193ff647bcc0d217935170ebcffef2aac598f315f
97112c1,269,4,f72166f417f03b475bb5ac621c140325f2ff33d6dc099b6593b347158461627f
dca00b7,269,2,eab2c4b6f20408e788cdd708905d6bbea4598d9e16ebc7f01299b048e4fd47b2
82a43db,269,3,4e29cd6983d744db79f475b98d3bb92b3b80d74a093cd42389816411a8b73928
6657141,269,4,f886795ea881f983f9a6fa2392663191e0b758e9af6f0fa6961ee5fc50c2ec44
59fb41f,269,2,8ecf3afa14a2838dd99b7059e72b7b007f34812ac04c4f32b126933cdebcdf21
26fd6e8,269,3,669431655e57f0341e141d900b5f439e8919a41476d5feda1b23b8493acc4deb
ebf5671,269,4,23873e96d272528c3ad0df4a55b969fe299994f0e6c729a8ece8f30a816c5ec9
e85e20c,269,2,7f62288b97b3e48c87e1c0d19919a7da9deada2fd871fdf825c9c763f7dd6093
79bdc9f,269,3,f53ce7236c2c50a2d7a6e115e492b6f783d56566e21a1ed1f3c3d39f3266da67
34b120d,269,4,de5349e1373e77de06e414320f1c7aeefd6502d89030eefc58f04210a380e982
06d752e,269,2,330d7f6fd0191640f42fa8a09de1161a820c799d453dfc02ee839dc5afcd1ce9
3d34e69,269,3,555abaad64c3a5996a51297cfa7ae1dffbe724853d3961e71c79570d5031dd4d
eceead9,269,4,864ad9650cb03cb1f1a608e4a31ca86b1fe5d90a93b60df30cfc680eddcb0c34
3664812,269,2,bbf7ad3ea762d726753baa99e78ad3d05fd641aace5f1f2508f78b025b070ec9
acc0f9d,269,3,ce9855ed683edc9fed917098a6bcd4579bfa02f86b321873ce6540756f53185e
db1689b,269,4,47b433c767662ec24edff4e8b45337ef2377af5edf12c337f2bc8b5daa3de2d2
c342e55,269,2,db3739f472201245dcdec74bea2371dd892631354b87385ee02d119e4fcddeb0
235ca29,270,3,88e409657238eeafde586a71019eb334d6f7f2c944225c4c618d991892bd95f2
46bffef,270,4,d9cba3a4f2c726e0d8fc003072e27a4516f6c1ede4b5a86479a38f58507acf2c
e88bae9,270,2,268ac2b4dbbdccbfe6121b29a24caddaec76b51cd99f5497044c7d8b09a51849
25e14a4,270,3,bc88df6f54a84d82e77ffc930d35fe006ed8e16de7fc7110b185716bab1ff066
a644369,270,4,d1d6351429e12c8b889d1fcf6be13306bb3daed828e7e8faba8dcbd460a67a6d
6b29e4e,270,2,fd113a79b3f29968097c4e1dc37ae88d236d3209b8da9edee29976a7cabf3b29
1af7afc,270,3,10f0bd419d7d0280ceb58cb0e7c94821b5c1b016d98cd33041eb949c74ac9b55
9da2c13,270,4,d6f83c1b484f065e8f90b84939c35b89f17bb2fd110a13ff6d955695fbefb7e0
81c231f,270,2,f5e6890290e8b7687e84db26cd436a1ac915d0ce6216ff663d47f21086ebb27a
88c5fdb,270,3,576a7681da242c9f95984e4fe6425c279a3d5fa1a56cfa8ab127c824607eba08
efd13e6,270,4,113a641b0e138e0922069354423c52163f26782c7197904e2b3bbe9ee6c2fe83
dd03d5e,270,2,06cd528038e7e08beb297374c45bffbc863ba77148fa69c03ab3eedbdd6f969c
b8cc468,270,3,993b3e1fa9f54363a8d898348f6cf6888eafd5a0d6054d779f0461c644bf4251
6f51437,270,4,4abad1ac2ebc6d3e341aa43ec629f3a7a607fb8e6833855baced58d696e98626
077eeea,270,2,b9ece35c1306e2ef6ec932968c0f3dd4b8bfb0f1c123ca9f6eb567ac06f78cd6
7f1ca89,270,3,d1e7c2f613abf73209a017fce1d7fe882de03fcd17fd3d7eb28a24e415061fd6
7a20045,270,4,acadd8e21be3847029dd4de40ed0491c7a87738622559f6e9d1b876002a287b6
8049c2f,270,2,b454218d537dfa8bef5c0ba246f145377120667e6878d5db1ffd7802fea2952b
9457870,271,3,279ec21481808f9068b23a4a30d246af845051ec02281482de50449474c7f4f2
107c77b,271,4,31632ad3432c18fcc0f9e7abb9498d2ae2f6f5cac1e14ab91b88092b898c108c
007db64,271,2,48d52063cc914e2b7a09915b956aed7a476c84deddc12fc01909df6e1f364f02
3cd6a2d,271,3,ec28de1c154580833817b223990f09a41869ac142a14e04d79b8770817a445aa
5071ba9,271,4,4c2d9e4f0882805cea96394f47765b5ea3ee8d4f116e0b22b92ee6084dfd19a7
d56cdfa,271,2,847574fad0226984257f95f7639f1cc7b2d6949c8e16dd45528699c37d3416f8
8166d77,271,3,80c3781eae68146f74240124c97b7832cca1231e313f7fc00bd8378ee3debf2d
94cf58f,271,4,b83f3f3843b71aa7d126590f0b9176c8a1881112305994b8b54af387f144c616
da8033f,271,2,82cb3cff1f140c00d168280a3d70cf50b4de656666f6fa3178338636540328eb
75a6339,271,3,e06245539b1c04a36a79cb1f436d173a1a41e9f30bc0e599e5deb8880a29a23c
2dab24c,271,4,71af80131e7380f54ef8fe6801033742475ad5658609aee205bcd623a7018ff3
e06815a,271,2,e6016a37c456fe86889fd74c1689a011a407b2b23a46c18073d91c4dd8de282a
962163b,271,3,a9603937814ef7d093bf95c14b2bc58e5a62e57e0003a060273c01bbca3fce23
ab7926e,271,4,476f6af67054af04885baf4599e18099e9924abb4b51f05634a7c938bb1ee0e8
d0fdfd2,271,2,a48bcb66099706b9ee6d32d0a0a0a160e94637f674eea5a6372b3a62f9bebb6a
d5f2964,271,3,b93618390299713c3da03cf35c08d0193f8ff2cedc6ee809c02ab171209a8b6d
d2cbf09,271,4,6e49453455d4d06e93f7f83318c49ac34785281c33338a9f82d8e10cd935b9d3
1cebc9e,271,2,2c31c45489ffbffe2e01c7af91967c29c6d2d1355019dddb73a9a6c45b491889
f08cc3e,272,3,7a6784e6abd4047cd476646798ac7bedd97640582494d0ab548bbb4ecfc8d195
3194f6f,272,4,6fe54874b5764641d3cb5b1c65ca25bcc8c33a19d566800326aead7aa71b6489
2208f3d,272,2,72c3a4b504e455e0decbaeedb8b62e1c94fd97ec8f65b81f6270840dc03f262f
704009b,272,3,43484b735f3dc2fc05a3cf9500d3fdb2d8abfccb4a141b0f3936f921fb28a8ed
f02ce6a,272,4,a1c8138992318cfb76d7e375e88d5396e63d7151d5cabf8f91c5046bfd2d5445
b9a006f,272,2,76245bede4c897c9d4ea67e14625428551e651ded40f223837f992a805b8f530
f58b8fd,272,3,a075c8d7d8de78d4da83e25c9a6e0eb16783e18a884a70c2ec4f4462a1837acc
8df4b84,272,4,d53195c0c5ab56c5d0427b7c15d7d6aa655ed0699da9624392811e1b2201f17e
b574b32,272,2,8d20a700c19ca988d21a1e46e8d3d736ff941b0f21e08d825f2b946617e2bb52
621d3f0,272,3,48e8f7ff45840dc00b5ee3f67e95facd397252f0f0f964df2a488bd4a92bcc42
9921ad6,272,4,a1a768bed4116dfd672b46f4908c71acb034525426d51aa339a4d57f14eaba77
9f16331,272,2,e031c8547ab2c9568b2c187a899f0b03036b2ba518497ac7560b3622af1a5cf3
f29d95b,272,3,0e3fda3b355fbf967d9091a9c72827aabccbf85d549f4538bdb66a2be9b1e7d6
6a33f83,272,4,6f17bd8bd955020daafb0541c6899a577ab969501dad303a2e2c4b8eeea517de
e62c876,272,2,0f05c4ed3d00ffc14174c65246848d710e22f449af137c957cfc5cfbf292799c
e04cf83,272,3,4f645e8972bdb148f6674da73007def7194c930fd138ebf68d7b97b9205703df
e666cd6,272,4,9cd05415a21cf32e46e96e7a6d9abe79eb1640910ceb7bf5cc95299b9e13d654
9d04ae1,272,2,42780a58e81d34443fcb9236d4c5b5c1a92651106eefeacfc9b883455a26bec6
81e4082,273,3,624bfec7203052204c256eb572708002b253f401b33f33fa6aec8d9d922c9728
01ec1a3,273,4,3bef7f645fb1cab23f4f32efc4dc60d984a8454bb262e266c09bed4a3ddd2c28
7c47fed,273,2,606d71748689e92538be644cfc6c9440c6f7c5c1c5d56f047fa627a83697b544
bbecc99,273,3,2d473c1b0b4524868ec4c7f31e342cabf75502ad8dc9c966c63d7b1a09d13515
1741756,273,4,2ea3681ca1c2a26d8663c53d38590077f1110a142c1fb9762ba7b9a93dbfd282
fe36a9d,273,2,a66e02992e55d5bf8ffe36a9ba62b92bd86d87747b48fca52e8bb7cbd4f47bf5
e498c83,273,3,9c3e040c8ef4d5533250ab2f3b9cfc03373ca6ec3760f1500c44dd7965a803e1
ba2d03b,273,4,da4e74378ae422e7fb9877a96840abf4eb0a8d8e7c599acb4afc72aecd04dd97
34c5bdc,273,2,6406418a5e6abd630cb14d7ee76da995a63297de7174d9ea3c09de19e80e7801
22564a5,273,3,56de87b47fb9a21012d337675601382ccaeb18fe8b8ec6063dfb1d791fb65310
710b137,273,4,43fe245497f72751556ae00a141fde56ad1d6901cdddcf944a4f762ef86329c5
c1e1f15,273,2,593777c2065037bd0ff46e2b1b6722c16309dd26435fb2e8a77ab5731e015f38
ac7467b,273,3,86e8e921c3f57e2695e73f09376ac0df38ccfddede56354af5848818fdb3c2fa
65b5d44,273,4,e0d363329c320e5c847c1509c7cb7dfacf40f05f9afbbc6ff70fa9c213a052b2
3107452,273,2,73ffa52d790a39ae9323bb90b6e5ed0a109c8c52f47a2b0488d88be10ae02814
b9c57fb,273,3,20fae13d6f7b0443dd7f44d0f9e4afd445bd011eb3a57c964553a9a603614364
8fecc8c,273,4,ba3c01067702ca5a7d6417e1d7f532e3db775000bc17013ec556c4f34329c074
15da71c,273,2,584a5cf2bd3e7ba870bd502e9d3f269e8baddd3d272ca1441a0b6a8c79662cca
f4f6bf2,274,3,d193e0e045897da45ec7e89de2973dc73bb39e37bee03a019b98023f1ac8d01a
e1f6e33,274,4,6df235013d71d629e2bc7da2749b9820615ccd45048b22378be76cdc8060cc47
ba8c337,274,2,72dac692d29f63112b1d4b6bf5b5682dbce6837f076c504ac399d0c8543aa083
c0ada9f,274,3,83ed8ac6d4e827cb02d2faafc9c9311ed22435612d1d91c1ea84fd3de1b97f97
6ef257d,274,4,df29d7b4daf54be502ac0fa6325cf6fa3fe7688f993595ab2cb17a25761eaf38
90643c9,274,2,75418ecd66ca447da11ee1b0a3d622e089bf25e896c811e7684ae78d5da3dcc9
e3e1455,274,3,685adf25d283bfc6c78d8b68fd7eb18aed49d72586fb2f5602f5d11a908b3a91
bbc0087,274,4,65fb7039ca703b2993fce6ab95d83279ae8cc426ab349e0b8b7ba4ec57e3d9d2
498d8cc,274,2,af2c09e6392f347545e6be5c71af0a2d3f85a973bc58865ca28f92a9afccf7ab
768dd33,274,3,cb0794f75ecb68bc8fc5011e3fc437bdcf057c6bf4f15e96c178a321c061ce6d
95285d8,274,4,1ce9c64e0cf6830a8911a0093181d8c09be31acaa9ff44146ed2aa380414fa2f
fcc6203,274,2,89fd764c080487a148a580932cf6ec8ebc5585f5c2c85b773d4c5827226cb298
2280d47,274,3,4e3b8bd4fa7c51955fc5ab52451b1845221f9140939332976d8f4771f099fa7b
7d11870,274,4,1e77871c57e97232d3d46f1ea79c9d2491593e16cc011280320518a286467fe4
e11ee45,274,2,250d384028fcb8674ae986c1d6384b37b585ab114447faec07fef15f09f6c7f2
fd6d95a,274,3,397fe0a8d10aac1378c2a13479785552d7f473cd54f34e5d196c2dd7fd8aadea
595fec4,274,4,a3213c4d4a7eff6ff3a0517e31beb2c12aa4dd7b1f0bdd9a9b4febf0a0ec25a5
85cd3d9,274,2,377e9ef9e6e89ee5019080d2bd117788f89c55da3799ef1e6a0e6817ce3f0025
3157b9b,275,3,c9d50a9b332e9e8c9a32428bf3864d4e34e647b903e2af433144ea982f4cdf3d
4145491,275,4,edec10f67679c370e0e17691c7830904a8f0f2b4d8c582fe5a9fb85abf9a84f7
528fde0,275,2,42fc6b04a1206776c32ad504bf34e576d75079fde5e7d61040fa24abdf61109a
cf3b381,275,3,49874ca1ca7b82ae811252b6a6fd46c2f2fcaf506adccf12ce4412f82c25454c
539508c,275,4,be3deebf6cb1375cf2b4ab4457c9df0cf3ee1c657585da787d7bef75f0fcdecd
1cdccc2,275,2,60b767170420ffc167d14434fb3251791f2456fd5f1a92f3123167d6540bc9a6
3993eb1,275,3,f85647a39228d4d6acc896620b854e7462b3a0e8c5d5ae8a934bc06ea9190002
41d957f,275,4,ffc26411a9768c36b270a2bacc65ff4e98d50d6da0acce7a3c4427956e7d245e
ca20238,275,2,a2e45c68b1386daad56b5821613cb0caad5b2dfa5bef1d64079e4eb118cb0a75
d46aa2a,275,3,a20ddf7f0d8266a5fa9e3c2e120a3ce694a6e93bf3050aa3a69ce0a83a5ecd9d
403b7f6,275,4,104a0ef0da48e5768667c0ff5f8304152b3bade734c6b62884b78b8d550f997c
e523f16,275,2,beb0a289fa1304e9bbded158a90e46f49fd1618fcd598d492b33e8cf4cb7a134
08207e4,275,3,9fe7a98d0c72c9d5b3da21ed48f5546d6a08fbe82f823e26367093db8ea6d460
3aea134,275,4,a70fccebd3da88fbced8e35c9c348b23bec3db15c94e02ad72745a2897c143dc
482ef5c,275,2,26b8764f3d2fdfe296c8e934ca0a5fe00c18582558c1bdb1009a7ba3d941b7a6
8d8ac7f,275,3,7c1702e55ad619a40bb44a5b7f59c5cb2d26eba67fdef5adc264682f0a724aa9
1872f71,275,4,c92f5004511479676abb256580f0b37750f1a622953da1c67ba31fc59e1dba90
51f5a92,275,2,5d54299b9bd1779b366f3a61942bffacf3507ab9c7252c2a52efd419ba3ba857
7ea5cd7,276,3,dc7ddbf5aef24ee7df50affbae68a15ffb16b99a8c9e731ddb4eb6064e11fe0e
b5608ce,276,4,0611d044a183f34f37d81f5186f2ff8a76361d0782d621819fee407b23647dde
de54c1e,276,2,c65e428b2ed82741ab35d197ba07d088dc8d1b4e20435cafc97f180ccf31d476
15a4102,276,3,8d7e356bb3f7a6ff0c47c7e258f58fd26c35704f94d24ce245f997cf5b005e24
601be40,276,4,f667ad92060e210f0489ef989d8357ce68ca88e1a24e0250001e100ead5924ec
19df6c7,276,2,4766b5eaea7db2d41d2c22ebf857968e1f7cf57193c779e4bc5d9308b09e23fc
58ca596,276,3,17642706fc11b317ab19f8b156f6ab75708dac54feb450ddaf13f9580825bda9
af4b7f5,276,4,cab8971fa6124fd13aab5ce60a4e17b7be0b68a674c7d9e4f37dbc0e939b4a93
bef41bf,276,2,4421cf2da37eaa5c6683bb318f4898ec637cb543f0bedb76481219e120a8da4c
4078d46,276,3,bb22a7c81c698f21f048937bd606932a4917c8cf9a8c16f27465cef9dd8e239b
73599a7,276,4,b3e28726db95808b889156a6a172df9a841284bd8e78da4bc05b340dc08abbc4
17031a2,276,2,839411b81fc21fdd9346d2381e7dbbabee7628b0441a056d7fdd677624d85e9c
7813ea7,276,3,42a43b5b4748f991790b0869d8f7b673bef3f58feb6a986b7a6c2cc2d61f9b38
a4c252e,276,4,e4d2891deac6f571bc1597865f9df80447a12da49d6fbde7edb8d9001013ac8c
d393d4b,276,2,f9fc03c451087b2e4af982fe9b18a8b63ea44e698f9ec38b7d06152588374244
2e3312c,276,3,c3830d088f16805e872bfb0ba7b2f4515afd8a9d5c13f0fab2b217ed92e17725
101ff6a,276,4,298df7c270bf33df4edff2633f20666a217e81dd76523514483e8dcb1919d3da
6747056,276,2,cc2155b3b491384471e267299d80a5a6a825c47c1dd66d4153799f62b068aeb6
bd6185f,277,3,33334575c83107070dc7888b70fb36cb0664fb555be8434725f16d1aee339027
53b8c98,277,4,ca275675e1fed9a23fd06ec17a9be02355a707d6e923f3340f139daa27d537de
2fd6657,277,2,47b56bcdd3476769be18cab17beeffb61c27fd2a19894b9a07a1b1bdc680e9f4
7494af5,277,3,b986948aeed7ae8f90f6a4959838dabb28bd50ee5d0c0a165de92af1662cb453
67b0ded,277,4,0388b861b98feb1fa1d7dc7224182204d4d69bcf922b84ff2364e26694df0599
17e47df,277,2,df85c694405c95abb8c9b90717d7da5e8d92c9ec581cf472b2e8bd6cd87739df
7edd874,277,3,cc563070274516727b607d36337ac0203512713a9b80e2752fbf2eba81a67823
a65cf4d,277,4,036e163aa90af4cab427c65210563f35569fda429a8426b94dea7815a58edfef
96a93ed,277,2,76fdd897f3abc6c6bf3dca254d52cec463ab6206daf2c9d2e2036e1256f4ab2b
2c45808,277,3,90e84bfc669d515907e7051f21c9fdb068efff50a1b2747cf30f140aed7658fa
4094224,277,4,be876c1c1886cd67c4b7d4a127761cbfb147a64cba26a66d371556cfbb16cacb
862b7d7,277,2,c159e22460706fe794fa9a01781815dd80d8b16aa1032b001b9ad90ab2232833
eb7bd34,277,3,56783f7beddd6be471f7cc0c485202a1a6476e64797fd85809a91768a9d40465
eac6509,277,4,a06e0de70df0328f914afba0b9ae8f9380c5b8d049ac04919537b70326870d8a
5c3d868,277,2,4fef2d5a482baeafb5622c0d323d242672815ef643c1992bab3d811215b75bd7
fcf223a,277,3,136fdfb4fe9d6498e3b5c6bd50364c8df6096c73932100a45a625242d0613bea
71845df,277,4,f223482a745caaaa26c064dd0cf8a92cbcb659dd0a543e960dda06c8cd52a024
1af678f,277,2,cc532d3b766b87c0e00ab20147d9935118d17f64bb5cee01cffaa6c83e58cc56
ffb595e,278,3,d002b2d431b54afd27d12a0660cbf9d58e02ff64502b3d608001308f04034ba8
559611b,278,4,70460e14c10f6beb44cd2d079ee602bc692df8b355f2d254a73ba14e01f60196
18df808,278,2,3c67eff3d4a17167783656bfa1018599ea802c87b93ee0ff05e336c4acb16883
f9989ca,278,3,13ebf5c4b39d14da9e21ed73585a77979f467afa46293c3f4c35e7ed17bf770d
75221d7,278,4,3597e90ec9823de73aad553ec62c9949af8169feb924ddcfafb07198a1c84e95
a9c51ed,278,2,f9ef55f18ef0d4cbb06de051bc174c2049b45aebbabed43a41b15c9d104ffbbd
91273c3,278,3,c69e51b3efcebeb7edec3569edc2e064e779b8a84bb70296094954e354356b2d
de9b166,278,4,949f5b687bc37264803281b38f98080a4db30fd15e4ff116cdf04b28ffb827b6
3bd08c8,278,2,f08ba4f2b08f3a85d850b4e5bb7ed369d38a880aa59f553dc4e7b1b5f34d86f1
dfcaa20,278,3,54be4cd58ef652b24e9eb8f20bd993fc3cd62e985b3db2d519be65d8918f1d60
68ea765,278,4,04e8d15de77211cd505535afee55c505fb45602607ae05f103f71ef275f2571d
491120f,278,2,da7f51f0102356c2f85e778ddd823add395f5f613a5405dcad1f961cbbf2311b
c5f6c71,278,3,f7cf72685fe49eb53343d0490b0614809b98c658523b429317711a273c657cd0
1ee7cb0,278,4,699f45ed6a0c34e0abd0e829b7a4139a3b034b0561b37e957ecc7ba7330f7178
0bf03a7,278,2,069060d3e197ee64ffb67823e073ccebf047a4682c0869759dc17c5b07e9e58e
a4843bc,278,3,6a0119952af91fc30b9cc23c1bcd82103d36ce19b27d175d0b113060dd8c836a
663ab69,278,4,0631f903782757cae5cd5b7ee4013ba182f44f95f14bb06e3b816868ed7b3b2d
eb1d4a6,278,2,75a413b2a82ea8995fc3f0b0f95753bf88707e6b61b3b3609097ecc7294642c4
331e7e8,279,3,2739df0500561a90e3fe7ee05f3621eacbbb817505ab46beadc5968bbfecc07f
9c64a04,279,4,b55a08a64d0d5dacab3db7666790e8bc49133e605c71d606fcb7eb8d05cbee38
44a5724,279,2,0fdf8c633a5c2e77c1429f7fe17e44b56ad4d5ba97c93f5829b27662aafbe975
be7a989,279,3,34e704e059ad6177732ef7408ad5bb49855fedce67158f6dbcf1a1ab5dc29152
47812b1,279,4,1d05faf2ec00f4cf7fe0a25af3c8fc6f752f7a749751fd02e62001eaade56213
cca24a0,279,2,9ba50f984919738d40c64bcfaec55e9b48b0035f23cad953b6076127c1f49c21
67e5706,279,3,76df834b30b5533fe877c2b1ffb2a437d706b5038a19da20a959e70c66c57695
ab866a6,279,4,b748a62b1b303d89c9292e49117afab9b0eb8c1a36d04de2a361dfc9c94ac2de
fc156e4,279,2,373c29c1677a490e9e64cbe15f6849b422eaee05fb75d68a4addca22f1ae55c3
9b2d95f,279,3,2212f7ecfb5846fdb2ca787e850b69f958c2823d049262773804e94f944fdc8d
9cc61ec,279,4,4ce44ff43e6fc3b21a8d414600c187e5535d5970aa6507a62181a4ad66ee7918
a1439be,279,2,366caeefa886b2398c5f3096242d9bea95e3c057acfb889cf8f669102799b12c
1210874,279,3,a93c3b2594cefdeaf6f6f78c291e15614bafc8935c78e4ba1b4aab7863c26701
1900da1,279,4,ac79e03a0001bad0d7ba3b7174f16bf444a6fc3e14e73ea5422e3dd6af775987
14b1d67,279,2,7aeefbac94ed8d71da63ef80057647af65f91465feae9800037d815077742fad
ae4bf83,279,3,84957eaeb2fbca58fb44553a5eb1fd7cb98fb8809784d956457a909fcaf19cec
8323832,279,4,50f5f3c65f21e8ba7e0456b8af82c7d60130538aa526ddb6d416faa0b44ab6ec
cfa72bf,279,2,24c12b5e305f066615b625e9b408b0383d5ae919ae34301bb7447273b57ce831
fa94664,280,3,a435cb7cbc4a9ffbdc4ad30557b932969cd3d263a428c4706081a410c238f46e
50a970f,280,4,72452c242d7b3a60e897519eaa93a45fa88e0b9b4f7794b8ba8f602e7b006b5a
de5e023,280,2,bc01ebe81276f5400acfb66fce4986d50361fc03044ff9f25d4d15c61ce93f00
2edae7a,280,3,d4fc5f4cc7a32a0da1e65d744934cf60c08b8e337e1f25c543e3ec39ea15eb55
811c907,280,4,ee410e182e6a143c1139e64571f32d729cf755baa608e463196174c2f8b1ae43
2aeff1e,280,2,1e048f856cc7edcb1b9ee1b4a3d8feeb55ed0a36227a8cfbee892bbc8b7a454b
52de683,280,3,6f463f59722992f481dac591714e8986b60b7a83c087de9324f267de1de746a8
5d09d49,280,4,fb86e3f67cbed7d17ef18e8d70392f606a2a8985eb3c746797269c168843eb11
89db6cc,280,2,cb7710dd35e775335e5d8f91cd445f7476650f04da0f1a67ad0a4e3e0155b768
1a28c7f,280,3,dbe41bcd32c6cfb90f2b15bd3cf16798f663aef68eea2bce766856f88e8e09e9
36eaa58,280,4,f9d30e3eb323e6bbc7f1796a4663fdc2e026ffe631e79bf61a173d31c0e8bf41
def86fc,280,2,f26e1c36b45b2cf5929037a336267cda50d32a2bd9684558f0b8e024d1f0a033
1fc5bd7,280,3,cbc13d3fe9e9f3634161a17593b57f35a975b0e08576aa1ac68c2de0b6105c89
8ec3d6f,280,4,19f747424cf64f703a9eab64ddda42918793c0bcd2975719dbeb049b7bdc9a1c
f810a4f,280,2,95e7b537993eb89ecd768d15094d7e4d54c7907c7f4c6086e879f37e197b5df7
b4945b9,280,3,b950ebcf6328266c8de62bcf341db3d2488cb63331763efe51730b433a7d7ef6
10d4feb,280,4,18db8bfe0252715a41c40c84f57a75c60387955ae2ad145b8dd339bb2ec8184a
a5e7068,280,2,2adbc42cda6388a535b6ddff37eddb255903a77ee2dbe94d0ee2c6358b578552
290970a,281,3,7de84dedc380fa1fd08cd7ead530fb63e9aa58ae4f93441b9ff90f8ad3e77945
39a6d61,281,4,b5097f90bf4a3532f81d4c0dac540568dfb0c47885e2c408135347fe2c3ca0d3
9292e8f,281,2,47560e66435aa69fa06050d254c6259b6814b82826802a9e13e9cc474e8b216e
df999d9,281,3,1b6e91ba3dd0120f197e17939efd3f3b85be78f6ac1f9608be7869db4b6dc469
8188cea,281,4,6cf6b5ed45643f823a9a7b7305fe8e771b299b0dbbae9da4e30f3a50e466eb60
9629fff,281,2,cfa81b599f6ef33caae560d9bcb639eea241858fe81662d0575401384dc120be
944301c,281,3,356352ec296125fcf91faae2366285177ce0cb2e4117d6f52af0b8145c5f65f7
b11b1af,281,4,2c62e397a96d504d116bf872eea7d1f77f102512e5d0abdf67401875a21d0211
9706cf0,281,2,488315e952e9f047dc699549df03cfdf635072c7a5f365d5c87a1a93fb87e45e
cf741b4,281,3,1f57631e70268e5a642a30e8c5642d8a6a2a489d6fa53c50f36cd0fee446fdd2
8951a7f,281,4,64597461d2f6192f2682a42b3597c160c1f0ce7de142a7a80e895e4653b06e77
4ab52d8,281,2,4f7753d2d033cb2aed1cedb8a889247abc31db32e02be03c46dca13bd43e2c80
163ac0f,281,3,f25452cc26cd6be96046f7e97aa7fefb0f36915a4560b79475988e442ef9afc0
5688842,281,4,709e651fc43ea5e5000a4033fd22d8dc7cfcb52991f104e4904f8a22ed8bf9f0
e27d6ff,281,2,189cb543b5ee556c769490f144c1122c1d24a7816dd9faa6e00e4a857a252fc3
5de8d76,281,3,4adddbe7152679364f2463f0bee6b8ca48fa34fe29b756dbf5eb711f05d61d7c
0f3483e,281,4,701bf97a4d2b9ad20a24ecdf076fff544a85a9d6abbfb76bb41cd4b10a63065c
6dd916e,281,2,b61268af1c2c7e262ececfe722e78ffb029a554260e2197cc2eb0a61e164c89b
1d14fc4,282,3,86f8a4b5c14e0ff6711f147f3519636e3d7367222d24ab7bb61107fead35a2b1
e57f0b9,282,4,b69a9114591616f4921b87bd57b01839db701fd8589fdf90c6d67e300d2cdcbc
73aa6a7,282,2,96d26ac2a10d6e6ce272eb956d3ee7b1e553b4ecc6f02502b714c8c8fa582134
92728de,282,3,c5fef0af6364d70c33297e9a622a4e2fb655292a52f8ceaf7e173e31ca8dec0f
75b5154,282,4,a7a6dcbcc664cc07c6ddc5c658af523a2ca1993874a96586c3db61be31f02d9a
8b57e29,282,2,da47e331a41dcf4b8cfeb5a0e5e32d3da183e786129e0b74285e7836d740c46b
5cc9f66,282,3,c28c0c95182dfbc805bfc31d299c4966e1d2127f9ef07786d8b8f6fd3337341f
fef8172,282,4,bffc5742499c9c5bdb45ec6d9a831e5b40f5ec9b045d35612daab712d1d5e5b2
6f8372d,282,2,06c54605bef095c786cb51b2c2bef4bdc7ccdb0861779cbbe59768a0a7f4e3f8
d1cf792,282,3,3c14ea2174d4180808281576a9738a725819376ee35807adba492b47a95e1b5d
7f9b49f,282,4,1dc731f3197c5eda1d9d3260d18148ecc78583f0eb811f533b5eac5266fbef5a
82853da,282,2,cb256c827c60c2e8daa9417699c65b431655f3020e9227c316f4b3ab2d5b524b
8ba2d9d,282,3,3f238fc955ffed04f3e701fff6d998a0edcd9c6155e429eceb020637231262b8
2fefa3b,282,4,a5b56238b6a981062b4de9070507e51beec2284ef81f39f42c8695e22b09d575
15de5b1,282,2,327d30009e7f98fbf14bac314ac8f2c14690512c5ae36bc0931f682f5192f431
9b20905,282,3,00f89d5f7d1f95ae2e4533325b6ee68110ca4266e27ed98e560c8c5ee1e6640b
c6490ff,282,4,b05cb1240a094f1e544cc1f4d904c280cee16164f7c14893e41fde3debf396aa
614d33a,282,2,cab4a58c7197e9c1e889cf981ea3cd2618024e2835900ee7d01f99f753845e83
1d587b8,283,3,27288c9fc25b80ea82c0bd04c3fb46adfcfd2ab29508c775c0fce94f04002ee2
c7f9f5e,283,4,d6188e0caf3bffa26b0ea91c9d7be6b3de03e4e6380373de65c9b3087d15a4bb
60d538c,283,2,4018f97f2ef767b96c870e32e7a747c8cd03ca0295cff16f3330eec0459a5d3d
98e40a0,283,3,a902b4f7f610a85049f3bb28e9aa839dad7528cda9326ddb021accd9cc8f94d6
d8f9c47,283,4,2b79b3ce125fe3c92b0fc9b16a07e3d5a51ac29921dda73268371f714a5fc63a
abeef31,283,2,b63423272595d3e20c0f7bd330613b4563912aedeace4164d76817ef656b4c5a
00daaa2,283,3,f8e6d429cc224fc91a42ea5b8929c505591c2d2aacb847a1ee5d0acddcced6b4
9647eef,283,4,89941c12b4458372b67f9f8ca2e8a6ce76e96d1cd5f87ccc6a5d7102c9fb1e1f
2012c2f,283,2,cd22fc7083022ae5e60d1a99c5d168e74a96b6278edd876445f30b50aac538b2
05c94e5,283,3,eff6390206f103043964d8190f9026ed35f8397160b348e96e09e27bcb9cffb4
160bab7,283,4,6338986af571aa806907fd305f127089cedcbd8843638fc12c47469b5d43e5a6
8057932,283,2,c3ee1cd94a11f60a22be7732308d91f2e408f8939eeb66764192a52b5a0eb57f
7ecef29,283,3,2b600bb87fdc143f3484ccac2acedd285e23b8d50de16c2d598215a3b0db2b34
a948dbe,283,4,c587bda508d251615108664f185f163c9e50e0a6316ae054e9a4750c94e1f3af
39e422c,283,2,acc20016daffdef2d0170f894f0061e023da20ab1f17b715a10012b1fcf10fd6
d7e7480,283,3,db48c8b0c0bdf965007b47bd2d29a0ae85aea11c0ffca1c0d670917c286f5159
2676d1f,283,4,73f9036697bf88b2a26a623e32233301849d7bbffb7b5320b995c3c5490d605c
0c5e863,283,2,5ae02dc1dfb0b324d20ca9d90748ab8173c33eafe76bbfa709a1a7942c5a6a20
34622c1,284,3,8f504f7c206ca9b0816f578754230e1f460501dd20dd2ffe422ffa3435dafca3
a82df4d,284,4,58a87dd8086e9675764a48fd95c42d32e31951426065bba0cd4f385acb867cfb
ac698da,284,2,ed1ecce081a37ee8bbe99cc119e8320f7752c7702f5bf385096fa2ab5ff0ca63
f273998,284,3,8dfffc7797614d46d529ca7a93140ef7c2f3b6e470e2339b733ce60bc97cb442
cb9a225,284,4,9cb044add9b6e4f43fb704c9665b9213f99d1abbb3dd4cbf3c8ec473b1b83440
e0c11f4,284,2,178166d93ae0b8f269a9e421048059d08bbb86ebaa5f5657cff5082aa0e99e68
2b9dc98,284,3,6f013cb643e83fda0c3722e0aa291abbf8ad9ea54746964ac813e4fbaac4def7
59901f2,284,4,c6bff89de9ddd5099f34107e6f6a3875c8c7ae0690fbd10fe789ca3192abc784
af642c8,284,2,9001f3bb6c2dc2254f5c94abf34da35169692ca0a7d1be26883d3d50cc88c14a
e7418e4,284,3,99f49e86fc5675ebea9b4a8d11a8068e56d1be6416893f6103b5343c1e6838a7
127b51e,284,4,3f202f3c214e72794bafb79dd7003436c07b7d9bd03248ca7dac10b378aa7e37
64bc610,284,2,d6483ff40250bb274e2c6bd68d76c355f0cbb100cd62760ab3099a7cdd46d32b
9504a2b,284,3,4b44c89620522a74cab4cf05b158cd303a2f7d580d9d511d12ebbb246d86ace7
82b2ffc,284,4,0c81298eeaec45b235ee5be2c28b1954d5318958ae38314d93ec58b14af7cb62
32d6a9c,284,2,00b623c8447018f51d6ace61d2f673d364c1959a279b95d518fd91d1dfe831f4
9d733ea,284,3,3db22f2efb04f021debad31d1121e8c720399b199fe45370067ad834ebb33acf
56ecb8f,284,4,fd81aa6361849c961f13fb295bece6d35b99c88fe495a73c36318fc3ee02a210
d5e9a58,284,2,53aefe52c9c1224c2aa14b963b79551052d6fd6c25a4f656b55d00313ba03160
231b95b,285,3,250aeb6459b31bf63109d5adc541163c793975eaafb4b90b7473c4141a641d76
821cbea,285,4,c4f2e6915a93328d82e6a015271a3cc0fc1b3c7bc237df03291226c3bd7c5eae
8c1c38a,285,2,0aaba7873d46db7a53de6995095c1a48cf3583abdef6a89d4fe699077a6dc86c
cf0e733,285,3,23ce6480316d45089440633f34761def854a6df1d286b2a7856add80c237e0ac
bbdf689,285,4,cf0458998b87824c11a9cb55c9736f1e47a5486724bb4a2121e697e5515c2093
d598a49,285,2,67172a6fc2cf46f9f184229a3093f021a71cb4cb469d3a4b95069f3cb57f1d74
2feed4e,285,3,4857375d2d0a2e9f3fd9bac6486c6e83f5ed9c89b3cb4b98affc4af6247c868f
48679e4,285,4,0ee61367bc0fd5ac03dfc86fc12e0df3a29dc850b6d180c7318b02e1301eba96
e7f5218,285,2,77a054dc3eda04e174ffffe6b460c9b08dcec6bb06af8990fbf15bd610b879ae
7d1829d,285,3,d4c432db9afbe13bb6b9ef63ea8d74c9ab5b4d48a2d4c6aaa80a0a527804a5b8
2fd642e,285,4,6828440c2af4afd179e13c95a190bd4e51b947dacd5ebf320f28e2605d71169b
f43f4f1,285,2,f050eae716acbb06fe2723cd1773852d1d81b39b6c97c33b3f4b65725fe08470
ea7d77b,285,3,a11b069c4da9d7a0e3e2953901478e3221d9c7659fad96af12d27626166f8f44
c291598,285,4,8eb1043c766e7889292c02a68d8ef705020a9163f38829f2009d9b3ca47ec5d7
5760f67,285,2,306a5a0607709ee5cd65c221588630b798222b17ff82c8e8bca73add1a99fba7
46eaa8b,285,3,a87dd56507dbbf36f8bd2d603f88d956067c1fe34e46b1f0b68b562e3a328000
9040045,285,4,ebd91fdeade2f69af807057bc0104a8d6857a0f11ce61bc58402efdfe3987b5d
d4407cd,285,2,23ebb72570e6ea1f6a72c12fd5aa404e0ac4897a3046fdde4f31dff8476b75ae
70ae3fd,286,3,811841dfef46a2785c125f3ee7bc1a0149da8f77771ce638452fdd1ff392edfb
4649053,286,4,006a3913a97da930b4672ebd0cbe6a09362245981396343856390f3aa951c8c6
97ba927,286,2,2d315aec31442c2f82b47e8f6ca878f681ac4b7d844078c5a46c56c111e96f62
3b5ac80,286,3,2d886e523846d84d655d959ece4b098435d4ada86bcf596130577321590e062d
65a47e3,286,4,50fd943da70363b6603bf98068e3f418dab8d478133e9f63818dc5fdb2613e59
246057b,286,2,a0e2e92e7f82c05ff41025cba237bea308c077c849faf3bce6d99f3969437bc2
e348947,286,3,384effea5dc95ffdc12d092b9f1db937747e6987f44cedc94bbd3d67061f5558
89daab8,286,4,c2cabee3685efa7d3941123c318987cc04c384e541f6efa4ad4d4af0e7643d71
cd0d634,286,2,2f0fde5d055d134cde51532d10680be75913a24e2c00424d6adea49e04cdad5d
9d5d994,286,3,d28a1672286edef58369638de69e291fc74606499dcd79c9a93fa8578534f22b
7f41025,286,4,9496c069cd2f163a2fcd63874ba11fed827013a5f3b7c19d588379e14bb5c25d
16c2f13,286,2,e0aee4a00ed77567842a549d017dd1808462aa0b4695e3a0da9689fed113d4a0
69911a2,286,3,7f052100ae4c6fe59b6890212a85717e073c623c48ff2e28bf1ac944c0c6cb45
357ce9b,286,4,da23e5c7107e11f8a6d39fcfb38083baaa676bce78a8d632a1e83ced03686ab8
71d3076,286,2,77a94ee0ed276440410bb8d23d26da73fcb32ff428618fc9190971961fc7999c
2e01bf8,286,3,3bd8214769722a156f0dca1870fa35daca6413c09448842cb5964862c6756f8c
b0be550,286,4,abdfcad7a46c0267ebe51d66b10abbed7bea67516c75f81ee19e7c4b0f93dde6
732c234,286,2,f159b6b351a2ba7154dd9a15e73ce5056ce22002df4d19c584232c02151f69a3
9b8cfd9,287,3,ca79a8e2a67053de8afbeed154092e5fbaa12b0441e84e2cdec0e8420f754ec0
5b2f5a3,287,4,5b2c9bd3db88de81428200db688536a418a62fafebc5ccdcfbb32c851a63df7c
1d6c98e,287,2,1b0b2f4a5b23a921970b14bfb8a943b7f7fcd974402a2ba96ddf4add9f84fcba
c7a8763,287,3,5a4c33105a060ab76df0808f6fb3e8cfb9e7145ee4f44f7bc259dd206a6fb5c4
797044e,287,4,8d7b175c5e48e6e35d20e0fe14f6782dcad1ac62083393866edf72cbf1de91bc
71aaa97,287,2,c636d2168b68fb7f1528de11050b9cd991208f1854934491260da0a9650ebd6a
14f5af7,287,3,26ac9f30fbe1cf2a20953038857a8c126750cdcee442aec0707a536cd455271c
0f8d16d,287,4,9cbca135b468969ef63c17aa67abac9844832cf0ddbeec855d80fa61c6362c08
453ecf1,287,2,09671bd5af926fa352951b062eba601d4c64d9b65aecaec3a9f817c8fe3d1194
6f74878,287,3,6ec1ef8e6c0129e6989f158acce8a8a694516db0d3f35703a39f7559ecf767bb
8b19ef6,287,4,6fc5fc7ce7e893487f5047d3edbe6b070fbbb06abb3745ec459c6eb6674bbc6f
0c8039c,287,2,1a59ddeeef9cf55fe65f45e01280fb12ae636036175940c9aa3ebdcb0c57f5db
a346bdd,287,3,3f3a9a5514a2c121613fae997e45c97e7fc5d622f7b5e2ae07345402876fecea
e9c55a9,287,4,856c3f101daa5e378bd58961108e194e8d5567ab97742b77a4b5573d1868662b
f3fd856,287,2,99f6e7323d7c41df04f644e8ed65e42fd6f9c12dbbbe996679036a025d3b7bf0
a67bf65,287,3,058e0ff7bc838e1e56801ca05d662e39eb62202fac14a33448118795277851ec
c1f0eab,287,4,2ca24ef2093560128ee655957ba530f2a605c179070e473927e1c60c8f9d7dae
a5301b8,287,2,017753d5bb0ef2a6d914e868d54aa95efab2f3ce0499e48f38cb3b0dfbe1e95d
c9147bd,288,3,dc88511aefd30da8b1a2bedfea11bc018bafb622c5cd3f94e33411129813e18a
b0dc5e4,288,4,41f87589999a55a38bae7a805725886b21f4795e1575b62ff0a628ad0d54aa40
a7e9a07,288,2,2cb8ef1090889c79f79ca322104adcfd7331f7c02879214a46b8fb3433424952
4a4fd10,288,3,ef611641a445127f5de3f0454ace6296e74baf71e36f65e039906c3eb8fd0903
2d1ecbe,288,4,62e9316e4a729421395e1c8745d48fd7f4db00af10fd587b88c270cba1b35a2b
a63b06d,288,2,de686e5802e3b02faf29298a35f5be2cdac061e5f7fa557317b049542e256b6f
dd41e75,288,3,6e46e3e67b293170d9d71db09ea4956e833c4094974a35382af081b0e2378514
8a3f874,288,4,55c4feb6a91f854f397130b5ae5202175ff5b59ddfdcac43d1708066a7d5cb07
aef0757,288,2,d954c29b9371ab5723c7acea583bcc0b3dfe6f10fb7c039b9ddaac83bb471843
5517825,288,3,915a5feee11e620feaa7797cf70f1673b54ce76836d8926dce156e0e330fe593
1f78438,288,4,f5afc7d526873d90bdaa96123f9ab3890bef62f8f19c827c6639b24a88e5b4dd
05cb18a,288,2,db02ac67cf47ef8df6ade1c0eaf0c27f78005c8db7b98a0ad184c7d7d9e8f96f
c5bb976,288,3,7dda362687dfe0d0055351b38d62522d2b1914c1d85516a3ece0e6124b78332e
f6299c6,288,4,65129ad097358f3cb06873bf70ab67f14e8da28b95a1601698d710419ed1d154
1de7a3e,288,2,821b76c82472fe5bf57c079a89403f0c88216408cea40b066a2584b054e41027
7870511,288,3,ed258d5f3b9f56060e0c7a810261c46c654a7e3666870957e857c1444dd955e6
b2d9c8e,288,4,a5d744f407bbedac1f67c67c782afc05820cebd7582773d60e5f4b2bff9a2f5d
c6c979c,288,2,66f432b5056dcfea9c8aa609feccf9995f128071bdd6bf7e0e193fa485870f68
acbe7d6,289,3,4829d3b92193b2a9d8b2d53766c73a54405253d34d586eee32ccd27b50195f81
a8444c3,289,4,9745720b7688176d823a5d16140b41e3f9556b0f919982d04e220a13db310604
7a94c66,289,2,2e918ccbf988a524ceb67bde703b9305e5de646ed013967802e4c08575020a07
87c8652,289,3,6de838e4ed36a6554738697a6d285d7ac220762a22c25ad8e10764f105069c60
c8d4629,289,4,35a599ddb8724f8d0c1327b2df6d8dcdba3945e2d9a1f814cc2e7ca3c5aa5756
20cb752,289,2,036f2e7c6c0ca9526b3e1a0f51af5089d2d0ac1eea2b371f11c850c242d4012f
0cd7e90,289,3,9568ffd1b342b1a84966d6c32264ac213c3c7d257510e7432971e17b3a383018
f374aad,289,4,a6ddb50d59fb433acab1271365755449b42fff86398c8a854cb8993f87a862d8
7132e94,289,2,73f42c975ec7a7e7c7cbbe2e37daeb1ac470299c2a775bafb3d028395fe37292
f437d49,289,3,47d98f25e76e274fed45e68a260b489257110452240777140b9eadf8c8fa602c
48847db,289,4,471a3d6a9895906b23bc9f7d2c59e7f67aa81ab2883f2ac4818944c49079477f
c1aab47,289,2,346661ab2b0b0ab6e17221f9e9bbcd4dac24d171c38c76498771a3786366eb3b
e481600,289,3,2d9ea92b39be008b47b7f5f7cffbf6514a2e2e11fcca5962b7a95ef912c42296
20db8b2,289,4,e4d96cf2472e8733375a6d8317ae755275a4398f8058e382ccacf82561671293
29fe49b,289,2,7d6c197704fa40688b33f67a41025261ffa34cae900d066bf3faae5c92c54967
5196465,289,3,8aabb1d241e3eac4e1c9a7e2d566250ea93925f17cfe9071483083d47fc7b8bf
5d7fc91,289,4,023456264f96fc014080ab070bb87eadb4aec088cb2f3380c68077c599a21029
0281195,289,2,681b130b842780655c42e386ac2f44222b0727744beee4e7ec2201e5b5805db8
2ca9101,290,3,2a4279947fb0419f71029ad04d1bacce44a539792c821f9eda350d998e8f4de2
0c2f27d,290,4,5a2979fcd825843510f4958df675107e5a8badda93f75e89f127c7f1eb0b9819
d053807,290,2,16a95d3d067dee9ad820ab21d764b1359b1956c17f0edbd9aa655b99d6282f01
d20e3ae,290,3,33740818038c4992a5af744d40913cdf1d3d156ed205bf81c641bb275e196e07
3fe0efe,290,4,8ece6866329fc67d80a2630129792b56278d806e9a7f6631193b5e8552f05629
8cfbbc9,290,2,551d1cad11f1336e04a761e3ac98008b004a28f56f941ed0e0294eec53e14e96
77f101a,290,3,0e8a2750be0030ed1aa5543fbf5b922c75b3883d58583e981f6684939a48297c
7a9cd44,290,4,d633d66e03d3553f7352bf1bd36fc2c1b44a26aeca712ec001e5c308e8cc2140
1744fe2,290,2,e47215e18c9204d99c96844ec0b690bb6662019fa716f2bd7255121165b42fa1
dedd8ba,290,3,79b50a6866144dc88d390d6a6d53053f3d919be1249b73b5bcc4bf5a6a31d80f
f5aa828,290,4,15b3107550bad9463722db60509b957090adcc2a4d8a7b6e910f015227aa4fc5
d5dc915,290,2,b58728ebe32e7d8ba6bedf0a5b6ab43120906c2d318b154735fbb56c038acaa8
db18689,290,3,11df472ff75f5973a20f211167556540451c008ac1ac6fa8683725eeb1826d8c
6980a5a,290,4,d489dd3002c15136c87a392e1bf7fee5e36e6698e6df8c24051e7b0882290173
9713de0,290,2,978bf4ac77325e4c4dac071bb69f8f921fc9a84d23b6e3674f6ad4f60a9a2c2f
96155d7,290,3,d8b2f88746ad9425081116787c4ddbab7d6feba6036dfeaf9bc8631fc86f15cc
10cd7ba,290,4,4e295110074a1e4b07a13cd2dca44d8c64a6630081bbe1ee2b7f772e8582cd9d
ad28a5d,290,2,8f8260e5619ee00c0a3faffbf6566baf0d6cf4c5d7a7f8e82d42f17aa0bd187f
f9a69a2,291,3,a46b87031cdd6e2cb3fd653d46288c8a820bff6988b6b2c4e3dc8972178045b1
f6aceb4,291,4,94e99c2e28ea283219cef317745cd093756b0ef47cbdd9d9d9ec493f6161237e
27e68cc,291,2,54c6e9527251b867dca6f31c21e1201bff42ee37d21b848e55c80a82f0429619
3aedf9d,291,3,fd9f9fbd706947f67d9d2b91b9c3e7acde935a68a714d9154f523808ff03f86a
91e224d,291,4,f11f7fe9fb8ecfe0e398d5b5139020d4b5a7bfd545a0a39d3b4eefcbc8d17e84
0fe6787,291,2,0eb8b16e3b7ea3538eb0cf27c44262703afad3a7e0d2448fcb18cae3299b08be
5306280,291,3,ed2730e233b40147cd8dab4497f879e3b837ca6baa56cbaa4c88c412c1c813e1
32f658f,291,4,e41fd917768f96a25af71bab506564c20a0c8103f5465667a2b900a06902f0d7
121762e,291,2,b402517d8bc4cd62a1f7b1007eabda72e4861ba081b151dbf4f8a051602ce3e9
2bcd7b2,291,3,3021317094c0e299e1f1e651fcebf7669f3b98181d822706c3ce667fc215baa0
35666d3,291,4,f25d429dddad626b478a1e2b26667f529a6d477d48a47404fab7a1175baf21d7
83147ff,291,2,de1aefff09d0b7ac3beba6221fc6e0dec07226e65fcb979452d6539fb3a9d078
91506ed,291,3,583b9aaf734242d5a245eb7f8c27afa3758d4938d1b31dc02f175335cd97d39a
2530fb7,291,4,b16c2270e80b61b237391fb5f1fb7538f46009f9d30f6c6a91e9d917ba8f7d4e
e5bb1c0,291,2,8efdf69b49d097906b425bec0448e2c180e8dbf7d6608f632844e68a7afdd28a
3818643,291,3,e957bcca4d7ebe04d51242df0ed7a6969d36554da4a546c86f6c4e29d0b9189f
fc9f684,291,4,a3cca35a10dcd67c1b48ca62f62b351200963a4f9374eef9555d4de57f4fd3e8
47697bd,291,2,2c6d28a2fac2b57efb5248c68dd5903dc64d038bb2b4fb7acb5872095f544f98
5b65fad,292,3,ecaad5d48c686df66532bafce0a775dc11964c56a589cc662bc3a58d67ef6af9
c893ec0,292,4,c5fdb6420af0cbfd2498d4ef15a268321dfb86e2f3afa279205a1a86ccbfdb1a
10be2a0,292,2,4a923a85df8a6853b2a5e5304c297d701dd19fabddab4139b67c4c24c4b6e4a5
d43da53,292,3,8d5d8251107a48d1740aba777223aa9ad7f6139d6a18ce3688672d053b5223dd
e94eabb,292,4,559ee3946680334d8ac91c01077b112804759d131b9ea1f0c69241e6bcc78859
ffb588d,292,2,000eb53a0c3f8561f33d4db0a55d081d637df6f73f74c4aad39de22ec4968b03
c97615c,292,3,5272fdaa17738f744c5626c75d1f1e410d7641d3713d9fe1aa5271feb2e36d52
be316f2,292,4,769e93d4ebae9076c353b3299912c57d3b7e942a9cc96fa5a685c3c3cb58f24f
5587aec,292,2,e0f4a270efe0896ae041e824f105c9338790027b64b3a35551caa8c79771234f
8994e37,292,3,168a1c46bc1d1bd087826334391a5e3ced23415fec49a737f80803e5dfe64031
d1568dc,292,4,3655eafff89c7dedb5a84003cdcc2f9ff1a50f3af0eee4370f4f68620b548c8e
e7b77a5,292,2,c00f06b897fdf45ba7eeea8b7991213f43d0043e503252b013d51af6252481ab
908493d,292,3,634ef4e8994e1a456b9861c99e4395795fd31138906a5b9e4b6cf40ade3c5e45
f1438af,292,4,3d18c93c134ba0ef5a2e154fe1d71d43dabd42c691f31c37519501b6bec4975e
64505c8,292,2,e5b8dc1c781dbff1e39d920c05af553f134288443546381bce27d58d2c227290
471f8d3,292,3,8607f8350225199827a2c77f935c005074cc36cd22ee87a423d7ce9d592b8159
59993ff,292,4,05dd578a0d42f4c9780f47324275fdedc4638b12324a5efcf9d8cf1dd972a9dc
2324a33,292,2,6e73d6c9f957aa4a941fc042f63a3d985bfcb4abd29cab28ffebcb1c35c51239
609b8b9,293,3,0e6d149d0ead5a1a58cce8a23c62497fab8b0a2b807a48e51d2108accc05a056
97d0bfd,293,4,ccff5cb82d835f1f33c3a36e25c37ce70bf9bc1735cca3ee5879347cd2d22cb0
d5fd4d3,293,2,35ff6551b4c88d4e066a578347bff5bbb50395cd2a491b0d08a08e45a956bdbe
aa514e3,293,3,9daddc97b67d38c39e9476a96b199831118735f7b0794af5acb5c117cb449bd9
8262ddf,293,4,21b0cca9f3f887cf87268a945712d240ee2051d4471df17e6f3a129ae8ad03cf
ef6aca8,293,2,9c51a1198a19f32235ad22b85b7c05f4cad0d7967c32eeb15f912c495dbe4bf4
20bf31c,293,3,23b3d636d9f8abb558f150db6375227c8708559865cfbcaeaeaf9b7e02d3306a
795b70b,293,4,7934317f3f0060d4b4e9550663d59f7157bd8ed73e9153998e952ba18a69483f
3167722,293,2,82a8e678cbbd8abec387ed82647eb34a8b35bcf89c8877cbf4005929e0fbcbcf
afc9a75,293,3,1d729b688f9477a067aaad948f4470a4691965a75f398f11de9fd4537332e3c7
56ae3e1,293,4,842895a400852d06a7ea17c2987913702b9679b70c1232ddda790ddb45d877f8
565993b,293,2,8e9461c8933369a733cb1844c53b77390b3a5472c8f6b65a94703d571bb1e128
d88b728,293,3,738a4826691727e12f9291e4db38687c8d7ef9feeab130eb0986486c277604a1
4406d5e,293,4,fb7c62214bd2e88f30de0fc9d470282256f1e57862f4d33016426fcf35315183
dae56ee,293,2,fc988f698ad6c9310d0ea9d4379da51c0b79819e1258a8ce29f47e8749d96f3b
a72cfc0,293,3,e82b7f3a20e716f206dd8f2fbb6a7b3ed090b5bf82b97dee7a091e3c5b36dfc7
f56cbbb,293,4,607d9660b6ea678809c44f3dff7b41748b3838a1e8f1eb406a8ea30e466b1f91
3e0799a,293,2,e421ab31df100d4fb075201a8d89f086610038a49c8d1ad6e0d616f9b47c94dd
c623b02,294,3,0da4403c3d87e5b116f3d2e5ee0f925a2f77f7de70b10045f40883561f2dd9f6
02f14c6,294,4,0ce1199b07c32387aa7f4f8a1be660dde9172221c3ca7651cba5683864b89fd8
1072f17,294,2,920531fc33083f1884e488ab888c12bc5535b1d7dae02cd6cee8f90692eae35f
0c059b2,294,3,2e13168d6a9c675553113fe994cd8fcedd1be5b0b96167ae4b6fc63e204b8270
d463cd2,294,4,d703737002e3ba36d53113979b6226139e62fc46c0d62c4861eb96458fefc208
7b8a8d4,294,2,476312572785897f3d16a9cae551182c9c33a598eae04378995b80c304bb70ec
bb60c4e,294,3,44e9d9442fdfc5de89be4d9ad54c5c90fd4012c8f606814143b6ca17c56a9d69
65af31e,294,4,b413e1ef8a9eea0c51c07794b2d9990495db1e6393ede07c1ae010b535f5c7fa
744e5b8,294,2,7f492dc413623f42963b7b1456fd3704128f738663a05f264de7087e46fe211e
ef23637,294,3,0a559f9e1ee85fa23d9b9f060fec0e4bcc8f5b5ae9da87e8cfb5ddda3e8051ad
528fa4d,294,4,03b1fa23102b60c858c3e62337c2cb1145c614c2318134040e07ade13be02078
6365f7a,294,2,7900c22599b3ecc831b4ce51142cfc063980cfed7cff4018e09de410a0c6ebf0
535d764,294,3,73787d3788e505204991ca70b53125aeb749e4c811a20d053b9da05c159f7302
f056e69,294,4,2ac313ef66b7881ee7fa308a80b37977f9b2d9f80bc04de957ff22778cc34398
9b15bd0,294,2,bb02682c97571f5260092987311b17dca8613c8c6907375fc858fbe90d09b77f
9caac09,294,3,14798531f525181c0f298410dc4f936b2ab3e4b1ea02bacedae5e9c1e7e7ea21
c4a89ac,294,4,bdb2ebb80dd36bea2701e47dff34a3b29afeb617cad66224599fcf60553c8d2f
0892cb5,294,2,6e1c32d83ab48f17a0f822309bf3ddf84e9cfa45423ac4df8e578388b10b23f9
8c1fec4,295,3,cb5e19ae8b221a9ba3aa7200f51f526de014b43309a2583adf587dcb222a64c9
9a8c8da,295,4,317c9bd93d85e97f562a40b500df6d3882e77ccdbc7131ee07d240b8b84fc3ee
9e1c9be,295,2,0e697cc19ef3069a36a498165ac402809667a2c30cfeb5ac7cfd9ee54c813591
b511f30,295,3,4ba80ae3ebe101e484f72422672e43e5eb4a8930cec1b80d7dfcefd7eae48036
2c9f598,295,4,b07141963423a86f74cba3fb474ed2c823f6f495d05c6c97b0f7f7ee2c6793df
7f35d9e,295,2,f172ce61fbb92c7cf8220e4bb81f872eb4cac2d278ba581a4b736b8db472bf4b
5180207,295,3,cfd33c8d02aaa6c02ae50284f4d39f6d3d864cf4c87534f603c1509e55c75202
547205a,295,4,0d54c6f2b11525048c05c8f0a93e91b768023f4b70b0adb2997d4b17bc073a83
e16657c,295,2,03dafd80185507bbca7aa38068db15f4cde8cf3860d642579bfa3b135cfd0bb8
cddb65e,295,3,4780c7c162af4cc20e83bf8021f5ffede5dd65c0205b52042f023a9db3eafb72
423d789,295,4,13b958f187c1e09bb499ccfbbaef607758a4e2ea7689c1e424a055f1d3b03075
e96d264,295,2,7bf7d5a02303da00ae1f7553eaca10146e8491908fb7cb24262419ecbce87ba2
57c88d2,295,3,17eaac54e614696eb280c2ac7b5fcac8d9b9e51cd3d6de12c8113a75dc747c17
3756c10,295,4,a273c48eab4d7ffe547ffa6a1cae2ff68443aa61312fd1d481c8cee153753b7f
c3380a3,295,2,babfbb9e503ea2e59b721cfa7b2a6bd530873b2d5b3dae0e1a1ed0a9e683fd20
9326b22,295,3,46e110f301ea846f3134aad01c5473b36238643a94acea5ecc272bafed5fcbc8
2e2e458,295,4,563bfac4f2aa42753f8af02934702a140f3a75d45a4934c12ce50783f9f2adb4
e941ff8,295,2,7b1cfcea2689186e14e3b3c0fbdb90afa3f604e2cd4a9beaf8533bb28af06ba3
36a8309,296,3,c676e6835b22927a939c547c0a5a9e7c5731df96ee27d01b18910d057c385edc
db5f317,296,4,5eb7408985afb11928a054c1c37adc13b7f9ad91204f4eeaa459b2cff4db2d91
5f06a48,296,2,6105111818a22a4e67e73df2773e10c1a6d0b970a0277297d1f2dd02b39224a1
e987a81,296,3,d825f2a79e13d99ebc9674b3eed8149c9c5e10ca8dd4cef84a033a6b867018b8
0227e67,296,4,3ab2b6033b316296b3dfb42cbfff7730ff5473b6fda35ba7e61fcb1985e79321
6ef2063,296,2,c51bb7ed9a09eefce0af6c36385e748862d101254d795aa44d6bb29d35616f7e
8dcd813,296,3,a58c99dcc54d791a1c9ac1d98a8928f3e9b56451ca759b9e73ac84f7c5e7dee0
4f11a26,296,4,899e476fa2d8eaf86ae784238a10a26e708eee71e59b1953fa20b879911c06a5
c0b989a,296,2,96e973ca0bcd60d84a7ae6f550af7bd658f5f72881ceeb80edb8b3d7db4ce547
f6e43bc,296,3,64c1f62a3f1a3716194da802a362541e824bad73edc02826464c0acd9bdbf040
a673a39,296,4,6be9b2e1b369cb7b994a8177b0eaaa3d65f5aa222b62e1f84eaae54647a2baaa
2c0db08,296,2,ed5941f6e939c566303e879fa136fc8868c3208beb91d662bc5a6684ee2f0b17
0a45f5b,296,3,02df26c55ffbfbef24079486c8831b3ac4e6c8b8aea7efdd69a4051dc7508f31
eafb16c,296,4,38c25174af76f90ce37b4b7eaadbf22751bd86c9f76221ad86003e8b1bf8c214
edc099d,296,2,9d1322449a0201646922a55ed2fab5ca987aace32ff5a58cb2e578815ea45705
179fd6b,296,3,94fb3deb854f591e8708db1e3035f261bc441bba1bdfad406465d0699c3c013d
2ba1e02,296,4,36740a3b8b29c786b198fb8a59f116f16dfd5ba9cccfa7e9317247d44c8d1481
d268560,296,2,f121779faacb22fa34372f5aee2925fc8e73a8edcaf3ff1f5c24273031aa70f7
373b14e,297,3,2844826f3caa20d20efce4e84259fa083c9958d3db455ca263841dfcd1a6e194
c8948b3,297,4,998c360c4b6086b3bb7b4282b2d6f4baa7e8aa04483693e1367a689c7554aa91
a55c186,297,2,ed782408321e47aea18f72cfcdcff52c0157540b8536eb13651c63ff687a2ca3
d630b1f,297,3,dc572162c1329b6de7e9d5accef96f7d96276fe2ba6d2664b956e0a6888b0282
2830462,297,4,84afd58f91c342a7048a4fd828c9c96d103bd868ab7ff80484be3abba19b2ca6
dffdcdd,297,2,39f54069ef825721fb0f0fbb28fb97f4511ae56a9cd844e757295cc360540e3a
cfdfdfa,297,3,573a327aaf077d959716b27db95f97bf4f8779d5645d924e5b49165b9eb8738d
7847f8f,297,4,f4a487e0322fa0db2fa5e9d601a2cd743580a13a8d2becd99087eb53295c4f1b
ff44d61,297,2,53f95e19bc0a16d375ce32fb623775ada8dfff60dc72ed4f64ca92d42a50a3af
290cf6b,297,3,cc673e0551fbf6c5a9145182b812b0d11a124345ea207a83e4a71f493fea8d46
11c96ef,297,4,616562aa9cf9feebe758302645db29b0073c7feb4358103da7bcde2d5b25de13
c8019ba,297,2,fa0dc351c6713d84354fdd12100723c0306f2f8a737aa744c969c605a593bb55
ef9a2ba,297,3,c510e44f34fc68a3cb7f254e8da58a144a692db3679ae5525801b5ab50b7be0e
4cdd49b,297,4,30f07cfd33d8a7dd28710bfeca8b1ffd09cb9e621d79dfa81d87bd6257ba7758
ff63da1,297,2,17244f0963f06c9751dd28aad6646568f60231a15012d96453b4849ce0020b63
25e7fcb,297,3,121b1c34ea88788d2aaa4077fc3a2ee891ecd5c0a3a8fc68b738f5258d8c19af
8a27323,297,4,0f5dc2f5880aa14100471c5855a484d155f0f2884ad4e266e6765ea27b2ea9bf
8c5c541,297,2,88ea17e236bd3aa799a4de598c2867101bf3088a81d68a6a38a2c2a9bbb73710
bd6ce41,298,3,e4d5c7aab739c16c91b89d33ab22e906f978a24dd916fd2bcc90ce513fe740ed
4718f97,298,4,4cbd78c34f121ce6fd35d66c4b4590d9944cc67902f8a43668a572b4f2642d8d
ce8c005,298,2,d66ac23e70f68915d007c82276182753e4d56331ae0ab713da90a544e6afe63c
ccb13fd,298,3,362de90415739582cfb9c763f1444bff2b1ea0f95c3fb4422e02040655faf3ea
d2aaa14,298,4,25817b238b8c784297cabcfb16c045bb614d5a973e960ec2ffe1452c48c747fa
943b1a9,298,2,dc6ffb5d20399f0788ee4a0ecdf85743d13a62ae93f4f90f3ad9e98f13ebdec0
2fa5e2a,298,3,fc1a3678f140e32d8592f10bf70e9934a95976c160c403016c156046f758ac9e
ccfc77d,298,4,0304a6f14e202bca375179e35f55a2b08633b6060e8d1bb64339cab3d2f4a9f1
266c5f9,298,2,b1405d294ca2490e89df1bc2b968a54929ba2a5db872b90e49d3ac5da13d970d
b483c82,298,3,b6ac347e1a30cb1ceb7ae9e677b66e3514dc5bbb7409f92e9f56302c669ac594
12489e3,298,4,3bd2db80945da18f5e7a7d52fd1d5638c5dc1cb56c82f669ff8d9815d9c1bc9c
b970805,298,2,b8fc8e075802c41dbbe0382cb278ea62c92c5039ce1b1a62e3f1de91fcc14e79
eb87cc5,298,3,1c039cb23d4044f40631b89e93149d6208814ec881a628c66d1ca06b24af8bf4
4d83c24,298,4,8ce287d4b90ba32aec502878dc817143c02f4e02c6d13e40a68958ff2b97469a
ec8c280,298,2,bf54f5b011543d1e35850dde0b8ce072c7ef055929cb9dcc897220ff300efffe
02da02a,298,3,0ab5998783219b273f267b41c94f7f5a1185943f837a9807b888ba459095c37c
f9fde81,298,4,839ce9f8ff83a79027b82f81b84addd572898e605bbd59f7d297565a29ca26c5
100527c,298,2,38d685b4a2ec377cce2026b4c4662e87b6bbf06fb58b7285a3c584b31db4a939
e9be80d,299,3,d544065119be9b54ed3a31c291457d7c8022b62543f0a10a2f18c6f8b024b7a5
5ab9d2e,299,4,995988efa81128d366fec8acf1392d3d49ea2be3df49d9cb49a0d26233d7a62b
6162c3a,299,2,ee06247436b4da55cdce6622eb99f2c6c8ec3e9085b187bce3db2a50ce84813a
98d7bd2,299,3,907583c6f661b4d510f115ff4085adc3629fb1c37f122b5eebe673d83e32e976
577e7c0,299,4,3b15f4aa28028be1c58b937b311ace043aa5cdde4f14ae35d73741767e87d95b
b26c443,299,2,8da2af10f9dfb6406d450d9dd04b494074a857a010179cceadd9181792720441
5278bcd,299,3,3be48904e7f154b35d70bcb8ddb41bba83562780d02ce82fe9884e18ba55008a
fa3ca97,299,4,1c62c4884701ce921fbe4d2dd78db594fe71820db84d67d98164f3e2e394d95b
62c1262,299,2,e70687bddb8e096e9e4856724678536ac468ded3823e9a00626575acd7253025
7103cd4,299,3,c43a7ec4f345044941abd3bd3736f054e5c5ebaafaac8569ac9f15a0778a7272
7beb5b6,299,4,141877921135d565fc0df6d725ced1e5018f7c5a01d15202ca7152dedf70f1dc
08e2ae1,299,2,4a1e17b11e782c65bc4cdca66477fed623dc050d305ee242ee792520fece62c2
6b3f030,299,3,e0f3bd24c56269b053155536d9ca8dd3716514146911b801a8f222fc44521d00
513352f,299,4,47756ef4dbce95c184a9af972249b2004410d77b9c417ff8453fe11554ca4388
3074cde,299,2,0b191977e75734a8f36f2bce393e5d56e9ea2725b92c4100ff6c7aa1ce9fcf06
4e1e89d,299,3,d706d9515db867da2c8204e76957fd13c7c9abaa1337be39a5d51d7cbbe61875
3a1dd7e,299,4,09b1dd2013f1f7433eb3a73d915ceea700f7778c85ff4fb3bb4d606100af9e43
7aee2ae,299,2,2d3581231aa74d13ae855cfe3d316fc5116ed146715a7d992f4f3d446fb07850
b0cfdcf,300,3,1ad882aedff96f69204325dc1972238786363701adc214b21115c1d1294e33ba
0a01969,300,4,691d8b08d1a3fe00172ed140ad3609b2ccb701443080d8eaf42f6bb4dec0aec8
6c6ca59,300,2,4f5956fad402bb82569333821df8e0de0412d57e4c47fbbd9d573ad22ea82d45
4e2154b,300,3,7f34d2634544213b380667d2013bf09eb07eedc7198af14d9ba8f27ad9a41046
9637baf,300,4,df7826a4ee166d8c90feeca0159cfba26abc3041cf651bf85fc36bd0d401b340
88403b0,300,2,a1a3b2b4f6f33606907acf5610e65917e1afabd97215836151082ca12f439de3
781dec8,300,3,d105a13f931d9d26365eebf5e732f08f6397654cfede81d059dc9ee0a9270b9a
756b2c2,300,4,ef79780ff973dbd33d4a298f9c0ed6465be2a04e45c5bf9acdb658f028229b84
45d4220,300,2,b185d5a08d67d90cabf4377d08c2923cd46ec61c47eba49941b88cbb7032c97a
1ed83f4,300,3,370206005a00b8c9706372628e77a3fa613d79fc41f68817ebddd864d3e9faf2
2dd0e30,300,4,6c374613750a9c476205c49ae259a461bac07ab71e76bad9ab7ca7f1b6eb300b
4667066,300,2,5e75ccc2b12d5b0c39f8de2b3c76d717438123ee97d9de44e5b39868d268b204
471bc23,300,3,05c96f4402f64feb32d6fba630a477194d5b35333dc8b6c7df287acb3f577714
a56d095,300,4,9ffe928409593526811f808b5d84b37c82db8f08e03160fd30739b3103bbd126
66ca8f3,300,2,f3649ef3836903fe8d40ab3c3360fb5e4ddc1ce32cd94865e33466242be0c63b
2802c3d,300,3,5e6f446000181fe9698510c9f215032416b734a757885f6cf4836fb03e73abd3
dddade0,300,4,7644b42756ac14009c01b932f3a14a181784d5b1faac56e2ab8984c5c4f97d3f
fefab6e,300,2,2da537c6ce07eec9a704a4feb96abdf1b35d4c370e20141ddd3451fb9523832c
b882670,301,3,9a56e21622423e2aff6abe972b98f8787b46272df4a0e97f8c97cdb9a1c60141
1196de9,301,4,20183f630ef738ca253ba98750a0eec1d0c236c8417c5bd234e620253e72ba8f
7690141,301,2,8850a7ad84e3158224b2a15e3021fbeea87bc4fc92f83bf31e3027e676dff219
1d20cae,301,3,35b6c0d5fe1bd9c494cebfaea7f0ce8343b5bfc782ced7e1ab142bdf0e7a5953
15dc957,301,4,40622aa5db2bc513c2f65aaa6f920df353bb4ab719d507d397ba92e77343af66
3e43f50,301,2,af7a65a8eb98fcc5c7c757fcc77cc25ee89ddbcf623bdc3f53b6d22a4525d259
e209f98,301,3,7a924ed988059f77de05eff5d70eff49be62965a60a2d64a13b6b1c5ab1a3256
201523b,301,4,4f295f5c42adbdb1cf9843afd8dc7bb9fa176be5e9de9a5f4766b569080de8a1
ebf9d50,301,2,2d307b887e0c4102d5b00c19624cca68f7e62a30dc32be8e8a17fb6d16132898
63e3792,301,3,821ba9021cb50e412975eeaad31b569067a9954b48c06bbea56d975bf406e587
7144371,301,4,931bd3ed736da30fe573e385c10a00c5b749b925763102a5e51d3b92bf466d22
f11d525,301,2,490e9b7cfdcfbf925755bc4d16d9603fc8dc8ca1f0a64f120c698df390cb67b9
a850453,301,3,afa2a234f60bfe2976e50edf73664a7c14b354ef70a5f07638ab884161671359
4e81112,301,4,3fc970123d632271d1fe2b59fff07b9162ee69b226f6fddedd6fa581ea566925
2a3f826,301,2,b2506f400a5029523445a819f73ad332614b69535ec471df8f9ed22da59e3462
65c8c94,301,3,2c877cd8795c2205a3c78d213415f565c148fb030cd5d706f13879c0c88a4128
b35f2a2,301,4,f2551e438d98b399227ab729facf6f703a26f5aa0f48d09129b712b3c1b76345
b136a25,301,2,9865e1b92315f9b6fde2e3d4f42b00b8a33c3590dcb8739c027250d8b0ef6fa5
e9b83ee,302,3,da29ee0fc1a88df18f00563f727aa88f98a16ab62c043ea6a7cc6e6df48a346a
c6db974,302,4,1b41879d98c80306cf84141c1212d2966962f1370d5b9b86f6ba92d1949cfe43
24c6ae0,302,2,a7b5ea7502c26d132b7c287b62aa0c91f7bc7e94a76b450599d892db0ba1ba03
2389ddc,302,3,399d2e5873e4d7bc7803f17a91b5657eb00802c09389b4a626b95a4cf81fd347
5f4c06e,302,4,6e9cabde87a5ba4a57453615ef26c1ff76d18b5a2713f5909b70061b18b55c94
d3ec13a,302,2,7570bf1b4157ebc4f76e574c2fe0f8eeb94f840883708ccc388160b7754d7e92
4469515,302,3,d50d891681957430724e0f8d58beef2a77151e6878c60b9e0c9e160b33fc99e5
985e46a,302,4,d51adccb729c32130417ca04bee8a83d1bd3d7bf6c78d857183e54fe4cd0a109
2def8af,302,2,a74b3b4d660af5966737c43420f82b0ad37ed3338c4d8b9c962152b34d5fb181
efd7312,302,3,3e9a71f92c54050a6e67574f4cd1abdde39afd84c016c7fe65d63a4dfa7f2309
5dfdf3a,302,4,aa774980bd2dec35f87d4c2c48537a73d9b436d88327b71038009338bd89eaf1
d013dc7,302,2,1053250d4c448afa618325697242b3a191bf6d255e7aec4e06a5bee740fd427c
12095b2,302,3,fa1de35e45d020a3a00819b764abca992304bf165e1f14be4312c1380dd25ead
f765c8c,302,4,cbaae69a756741e4bd2c95f0e99fba59dcff049e38df3f0a488c1ba70d992f1f
897cac7,302,2,68c4228c4a2a9e0a806ea689971b9185e5e9ad56bd2646ff2d44d0ba578ee83e
bf360e6,302,3,78ed04868c0fcceff21aa85c5fbd849993537fcaec2015483cb7ab049cf50c76
0bc541d,302,4,44d69f07f0c1df34b92f6e2dc8006e41446ae9e3825f7e7899cb5627c5df20c2
02d0224,302,2,f061548b10d0c604f3dce98a0e0ab2e50f0473a5d9b3392c0cf9897930b16062
86f19d9,303,3,61b8cbcf22b6c380ca09bd94f82c545b32a16fe11bef0af63872114510a7b4bc
4f55690,303,4,f750db0f8a2de2402ac59c189be671fcf1607b327320c744563074875ec6c15b
bf39c86,303,2,a3b2ececeff107fb2106ed4db9b2c02db790b00dc130d2ed2c79e6a406d0339d
6cfd94f,303,3,8f873a8f8a0dc4d4b15d5aa7137a8fb0c542d424bb1d0de0ecf4d481c70bf75c
44f2536,303,4,16020b074ee6daa1a231d05f19ee4cfbce43e64bb109ae5e598b849ac62d9064
f17679c,303,2,a932e461ca8bed77130b9e1c2351822da66f7e8969041ec37ed55128f486bc2a
4843b47,303,3,9e86e9bb30e6ab4e86fde16735fe26d488f59c136e46408eea2ec69fb738e5d5
1d3853c,303,4,1e0f061c184259756c3b5ff27367dcad4b374944f5369f5b6b613cb07b41d35b
4f07c28,303,2,10453d3613a0e11e2a770000e1429fc6e5d844674f3f3bff9e7561de26c87c91
5ee3045,303,3,9c75c159303956d338ea689f4b65a41bf29187f4a1273d427eced296fe772f05
f5b7bcf,303,4,eec8bb408246977bda152d0b7fa404d653f88b19984eb441298d800c32af86f1
a7407bc,303,2,1b9d449b632ea88dbc75ba7474c9fdd08ca51d1678f2f218401515d39affb502
6e0482c,303,3,f72ee9d16ac1e5b08f3e70a4d23c7935bcc104e01c94d4907cfc4ce572593ebe
36f6d67,303,4,a02f9679a07faebb0190aefa6c964fff1782b889aea3a156c58b44d64a1a92f0
fb23988,303,2,a9ee8f3c636dab5668c9933fae3cf46cdf7cc4083bf8015a30240d4a1897be59
5ef8f8e,303,3,76de1923677655a7f686759046cfddceb04c195805a9f6c7d12829ccac47ba6a
8ff1820,303,4,b04c6c0a90ee8f7de723c5878b5e48545b809a141af196ba3429c5455eb99d32
de241d6,303,2,8e469f0f664bb51def7ccfc30ff3694c799a5e5cc7a3e7919c3069caf5d1004e
112f03f,304,3,58a5993a148f148f3122a61255775ef89fbab9b50516087bcd3e32a0607e5958
966de07,304,4,74bb2fdb10b6766c0ab001c8707607d7810a169a447572cc44e9898988ad26a9
fab4fe8,304,2,f8b55082d356c4a23d4d4dbc95219106649f6ca472f2148d65e513fea4857f2c
471ba4e,304,3,755c4b53b066c831782f1369c0ccce126f1ddd193b536fe8db6a75bdf0e1a1b5
b388756,304,4,82b9092d4e8a55be0d180675caa8a6ccf63715a067714aad635463102273ebad
1ced533,304,2,84dc208b40cf83ba6801f8f199e9418cfd72f664d1ae8bc63fc27d3fc8689abd
1c37396,304,3,bfcea27afa05511d30ca5ad4168a7f1603df2e66778d7ddba1c65468a82eb5cb
2103089,304,4,fffcd5ae5fc27e61ef79bfa23c995cbff3c0fee544c036bf642bac6214f38da7
3f3d61b,304,2,b1583187c6788d1d0104aaaf5dd857edea60e70df6fe4d78d69b6c0981ade3ab
4a9461d,304,3,c85e83b0b7fd83213232f65772f7b70f93b587320a20d95ccb03aaf89f642d6c
e3d4dea,304,4,85175ce77ea19c1bdc73b9e7be97fcd9ea90c4011846868d31998db1b153cc2d
d5a2731,304,2,180472464a96bc82b3267207276517f3cfc95b2affc803dfde40024ca2e000c2
af908be,304,3,df5aa6f56a755a5e4e0faf22f1857440e5b281b521e64c830826a1fdf520f9b7
57b9fad,304,4,eaf2ddfa2d9bb15aa4a3b0df6527cdbc8810f6d110c0eb8a043097eb7dfbeba8
1659bfc,304,2,4f9b01af55edbf952a95d042664dc0aa08594a2b318d578297a7f721d89e4813
ec3c926,304,3,92562813d41b4a03731c9056ae3ba0804c8ba8fed3b374a7f6c4ed6b1183ab1c
e7e826b,304,4,ba218f2b7a81e0574ea7c09d9102e2a1b81560cb0a1c0f94c5ae9273c108e481
8b1c3fc,304,2,a57dad04e17efff2a7a2ed05cbb9fdabd2bb29f2bca78319abee9f58fc669b76
eefd389,305,3,4035e0b3eb013f710079bf06c225336766e216f0dc28763fb866dd34c5326bd7
25df534,305,4,586dc4d3de2d34537f16c6c383fa7d37bb6810ad88fef3f83098dc0e760758fd
8a88121,305,2,7b5f45da7a3e68953762dbc5fdb34664ca09a08698464085770ce4c19c6dfbce
0e47da5,305,3,d80a50d1e85be3725ae786a42fa4ac61076a70c516e450bf9b2a2c813631bfe0
398af51,305,4,5bc232d4541f871c7d173b4060a42e3ab3768318c9002de118ce86de9e16e20f
1f7ff01,305,2,9f1e69fc38dd30c107452759830199a111f999bc206154dae41754d56be87f06
93580a8,305,3,79860f26d8ec97331c58107540a671c15d05e52ff79201d6758339b1f3ad2403
7d9484d,305,4,5edf14c88fb847ae3807f5cc18cfe92f383d2cdd9b211a542e6df57e784be563
bec7613,305,2,5ca6e485d978ba4689b6d3782d377cdf5db58b008e54d56930a0463900149690
d404a6c,305,3,89f88447c4f007002997df7b6421ce525b374d48f8dcd517273e0656e52edd4a
3d33aaa,305,4,1f0a68b2148013a11dc970f453b84cbff8b15a875da86b41949332027fe9e410
56c0a2c,305,2,ce1e8a359457e8fdec11c85d96a0fb34b3604e35bfe671d58dbeb85b22260b21
06041d8,305,3,e30b004afd39f76fae75de5ab9f8b3feddb489e320eb871d61cb748f6d6285dc
aec7837,305,4,5c8a2cf95f4e0db2f6c7832749b14afd9b6e6233a430a25a78202f6946431ff2
682b513,305,2,75fd41e0d118ebb9c0594f6823a6c235e68a37ad42d71ef76e5c9e80a3dfe31c
d23d911,305,3,63ab4d9d8c1a5964caa978971729e262b85e25948bf94614688aafd0c22f5919
e9fd355,305,4,847a6d5a0021a1d5f2649d9bbc79506b93537af146881019ea2b6e31eabb6da6
5f640dd,305,2,22beada94d1080d657051a69b8a898469346e1a5252c611448ed6c68cd2fa33c
986ea58,306,3,ff3160eb39aef7a891776f1d029cc977b0ab04e3a2e724f7d3978cbefb685468
b87b1d8,306,4,883d6570361d76ef4ae8d058b380a853be1e2831e7f6ddac6ee05db1a6157050
56aa173,306,2,acaaa4563764670c87e99e56bdacc6bffb8b6bdbef10db776ca3c5b0193f94fc
b72a081,306,3,60f526868691e78461fcba9fa6ebbd55e14c580a6682df7a987c8c3be30a167a
59d98c3,306,4,a6f16c1a33e91ba8d7581b2e04a87bd147714a9aef2790c7391c21bce1d1b42d
defa1cc,306,2,e2761c1654ecd73da67d6207586b369b546a0fe7b7797be64e2a2d19162ac77d
8ef955b,306,3,faa9546e282a1202da1bebfc934dfa20d6ab19d87e6c7a5bf4141de09ca4b183
f477e87,306,4,e30ab117dbe02baa028a273c6711ff0d82aa96b68cc7011b4575a9109d42108b
5ed55fb,306,2,1423bddfd97aec1971184e4f6069e543d17c43e92f5ff0a84afdd5289f3424eb
491d01e,306,3,a12e9034eb02349768ebb588c5ac167776e01d19359d2dc91f3544e69a6591c7
19d2d0a,306,4,88234c87b2e1534ba9a27ad1d6fb0f2bc782b9501335908ce2148ee52fceda3d
ad06321,306,2,4c565b85b6847f3f6f8b9657ca99425f83a160345e599d73f8362770f59783e0
a90f403,306,3,d6fd2c12f2bd3325d87dd83bc60102839cbc66ea32640fa6b1b23096c4fe8fbc
fb7c1ee,306,4,9c1ecf65dddab30b9005957c7b2929e8fa94aa846a760042ea98e64c4a51bbb4
9991cf0,306,2,e5c89fbd008e2a282ebfd0c96647628baef89421b2732ce1460c2a95503aa7c7
bc66a2f,306,3,755c04003da12af2de98cfe251d040bacdce2974c114f3471ed4dbbb9ecea45a
32ba187,306,4,cc6d9c48aa06b1e69c4f1b0a1f4af560de4e712d3ba22e135ac8bdd0203ee624
970d9ec,306,2,e7df6fbb153cf41f3a16df5aeb7c070df16b38c56528aad59728065749d03178
b768e96,307,3,1043faa37ebd22e4a7ebace0c7ae486f249fed9e26dcab60da7bef1235182737
29388ff,307,4,e12fbf37e98c3d402ad89a3cac53a665c3eca4c8c2bcd5aaf03768f0e228eaec
3523623,307,2,01fb3346fb2fd81297ad4fe759454f1316a751ec755fa21a0e0c1d3f858b6a5b
e224edd,307,3,1f20edd6d5c1b15cbcaa84d9c7fff7797b9dbe4ffc1aadd3debdc8d93fcd7985
98a1e0f,307,4,a1a2c49fbf9fe819a3964bbeb40f8fc11173e18414527135295bfa6414f9fdbe
70542b0,307,2,0d800c26ad7483cad77e18ca18c87d6fbb2eb1cf6ec2559fb8015a473e61c061
212f1e9,307,3,09ac4224755afd38b8df64e8301fa14a2b2815715d3b87f7a9d38ec13dab0249
cf043c2,307,4,00fe4e12f2ec694bd0a92d6f1a0c90bb8a953f33a3e25ce1ff428775ce6632c9
800225b,307,2,759ffe00b0c45e99dc3af51dc7f09a39dd66350cbcfaee65153cbd2cc15fdd74
6988e04,307,3,257a6a5cd8c271bb84fe1ab1cf7b4abb770d797777a9062dcfa560a7fac2d010
235ab08,307,4,0081662085b2cb822350396d094500a1f0c5d1edd8903b0e76d2cead83f5648d
3a41205,307,2,400c25630412f14b84cb3dc6fabdfb3195ea40aa73b403e4e5c9e73ebc574abb
c9feb22,307,3,798b4ad7c2ff9b95a4fc1558037b491d8664097ce4f52836a2639aa0f2b11dec
7e65183,307,4,59e3a03a601a18c739d0c510394bae2ee712ce951cb6c23d178b7928858c0c43
bc02829,307,2,38ed43485ec923aab5f708f59d045cb84c018604ea7d0591b56139703ff62fe4
c77359d,307,3,ba4ed97723065d2893b8b367031fc8d8f426fd570826e6fd7e76ef7fc1be7ddf
66948f1,307,4,be3b70e8bd2deed8d32cc196473ee086e0059aea1a34a1a59760078c5f7476fa
e2b3740,307,2,9443418a29b74597f10ed92cbbba6f7c54c2557e343a1b52f074dcc4c1f36459
76c44e4,308,3,7f4a9decbf9513d12759a3ae567e09e26512cc176dce7af464168a5da9ef7dba
9569b39,308,4,7fa67055832dbe3a3c53777e94a23ac5a56566640f90c6828bfbd66fc6bb8efd
43cb52e,308,2,caa4670a5a3439ccb074b2cf4719c42f7291cd0cd57b018d875bed9f27936165
ab32abd,308,3,8d9ebf04bb9f29e627c1f6e1bd9afe36c4f9247e3946d713b39303c434dea1f7
9128156,308,4,a093cf757f2a8e24169f5a1b384f188cc08c81bc632e8d61196852440e04aac4
2d9517a,308,2,e3dab82997dce9a11e4b59194be203a47a8c177da007d3249656807740a35690
5ed754b,308,3,dacb10155a266bd459275b608460e3e5cfb270db6b79d0abc71e675b23cf059c
1aa4ccf,308,4,5749d075e0702851691c54bd2499769c79ae40a1b83a246bafa164a52b20b8b3
a69b0d6,308,2,d7ba2688c39790b108635aecc6508bf1b249b16331991766ad6e7b98f9845d86
e3a9504,308,3,8f820c549515248d61388cfeee13deec42dbe3950af7f618c6fed1f90e765dd7
8823cc2,308,4,7d51d099946d8c5cffef7cc35885845fe80a11021a63a2b53d68b88e5bdfbccd
64947c0,308,2,85a607c597de5fd27d63b1cbd2cea04b2d9dffb3fc17a77789e4ade22de1ecf3
95030a6,308,3,c99d9d00c63371eeb28c7e88f3dd649f0ce4d0f0adb7cdb604e5216194106dad
08d4d59,308,4,2551a2ea921134a73cbcd2a0ebf63630c8a7c30c0c9a9c84a6f8ea4784a8c5c9
22299e4,308,2,ea60e5121c70347ddb449e7f6f2d85c455eb67483728ffd3fb3e7e83470d0b4d
7cc95dc,308,3,7d3eb05dde613eab744eff7c88111a68402e52160317dfaf39c1f0d2baff37a6
945518e,308,4,32f543942ebb2b1ed6ab706df24b04d5094e4d3009c9ce70350bca1b559b9bb8
ccc30f4,308,2,98a052327a0b5db78165b23c707c5fb4b144421889788bb25b6411bce445ca84
ccaa072,309,3,16b2c360cf1a42be4853dcd07293174fa93288e4014c7af405722b6a979c35fa
4d6b8ea,309,4,a6861124594394ab2fd2b7d07803e20d6b6dd67d3b9d123af55cb9a94d5f0e2a
218e1e6,309,2,135ddcb7c767d74557a304a21cf677cfb1a97260c2e22b11b51ab5c0c9c84515
012f8f0,309,3,32cc535e1fa4044c6bac61c35f4b5c3a7509f9782af72e739ffa3def4e543be5
b254e4e,309,4,22b10865f2cf75ddd9344866402e94cc285b0abfbaf4dcc68c00e0f7ba97ecc2
b4e721a,309,2,92b3f98d48f36d25d2e7fa39fd5dc2cd82a9414b2d80aa493a491dd9845255e0
06c92ec,309,3,7bfa6dee1648d514cd8cf0fff7f0a08f94ca66280e628b4b40890d8a65942c8a
e011069,309,4,b6d593df6ff249771073efb77261cdb1ea35fd2d3eea2cfd86d5e5800f84624c
96d3c6d,309,2,d451623a7f98f2af5b5a092950da0aac49052692c0df9c1091254aeb92debd51
151a2ea,309,3,4e1c001582a170fd211de34b37dabea0cd424370aaf4028bca508faa0cf480b9
644a7fc,309,4,1d2e6ccd575404b6127c60bbbd47aeb112279be36b1144fd0ba8ab691ba9c8c3
ec4505d,309,2,698c1e618ff12cb901c91c996287f6b57296e5c18a088b04e61f4a9834ec2417
6ea3842,309,3,475a994d2c20da00a847c35e31cbbb9a8e600190ea98b6547f9c97dc3a5a5c77
3594209,309,4,9cd94e8c2c7aa31ca5922018c60ac3566811d4754263a26f8b1a3ca6dbef1adf
95b6395,309,2,720d540362976855f815de680669eb094fc51e4cf4848bf5f59eb829ea232434
d1c17f7,309,3,4c69b03916ae0b13821966198dec56b16c4d98b16523e2d8589e5aa67763bcf6
3f4103d,309,4,21c58d91d1792b0239ca235d17ca828b94a2359cea51ecab29fc4ec1f1afb975
708eea4,309,2,0ad56d69f9863b85db67b866686b00adbf554047813d2bfde5acd457dd35a968
d76a09e,310,3,fe5366ddd71710b634f232e88d9a12fd68fcc6ddabd041bd9ab7b62e792ca541
ada9687,310,4,5bca77685cec9dfdeb64bc6bf2d6052330e7f824299589d500c0321d6c53ae79
dc5279a,310,2,d3b9d05b28984e9b1af5276aadf0efbb0acd679dcf6cde13c23faa8f0140da40
1b01352,310,3,72974a66c561e56cd815d045736c426adb037c55abe4f8550b0a7da8ad0fb629
703515b,310,4,da3f7d6e6fe033405fbb58a0bb92139bc9ad8833bf5f128df773646c144735ef
83ece0c,310,2,72ca1da89f96f498c972b5b6a8cc352463ae09ae925581dc99f26dead66022d2
c027ba2,310,3,d3fba6378632051f005bf72dfee3079152657eccfa5a88b38f7ec0aa906cd840
de0bb1e,310,4,96fd9a7fa7b6aae2586d29372ce7ef7f85d3d5592d2833fcff579b0c89c1f954
417a337,310,2,36265cc73613e3ec12886a7164d20901ab77a343bc5234216d547875e0ab0c2b
b7ba1f1,310,3,748f5424e33a0828fc1b90dd0553af297df00e0fc4e84a56ff2607b2223da9c1
e5efc6c,310,4,6d580b15038eae93a030bb97739eb71e55783c1d874812699d354ea1a29f8750
d34958c,310,2,4b525b81cbb61d27c630a4c3b418cdbcba9bc66243553ae73f6de778e3976e8f
4784274,310,3,747c6bc0fd021ad4d494a87b2f503aa4fbcdc5723fc6a1322a2c16fb0c7249a0
b888c7c,310,4,f08061d0928f053f3cd354c2435a67c22a7f2b47c24fae5daa88c0fb2864016a
b1f6d1f,310,2,776b437bd8821f0b90c6cca3fe4a013a7dceab756b5a22803135fcb9494f2475
2336577,310,3,251726a45b2bc040f404cc9254f2cbfcb915a638538e0c4ccce336d3eb705d9c
0fa92b4,310,4,5b9cddb57eb4f4cb8162759398316a0bd04bebdd280f075cd42c96ca7db8f401
a8a46d4,310,2,799d46a960cf54c459d410cbe4ebeed4d97be477ff71303a3072b4787a4cf472
81fbfc0,311,3,4fdf41d39d8175e1479f05f777f569acf946afe59fb442aff9172b3070aade4a
09da56a,311,4,ed060a855fe8a2a31a7707c3f9cc9a9ecbe041291278157e538d99254e9dc12d
7d860aa,311,2,cd4934079034fbb0585ac2140c93708256936441d6789effb9fe1c851036758a
1b3b11e,311,3,c97d0aa79691dbf7ca4d2010b711e88e100d62db700381a31ac132d9d61193ac
3d3a721,311,4,7afa515f294eac5ea09c60690dce6d8ee894797e2948b0122c7329c25e19789d
18a1958,311,2,8da93f325e3fbaf4306ad2859f5a26c1a694d15c376d9a1e2ee4247e6a920ac0
cca4654,311,3,0b3843da5bcd004662dbc557b28fce73da1842c9dc31ae6ec1ca7a84758abd65
cbee6a1,311,4,fda84796aa9bfc310495176250375269a073aa80f8228911e695f2ddb4aa5dec
d442169,311,2,c411cd72762a35119a328903eb6df905801b20d5acdf446c26623e42ab2538e6
5e9ef47,311,3,c1f2ff22d4b080a9ef90218e435029f7f2d0b35700ee46faca4275093e759740
4f1d495,311,4,15a459b935a86f6568e77faab14c8e6a4ef129718df7bef644fa62c507b9eaad
1f58110,311,2,33f317bab7be72bda1b37ef23551d8da04f0f4df8a138af0197c75e992a43a9b
f9da9bf,311,3,d8bcff12d13462d03d5dd3faff7cd181a1b6c9edb3b0fa29981e2399a0228763
5204283,311,4,e2f75ba26ea679e268a2d6254921256888319327c8b0ff33ed1139ba634de6fe
e6c98dc,311,2,9235a99e496e3cfcd258c7db85497ad96a2a21ac9410f6dc1cf33369c8e8378c
4393d81,311,3,f079825b3a81d892619b3a699f2a8de48a7d64a4c8a844362038b53db8492289
7a2b44a,311,4,a0ee26a06b9a3c632e8947eabb46b10bd5e04463b3b074ffa3746db50c90a60b
3adb427,311,2,a9f4c8c19a196592a6afd1d1884bdd9264c285ad7671a7e240fab0aa5c1c26fa
3fa6785,312,3,9127a759e8719de6a1823ec9bd441b42c676f7abcf79df6620387a429d6c87ab
bc9b957,312,4,4e875f14049a6e1bd61450024a0baf878e2f216b002ad80076304b4225d4637c
73ed5e5,312,2,e484822e4b5649d1c41c61a3a855133954579c0726238b66e811c718a87fdc88
e8c4fce,312,3,64c9f8e7b1cede605e9c6e9e23f04cc1ca47692f6e54b4fd0702ab548153a9c7
17fd420,312,4,788de3326827e174c67abb721f5c9472d8a8f196370ff175a55ac10b10849c4f
3fdaaec,312,2,4d5148147e41e4aaee34223cd7e65ec047dba9cdd344a538d6cd4c980e5f24b8
6e0d125,312,3,82dd5fbe5be218a35e67f1ebf7d305adbb0ca492f6da13ae70454ab5b94a5115
fabb833,312,4,22d303d7c9c231329a8599c34e3afb269f75cdc84ac839fdd7c6f7df9d403cfe
6285f83,312,2,50ce1df02431bcdcdf26071061f0efa92613635af5ade8329a92ce90bc63352a
b97afcc,312,3,7120b858fd73feeaaea0eff7230be4d012ef5df48c4878493a98fa762fe645cf
47d6008,312,4,0dfab801aaf6cadf1678c09b54efd3c6abfb8a6f15360a56a868a6b02881ea35
e939170,312,2,8e24986f0dd2d7535c1a023d626eedf2957b452d85e4eadecc2ff66ef93cb77a
7a163c8,312,3,9e6bd96625efe2fa71790b1b6edfc91c9786b0b97b8168523c4622d058755e94
c0b222f,312,4,f2e18ca0ed5d0d2817011eb14034ffe356b63c9841dcdd7afbd05a86fc99e5b2
5b1041d,312,2,21046c545aaaf3a5d91d4a1270cbf696c58530a0464e739670c97ad42f0d3cb1
1a0ee90,312,3,366771efa62685bebeeb83c24e0d58c376b6cb212a15620abf317b40b2ff848a
a3e01b5,312,4,8d8548ec88f41a32d7a363ebbe2b3d4ba9802a2680ea060c0f33a86e6be50e48
15c0b38,312,2,afea338dcd87c8e2f4252031b70eec0a605b0296862b31f19b4da3719e9c0cd1
a423c92,313,3,938bc2c4ffb0c36184679156637a0d564087e9e77a7fba40efca9e55334a852c
9fae4ef,313,4,0c9148dda107feaee2b3ff502f94f54bd20e883d002685ed5619b894822d98fe
865ce43,313,2,8e120ca0d71867f81821cca185986b340967bf285496cd1429a34498456604d9
b5d5592,313,3,7519b7a38ea72df7ea6a0aa2a16c63e5058ab14df65192722351ffc53a29dce0
5b080e5,313,4,01bbee96df01d65cd9ad9cc2365de17f80ae1297c430e5aac87706e3775e306d
715a7f6,313,2,b3afed9d8fe61654a467bfff236d43de0c4f7c68260ad133af83f007825196e2
c85920b,313,3,b4c6c7cd3a45afd76ff793b8a22613c66593acf6873d6a7e09b281f121d00bf7
7056339,313,4,575f7b83b7715566fb7203e1ffe18d95e1066ac4170f5abf18a19e5a8840a168
bddecb4,313,2,9abb7017febcb475c3990907471b4be4ab17af7e9af811664e5056052ccf5ce1
faf6ad9,313,3,aecc10beb35b92197ed3da5a5bc092112fbd4d3ae57a7c785d95607918381bb5
9454d53,313,4,4d78233b5cd9eed3d493baca0fe9daec18932a1b35c0f2dd5271dd6af8c5a713
4508da1,313,2,ee7bfc6d4c5bd4810a97a9e0054db5d5a014dd15855694c588fdc200a8b72440
399c5b4,313,3,9f995898c6652c88b6c81c0f984083c351d3dbda3aa4fbb8c1584cf9ceea4c46
919a690,313,4,2083f81fcc7bbf49f6151c4002e3430a2e60415577977ff901936890da013fe4
91dadd2,313,2,4a77b7c181535a885aa30b1325852c659f370c1541a6776236fda50f8f4d1d73
4667092,313,3,577c17b30f55515ba3b2f8a03616958a7eab7d0f57f419bc6b90af31979d36e1
301ae02,313,4,29c5a61630384152127423ce5c2d8b831eb83b4711534c4671658950380c981b
b137988,313,2,f990e2eedd937f7dea56684ec7b6cbbbb2a327c41a5c5639be391be06f4e5f1e
a0520ae,314,3,db401a5483a58a337ac73a6819e579a814d1b972f44bb39f6ea1a27453cae42f
de8f65b,314,4,2cc5528f700ec354d3755fab8b9dbf195df51c29559e618d97cc20bf3a692fe9
93632c3,314,2,04fc396e346293751c43753e983261b542caf1d952abb7a5598f9a7054de41d2
fc98949,314,3,766ba77e92883f51122aa7e285cf8977d3302b6d91ed93f95ecd9f5622760dd4
078c66d,314,4,3b0df89e91c709c11f9513db7ec1aa03383356653a2f3faa6a514b56d8253044
b592a97,314,2,f755811028858c16878457c7065377d7169d9e9ee63a46ab1a42577a086f3c67
e701cf8,314,3,a20b8811aba3a2fc8006c4bfd5cd349e499b36990beef0b75e082eca71c2e0a2
a4c474c,314,4,544c3ec0076d6e0543217a0c6731756460da778a5804b5752ab63dab1b9272c2
1b5891f,314,2,440e50dc0bcf6d60ae8a3bf269814658056139482f96857d9daa0b74a8d23c1b
3aed042,314,3,c5d0c6bfabd1dfdcb3666a036fce856f9d0112ac62218ef61cb18555280b01f5
acf3b94,314,4,78a7e27c7d9dfa7354bd7c56fc7586345ef0fc73cd5b4e1e8761e06e7c44e6cb
f5e157f,314,2,97098f19fdb62c29ae1022082d7213490401020f134ccfc7a3ee6550294501d0
8d82dec,314,3,73872a8163baba6492fab2813f9c1fc08be261516c860ef63488938e8fcefa52
edd1435,314,4,1be8ce857d146262395d160465ceef162b694069562a14323c370f9d3f894e50
49fc55b,314,2,4ffad3fcfe620a6b200d14a40f03f1820a2570aa6f2d963cf5d7a2143ffb72ff
074b43d,314,3,70b531046e08160da1d83dede91f6788404beb4d765b6449e37c60e6b29be513
1418cf5,314,4,fec71da6252641892d4197baf9e8f95546b421f2cfb47015d5f4b656bd875115
4009e22,314,2,db801ba3d3dc7269495c3a20646fe5eb8cb28ea0ba8474116a1d89e3cf821474
f0df78a,315,3,1b79241c7e8fa50aedc43d8d1b0a68049cc5d45a84050e89fce5760b7f4bd69d
53b7652,315,4,ed276c53169ec0a7a955e4428226e61212e5df796bce58d0c36267239758818a
2ebe52d,315,2,62751392266d3feca34d32738c7e2d22e12fa20b53a8adad57add7f2f59d576e
59b6075,315,3,64d246e3aa18d761407d7cc9dff7f2e31e2e81f56b2330303677f6f7736483c7
95abb30,315,4,9ee03d256487546c55e14c294a15318aca64db9525133e8bbf9db2fb8d187a59
4e0b72a,315,2,0070e29c7c2a915b2e92aa1f7165629e2e182421efd78c15ae937b2aef6c16ad
4c75b0f,315,3,43ca9ecf31721e28a5dc5661aa25951b64d8b426e5cda81e82c45661ba9e267a
ebb5004,315,4,f352af1046b44f5eec4b525ccd51eb2bf5f78b6a747b940c11b932fac377f4a7
12f28ff,315,2,85a888e1e8f6d465ce87b240202cc86ef098f6a36cfe57c256bf5c6e7ba37ec8
ffc11a8,315,3,d801e5f32201aa09e7ce67aa649bfdbcedc027f935e9349252b2f49367f1fd07
dcc56a5,315,4,70ace78796ddaad10b716ae310b6346987c7b51fc5ce71e43bf74f0e6efe0ab8
ec9ef19,315,2,0be82ca00f66a0b3995e6bc667f3a7777e4970694b421f233f6817a7d2a71240
7edcf9f,315,3,6f5a2177edb28faf9c2ea271dd358fdee5c8caf4591d063eb6741ae1a053cb63
7648ff4,315,4,2066e1cb79f803b3d8b89850d3d1d55ea3353c8d91f0078776c499c84bbe92ca
14a8933,315,2,9a4b9737e19a4a4838e240a5b19a2800b4b87850a1ccd392f07457e11434ad1e
9300f5b,315,3,051e2faa0dd07e644713fd15222694dc1899eabf88fd6463806f6abf84e3c2f0
2d284ae,315,4,c49b90ef55901ea04a961afdaafec9b14bc2deee44cc5ff4347687f396368f76
b7e84c0,315,2,4b573ab06b48a82bb0a0545e43d4594d8b3623cea1ff2c849d8017f0f5a111c2
d7d0216,316,3,176e6505e9591df855d4a975df3fe7b7d01a15d7157f69e2e7a22ddcaafcac9b
87652b9,316,4,8bf3076d1567c38fa5c80a809ccb86e36cc606282de8298c3a28d1ea5ea05633
0acad9f,316,2,0d993bf2c2c9c16eda802f90e32ccfa173a59b50afed28b9d3ebf1129e3727b8
71956aa,316,3,e4e76b50fa4f1c4af2052b98059546290a1be6560e7ce6b9ddc74838e6f30051
04dbd25,316,4,ec3bfc322d65a3cd52c7086cccceb00a6ac1d79178f4daf8581ac4db628f61bc
56482fc,316,2,3e10675dfcbaef4fdbf10783e64356f055c3b83352c37bdc113c492da360b5bf
c62bbd0,316,3,1d405ffa8d2ed451dc8cdcbc7637e4df0255e7f810310cf9ffb43f50c0c74e4d
f3cbad7,316,4,83119024dc9ceb0d224e4fc808fb4ac2dea61e7d693bfb65e555769ac040bde7
e6dcd5f,316,2,6a39eb8a50cf33dd607ab83c982117f81c65d73e8921f7bf5fffacae58a70e3e
e02d657,316,3,747c4959993d3c09ac364b79459828647133d4cfcbecea2091bcada941b4ea8c
0f247b7,316,4,87fe7834491dd95129ef564167254173686956fe2176ed1f9d06bf604bb78172
09c97ba,316,2,8efc28d0e10bdd90e33d2cbdebc5e73ea0d5969bd6e7fe5fab090faf233d5baa
bcff958,316,3,db8f734df923f595e91f9adf0d4d5aa0d751c1bee21abc3a9f93f41a266c3aea
31b73d2,316,4,6382d8bbf23bbd4c90c7f9741609ae3106df45836e94ee3e74ec3db7a408a5e4
69f6608,316,2,def8fd1251c1063ffcdb1e1c068d90fbb89d16bb332ef2bf3505a682fbf26bd4
81f64b1,316,3,8a739eb9949597da6185ada37f5b9f0b1380bae9f2c63f74935ff670364a4814
8d7747d,316,4,27eeb3692bcef5d7415f53241baaff5cd91c781da1500b03a11bebc55d1493c3
ca093d9,316,2,cbbef2b092963be4ede9fca22ac3bb73d7b84a6b6bdb89ce4b0a6d7dcde172d2
4f86aed,317,3,f73a1441d5b19f96178ea6a7e13b5b3780abbbe25435f8e3bcf1e09e3331f7f9
52bab68,317,4,ff0f50333b5edfc8dae8989c7ad6a989654d0fb596bb429faabf440796deb986
d991ec4,317,2,b4586e64ab2b0a0b0fc29013d9d5b0318dd04394b3962c3f188b33b07e970d34
0502b23,317,3,3b5fa435a0a4b1edf86acda584cc4a6c47b83b8965f847da0e378b73c40cb4bf
c579dd1,317,4,881af7c750a1037ef1626dc48ec60475ae86ac4e5f620af821238eb75545368d
495585f,317,2,8081dfd933ae5122ca9d3106d2094ad967547c2bf8fb4c16aae42b6e7fa24e56
21c32de,317,3,f591d9ed44ecef086a4fb0740eea9feafab2d54edb8fc7a78e1faf3566fa92bd
b5a3a7b,317,4,15f8f2e5d38b52f42b932c8b16f3c540a9149d4c9648cf58c3d8be65b5b9d224
f4ab62f,317,2,363cd9184cebd60017af6ee71af805dd02022f030a5aa69df5d8b56fd6dfc25b
ea918ff,317,3,5c36b33dfe52b5722944994b122280db8be6162b07c91aa39b6ba449e297e17b
11c2627,317,4,4c7c4bc3b7ebe371296eb32345ca659f67324291d475a2f82baafb97a6049230
fee87e7,317,2,5b90a2fb7e947f5a2f4327c35d8f1284113e29b20e31b7b4beea4be5ca97189e
84e4ecf,317,3,6f689ad8ee4b0c11b4ea844f80dc1eef266020f471b54e4ecbea8d39433bde87
6688c12,317,4,e499eac412544927ff93d37b31f3797ddd6f6f250c68a948501694b912e85d71
2956d34,317,2,e38bfab095c9f09a56e39cd0f44836a53925b6f448a33df3ae183cb9ff5e00c1
bf2e7ce,317,3,0b0c501f543c26df4944e49b8dbb3ba50c6c3d8326b1fda8e8ea36b8a1422865
9e404d4,317,4,f964f0c5058b25d27ee78fc56b969193f2c073a0d48503416b3c605313a426f0
1d31ebd,317,2,51dab7c9c0a5d5dc5dd1c2fcf727bba79e9b0ac7c4b7d4a3e0edd459302bbb18
bdd54af,318,3,8f5e41e58eb7b7b76ab04b63dda259ac27b3818344e11a69a894d86f05b367af
43d40a3,318,4,45f3d853e266176888d6ef9b9c60f27a4be646fded058abe83a6df99b2a6fde8
1ad3bee,318,2,046f45c3c12e7c6e84984fe60f2a7eaed45b78329b69382c0e03111172801a7a
926786c,318,3,d7fd4c0d0cf30a17ae046c028de402c212994cdccdf83092cab30600e544e94a
8ecb00d,318,4,611c9267fbb2279f9af33011b2c39b027951b3ab9154e34b57e6c3a15fc3e209
c2216d9,318,2,9b46a76159148449fec768d1080d7d2318831e40ff41f16f333859bf9a5b426c
191f22e,318,3,cbc868aa5e20df19feaeb3344407094e057a099158a70131181b0ba6d1ff287a
e5f3160,318,4,4d61342d3d2521c461037784c57541d5caf93d50493fbb753bb46e1afc0277cc
e63e0bf,318,2,00e04a3f9028743db08b5883f4e99dda10b75550343b28cb14c105091ec8db9a
db14072,318,3,32a6a9fd79c47026ea3a5146cfdf5c96018da86568ca38d2a02145e398866a10
00c3589,318,4,d5033a85af3f9799d14d3571778c13c3ff38d9110c9fb159cb8d9fad00cca92f
29aa983,318,2,9765be9cce20d6f3159801bbfb28d7382f5d073abf9d373a079517cdea9e2f26
142fbeb,318,3,d3309b4ccbcc41f16a95b3d0b5faa390d906992bd5d147b2e2f3eebd28cbfaed
fc028a8,318,4,ca64edca26106cc8cee7126bcd3ae9ae66660081f767f0dc39c2cc1862a957a7
dba5c50,318,2,428d1f627ac81c3c613d1d5435d7e8c37997ac8aad1dc30792a2e8ad0fea4049
2426a90,318,3,09f66df7a10e85cddf730f7ec86aa48a3ab9242e9d80924395d5e2844e47ed0d
6fe2f23,318,4,5d370e88c7b9929ab20eaa4994f002bcde178404277eb64d7c7126c1d95cc926
42c06b3,318,2,1b923303f584a4f4a49cfdc05aa549cf98d6f1d4525d7f436b7fcf74c98c3867
9a371d4,319,3,446648ab917335b03981c9ec27f23d10484408ca0a9440307e1b8729ff937cac
d3da047,319,4,10b94d7ec443b11535adbf6072047ec7ae942ae55ef07bf4fc3f7aaff1bd7de6
9139e3e,319,2,b9126e08d73f8138230464885e6d4a7777c2f8cd4b503bf6c2a9426d43ad180c
ad980d6,319,3,ccdd7274d170ce6642271c9d8681bbc7540e1732aca0fa2f7338c9934ab09947
8e0ce6d,319,4,a21b5464a9373607873559a1ac297dec59eff6ff4a77871dfb31126ca75ef611
bd5b950,319,2,9e2471c77a24cbe2e073322a7946531c580c4d3a623a3fa7f8ef30379e7b6b8a
9bcc548,319,3,fb271c5d474a72c2e1f2fd3cb4f815324c9c94f7afc003396ac694f48ff45790
d535c1b,319,4,445d3df0313b1c96fd4dda2a3abbb532931e8a1e1a10087a1086b7fd7fbce839
5649ce7,319,2,2b8f3f0de83da94def484f97f7d88fa46dc7b3dd1732b6bb1e716066e205d30a
8a97609,319,3,cb2814612e7fa9f91cc86183ed0fa3d626ee943984942b6c50840c911e89fec6
fc31f23,319,4,6b8a06a8f4dda44379066afa6aba379b159760151fd7a15750702539960f120a
551b327,319,2,2a3552b641c8fc1c38f2c9c3bea6276c64085810d3e130d47b21ec180e0aeecb
6fbb921,319,3,a5a2a2317fd99aa87bb2f0780de9e95916c1c55b551fdc1344c6b0e1d919e8c5
dfcd14b,319,4,0f401c8f53bc9ecd185fed7a2192c94dfe69984ebb32d30caed3195b19e6ab63
8048856,319,2,93a48452c92f1f3fa14f7de4f6fb5aa710f419df2b607da6b95a7dec17153d44
32f477a,319,3,dcb028bd8fc1e2249bcb20ad7d0c8f643b754c6d01d25b51f708254b8ba2a900
290c870,319,4,1863a0e843ef19921807a2aca5df67b09315fab21379a376957effe20201f31d
d272aa9,319,2,5f121f304f901647008e63e70b10d0f3f57b47dd791873358a29c90ff8f0c07b
f4e8fd1,320,3,ef8069b3a584fcc1f8b21a03da86061a37e547a308ef10f331acd865c569da76
078120d,320,4,2e5858eaebb14718942ecc0f78471c626dc146860ef4d6b4f9b1e91344eb7c1a
0a94ac7,320,2,5f6585ee8cb662354daa82cf9d7e5d9c8c109d4dd3e2af21c2813078cac910f3
faed228,320,3,1020f7dd0345f486420b1f534aeb983b3f6caa12253b7067f87d5316e8c45f4d
9b11f52,320,4,34e2529323cf8d092b8f7d66ad96ee8a9e8a8aaada97becaa66a23296aacac56
96c09c8,320,2,94406ac87b63091122fec1d5d11e14eea3434281c71a936a023f160b3eedacff
9c1a3b2,320,3,1b4cfa5a41f93fc2e20017e8db3c2233c5363178f22b7240747bb2e59cbf2830
6d7f8fa,320,4,a6e5c905b6d03481cb5758b3416b338756f54233c401865dd21e8d20882dee45
6357fcf,320,2,0221da5c096780de7bb0e61cb60b03187ac00860ae528f3d8cc8fbfd2daeced8
c6bd099,320,3,0cf823d8ee2141dbe3b3e7750da4cc76ae91142ad759fca214d3a2c348f5aced
0975e3f,320,4,dd45f49487249b7bbb3c8dabc67a796938ace0d4a8d9c85a412dd331e1811621
4f5b050,320,2,bd2035fe45f894ed4e17c84b643832bc23d70deedc152a6abf1d4ae3c51c53d0
3bbd49a,320,3,681d4b34de93c222932c7790b34abb4d18aca23a9c211eb0ba8dc448c1fcda94
b27ae7c,320,4,9b53e2cc76f424ccd3e77810e2508c8bdd76c0f405958ad1124d6b71bf0078cb
fb768c2,320,2,2b4a1cffc571ac018fdd488134fa88cd1ec295707599a381be58e780f374f7d0
b6f6276,320,3,61a40a4f1dfcdad739d0340e051c052352fb5626689fdb7f008ff079820b8a78
e3f11a5,320,4,8e647d8ee7d129d433f5d46ab159add9821f9bd43800971c4efa384aaeaa8539
e265aa8,320,2,a6cbc3034bf6edb273a8d85d46658e0de33e0a591a82b12197fc2f0ac6751222
8cc3b1e,321,3,e79f6b836d59da9064a9dcb7630b96c5e039c23cad50c927815c0e567c46e02b
0030e86,321,4,559ee480d7474581a61270f43b3e80c9c7e439d9362b08d81b633015b955a1ae
2c7d7f3,321,2,a2e43c8c0ad3ab656faac80f3198fb05c335fef7add78b85544a4e27380d3622
2836518,321,3,a7a7750080dcd32455b8793b2976c20ffeada345ff542dc2866e68f68a7c88d2
a0412dd,321,4,83bd2c9a8797708e28ef6accfec8d42a9dbf06ea7ab91051718ba9b7d0c31ab4
90ab0d6,321,2,2a4cfeaa64877d2f3087d85baed0675a420fb6d4152d1051ed283be7b0bdad0c
9793146,321,3,b41f750add38faa46e3ee5d0826985ad065fd8785daa282e6ac57fe61e95fe0d
4d6a8a9,321,4,9f031563c9be3622ebf99807c8739f1a39c818a041f20885eaac5d76cb52909c
7354440,321,2,d7c00c03f5f1cad5a5e886dd9026c7e649466c210d550d6af33ac57f166dec7d
a2f716b,321,3,c5755955ea80830735aa280ed290453ec23f1f8cc1d535c18a2cc41ed2f2ebf1
a987cd3,321,4,40c6e96d609d3b8ff13728621578c5a2187b1e117ed693143a9f7fd1599fe1a0
3e0eb38,321,2,9e6aa84ed20f906d8c70599b3398c1cef9dfccc9b047fdf658762ce5c64532a7
185b9d3,321,3,6cea21531bf4b8cb9afb8c14b9031de8c1d8198594d2ef59f6273e1dc35444bb
0f51dbd,321,4,a536ca10c9f9a7dbb97c132edd1cd1ce54a35ea987b7d5f81367cb18a49106d4
2b34eff,321,2,8e9265559f141d85c4d51604ba06f05f8b905336edbfc4fcdd612083ba4753a6
b6da4bf,321,3,38bd8acdabe23f157f85eb2ced0d5db1fc50f2e06847cd20bd81bfb99ff8a072
8a38ff3,321,4,096dcc78dc61ff41be0551c47b68e9de86fd8dad423d2d12d3ee382e54cb9a06
03afc1e,321,2,078c6051544d3ee338dfcd64db7d5cc3fe0713102463a3369d12a6fc0929e84b
5ba51c8,322,3,fbc53c5c88a3e0c357ea717be3a47fadddb6906957acff89365f88e44cba1bfa
e5491a4,322,4,e2db06f5bd5b0f832542eb9a688ab0ed227684cd4485f7641c61d817aa0e9509
165ec3d,322,2,f93acfad50d418a03ab66f80c8fd6c03ea8f4b719c75787b542e92d4c65f3a41
a3127af,322,3,1c493340fbf1e07de69ffe7f96841cd2b749485195331ca88189d65d5e551bca
1a0ff6e,322,4,113e7d1d00dc6982355701cfcafa31bb2027d50fa446109a7c01dd5a62ad1560
831d17e,322,2,7bd470ae7d20b78141db11a50e0f3a958972472d145945b45a2bd58ded1e3cbe
46fa387,322,3,208d15bb820ab08638849a4af84f0690232988c39320e42dbaf94bf231237fa0
c37ca8b,322,4,8761d929e2ac1400775367104832a87f2b86c367c7eb2e5a3b8841158d79b4ca
6b49ba5,322,2,2334151bb072769ecd199625cb231bd2db2765c2150453d96e6f3cb3c172f7b2
8bf13d5,322,3,442ce1e241255aebcf5f64ca37921197e7645cd418b981942951e6c2d802f459
6f38e1a,322,4,435ea9e776dd0ea94b446b67b42f03d32b80720e5af42bd726093cca1d48fc33
ec5396d,322,2,cdabe284925de0be845d7280198f6a73a2288d67ccaf679d247f4f86d20e2951
d46b685,322,3,f4901c4fda5390425342350f4e68435ceca70e6b1ea4881519e81af42000c598
42ad70e,322,4,8e596190f1df6c28292d78f880605d1035f55496b1b00689bcc1391310f032a0
41ec8bc,322,2,5fd3411ae200ff04e200e78e3a402d4ff0db53369541d5517443114fa5a164e7
6702efe,322,3,c91d56705e4a624467da0b3d966121c6387e8b17e89fb9a398990d6973820bf5
d286ab2,322,4,1d11dd88c9c89ccda20d8c0e23a57cc042e233f975ed573d63cd3c022db2d652
ea5e6cd,322,2,6d7b82910755f195490d1ff4838be8399c6a0c33057b19f13692ad692f141bbd
d018ccb,323,3,f64d9eb247e6aa87e32bd442a77ff0ec075bf668989d5473ad603195d2d0db7b
58e7768,323,4,1d5490a4ba58fcf20bebc22f91d353305ffd1595b27e5a249d20364bae6abf0f
33a2f77,323,2,1d17d854195b08024e2fa45bd3eb4483ce54bfd3e63765ecc2da4c59d3554f67
9cbf6a3,323,3,839c396c9164df6a8524e1b05f92d4198b5ff2b34e907f518c64c69106746798
91b555c,323,4,743d00f03d6eb66e3b76c751037800abc30bc4f8e80515d88e9eb747aa4e8591
a196efc,323,2,601e42456acef30ea1ddabaebdc20ea49be2ccfe1dc77f83258f28c795d2fde9
557d939,323,3,5f7ad2f07b547c05f1b910ec831cbc518abedbc3f97249b09e72958e8478a73e
883dcf7,323,4,27a47d846130ad40edba95a7ced04266c935fe3f7343894723dafa28c70e415e
a5d516b,323,2,1a823590532991735002352ddd8c69899a024f23d269879335a14556e46f2511
99038ba,323,3,9cdf8bb8b159097f267ac4595bcd388dceeef1556bc43211e975497445474d77
dac4eee,323,4,840e637f5f0b2cd96847e8356499b47621aa5ff6890ce31d405af750c88047a0
f11dbe5,323,2,8e553e7568f1ab00aef09a9f36a337b8a2651de9eb77f255e0103e47806a713e
97e89ad,323,3,10d5afe802cf0f97ebfd08ed2ef1783b0e65a0e0e556190ae092b35ecf441fba
f9ec677,323,4,9a322ef4366919f117cd4c8e978a9d08db92785899f56601d561cf8301e521e8
c61a6eb,323,2,b156e00ac3ae624152686bce6ed0f23ce36beb787ed03e1eedd110b859d275d8
7777397,323,3,fb148d791e9e2ab920b3f7e33d8621c0dcda3e48c16c75402b755dca1f5a2ee1
07cd836,323,4,15d38450cf7c3ae289edade4f0aeddfe3150e88e74a3e62ba8592d63e0ec8dc9
342eb36,323,2,651cb2cd1053eb795f310ca0c78ef70f390725a483abf2fcbbd6a27729418d26
0c63220,324,3,324dec6025aca2129656790525f741b80dd4b1844c9a83eaf137531417953bd2
3f198e7,324,4,e01621cb41c23616e7a2d574765e4f2413de9b646ca5611211871dca759ec60b
81f1656,324,2,17b91deffe59d33ff70e92bf97ce686be08e522200b5c9b20eec27fac84f20a9
1e48979,324,3,f94d68d19fa59dc686e175a677504199f30da6eaf2ac01f89bdd2e8d942c3e43
2169b0a,324,4,15c4f893fb76215ecc9ab785d0dc779f7e72e9d81eed0b63b847e521b60bfbdd
01247bc,324,2,ce1ae91e7e0ca34932393b2b19b9234f4f68b71135054f036ef1dc31a30b484b
dbb5b58,324,3,f4c908ba5a7d320ab54ea5f352732d62826dc0b1b054fcb75076ed92458af9a3
9b84ec0,324,4,4c6bfc5d620b3eec67f2e0e3bbcea023712282671049b4b235855e9e831a3fe1
7a8028c,324,2,2ec4bbe0e017aa572bab80d7cc3545955ec9d28a437f14c964aa54169254e782
66209d0,324,3,06480194c4945a7ab4882112b0de88ba92ee30416437f81ff5313359ed496b5a
b1cdbe9,324,4,b7fba0cdeac94cc604ddc337db8e432651eefa07fea9a55b848d2be6878c549f
399db9f,324,2,e1d1de36f42d2a4acc6349cc1672e72718fcd358e687c04077f9249fb563df0a
49e51c4,324,3,6fe83228f11b6ebd96faf6312a212ac3a028591f96f94a28e965d9d9187f0d4a
f37b69b,324,4,6c61d67c9b7b61e221da0d9b2bd81ceee70786331d5ba4ef8366f5a30edba719
7e6ee52,324,2,984105bc6e74b1c4cd12eb74eeb078a6d804759af041f90264e8a30540159353
edbc542,324,3,c481d317239c37aa3309190d60e77344f435216735e61c9f9aa3ab5d4ee3878d
353bc5b,324,4,bdd57eec73b79bf4f2b5814e5fa21f75bd371fb676171b2e738c8ebb35baa68e
6953953,324,2,7fba5937a1a2a25d3f2d3db9fd9fd9e7ca74dbe78b580bff44ecf2f0bc44294e
338612b,325,3,1029137c61cf69638a7dedf3cadecd38a652201c485da2b2549eb3039909dc57
f454eaa,325,4,2dbcaeee4eac50c12358ca445cb73160159ceb571a46a9c8a96a5c949c6f23a6
02ecf18,325,2,66de9d32d4d2cbca7fca41047d7d86ce43c895b95848807313b54885133522f1
ecedd1e,325,3,2bd9cd56e2ec8d843b76fc1371a2c491b6120aa20d915fa5e9604eb1c3a6aca6
a8a3a35,325,4,19ab362b9cb77396e218ff11f4e697b1b3ec22691c01de3a5b0baef65f672a32
f527b86,325,2,c5ffab8ca573c60f5808479e1c5b3e478857c459681886ba6eb4ef66dac6b754
a0ba91c,325,3,5b8ff04b52ec7cda492e6a11b67106fb5100244c66e04c9cee68e564d5a90660
0ea1c1f,325,4,312d95ca7afd6df3f11dfdaaa647c2d0458f362650f03a17988e97efe46306b4
7775977,325,2,c511bdfe230f34153ea2b187a8117b4a12ea65a41051c27075db1df9d715877e
0635458,325,3,322b19d15cc67deffbf3b73d9564a36109247948d1c5b5ff6468a1670ff02617
7036f2d,325,4,4b88f9ce90cf7804627862ddfae57fe8e3cfc3057b2c7ab0180b506225ede117
04b6e9b,325,2,96d6a7950f77bf1b368d8b67aaa9666c9b5f8e535abb94dcc02f9b0e8c1d3813
c7930e4,325,3,5c5611812a43badabeea5ea7c8a3aff24984c176b8d7ac0f1a729980ec647a11
481b61e,325,4,a486b6f62f8952eeddb0fa26a766fd232f74fe48a13d7dc75ad109e3a251fc3d
eb828b6,325,2,b42c48dbd5a0f61a8a1f4f2edd5678e7de3e71f1fa3fe4e0156606577e7e7c43
7ec2f7e,325,3,219a28b127f77a2438312bdf1e8d27d6360652b17a92a3c2afa6d084ce4f3f13
073d5b0,325,4,cee6dec02e7bf071faab642592998d7b8be655598a028ef232cc240315e3eba4
e9538f2,325,2,6c83c76269c811cefca15d6fed0168ef69e641dc67a6cc4e9378969dcc2b4d30
5829766,326,3,96422509e8bcd5832be5709e38928b5e842e0c0b6d9cfcfdc702be2dc299c015
a20d4fb,326,4,75ef305cdbe3fdf15c6d6795bc5afcf23a9f52687a103f1b0183db789f77b616
effed23,326,2,0102402f3afce400dae86158d47bbbf191ac5fe19cd0be5858be349552431944
d8ba484,326,3,11cbdb4d46d56b4089e6e4abfaeea6a549fd400685a03f4adf26f6d71fade492
3786747,326,4,b772867dadbe9f8eb3951d268f7b5fa1e456ca132a06cd53e1c822e90cc9e932
d298559,326,2,0f28802e42ff2f2ef0252857f97b421cd271913e8391c9dac66f189f95ce2171
9901256,326,3,e8d3a0f2e3716bddf50e3791f30fad85cbe446853253bfdc13177b2a436f3889
bc40edd,326,4,c89ac7ef0b7b7c5b70ac278ce8329df35ce01b84d2d9a9f9dd6dab881f6fed70
9d26da6,326,2,5942400bd88cda8d09208c87284c138fb66a243a7a057f2850ea1773efd08fc1
52280f0,326,3,ade032c79727b470705ce5a85ab35595accaa4eb9606904920439360126dc400
d5b5a5c,326,4,86aab44f952af1bebbc33327a6b193e04fcb561eafdf1f87a8c664d43f3916c7
55214d4,326,2,3e58346e239f707a7754adb607c10f802abd5717ac2bf7fb36267bac3a9d9419
43c598e,326,3,f23b8eab4e8203ea513986a0a036cbce07ad3fedd125cf1df889e3faf4c0cc39
9540590,326,4,1eb3fb1bf08cf85c9818c2ebfda7abcbede5e65b2f4f63574bfbec51b382ca14
ff4c9d0,326,2,7ed1905e570dd4d54b4d88fdef210c1cf290ee1497a4dc4cb4e05c93f0a689f1
add5865,326,3,0c9ef0abaf6799ac7b6a4bf098cf26ef3b6bcdbfdcbbdde83e1fafbba5c66e46
581e39d,326,4,6d8aa4c3d17716918015ad3fb88a563f0e953e6ca5017905ccbc0d62ee2d7ff8
a444be0,326,2,ea622373641077ef7813ded4e1589daff6fc4b3839311cddb792916f23b9be0e
e3e72ce,327,3,7625e0a0e1685fe7bb3b62f5156cca864b5e8eef5512f336cc1ff2f9600478d5
1c36085,327,4,4ec3d283e8d740d252c84d614f871823e374777306394092a4581fec043070f3
64e1918,327,2,490f2009cec291a7cf2467d6efc6a73f4b32d16ba73de2c24f43fdcb59380fed
b9a4531,327,3,cbc910f2798a498a1e52e76d2332b97f0d3b2ebdae2bcd8462500b2c87f82ea7
f53b37e,327,4,adb3bfa4920245566033df00e5c37a6a111848128ba10cd45c85332e56cb1834
2fd49c6,327,2,24df8f75475221f18d22cb7dfc86a64e433e7bba0ee3c78b370105bd63892cd8
cd56bc6,327,3,e9a7407065c7df1a4cb5df6f21570fbac527ac0581f990ec038266c77f98e526
91ad483,327,4,aabb2fa989dd3f581c69d0b73bd82806ffd61c781568afbd5631e3845cbe8718
439e4a1,327,2,27b6dfc76e9db8eac703af6a0cd540031b8aa9dbd5eb2ae015ef3e394254d76c
04cecb6,327,3,059e367c3b3422c71c76d58340be829477530c6091101c842f91a3f6fa9fc735
37e110f,327,4,771189cce8fc5b7b4c29681fb89c47245d621d0adeff24955fa9ba79a112e232
3baaf6b,327,2,aeb8fc447032912773ddd27ee2d6eb41ad57e89ed70f3e0742c91b13c0c6f7af
3def10f,327,3,f7886fdafa5f945aff267919f7d9da7feefd87402e5b18e4d7c8d0052bdbf3a4
fc17862,327,4,8067866afde2fdc0d3946f39c7ae95757ff72b83ad33ad70c7b0fa70a2594b90
d737262,327,2,66bec5a0019c99d53e0addbb187505f5d0448cba169e82737ab316c44fe4c33d
cb7624a,327,3,caaa96abb2b31c56a807a5e6b4b98bef79aca0745807cbaba2d435321a4e9806
f69ba8e,327,4,4aa43e6905ca575d2f108809b9fd2e59b3e8b8c0d619f37f28e641d948b18cb0
2b41246,327,2,30f7ec99b4546e603495d9220c0cf6c10df2d6b512e0aa657b70f2f976a9cf30
12bbf33,328,3,1c1e43da3f49f608da9c888731775d9c23d3d611ffbd9ae69973e6893cf92523
2cad978,328,4,4002cd19de6e33bde00ca6bd5499f78bc6cfa001a32fccf7b0c1c33cc8250b2d
0e0ef1b,328,2,0ecebd175906e44c71bcccd51a59e7b4875db612c1cb849a01f75c409de29190
d8a6d62,328,3,e4d196d342d3fbe76cd5d1b147f29a110c076085ddeb4f47d67204621bbdc6cc
ad07e4b,328,4,b7529363b76596e3a017af773e9c554fedcc3bb12ecfb6c63c1b82b53832c230
025d46f,328,2,3cc6654d071c927fadfa14483c8cbae13ee43f6658685abd67831424934a38f7
8f9adaf,328,3,71959ae07f64b6c51e6d65e1a91dcceb14daca9bb1d2a7c63b06cf981b30a25e
d51b27c,328,4,10d32f2b603135ae6fa6466e8d57229178887039e0b723883f8003d96ed1a5c8
bcf6955,328,2,4611c0bea3b18cffbfa33d50668b682e49dd933566e3e7b3a4740fe0e6d14426
165492b,328,3,79e76ef2147227e1f7b7b2c8cac0651068a63fc0ec94b5a37b5beba6a9fd45fe
3986e5a,328,4,fd2b2d5d633cfdbb0ee4d90ed30da86067b54b5516f186722038f77df5f0c9f4
9f32820,328,2,a63d3b68c00efe8ac02f446f84dfadec23ce12aaa98cd00878efc8c5132cc3c0
d65c27e,328,3,b5ac58109907d719642d0e685cc2f090fb4b478ef892651fcab47c389cca146d
a3f6028,328,4,7a6b658ea3e40c7eb5493a2fa66b7981376ddbc3f2c389a7d365e24180a9c5b5
9d48040,328,2,72e842c97041971698f6fbf2b77e3f03c9aa0cfb2adaed87b19ed8db81b76386
b0c2363,328,3,5f90ae1fd210476876c2c44ae9d9d53c7663058582a57562fe5c9630c110f3a6
8b68d5d,328,4,8826fd89ab9b79521baace360d2e7fb95c40c5095a8b12287c3c81b6bd850060
fd4c8f9,328,2,1d964671272c172706c6503996668f99f3d0552af5a743c8de20bf7a190140e9
2c8ea49,329,3,225f6748e10eaba56421ff96282ac2611c54953f84f781337a9b3e9d751b6344
b06b493,329,4,526cba2d13872dd7165b2b7057852dcff416ea9d5bc2040578f9d2a17073dcbc
ff96497,329,2,319386b94b71e58e12d7b2812f95b127c815efd38d5471de2a18877de6d36480
5ec4bb9,329,3,4fd76c43e58bf563997dc6d9061f162eb05839891cf0cb8c394b8661cf859e61
47f4d37,329,4,dcfca7028d2eb232e58324312c3d946dfd1ee452e7724903e3f6e825ba00384a
a7cb7bb,329,2,5f6f58f98e1e857b8c8d1a25f089632c67623ed39975c87b0eaa865147539867
4369929,329,3,e3f9d16e9c7146817b1f94222b211f02020cca533c13d7a35c4d64173e8b65b7
f847d94,329,4,f6462fa3e80f5989beb33bf036115c5f4fbe55df220266a3fc5dcb880f132c2a
85f4c1a,329,2,b2822d6542df821499f17647d72071241d056953513222ad8a25998b9fa36695
cd9d88d,329,3,4321649335ced25f5498802eea15efc8c52a479e5b410a2f76a1867b35330459
2af05b5,329,4,18d986f5b58cd797bb171c666e9095bf433ee69db09cc822cd11a380fd6e54f8
19518a6,329,2,467b79362b1a82f0d4ba5fa58a7fe57cf493b4dfb6beab492957ee6212b6ada9
8133ef2,329,3,e0baf581d9431de2f53d8618cfd0764bada28dd4bbbc62346a736fed869a91ba
5d01e15,329,4,f5961af93a2cbc5a09d3c76f675b7479742c8cf9d9b8e6539687d1aa2a8f7c40
5579f11,329,2,d8faa18ebdc03c678115dd3680b4c3e411a2bc88558eb9ce72ff651b75cf2dde
f0a11d5,329,3,02068aa19b6e6a2c0c58ab022537c2b0cfc7cbf49964789ae3978e0749b7d2ee
bedb191,329,4,e19b14288d943e3767173b4c9c98346f48bcf583d3ce3bd86ae8f78437faba11
5c7a06d,329,2,b321297a74f5b36f4859e75b66b9bc716767c9dd013d1815122d39d02da919cc
ea84dea,330,3,5cd0392905aaaa226088ffc5fcea669a40b46c6a41f0a927008bc0d875f434d4
2bda011,330,4,00f98ca35c63ff939b2e9d5f5f9b3b91263649be55430ad8b345ce9fcfb967bd
705b7fb,330,2,fff51635acd043b63aa982597530e18b8561fea761940be9d92b7448a2b82486
e00a88d,330,3,9b5e2f865eaffd9aae7a4fb4a8de9ff568c027da87c890197a48dad5300d13ce
19676b0,330,4,f8debfa90c9be1ff2eb164ba53f2bf44daf3562ea4c120e55280c432b544c46c
7819a73,330,2,c7b6fa8bfd0fd779e6522ecaf092acffdbd19d221d1433c6b604b1f7f6fd3041
692b1f6,330,3,220f9bd487b30b78faa713a7b2781f7293c4ebd8ae9934ea15be5d2e75ec2d45
b8039a4,330,4,7a8aad0167068639d5c43c80c21bed6a29262dc0a0cde31c741fdba200f99e66
2565613,330,2,c2f005870985141a4ee09450bf9e558b1b84bd07ce134c115bcdc9b21ca4f5ae
cbdf284,330,3,38fd679998d86261a0bbef34bd06e5375becb483c145b07474dd99974c2c35d7
f8efea4,330,4,a870ea282660260688d37a4d220e3d80a24fc04c4d49957b2bae8a99be40914a
6e2aa67,330,2,260b869b814a0461f74b89488e69370e2b70fc8519c30a6eff0e7de0e6c582a5
eefbdf2,330,3,9d520267917da6b99ac9b2155fa120ebc0deb835b7353d383f4be11f88fce86a
7a07c96,330,4,e893f0a2461c8e4761efdb042472689a660eae8ea2f93bc6b0c820e7e6a9f5ca
5225ffc,330,2,e6eb3910edfb0555d831390dae895660ff7171f7d5f9a2896e54daca6bc4a5dc
6a506f2,330,3,8d25b6bb014e24fb05186bda05e6a99d17ce6cd5af74c06ac603bd7d0d44bc4a
34bc6c6,330,4,dc8dcfa94a45d6f8b774e3f05410c30c4fc136d610dc9cd22829d4cd575f1b2c
bc6ca3b,330,2,3c0d83e4ca04770a0aad2a470d375fea45abf54b7b621930c63b4182f4690198
d51d3e0,331,3,968adc44aca1be771d9bd25d2d2913737188b1f9ed26e1c6a2421b1956b0c528
9a10719,331,4,9adf86d391cdf415be9fb43d3b8ed1413a92043fd0614d2faaff98124dfb10ea
69ef9eb,331,2,536cb73c3175ca7a9d3be43e545689686ffa0e61a8a78b6cfe3d4b3835d2e606
08dcd91,331,3,9ea4f33e44b75b914695679bec0f90925b701201878d2f45e935be75a4931602
9450130,331,4,0b380e00a5383365539c4ae70a312e728b066454143a0623751867f8baf1cf18
50aa92e,331,2,369446c005b38e1fa2ff958a239150e40590d3da6a6685f13acde0ebdd012160
79c9ad0,331,3,ff28849fa9f5880908e73c30222be5961ac7e54277695245f0e602cbab61e937
31f7cbe,331,4,c729bac98be3b15675e075a444c3f1819c247b38588579ab44c1cd05d343caa3
019b862,331,2,d2866ac42f0566d82662683b40aec8f107d0ac54869c99b14779b6bd4b4197dc
6b20789,331,3,a7297adf24f16b983ec7cf01b3499be362a0bbe7f09dde94f80b1dd712b662e6
330675b,331,4,212d2d0cdb63e58c5023db3345c5c188c3da3f57675ab6d6835aa1975551eb33
06be122,331,2,f825f082adbd6775dd8931377efc2579dd786bff76db7bfba4e6b462995adf56
d9f4644,331,3,aa7fcab6d8c962e9b9f115faa20f7b7f78c8f71b2ad665e4e574bc32f6f706b2
1374701,331,4,b4f476e5b02b3ac31228c19174e4cb8ad9de2f3664526354fe7844444921a8e6
bcb1ec7,331,2,0cebd4cb79edcd2bc3583cf7df9e418260e12f2157685bd099b6a6104de0338e
cd4a80f,331,3,c434172f3627c1f2563014c7325807763b04d20aab208a338ed88ffb4823f372
ea897d8,331,4,7d6fdb23f60b97f53308400dac9196d01181135955d2b053f5b9198bc537c40c
7b43ed3,331,2,cac4b02d0acaa0b3b08b48d31e56d8d820a05e4782a816f0ae8b438eeae6f7a0
941e431,332,3,72af1e607026b990dfd578e390070dae6b1a3ccd83ae5fc4dc671ada8882a308
717fb16,332,4,224f5c96f4b623df5003e1b42f295e821ffcf6d6a3688b85b739783298cc360e
ee4f643,332,2,dd492866c507627e3c7940978908b0be63ad8a675586e5bfd78e6676f16cb7e7
d0cb8fd,332,3,0d227b32e68e0e020142e886b47cd58a71b46c2aa8820ce894f9953f1b63cf32
c5efa97,332,4,fec33c6b65168785b5cc2785ad3634e6104e6add58bfad739dcc3538b7881d98
e7829cd,332,2,5551b1deab331b52545040f67ac7754bff1a72bf8ebe771daaafd5e7ea2c598a
2cc98cb,332,3,b384d0f360d3c5066a6f322cbb4a384f700bd23847cebfb28bf6dbdfab22e44e
336f368,332,4,58165e2a591b8ccab8a16fb4a3adf21afe8f98c17500b04dddba19fe2b57d78a
a7dd51f,332,2,9159c948cbd46ba7562dab37253294333f7d3fafc0077d296ef21759ec38bd9b
f690002,332,3,9471335d5fec3b6cd6917403a620d64152ebd3a463edd7a6b511500bd1354797
d31dc56,332,4,d17496ac62bcc7223ba7c65fca3a5b58aacf404bf59d7646cac2b574d105d264
cfa2cd5,332,2,37c82fd62f610f7be205091150da1fb3e46555030c8cd5e99bf1fadefbf5c6b0
d4bee32,332,3,f135697a185c7517f77da718db8cabb1baabf1c762afbb6effb17642c3bd8fa2
68b898b,332,4,b8fb3a7918546bc628cb2edd06d2726ee8e47a3b19e959cb8947e83f0ccb0e76
dfc4155,332,2,09f26df66e34408fc9bb1088344174fe99588ede98bad8fd81a62ceb49750ef7
a0a89c2,332,3,4112495c313003ec9765d3d853671b0bf4cd91988276602be5abdff2a307e793
0571af0,332,4,8286c8b6f80877b84608de94596423dd621216ca853b82a0665ca914515af6e2
fabcca0,332,2,622716721fa7e840572c3b13b75960d776e9d827b462ee9af05ae4dd62481120
3033717,333,3,fc3ca1c4b1e87215fb714f7b0dce9a0611832320a26d454062eb013a740bfc7f
79504b3,333,4,b9d9d4c544a4aea8ff2a7992c3e216a4bc27acec7d162b31cfd43747d37fe23f
39115ab,333,2,7f2e4f449238715dee4b512d80b9d59a859336e8abc138e5c58baab082445694
b8bff70,333,3,6cb1d4368c915a523b67cf8d8a324626f7bebedabb4b77304c13c928a03ed965
7a50491,333,4,3b2ebe2f57ba0b77075e0e32741bb62a26c1b9f380636059cfbcc8dd0852da07
4a1ccd9,333,2,d1617285f7305abea56bf96e7e1fe6e15c9c148a2d747d657b09abb9c7bae9a9
e52f321,333,3,68077ead8552c52057eb8efbedefe8b02114e56b41a3815fb04e10449a7d8fc0
a5274af,333,4,025bff8444ceaed467a4ba0da0d1b59506a6e373ca83a312e83596bf02ba2dbb
2e619b0,333,2,485a1c452c52fd8b8eb1d1b4a5b64b4510f641f174a1f473d2925fd473bebe62
233ca6e,333,3,3e4257fd98c433cab8255348240821767838ee2c633878cab42348772b485f02
7ba0526,333,4,8fd0763dd3210320f0bf349a7c4d197b951c0eac4e1e853cc786ac28974c0451
bc3c595,333,2,73734a8ccf435e1d76fc37971470302fb9008d7c6803b356daf447e434f2a762
7173c41,333,3,8daee3dc04549f631078ab296a45bc33cfdeed69844f8cdd17d084e575dd81cc
4afda89,333,4,44768cf53dd66dd49a39f9560f27b26aef8164f36b103abf81d9b469b15cd781
31e5878,333,2,9a3b385d2491337d42eda69eacb7fbc0cf9ab6455f33b9798aeb5840cc832982
c5f1310,333,3,e21bca77c065574eff40e2f6dcca31ee38955429731cd3c4c43d079abfceb0d0
4dd2e34,333,4,a7bfaa931a8ea0a745f3196a3e172ef828f20ba7d4b9ef784ce260c92605d922
9e4b505,333,2,1694d996a65daacf1e3d5295cc2dbe08d5fba9decd35dc49042d48ded056b6c7
a6eb57e,334,3,0d6bdf48fc4a024c84cae968f8af9ce451a9a0dc803c6060f6872e8ee5bb526e
9224bf3,334,4,de3b1424ca183ce7c1bf930d0b8ad625ea5c452464a3bb90ed9856ea12d62951
5fec381,334,2,197c37a461fc2a044c56a58da31b18c8ea479c85861ab79f159f4225413f0847
c559d42,334,3,dd3ce971d655df7557d96d38d06dccdce0165e551c8cd358113f5402246142f1
b4c0303,334,4,9d09c9d361c1c0b5a59c16346c77b69c75b4472898b34cdb7247756b80a376aa
eeb480d,334,2,6475c7e179db8d0746096adb55422cb5c22fd6b21b4f9fcb4a170c1044a2dcb1
195da78,334,3,3c4ea6d27c0bd5f60a2d141c30248ec05dbc975272ba96384de6ddb5399369cc
3a4e8d9,334,4,cfd06e8490e74dfb49b68d2a2c1a4d312f01bd6c73c6c4331eb370a0b22e688a
9dcac24,334,2,ea885cf53dfb1fbe46f439501b9774675c074fa632251e245d6b4816ef34f856
5006634,334,3,f0f851f0c3ce661baa6250133161781b00fe9e7427b10de6625e61a2bc857738
d4d5074,334,4,c55dc8297c070671a77abbefabe44f888451ad1bebb221903968c102eec8624f
342ac7e,334,2,27bfa8c66c8255117617ae3513c59887e46e3cd284f3ecc6a9a48f36758bceed
3d98d24,334,3,5832f562adbcf1ac5306e4777fdbef0b8b5079c23b66cc50443e3251493e7d75
78f21f5,334,4,9de38eab20cf9786453c63668e92528fccd7f599ca71cf44be2aa5aac057a07e
7e01920,334,2,3bf51e1bb66ed2e74cab71b2d0f1ffb27d37a482668c1a966880644cbd91a5c5
c540400,334,3,e104bdb0939b8bd3482b1542c730a20453581530671092feabd8586588f73c0d
8319ef9,334,4,eca23c6edd110a3cd045f1527807e75395e731ce08c9f7927da3e52d283e61b5
b4b9ff0,334,2,55fa1dadc60911b5a821abca0727bd10e4f4b3f829d729627808143c3ce34cbc
c4c74ea,335,3,d2f4b68b63a707ad6619074455942a3e697d7547d5ae326869e9ceb148767425
5c740dd,335,4,1e1231a28312a73c9b153e4b70c9312507304ec89aa0d17c0b4390c0eb4b01e0
7fec7af,335,2,a447d661e20806d7924c1fac6621b297ebb2211ee865fb2fd160207e07d6e2d9
e68f64d,335,3,5a28cfe74106f0a21155c729a1893ea1a67ba3cc775d3fdef29b442142b3aca6
4c28b83,335,4,ab0a39463626c9864e40628577aba717e83f4f16185c147ce596e5661c8d026c
f687164,335,2,e35adac754360e6062be9229c2e1aba7c117037724f78949f790d38a3ad42f2c
2b0d36b,335,3,c769b18111659951a9dc3faddef7c2b568e8fdb303dd69ec8e9c1d5919ab1fb7
15fa958,335,4,a08a0b9d441ad83ddbed3402feb97e74fb28c15a2926d8462a4b4ed5087d7061
c48368f,335,2,b9982a6c8f077226cc5b068b02a389c82e2fada3a04e455053c45335a76ee60c
991002b,335,3,0d340d1cb0788247fae2efbf1f6751c5eae04a0daa6e8a45ab79545daae36bae
37c0154,335,4,d73e5b623102a23b26c832340a588a9b764deb55d0d18af952479d8e524e9302
5f1ad58,335,2,bfc3e4d9b0ac85bb77e8a7c10b4b9993647260018f84202be0903ac5cfe464d1
1a28f21,335,3,efb82bab77924fd349f937562da11c8644ce7e8b0e4a45a37b4822dbe33f011a
1a14e33,335,4,0aac13a3c817c0e202b57fa9303fa11c40d1ed28b6a62ceaa2362c66099f05e9
d6ea1d3,335,2,0741c612fc61f86ca6df9ff8ad855f64e0d46b7087e60d40e7b5f77be92743b7
a10c56b,335,3,8b58f9e6702721ef7d12bef75dcaaf1edfc47e45147af0ff40b0e4d17c357b25
efc5b01,335,4,5b4ee91bb52c36322ab8d40855fd537f1bc18d75dc31f69548f3f6dc904a9fb4
bd2967a,335,2,bb0a7af579826d8fdd8b8d2edfd0ae84e32a1c273b9e8b26117cdbebcd9d575e
38740e0,336,3,bb04cb7c5d8b7a6581a1ad500efbaed8c9991ba6f7a79291aa586b108bac2674
bc3a92e,336,4,1a6b93830f40eb6fcd22249da2dd7be35adb990514b7cdc3051585112d8098b3
49ff6fb,336,2,2be6b3da861c97d30b525cf108704bc899769c2f1da694f0fc33a8dadbf170e8
9e383cf,336,3,7a330e31c85cbe8a1f13991bf7de62481df22a279baf6ae5d4e3dd360ca0d179
e564726,336,4,20bc74d7b019607bdc4acb06cf2afabd9fea125d618962e5694a8ee495828268
791384e,336,2,a20750f25ecc7dc09fff1fccf475059b301e29083218176946b36de0a803cc4a
89b52db,336,3,b6599e84a5b1b3a7de2af97af20544b528160b374e4ac212d97255dbea4e9ecc
22ba4b2,336,4,e3504cfe097a33a906568f3addc65f34d6594b2f524ea6f4bdf374de0c1c9aa4
d497eb1,336,2,2e01b4ac3656b2e66a0b053c8013b7452b5d30770430763493ef3e2465aa44e1
ead988a,336,3,96f9dc9648a4584723d8e40aef98e751c8b8456122120f2f232fcae80de21c43
54bd71d,336,4,6ed3c6b82a35a04963db81f89747331de4a73eb29204c246d608b2b7a95fb517
99f273c,336,2,ecc6828e2871e06e9ad150955ea3c3fb11995218818668dba0dbb3cf2fa59aac
de93f41,336,3,b20388c3b4f0f83806d208935bb457ebde24279d163300f28265d7913982b9f8
0098ef4,336,4,9e9b9f02e15abf8103302e89506cf97ea81ea70d30503c66692e5ac11004d6db
c370ff5,336,2,0d8de5ca1bf45dacad3a21a322b9de44c0bc276db329b1a7c967e639a352d2af
5d147d6,336,3,162fb4e907797d3f382a9174154cda32f42bb59e109116d9e12ae5776efddefa
32ef59e,336,4,c2c63e3d929f4cf63a76529524daa4e17bc394507d34147ee4d8ae7d6a056128
ccefbd7,336,2,2a81df11d1253dc48190809ebbfbda2daa0c817e0046d4229680ae94b6ff2745
a10dbe9,337,3,053e52e352ff3bbd0c292b18f54628f3651560bae67608d3d70ccf230c239c88
2c64ebc,337,4,4048d0e529deca9f3d82fd81c5a8ae67e1d83544c31090218ce98714a26cead4
6e4cd94,337,2,17685fc69747ee0b898bc373ab8d7a7a2d7262ad83d264b9ed493945001b4685
09d065f,337,3,99971d273fefc8c79a9a34db6a6ebce146895fdc3158110955f9d2f1a1ff71d0
7fec8f4,337,4,447c3cdffb22bfad71d786e8a7150302b580bb098f2a36cfc246271ab51bcdce
7d3aad9,337,2,8d4e885b954704b8c86b06898ba7b8ac9904a578e985ab69ad07724c36656798
ad14bcb,337,3,bb49e208538cba2dbdd92de0f8b2b2e598f382153e6939289c7b7ffbc30282ff
be4c476,337,4,b0f9f71144fbfde65ebef320e70764a3f7aa65f1543b4c1209bc54edd83b1ba3
4d361cf,337,2,dc8b97bc5673b9364096b9a21b6ccb87660ec3c8b9dc745040a367059d62b1f8
bf30bb3,337,3,7b6b197e62826eae86c72181cd6a395bda03ba125414c0058f73e9409f176595
9aaf6d5,337,4,a4d86479f6723913a2fe0ad67d07906745bbc3ceb3181e994ee220a34169af03
dcb2321,337,2,f21f73df17fede0f4ff29a8ae468dc6cebd879ce4ba9ebe90638c2f0c426a0ea
7af41ea,337,3,09e0e40aa70c23924350271e9a725b2d49a8dd4f273a4fefd62417f48d3317a0
6d869af,337,4,191e5944f212274f8765a8f938c946d16b956db1710d87affdc0ba0d847933f2
cd9cf36,337,2,20115b4c715e0d6d064f471068c54d013555e82a4cf7192a40fd533f0f320121
ef93daa,337,3,7c332f0be4d1fd1b926f69a76fdda06616cb0f3211853ddd0731634e4503c224
8628ef4,337,4,8447f724d034e07e968318c316a2b1e44a1fe6ad01ce238f6abce9a3be5fb7a4
bbd325d,337,2,c95cd6f87b721f6869cfc3884c59615aa5dce558cb49ad5be2d8c807d072a030
32d8fd8,338,3,65792e601d255798be20704bb494a41a947c17dabcd573cfc97e736f31a95c28
af45e2b,338,4,f1f157467ea051b31a7a41256a4385f02a70069b0f79a8fd5984d94877402d63
1fcd324,338,2,7a457db54f111056311441fa061043f0d1f929b23b109b582ee0974b36f3f006
9d1af92,338,3,fc306bf4983adbdaa30c22a77b30b8262ef845ca3b3a5292ff07e48e14dd17f7
b006918,338,4,ca688882d4f19d1c516d49e21f62bbec062e8f6177b0bf4b39830ffd6c3b1887
3aff9ea,338,2,0e2f1bfe435c29b19b3a1de0edd92a8c4dff578f2154e1a2fd2ceb7c89f67003
d0178e8,338,3,089e46d7b161cf0dee71f64e8c9be4c0723a9e8bec94ad4d2faf0c7ed1d5bfd7
12cfb98,338,4,17ec4d96aab6ab7681d2d8980d76f3b849e372a6a1da129988d1620fc12944ab
a02fadf,338,2,94d8758eb4b0bf17f6dfb750a9bac293eeb83bd8ae8a76948f6e0f937c528200
1aed39d,338,3,f766ef0118a2e3d25ad8590779a531101d93f5a4614e5c7afc4a98db71cbed8a
8248967,338,4,c61c053df45d437fe2567beeaf1d679d9b321d94db98f9437640b6592883c161
9dc468e,338,2,a26bdcd974f673c0283f7ee5e40475d79b8416251bc9f80c5f769a384f573394
a698bb4,338,3,e074fc2fc15a1173cd67223294425d0453303389b3cef1626aa597944a4c441b
643ef90,338,4,8b35b7733088cc67e9830c4d481d06696e45c07384efbe7b5baeb6c8a8c9d72b
e4373b5,338,2,653fe89d489e956bc437d4c3a6411443c851ac24e644b1b66981ac8dfe7ab3a3
29bfa76,338,3,ac526497b17c5067e0236f9efb13dfec8127b417071e8aef504064222c394f3f
72f8e27,338,4,8ee069c6a5af45be7a63018e678c6984318ee1ca255649d90aa6a15ad625d5ca
2c1e68d,338,2,5aa0ed6973de739f452fe3ee43c432558ccaa58772e2b4e97d4e136a5fe00237
40b78eb,339,3,b429de20ca6e3a83922ffdbc77e2ed7510b86e56eccff9f6633058c3a6b149b2
14b8fbb,339,4,200894701e1ef654ebdc85058f1a78bbc9639ff34b0ba49ad0d6ca6eea2c320d
8bc26eb,339,2,ae0b142de6d49f5c4e565205daf78b6e6bc796ea217cb89beb3cfae60133a223
9dcd73c,339,3,c89d9916fc6aef6e4241ece39f7d20d06e264a2b2c20524dcdb33fb965c10074
4180c40,339,4,ca074d2fda7d0364c35da7cc4134302de58691eb077295a799cde2012a5f3feb
1ff02e8,339,2,12065f4d49860e999451650158c80026d6362780a0f2dd84cc94a8a199d49a73
71208a0,339,3,d4ab1b2fdea7e2d1b64af0db83659f43163026ca85a1a84a3a4f0d47497dd900
190c3fe,339,4,75d910199e654528605d518c7b831a0b2c0e3219f88845ff1fb78ec796f8071d
b160aea,339,2,b4544314f670a096ef79f765bc16924f8dc09460db78a7aa6009430a51c6da8f
380aeda,339,3,ce3e5ad7304503c75cacd741ece9d1393ef79fd775e00220fc2366a053494b7e
cfb0905,339,4,6fbb36e955e5fe5cc31b6d62ddbce46cdcc1f3763bbf35e94d0655d5789399d9
f137caa,339,2,e3360026e7ad198042b843cc3e0321fa35bf14f80415c3dadc81b8cb1e3d6056
82a598a,339,3,f00463c9ee35549a1132820920f88cb0c9216a383d80dea2f40736d15210c867
ea18a54,339,4,28c78ea646f6075b49d3522c62f077f842f29356526231024ff22603f6a72816
b50562f,339,2,58e18cf26d7e317536564a6519a7b16d1e2e3bc4a5e5ec651914641115054361
1bd9d8e,339,3,592cd27d65e6f657ffe17ddbf06de9fa2fb8dd648612d21b92b2a2312783ebbf
36e6143,339,4,8830637c411d974d852e30b04937648a7f3a4e68ca508e9fdae50b86c3ba55a5
6db09d8,339,2,a8a0c7d400f60cc8ce87e516154db9d565c982bd0b5831d1bd71617883abc1b1
430de71,340,3,09be33618920e973c4ecbd935a4b88929b4330019e7cdd7ba417684fa026af8d
ae95a0c,340,4,3f8088d54f7db23955fcab22c9cc9455edef59344b6983629b4b6ada96ea3ebf
83cec1c,340,2,389a6bd5d532a3a1ba212391d4d43fcc757c2ac7b5abe37910debfeb6a9f467e
847b5c3,340,3,cbbb4cb23696839546faf760b883dcb75b50224bab1bd195bebcfd6ef7436399
3b80a89,340,4,e54ad6c56e1997cc0638046b7e7b4e5fce5f2724914811ea02447c09d6511be3
4834d5d,340,2,edcdb51c22786dacc665a652362aa161fbb5775a18293094dac602072dcb1949
587cddc,340,3,ccb79082a346682bd9d0c7e7a341e40b7990d8fdb00fc472cbb877dcc21ac8b3
49597fd,340,4,990423dc084a5f7aae0820a1b81a5b649e525d421de517752ea6efc65888642d
41fa076,340,2,4c35da10544106ad1ea1a07f8405f8b653ada82928f1ac94b832126f58faa04c
d636677,340,3,8b8dd239b83a3c343f4eef396e0ebe76203c733d86a4bf2be35fee5d1bdbf894
688f7ae,340,4,8984fd9a9a7b1cc5d1bfac08d5c10d05a20287b83d66a069dfcff125aa86719e
ccacd9a,340,2,cd348321f11ef60d1ef701e89840259382caf8b72c08e4056ac8d3e41cdd5f79
c75f7b4,340,3,8abb53dace6a515c711afa4153a39ee23d762f67c3d0b76cc4a83023f4bc0a99
135eb15,340,4,1ec6a7e9b2d221fa5164fdf00da16e8621e14dbdd5798365e84bd0d636b5534b
e45d84b,340,2,c3061c1eec1a120be2ccec52f8bb192e73d484188106896eba9ccf7cb64f4a26
c3da063,340,3,7db43f4e15a7b7392d4700f208863889c664bc35e30f15307c5e5a06fc3a3ec5
9d7fb51,340,4,311790e6cfcb45ec4da929ac5a103bdde5d151298c7e07c6fa25c66c67666694
f412fcf,340,2,23dde4d2cc8f89b7c1474bb7507ed9855dacc4d2c5f97e899188bf4e11fefe45
6ee0571,341,3,41135b66662bd71565d1631c1ae17a1f90b325897afbe6c73799386015f436de
d5a1bcc,341,4,06839597ef2086ecdedfcf7747bfba5f497c183364b8d4371aa5edf253ea307c
7f06e27,341,2,dff332aa276c70c88ade8f789c150880197242e35de07b17026d56241f633fde
cbc28c7,341,3,3c8cb504c360c9f7637944ce9777eba02e8d14d9e8475349336f512266ac0d85
557aedb,341,4,30c2b500d90559a1f6a0b4f0ddeab9efd1bb639c8dfaa6cabed50388e01c1734
bb18184,341,2,f5b369a3dc3baefea88ad9b538479ecc31cdf4524f9e8ec0f2c8a5cbedd6c7d8
38562a0,341,3,19869826682d473283aea42b1c6c67a566c26bbf3f957b086f341b480b232417
08a4c92,341,4,3b883322462631c172eef3e4498dbcd631ca3ff3cab8ee9c0a5a0c96a7038b14
2187f01,341,2,a10e7e2741b195d7e08ad2f0f4ad94a8978d714ccad05fc6208ff19136f09884
e6a8dea,341,3,959f55bf9e18f07e1eb795b37de5e8d0510bfa4f30eaac04df8d1a5f9d857867
e250c3b,341,4,cb2eeb0428313adbe94c089eca064712239ee5609fe528a7f08601f9320e8faf
e79ee7d,341,2,e91b8e3fb4245d19aeb44fa21c53a1ca45cdbce00ded06c401dd2e03660599c0
dd83c62,341,3,67cd5027604b9e29f0e639414b72f565e2dbd00856b7b47118266cac6043e351
39ca929,341,4,6928929598b6c09d6734f6b76c188ad1f6309a30f7f748b7e2ee36562a843286
6c1d134,341,2,604ad7b1d8eb6c74eb31c5dc8163dbda85fd7d50b16336bcc878b51072c537d7
6c991ab,341,3,2605c9e57a65d775ae6bfde7ae821bf0cab4019397111db9e707bb3146682b66
104ebd4,341,4,5b4bf9779db1ee19c7410c86dd473788a7b3806c75271491d790a11d38bd66dc
7663e9d,341,2,5ae6ff1f119ba20fc85175050cb910c4a96404a0390e5b777534910c052d1552
bdc38fe,342,3,7da966e4e83c0a15e7b77eef20e0b8b90c0fd1dcc97f2c0cc8b0d73d777ddb9c
95f7700,342,4,7fd71b2f99f85d97fcc338e773f3166c70486d4c5d4a8f8413f36597cb2a54d3
8a3c5fd,342,2,5e3b868d81e4b472408a11fae967fe2bcc7a26ab7dae3a3f040b4a935dc91749
529dccc,342,3,c1617505a09c1953d614a2bd0eb6f690c8e7987f900f93d197c1e5ce20257b99
a32a4c1,342,4,64d695bf23acbcd6535602d0b3a3d9e584595737329f6041c6e43941111e63e9
d138a75,342,2,f8c62b4b5b52549beef5324bc087975086748298381a51a3e1296ad72be43ebb
a572f95,342,3,58e6999c1575394e7e7be6e0d837eceffa1bc18a5d0091bc0101edb288982fda
e960524,342,4,0d0c081856d0db8360f4cadd35b893e706dd5a8acf20cf00e67050693e3a80f2
29efbea,342,2,504a8a36a9dd39f2a146a923a831a0d0ffcb31dc7ad6eb250a052336b0e8c1f3
6f29499,342,3,a8bb8c954521c7fc6f56966d81cec14ca9aa566b2544149160a77ac3a3832d0f
a1c0187,342,4,98cd5280ce593fae6625911041a56ac321696be115a450e7403ac0e31b80a583
0d1dfcb,342,2,4d255e7b5c8058da964fb9e5de25cdd95103eb295e5dd11e5e935b06a919db6e
09915db,342,3,269f8f47dad606d8af3e55bb25f5e59538fdf8d62ba0c580787735d9d8825f3c
6c27a82,342,4,b1c13b8df0bc6dd2d6cd685f2611785961a504d73cdf2a0dc34eb4d52c6a3bdd
c5345d9,342,2,e7ab26a4d614f14afed70f9edd5a21cf4fce8f4677759c548f1d340424ed9ffe
1fd8cbc,342,3,84a3a42f8e711ba579c00e977b1dbc95a820a3e549a540dcd26b87c6441e17de
5921b89,342,4,1a3896334c60691e57f8422199b901ddd8a918d9802d2491f8aad69d0beebbfa
328a78f,342,2,b435fcbe090ce8b6bb3e49967af91f7a010aae4ddde9e32ddcb4e19fde6bc039
3de3d97,343,3,31c65c88d3816407baf8fe398c54cc0e5da292d158a22b1e271bc83661b00e3e
e05bf58,343,4,59d8d6a8930ea80cbf32a7da162d0a88efc6f098c4b318ff4e2dc98872c63986
fb868be,343,2,85b05169cd20120e7bc197a8f9c5f1f74dcd987254e2b9622bcc43cd6da14b8f
de65f82,343,3,3f3fc2f5c0e6ac6c366bd98f0e4f76505de24a566fd9336a7f06807715ec2d6d
14bec6e,343,4,f4681552267e47ab41c52cdd9a42e0807cef718aad7be63d98b42ae2782f4716
de232b2,343,2,5fa477616b069ab9ddf469c2f96af74ee4d03eb77e2dcf2e49789e34cb7ff4b5
82e8b69,343,3,2b902ae9f4ae4bef7b758e10f08c2515d70a5f7673a124c8bb7f2c08dacb9e30
c9729fa,343,4,ad670488f3c92ea3726bc60f9023c8c461fe750f784160e52a3456a2a9b28d66
dd8802c,343,2,c67863df2ed135a9d7b86ddc06a59fb4d95cc28ebdb5068b633626a7a7757dc3
c8bf3bc,343,3,192af0fec4ef5ac72070d4dc9d93e93280688613440db164ab2120530e1f8437
82defb4,343,4,1949905fe4e63b16e56429bb2082ca11224c6f593f2e835bda6db82c169ca65e
b2f1196,343,2,3d89aad129d58f836a68f51f9179b9205b767633f654a6a65e2246bce932babb
3623b07,343,3,2a5284d92c6b8968a5743d31e2915c3990fc16432aedc2b263517225ed8c3586
397608e,343,4,ff97397e1e48bfe339ffd87eb52e87ce6db5312c91f596f34cc7c5c97737ac5f
bb7cf0c,343,2,7904c212895bef22f12641c470a7e5faf259745883756ecc6e77ed7a67755221
e265ef2,343,3,656573525e813da415d3bd7902bc7dafeee7219bfd82b43f9c9d2764e60230f7
36ed198,343,4,ad57514e5b3ab3311712d29e724200b31ef6aa35595496bca487ec3122de7017
08ab023,343,2,0f7b3af9d6a65ab6bd0f59f96a4839b4b7fe5deb2d0373ab5eb57f7efdc4cde6
bd79de4,344,3,ed07510c915548bacc2b6388d7a66a34488a36bce23a2bdd151c28f263673682
53b4b52,344,4,c70c23f7dfe050defa21b91fa7efb5920c6737261d0c8e505c4b88239036bb9e
c341a23,344,2,292bda34e1da73982a66253e239e8b1bdc4211b5a061f6db0f9045e5c1d09803
068aea7,344,3,a83b41b837ded4f46413f0b7da0b248eeaaf13f52f70c82057be2a2f47120143
25cb93b,344,4,9fc44358d43a7abb7b41ede3ea01b947a8d6d761745a33075c6a6c5c78bd5b7f
0329d02,344,2,51995006eda4ec343484d55384abe234bf23d462f59933d414de8e92e84133d5
6535778,344,3,b1b21bac6aae02a868018f2a6aaf9bbed63ef56a406c1094f7ddd10bbf72ff1c
5206f07,344,4,50cc7fc3321a1daa7297c22386ef934cf6e3277790058ed37fe34324d887c011
954de7d,344,2,57caa496da43ab5cf0266f28fd6679e404d4c2db8621bb63edfc17a217bf827c
62720f4,344,3,57dae1a81bdc7360a073e469c1a29c188d1b3baecfe8f258ae78927ce3020cf3
fdeac71,344,4,c14ac412850922d25849304b62344fc434cde6684de93fb9df4edb55490e543f
c9da758,344,2,078855652255ae8adb0e8bcc717908a2e6b6204e6facf5c453369103e7ee3251
cccaefb,344,3,851a9387e25bae70fec5be2ce88faa02df15420f2f5bbb66437e1303f686553d
5819ded,344,4,83524356f9326e270c428d2e4815bd1828f97037f2756f490c11ce900eaa78c6
4fc4cab,344,2,2701a9acfbb345a36d06c6f9b81a54e50a284460578aa209c79be29dd3eb6bd6
ecbfb50,344,3,fffcd23a7177638345330d2c33585b2d39e93a6b1f211b380423b190d9d81404
6ca477c,344,4,b2aa4ac783fa229b870fef04f5897f98ded466b84a6c7bff03481aee63d5cecb
22cb8da,344,2,d1b275bb0554cac28d34acecf1a88684a1ab4916127a3fa11552a4d968aba7a5
cbdb095,345,3,4b00829f778624c0381b9517f7441d0547ced97b4f766553a5ac641f5955ace3
cad1883,345,4,1735ff95f5651dede143f4a8b228613d4fa98223f9868b0fae0aa606a2e7ca83
76edc07,345,2,8b89265f5507dbcc7c706a1ea797b9411c674266196ae9c9ea72bca8d770ee18
9953a42,345,3,c7251586e9ff1864c106a2936b50a5ae6c10dfc23d56c076eb8f2d683f620514
a65e1f2,345,4,44fc084b8f1dd19bbb54186c8f2f18df0f58c6d24c922b014593e3873cf948ff
780f29a,345,2,5e2ae0b748742052cee743a8ac2e117d12d49d6c13dabedc4865f22a71235024
dbcb8e2,345,3,8adea7072c48bb1ff5b66e0e1e1c00a1830e9b6e765125f5c51b18779a3ad276
9f76a8f,345,4,baa86f696c72ea260dbe9a84705aaea60f1d2c2a18d77055400eb227a4cf3747
398e51b,345,2,c31abcd2e3b07b43b7c9f3a5e68839b98f783f84b02172c9a3b770d3b9aef7f4
b606f8d,345,3,1a69e7a39f9e363b2f150c1940bbee93efa0d9824f5233984efae8fa6b92312b
93187ee,345,4,7800afd5b49655f9491012d5b42da415ff71120abcfdf5c0dc4ef23e9e73b4d5
de87a1c,345,2,219614106a6901bad80a234b9deaa80483e1da8b75b7abbd7e83ba23e13e6a51
c0b9852,345,3,0ad65485b00be3a4aa3d572e9a87df1f00450d0bde1a88b40bf7f852abf3ffc5
874ca36,345,4,9caf6f899ff7fd9682b11ceec32b9cec2faccc62e8b8106e8f07679c80d2607b
1c84003,345,2,d6ca356c442149edeeec7897c05cb486f1b00038188186a348064c686dc65cea
5143f3e,345,3,9924df65907ec50686e2d353e045208167bc2f1514845329b23c1ab3a0c6e729
87d2a83,345,4,df45117591f1c0e3de7a3c2e7fc596122b3fd8ee21dd29b99fb66991a409227c
7a9384c,345,2,97b3dfdccf53b91da3759b1e0b587d075d28c8783f0544fa363172f56232fa61
15992f4,346,3,793dde748e1c33e5b964adbe32a597f4be536f984baa7796bfa806843c451551
b602291,346,4,1bf5a94fd160515e1461ac58d14594b110481ff6f8689a4aa80511da6087f3e8
664f9f3,346,2,9829b10190351f9eeaa4f445768727e6e747904070926906e4b05e50bebbce5a
f3d1d93,346,3,00277ce36342892a2d18aa0cb0582d6ab99f0f1ecf9ba1c3796ac35de0df1f31
e2b3961,346,4,7fd9091b381f1d90f47a73cecfdacdecd05e1261e17aab25fd4bc42359e466ba
65d28db,346,2,a7dcafe0a224b42ec26f0ea7e34b166d833ddd98bcb60df0da87241cac8b7bf6
e5ec49d,346,3,8efdbfa2f2cb9f04bb24821aeda5c352cb6061cb081297045de3761c196bcd44
f9c92af,346,4,46e545621c006c2b4e16ae787e8eefe3d56fa70bbacadd72ca21ab3ee0996cad
acc5ef8,346,2,f52fe7c46e7286376842386b779e248e0b691e7a56a54677617ddd749147b4b9
9583fe3,346,3,a459a8113ce209062459e441869526a24c987380a6a5dc7c88b09764b90297bf
41d05c2,346,4,456740f2288014e72b9dbc58a233dde79cf500b73e8d670941542349968808e7
5a7d2db,346,2,38b04e7c8d5b883fbc1ff1a8e417ae4192011981b2d08c33943e5140f84765b1
0760ba5,346,3,5f5281d5d768b3ad2f02a41d2b62ac2dafa624ad5933cb49aab4dfd9d72f3d8d
9fe42f3,346,4,8f1d8773a7d7e9f0fef7769b01cde8e1b5579925ddf1a93753d06ea597f147ae
237beac,346,2,9adb5578350f8a32fdf70496c6f75066b0bf6f30427d1189bd60f9d72f9c3c26
c51810c,346,3,c07ea41176a84459e77b6431c3741b5f23ef4e980c2ea581af087b4a54e5aee3
a0bd23c,346,4,66dff84f0490710d85ef0984aebfcdf32e86059e4d740410de38ec423728f0a4
3d13edb,346,2,49f25df48938564bf9708ba6eca44132d76244269897e1c345cc6380b4931852
9763ea8,347,3,ee1c721def362ae7a36bd61c1ff4bb7016e083882d0a9e859d02a7e79cb34264
d321e59,347,4,e1de1d2eec7991b7d1fc1fddee47ebbd48132ab04442504795846c583998d3aa
da85290,347,2,e60649d26cd295e2fe8c35f486d6a460ab53072f583840234457fc543e12da67
e8faa39,347,3,b0b21cac6be0dc3571610c4b39afaa7f8815f7e24f14dffe377b5cbd12041281
db8b63b,347,4,ce13fbcd85ad557218739fd9e7490980f8beff4e45970224ba779dae5ee64f60
8a60615,347,2,f70dda8a67d9ef5c8c527419fe6aa27eadeb75e99e1bb3de02d869f713ea1b66
84cb271,347,3,06908de1e216b2fb2cc8730a48e07d6c2ffd77ad3ff3630d62caca2e26f081e2
1ca4609,347,4,b59300245f9bc80320edc44c94a63ef2ebf602534b215bcf32c2d8580bfaeafd
42ea1c5,347,2,031eab08625dcf6af2e7c38addc614c04e707c81c0f76da089d916c2f329c5a0
65a3906,347,3,584616d29afc0e745f494a820d1a45fd84034ebbf801081da9db07dd0e013785
9366611,347,4,b6b71d8f794b74b6b05cb086cdfe353665c6749ed726039aa23cb6db5d971e7d
c396ded,347,2,aa825ddcc36a551ab8bea058d2af8a2532a2d3e2dbe092c30a7972554f9c1fcd
bc78068,347,3,6ef0a153f9a77a83594b8e88e76984ee6f23a23323b90d42ce64248a40ba6a5b
6b6e638,347,4,6a6e3f6d43458f26ee52740c5433f2c2a1e40ee3a3900deaaef3d605583030d8
6c02528,347,2,6089e32f504d6277d0b56d3576f8dad48143811e3e279365982d5b58b0637afd
5d14dde,347,3,cf2ca68d567a96204b4120e1298f65860cf9172b323757dd0b3f6c7b110ce24b
beed224,347,4,8fc8c02cad2a372d416a8163fd16d202f7042d5f0d7498b8af020f77a85895f6
b086742,347,2,358a5bc5571bfed615c566f20ae86f7f6d04912e17846657739442013d7bcdc1
ed14a8a,348,3,eda4033e772e88a8547d8f12cb86869fd6e5f02c2a3e8a2a72be4696ff5ad07f
83929a3,348,4,ef29d508ecdf709ca770a5e5c9d5c763cff260555b6c1b0c56f514cb5603f7e1
e65aa9e,348,2,89b16be3f31280e829a33b95c93b2a811b434120abf34f3df01a42beed0f81aa
9914633,348,3,b6aa88e1cc00a6f1107f4980d8e6a1cf41aeb94dfd39d7a856cf7536e8f81bd9
cc18f2f,348,4,d20785032e5053d2913ef575818358f3c282807711eeac50e461f2fd9a3a4ce5
545be4c,348,2,9c67bc9177df00b7dbca9fdf1608394df56cf70a959b15cc37ad0d5186ea125b
6954731,348,3,cc9a9e569dae764620f3d2f8820376820d570413158164c767574b26c9a7277b
b961e76,348,4,b97107f02b99ba24f86ba8cd25089755c196bcbce31b4dcbbb6362b53c054ce6
9f4fbfa,348,2,f39a7fa15e60531e142f82ed654f35bcd325287e7eecd6bf9579c1fcc2597e78
c58321c,348,3,38eff4e38bca2f12542e7fd526f6b6353e5183d8acc666ea630a904d2941d23e
6540816,348,4,10e670953184687f59b54b42994a93c1bceecc937beacf17a01625b04aece852
c9f83ef,348,2,5cdf74bce9922ed66b5fbe5cb4b52273e0ceaf1c169b21c100efa4b8eb836c09
a7cc31c,348,3,64ec0f7f04a937ed1f0595676f039f78f1e4d0f6186fe24891d01c10db5d4609
9d25095,348,4,e7499c040e77a321c7fd4b8dd382cd86eb92191944b83133dd93905500d1a77f
3494df9,348,2,761cac6d18c2e6e06f228c007add46298d6942f8760f2c417da1e9b8569049b6
0d28420,348,3,d8798108e2a181e5f9ecca81ff10c17d6fc57ff35f2b7118dab011acf9ea2b05
f39431c,348,4,9519304905fe3d4c5ae667f8bc9109d1431889712fbc8512354891956fc18f7b
32b9fb3,348,2,2b196bfab53c361ec657efe90faefcfc4330a50484e68b71927932f63eceadda
cc54cd6,349,3,5585e019b62295da913799ad7bfe0606e9fea842b35fffaca6bc53bdd1611b75
de5f4a9,349,4,19652a8e332b50cf9a3b32fa63aaf46ffe236d34a182cf2b1b812f0eed2c68d1
d3eed9a,349,2,db74d8d48a7f17e83356b4486a4f00d41010dc02cf4506c4393055aac180dde6
d712c51,349,3,f07574b57a21b5f18ddf309eea918073e8b560251aa2b49d696c7ebb210198dc
176fce7,349,4,fafa101dfe16f3c3613647e14a46bb43542a3c6d581848e1833620a748f3f880
f3b965c,349,2,86991151b0285a781da1d2c5f821adbbce39ca8fc24f4b3a060586b8acf614f7
cdb8035,349,3,b536f0fdba0a59330fcc8a10b219c49741d845eabb96e77def281c44d165368d
48aee07,349,4,fe2cd25c412b96624c6cd13392f319aa26ba231aa849ed6b8e3a43d3dd454fc1
8d625bf,349,2,0c5dc14f3825711559335f1c7fdbe84916ace0f08c1dd40abd19811657008e90
963aa9d,349,3,add2b96e02d7bce6f9e1165b60aa2ad9bd6df7e15c47a3178bd8d5e3b7513192
280c9d5,349,4,bab3d31b496459ecc8f9b10b9a031b7ad6d32f1e6d35c1a396e46124634a2c4a
87bfbd7,349,2,551dee04cc1321753d696ffabedd92aea5c4769a99538bbddb6363abda255268
da4b065,349,3,bbb400fa2a9772e65ba0a0625c8e756fd5a8aee350cca0502ccfab722c3d2dcb
faa610e,349,4,b27259b00ca387a223dda9959f09683d8b5612ab052875708e5a968c0a282109
4e5e23c,349,2,16fe96d230fc9d9774b87761535d21032144f63a504ece172a8ae2ae3d9c4056
55e8f8c,349,3,c72663b3e2c7e36be230c909d04618f05bee296fee26c610ca19aceb7feb108e
d9fd23e,349,4,1c41db67e3d6f02da366ffff7751544de8a3fc91b851ff416651148f0dcac363
3572e50,349,2,cb99e275fe7d7caba56136a06d2408ba381e14d271947357c0b7299b121876fc
9c3f6e4,350,3,c32eda2e3f6fd6a098648330c9c7ff95b15136c79e339e54e33882cdf686ac7e
1781f4e,350,4,2646ca0e7e3d3039657f4d57f879dcb3f6df4fbbcbc470e22e2940bda43abed4
e4b94b2,350,2,ef2d77a576bb5ef8e95117eb7a6261f54844bc821eeeef71da46d601fa7d3e53
8c1c2c0,350,3,376ccf5e64807b97e00955e4d4dbd6bd0436e7702711ab04491791d4af3acb30
136fadf,350,4,c798da3d34bccd18d17123378deaf19adfed9f20ea6ae4a03d3c705daa3f8f60
e026924,350,2,718ab2d7b5d58eb220f20206117a9ffae3d596dac5efa4d4155572ebb4a43da5
8641cda,350,3,11724df1d265bef60519f8bfe0cdddea3a3ade860d8f6890f3c222a88371060d
7929404,350,4,6c2d224e4213547126e57e114481713cc6161d56b2e12e88ea9c02657cac1446
f4bd162,350,2,78740258da5433a74549dd7e70bf72de3207fc4c0d0f0d79dbfe2f3e9b26d8c6
9d52dd5,350,3,5576ae0395b52c2b5a1330b102b925713b53e6036ca69620907b444db6acf710
41bb18f,350,4,83b91e49a6c6edcc577e3df35aa3033d94e0da3d897ffe748081a01a41491da5
b98a8e7,350,2,76ad8e6ae2f3203c3843a8fe02322a1a7945276b964f814d2bca6cf65a9ffd5c
9be0af0,350,3,da146f34d6ec0ca3dc651bfe15e943196c697f6619f45faadcd541f1764c7a69
5cf885b,350,4,cc614877b273539544b0d7afca618484dd0dc9e9c48fe8a251429da6fa52558e
76c50bd,350,2,afd5b443d7363b895ea8cffafc517cdee6988ca874caa15135cca97395462468
05fa43a,350,3,ac4a25be22b3828358d4560cc34f9f475dfb7cbe4ac1d559603f6a7aad51c258
14675ef,350,4,acfa4386660e244938f63c2d87de267520838b15a62acba07803610e5f140f2f
e2aa3a0,350,2,f5595ff57072a997e9ecd39e417376802aebc9247cbe4f306efb5bb04db964e3
847199c,351,3,c2e9a8d40af6170358a7fed2455cb762a3179f25800a1c36d2d26670c551e66b
04bc9b6,351,4,86d4da34e4cdbaa36822659038e03cd1658ccc87ed98b4308b9751719d8e3fff
ea16a1a,351,2,837125fa626e1dd745e53a9692aa65b87b97a6314e52691bd55d746e75d57303
d292135,351,3,20ea16b7002cec1c3dc7b1d622912d8531ba7960ef47fecb07c348eff3d03649
df22b27,351,4,0eafc6ca1058f09646fcd6b1d94d929599328a52e1a3087c4491f6da64a14ff6
445fe77,351,2,b37ae84c39b58021601d784650a089fba1b80944e7c09698428f695d0dcb0eb6
5711c2b,351,3,eab416a4465d8120deec88d895af4e29e90ff0e3b253887dacd04b3741efdd56
2eddc0b,351,4,ccc29b00e59b1158827d0a6bd02376971b9343136645cf1f754ef7070b28e64d
97b1b67,351,2,a32ccab385934e51c1e43235e37433f95e1892cc8ae04577058ca317cd0f7b7a
adfe724,351,3,be2aac8a4b7f3c7b7b622fe9a258ec99c1a276a7903da699b7a5a075bc7eae10
594ab7d,351,4,c8973261fdafaeb6bc93f94ac1f467590665bf93b53b119846ea70feab6c4527
4fdc11e,351,2,5a601b44c6661912c0f38ef72a350f083760e3da6702276b6d96484f78169b38
e6bbf25,351,3,a41370986d86c4bac36f144bb8f40b4123d558dd38cd4ce87bfa0ae3394ce840
366c019,351,4,78c12ccc7c6868ec4daad60d54ee963be689822e3a5f31525168061fdc40a530
f953262,351,2,b74181cb9a7a7280b6ebc465bed8cb0d7e4e5813fe6ddc0581d246331e06beb3
b106e35,351,3,8edd106f7bf71c8a71e2d7dd997ec18aa99c9b03395cf7b11184d5854076c4ca
dcf06e8,351,4,dde262b27c4b7c64f73799b2fedb65c09da0be074c938a534ffe6bfc792b3c0e
57f53f2,351,2,e440831985bb1d2da3f6bdcb7b71bfb87c0d37651827571115ef07b9bbdc6ba0
ffc9095,352,3,002c889d5575d913f5e2b0ebbadfdb8a1fb537a95fc48a08b10ea3846d7d80b0
f166cf1,352,4,35c1bab31ebb74efddcfd45db91b57fb39680bee1ce625d227cc5a296b08dedd
f312c21,352,2,dc45d4a67eec9eb20f150e31ff7fd39dc1672fdb3825a66121d8dbf75c70e0f9
84150e8,352,3,76d6c0c222c86823d245dbb562a123a4d16bb5aea5bbfc91616de35499334b32
117597e,352,4,4482d99c950b7843ea05285e3f139493c44ba5c6cacc0cde76e1648fd634731b
6b57a15,352,2,7b394eb592cfaacf2f156c45050522da9f52ecf05e7ac31a572d97bb0b699a35
670483d,352,3,381caf65dd2a6aa29e4a12267062a3764783065169a8c2d0032f11f4e14b8534
7136a44,352,4,e6527322f3db650dc8711681a33663e5dfc652333e616bc41ece9820f77b4b1f
6f65bbb,352,2,0631d12a32c0c64eb9e41199d4b79717d807ba6f22121d8bd212522f7e3f56dd
3992f01,352,3,cdf6b3457a99d8152bfdcc0710ff5090078bec4083349fc68d0fa9d8e587574d
bcca4b1,352,4,c842dc1e4b79c905c3fb1e1bd6c7fee540ec6457c75818bdc670776c0188cfe3
57bd6d9,352,2,7dd9ce20525ca1437b6c3a4edc7b12b973a60834c87eb0ec597da9a50486bb03
9b02a20,352,3,90e7713ac69d9647aba569735030a1b4899ac590c5e1e2c4f4b17537f9a39ac4
b431623,352,4,7f90e0d13b5b1d0b9df0e99499ae1389c2943f8f66032b35a3f4f8db13a78f4b
84025bf,352,2,63d7f24899064aa7e6004a2c491dfe7baed065fedebb70fc5b497df7e688418c
719648c,352,3,5092706d3b3414e5142508b6cca1ef8c871b25d514225f76ade0829671e44ef9
5b3b31a,352,4,5188aef57094c06e27bafaa15215a8101aa8afe508eb541857d56aeb00009bad
d635ef5,352,2,91f05dd4fc033363d60ddc98a91078d44bf4c5ea05e65950506f6f77e66d88ca
f3b8391,353,3,4cd40fbe492639571e91c051d6833b602c3675902a6dc1ea23e2af0d29c0b3d5
be2d121,353,4,c86d72b851c03675c3a31ac93fa31620653e14f1d08364e49071f269d0cc66e2
d15c0e4,353,2,a1824cc24a1e6b3736709f7976d007fb367ac922b1125fb805c5d2240c0f46c0
391f6fa,353,3,b0d6ecf785745da42049efcb16dc06357bf8e180d4afcc6152a20e9869cfd5b5
4a45fcd,353,4,f8d1b88637cc7c624dcce74151287dde0aba373f681fee447610dd7f82778216
64f557b,353,2,7911cc2bc3fd78207cabf46ab71ed068e3ae220da7bb2a55b476dc8105d8c08e
f8b885d,353,3,270a18f879cef3af774f8f17654422a7fadd5e9afb315c2dd699d62aef0ae53a
8d0350d,353,4,0ff223f04e08bf6367b941d21c987f5e8e46e531db88afdc9c63106d19e33f13
ecda55c,353,2,1bdef9bc05647afa454b2b5c107db3fb2a2f7c5b815072362d4fda8ca6785b75
6a736aa,353,3,40210160c9fd8f0bc4d439c624bbd8feeda6774cd31f5ce458661c7456ac66e3
3bc1052,353,4,cfe5604359c50e9c5ec51a73d8b8ae9512c30820f473f0c8773ba96a4d2f6e07
6a0460e,353,2,23a1d30538cc52f6692be6faa8af64e6cec3c7b0d0e8e1217b8a44f428ee6917
937b82a,353,3,60943a2ade0e6fd9bfe10a4ce7de7652aca63fb5fca928eada7b0ea30e4eb7c9
4d90b3e,353,4,d40338df48532db1bc7167810fecfbbf0b7928de8a4166f70db8ff01f964189e
5b437eb,353,2,1df877216c046d13b15e466d360f671b9e714ae112a406c098021485014a551c
7885a7d,353,3,faaaa9ceaf24fb861ab1a7ebd8c711628800eab555df93f7595f80c52999d666
86ca13f,353,4,62283ea9cdae8be1566cc7cce9be72b9301f9b35fe428abc38eabb6f2ac17908
9a08fed,353,2,75e0dbae85cd7465ee2042e8c7081ff6f6e604c5debef73c1dc882c2947be612
34ff09f,354,3,47e65404853110b9ec6e1073ac9bff5593aef25a67c3748eb7060b660fa965c5
2be098e,354,4,2c9f000d5846f902e25d07e2d57b2f7d0dda48bd13575d0c78bbf04d4eb458f9
81563a6,354,2,961f5a7d99b0df428b652adbf0c1e2aab724fc7f0372393cd68e6dd8a43d4d5c
f230850,354,3,897c1f7dcd3bd0008e3fcf53c7edc0c031c386ecde8dfda7471d1ae75684f150
d17b0a8,354,4,1fad070ad610bcaedca47e2229120fe930ae47f73c9d261d888f12b6ca80fc3b
9cbb3ed,354,2,a5c4159be4649b5426dac9ac7d71663729675cb798b81918d7ce9cebb312f1d5
2cf189d,354,3,4f93d4f434d74775adf87fd507741ec46490cbc71af5c0afeeffd96beca5aeff
e1de598,354,4,808a39dc7b6d4d0543a5f88340ec3e5c0d64df9f9623caf837b292798a6f1e65
ad846b2,354,2,2dfcaae0a4036494f05e41f07deca3e772d219b08522e1aee88fe9a060f4fa6f
72d3939,354,3,48963ab04d5706e784bb80afae2e582bd16d4660e185307bb6f9ee1779d8c918
065c240,354,4,e6f552b0eb3e9e1c485a645ff9cf83812a09db8a3937722cb41c0df0c8df5c9e
fd0351b,354,2,1d48a77dd20dfb26d9a36add9df27e2521e03fbf378fe48855ef4309ed2a73da
db325fc,354,3,5bd1678cf0b01437d16c76158a148e19baaa698be954be1b3ed07f61038b2fec
74aab02,354,4,507a14f4203280c1506fdb71893855a014d73cb649dcacfbd0cd36a8c98f544e
ddc4ddf,354,2,15d94767186c7821850f7b719badb6cecde8f248fe33b804da376480e411f611
33ee6ce,354,3,2eda44dc42fec3e39b5f14f73332e92f159e496ef7a8bedabba5dbe5355ad08b
778b1c3,354,4,2d0255dcf061126cad274926be21312d5620c66910f0e762d135a82d719936c8
4c08e39,354,2,0c952651738b81f1cf2dbe270df5f187b8f75a9b0e63f940312b8c551066d719
200ea48,355,3,d8ba5d4a292921cf65d2bcf56907a1c16a3ddd1d9a6066f524c39b8a166a8c47
5a7d31b,355,4,8f8cd227691ec27e862063eeb50fe11ee9fee69788329791cc8b6c90f148386f
5730f65,355,2,e30f4e1b047be60cef7a529456593adeb90ec70657c9644b6d22b8ed2c3d48e5
9c06337,355,3,d51943d80cc4369e5a48c20ffffddc805472f813e550717f9c150de3080be296
f932640,355,4,f720c54b0de28a5a49057ecf8035c9296ea72aa0089c59e2822201898c8c39d8
7d6d30a,355,2,071cd359f61f034002b29b56451118decc6c3f914bef47544f623b3962cceb6b
7f5acee,355,3,ab5b426c6a5c2f8345cd59984ac1e1a486e4054c46f9a58dd95c318a7dc9345c
4270df5,355,4,11d48af889e252d126d6d91d5c66fbfa3c535413fd8cb32033ea94b979d19b28
710f583,355,2,9e1a07e8fe0ff924ff86376017de903ef71bf95536b426d54ba5138158b6c3d4
21b56d3,355,3,c10a352b5f040606579c6614f117d073bb8601328fd66cead34560288e224fd6
c5d4de9,355,4,b05738f6007c80051db7c09a12cc6b29fcd08702f5859ec31dff7e4204b9271e
76ad1db,355,2,169c3b1f9c5fb322075776cc5ac95e3f4cded0f5c57bad3176131a58b29469bd
660cbde,355,3,c37b6dfc11ddc1b28671e8b2e1707764f6a66633c5f7e8dfa46705af2bb1bfa1
c6c4bd8,355,4,2e01e4b53832c5ae54db03591ca0c94cf8c0ddfc43ae9876747cb72ca8985513
ada370c,355,2,d8d12058723e187946e0a27aa9e5d8482874cf1ddab5247d848ba6d4f844f2a1
2c9eca0,355,3,2c968ac553075134021e309247f7c0e755b864cdb7ea168feee179e7e7d999fd
0f4a9a2,355,4,4d7f6d39039902540ad662d77fc2c97132d589a351977705e29a26d1b6424b3e
b67f605,355,2,a03da766ccd7274022042867f9459b93b51f677de2c70bab7b6bc5a77063c1ff
dd43506,356,3,44610adb92fdbfeae187514dcc61ed529113ae882360d78eb9c931737cafcacc
82d48f6,356,4,f16a866e3a10b4d5dbf817d43a2e0cbc32d4c116b1bed77d4da403430df3628c
4df2f42,356,2,965daf3835382de341c702a616bf45a3ccb43d69d9cb357390c4c4ba34f25546
0264158,356,3,1bb94765ae6e5184126980d0d32e28eb082c352a51167c1e6d5c7181ebbcb2e3
1085eef,356,4,8d2ce58bb7aeb7ca5216ee039a4bfed579690b7f34556d3530ad3d84ec353a1b
5015b67,356,2,52a57d5be3d14ce763f990e45f457ddd6dce569eacd31644c73322f571007bf9
14f90b2,356,3,4eb82bfc554523f41db8e9b88eca41ea50141ef8347f218b4f3874944507f7a9
12ad17a,356,4,eafe43763a565debad11886ec168e5718cf4a4daa0fcc91a115db1db4a508538
df8563d,356,2,0bec7f1ff18e0a90852f30c09404bb0d5571bc145e54f83de433a612aa60b059
801b999,356,3,6d9c7bc8f393a7a94cb61bb683dc46ebb8f3d9b8a45d55025449a803f1f82093
71d8782,356,4,79362eb99c4c762bb32c16755662b2cac1cc54bca9865d3a8dc050d14c9a031f
084e848,356,2,5f44956c7da458fef4de99eee111c58082574b4593faa6815650e3d6b42d48b8
615bf7d,356,3,e7e8ea18127b0c461b25c4ce6a3bad81b724067222377ab090e0524fd6be9bfe
4db2098,356,4,ecaceb5dbcb611c974b0151fa9c1741a805a10e3f563af53253c63e0fc3aa49d
a4f89e4,356,2,dbb448f1343082c59fada0207d92faf8e9234f7fe9c3ae9306883e92b177aef8
b47a3a8,356,3,4a5404fcfb1a18d15ead901a5690f7a1c68d210852c5aa402f64b6659ab1ed5a
b15e94d,356,4,19b375fdbb6a51e058cb8385ce03b37504573c2a80beeb15d59e3616b1cc053a
ee6e626,356,2,bd0b500b780bd8f61c96ee657acf5460810069a3e40d8acb5b90018bb53f9499
2062bda,357,3,a3240ca806ebb997e074cf0c2f9088011187a27567d19ee25b3068ace8bc20bb
6cf845a,357,4,f62cfaa1116d21351c8939afe3a2d1e5fe644664a7feeeeef5ad528bfedb25d8
3c2b8aa,357,2,28877b1e2e7d319d065eb07e9a7b3ae97290dbc8dd30d206b9b6446b146f8e87
d467bb2,357,3,f92931eca93450e8dafe23c3282b24f2d0091a6ef3c9484a822eab9c043f9de3
815b88f,357,4,0e88cb3dc5ff7eab35c91c736230e0edb1e9f963df64084a269ef59e09c0f872
864d7af,357,2,bc0f21b798bedcff99e8f368509fe65d5cc21f79d16d3d017093bbd94ddbc3c8
c0ff8e8,357,3,77c4735f10b3ad938fac6806dd83a1ceb5c4290487813222261094ec9b80bc82
271dcfb,357,4,097cd70804b75e786107a063d026d0cec63bdec5ccc5c7714457748460fe54e6
da71454,357,2,3966f25a4093b1bf95281170e3abfb6cbd76f8bd908d7fc2cbe6cc132d0a56c7
0cecb68,357,3,ae8a4d9e8880b038d785e80f71bc444d898164ade6cadf93c75238e80adf1b61
c282fd3,357,4,3e9ec6b25330913ea52ac5611f97f9c40f072778c03da5ac727edc16af6e18c9
29851d7,357,2,c4968dfae3acdc0c823d303a6f6f3e6776e1755463d2282ccd508699e87ae0b0
eb7bbaa,357,3,a13d5cd40a9936600d48f4f8f1bd5f17382fe35b057a6c53b456d5452d2171a7
fece07e,357,4,0c4a9319724567257da775580db0938c166d869287fd134e3640e7a78f624fdd
18bfb7e,357,2,220acc279002028c573eeebdd35c69437e926e814b5e5cf8585b3be173dd6af3
b575740,357,3,0a4080e42e0ba70ef1ea47db3e0893399387465230de1faa7626388f1d860e4f
bc3cab8,357,4,2feafe9e51557391bcd80dda3df694affe3987ff140cc91436de751135f83f4d
3a0fd12,357,2,043dd069e4744109ab8da2e8810a8c408f9ec09ac399840dd6113704a0369615
5b1dea8,358,3,cfacfeaa2372b024658a25356f0d62c26f33e66423ab5f5ddd62ee47c66cf3b4
0540b80,358,4,17f3e58871c0b600b001420617fe2c96048e535d291d2880cee55543861abdf6
4923deb,358,2,42abb2480f1f6c06421c457a19fc4a9fc68411481a6f9968c26e816fe3a33bcd
8e01a15,358,3,8857d7afa091fca95f918fbb782576469d053a22a09707a82753a08c5e3c0839
b9cb7ac,358,4,5927cd9bf223f0d043876be9e4c708f60d2ec2631f29fbd60fb988cfdb6f8966
aab8548,358,2,1736373db89288b8c382b82c38284e1ccd0166390e83e2de86064b737eaf6d8c
d29cf7f,358,3,ef0a9e21f59466705ef929dab86027c519e7020f30645f2603d5ed1522ef7cc3
6fc833f,358,4,3d7f1ca786181eb9add8072a0ea64caaff758bff305a3a8aee529c8657aeed94
4c2ae3a,358,2,11e1da01275221838100b7f0ba4492354105041dcc3d77681630625eb00208ec
1f3ac05,358,3,1de602cde7794416fe9c734c9ab3d10c90fcba74d1b1bccbbd30a3e58cf10b8f
f8d19cf,358,4,45cdf2c0d6bfaa5eefdee38399647c0a0565583d66b058aeed5a2fc8237836b4
ef3b33d,358,2,043764ce2bba91233e56533384335ee64602d5d4e6705de86f33d673f9fac4e6
d15a4ad,358,3,782c7aaabe9f7de8a5bb67308585226dad5e01615704d3b24bcb82fad1d2543b
547172d,358,4,6ceeeeba767f4c1ebfbe0335bccc47de8aa5e8ab33f4a507eb5b040102912191
c20f48f,358,2,5a568c0423ec68f36ffac15bf4afd6d66f5a9edaa4cae61f78176d5ec16755d4
8e8e950,358,3,068d20c7aa9f41eeecb2326f92fc1cf4ff965dd61206db7f32f3218965d246d9
0e46514,358,4,53d8e5cc1381f5a2627cc519acfa79041fb5078d0d40abb11e76f35bbfc1e7b5
4ffba77,358,2,568d1c3e0372f68443eca64fd09f4832636f1d3d3785405aff4e69e493a93625
0dd2328,359,3,9f1a92213d7a109439a0d3b1b55007b26d48c3fdecdbe63532ea07786352ce12
7cc1623,359,4,0dbeae0e03a0db01e8d240131fb9d8c99787a098cf4eba663b465ef57ce90c03
f1c44eb,359,2,e3bc5b4e91e598c60a86a517b748e3229cebe4d38ff2f8107530ac56037fc3f6
f457fec,359,3,ed3b68982e5c7b2eeb27ced32f50b43daa434e251db992dacde90e1d62a5c6db
c4359fe,359,4,f95b008dcb7ba33d71a0823ce5539c347e5dbd11837743f316d6dc46c29801fb
d67e3c1,359,2,5edabd2db1498b3fec8f418da902789521706833c4e89a2b565a155407deaeb4
7b48329,359,3,0930aecb8a0ddf23285d6e137bc1cedfc3050147015a7d8429cf53af2a01e052
db8d3d5,359,4,bd85d8da50b00f669ce68b42d92f4e836082bde64280eb0120e43a8cdfe3c362
628797a,359,2,8f581802c6e5bcd87c4bbd77388494d14d08fd1437fa15037fadf2721464ad3a
68fa125,359,3,ff1f9a3480077f943c5794ee1abda04147599ad0d26a58799357dadc6a5e7640
773b6f8,359,4,8c8753f154b28d202fb3d1800ac2a2f42701ad345c49ae5bf66f9cef1d948d4c
21ea962,359,2,b5ade6bf530abccd272f3559663fc1d0cfc06d3f3e13f2a3988b4562d1e88f12
03ec474,359,3,ef94d2fd6caca3ffb097b94735939a6acba2fb147e784ecf0829b2f3c4b29dda
8927e9d,359,4,3f9be13461631af144062aea6d3737e1a79f7fdbb338ce9de4f9355bdf7a7655
1e98d70,359,2,05cfea826c979b07cab156f0fb69648fbb3e398d57688fc347f401b9ef09661b
927c364,359,3,f19355bb9a41ff578f7e14ef071e5864e1bb75fce037c28effe8780c7bbc7fe1
8b885de,359,4,cc262014859997feb53c7a63e4f835167cdb191e1f9e15235ee50b55d75d6fb9
69fd284,359,2,782facb1b8cb15d38bef9636793abdbed7ea9de599c75344c7d5292c5bca0a5d
f3fbc5b,360,3,20bfd3a9006b4a2155da22790f3df8a2fbd474ce3f44ee15cb6f0d5af4f1e016
0639535,360,4,7bfb4a64e0577ef161d910f37cb6a510041a451d7fe579cdb0e67bec91b341ea
6962895,360,2,7e75b5b7c7167f3519c3966de83fcdbce2d986668ff154db94949164b176a720
80f0b1c,360,3,3d90d674da2a195ade366b1a3f4548c5819bf6dcb255a62467d9ab555cd5fbf2
fe6ef52,360,4,76a1137328ad1942cf756964d9e410d69d8c4762017ac4951426e619cfb48d8e
6a92849,360,2,43d0013721687112faa7206f343e0e997623d88329cbd2dcaccdf42504d36275
174eb65,360,3,c002a12a4efde985de3dd38e5a394a87c921f3e4b2e7b608e7d8fb4d63a350d8
07c48b4,360,4,b19121c6de66154bdebe3547d529638c4bee4cbfa7324f2fe5f20463edfedac7
6e79fe9,360,2,37e700bbeb794d8f863462fd292e3461c04574d32cf80a6933e1452d5eabbcbf
f87f7f7,360,3,775b67462d9da3d7fa5c7999485bfc69db85bcd7918a9f3437566b940511b6c9
77f3342,360,4,d1d9a7c3e37208ae9ed852bc86792bcf49bac79cf062ed6aed74ca5be0a7ca91
bf84e83,360,2,8bcbdac3faf63c73f7f6694ecc570d66d4169c8c4eebf370163170eef6cc1195
caba837,360,3,58f634fd23d5595e3a350ed342cfc4d4c5154d2bfdd0885817bcf35be3972001
2e3ae1a,360,4,35b619d0ae7dddd9344e6ca6bc9675bda483a49814dbec082c270e9483342eee
bc3b592,360,2,e6c645ce49005241d36469453ef028bd8770a457049f5dccbb7ba598c49b75b0
2b33dcc,360,3,fcfc166f6fcfad6b9db7ee442a5cd0bd00ddb8ff453de9178ad9273e02b221cf
3906f96,360,4,b85b75d53a14b881e3d296d72a9beb34b7e8b691e205efd7dbb1936f49d3be3e
b7c4c75,360,2,93e8352ed658490a23997b294586a7c6e230734b4a73a3207508d14cf8a88876
80b1f21,361,3,7ebf25322b3a3dc1ea29c9cdcf651b9406e59c91150446dcdd2ba0761f2b3bd5
cfec3bc,361,4,31158ba6d3b6c49864181c8da51e80810e451d62acd216afe8e7c3667fa654d8
9a6aefa,361,2,612d9507c69bc082000336337aa13259065d24bf0229cb401143206a8bae1503
0f87684,361,3,ffe271f7bfb6952bd0dc6d8ce1151c90b4837024da9e78297ac8a972003bb5b1
fdfacd8,361,4,69440677984dc6d9f4c23d720d3f5e5ebb01784cd1e12a7f97fdb11703272aa5
f17398f,361,2,0e705cae18b3b2bdc97ab98b79a59c338dab13cf60d9bc133ccd306fc8c44811
e3b78ff,361,3,107516e5022e3d91e655cf9b351faaa3a1e3207f32d5c78ae94632a2e9645880
fa87d4a,361,4,e451d7daf3a3458ef0766d8356d1e257c90f4ca09353be3dbadd036736248165
be9cecb,361,2,9aff7fe46a08672a2f380c954fd271e688d23b330559ec874caa052cdca543c0
d63fc88,361,3,148bc3d6074cfe50c3ffb17fbb6cf2095c5f97be14992346327eeaa50d7ac140
64a167b,361,4,799e4007969f0213c432c8490b4898af74a0ae43a5be1bb37e89ede01800c3fc
8be1708,361,2,5dccd185206576c33c9019e7594b7ca871bc98431a30417de6f7c689ceae561a
ff9bb09,361,3,54643507728e0c4f6f358c6d20c252867f6c30efe8a48ac4d4f648f0ec0199ed
6cbfa0b,361,4,547da47c8509339afcd3ea6e051f30d532cd7fd0c9a01c4a27422e96f696dbb7
6e41a57,361,2,9a6572f8ce7f235b51113130f1b47a63287b439ad7c4afb42999bbc556993b52
95ee072,361,3,3be251a11d380a8681065472e65a4ed2fdbd644328df88e053da279e8efe4acd
05f81ce,361,4,b2abdff3c1f336c276e23a1a8cc48d57f621087c96deed877214c53751a77da4
603dc9d,361,2,70550fbe51d0579ec6ee16bfb9d821399ead64024f651001f243b8215cbc9593
ba93660,362,3,da4a0112152574ff79e7cebe4faec3763e589766e90920822b8aa5a3c6c65e5a
b82f899,362,4,4811290758339af6cce99af19acf66aff36a926e619c3ccb4695570b6c2d2b9f
80b3474,362,2,53916c1f79bb673060ddeeeece040605ca5a0526a0331a670ec3f652fc71c2bc
410ce9c,362,3,be77188548cd31eba9d7722bbbddb4cf61519846a76a5b7b4a2d387377a1bf06
c975bdf,362,4,ec52785129b39561fc23ba9aea82b4cbb4c03b759d61b069d5cce16f227473fa
76f7d05,362,2,7aa9b95ee5d2d9a51682db1f8c95d096d9f04e876ac5306b84af88f833b7df88
f50c46d,362,3,e290547e20b12c80219c871b609b5845feb2883e3a2c1e694d5d0d1779d91093
32eede7,362,4,64d5f6e48810cf9dbd8f1f7c402dd1bdc65be70450c2015f688c3dfc1cf7fac1
32b179b,362,2,d4792ddc6a9827cd583c28f7cbe94868d4708f01ee61610c5d89ef1dd6a4acf8
c7e42ce,362,3,d88b58fcf869cc2258029b8ba3526b781223d325ea18a1b313b272a6e1122471
f4e9538,362,4,f1c84edb9a92e673d5aab4ce800e325b84b6a227bd47d6e4e6f9b756aef716bb
a11cb5b,362,2,f5b33fc30dd7e6bcc437fe962262d201375462e97a2797bf99b157cd06c7b3ae
c4fd319,362,3,8ecc6739680588cfb89b58ac75b1f6cd4d3e4840e4682f606cc33a3bf1856dc0
3addf83,362,4,dae11f82676ba69961491e6537e84c5844cdca038ee350c35ce9851118141cfe
3ddc72e,362,2,a406af0f12927048778874f0dcfb375c355260e7dee312819a132a4ee318cb7d
7561d85,362,3,ab7e96d8a2bbd7bc3c615c81f9da8e84b528551f7f36e97c3c58bc38e1ee80c6
dc53609,362,4,338f09d745ad455a8ab70c1239766bcfef0408f5d9b730bda2616860a5c5ae47
7b7e5ba,362,2,84df8268461bd742375257faf779838a75a5d32b514cd46b8087c58050617062
fbe8b9e,363,3,c2313637f61a456f88d0ae11f6c245e09a4e9b1e25dee052ca3f0fbd9fa57529
330d7fe,363,4,582fe2901e7678d7eda97f56188b422d5fe37598eba98eae8e16c03a12fed4f0
cf67ce2,363,2,e9faf02b2acb695d4c65493844a069ca6e92bc0a04708123bfa295f30aeac5d1
d96a3ea,363,3,ff4ff86779a2b8c9d8c51409c19516289b64302791d9c231dcf60f1677319bc6
6578734,363,4,3dde9aa63e1a558933dc88d8820f78ca371bfb9ae83a8cff9337f8c02cf307dd
9b8bb52,363,2,55d827651d5fbfdb76bdd8b646c504c3fd0152577ccfdd88452c4dcf67398943
bbd6f66,363,3,f8fd43d1018bee03a7841bb2fb9cf33591647cf38146f32ec575630daa1be5ea
9ff1dec,363,4,d4c6c84f8b7330558ed41aa94c9598a85f95ae968ac85c9c11e95a550612ed41
01ad79e,363,2,607f9a72f7275837733a4d8a821522e56e5f211acc0b5b1aa1bb9ee9be0108db
0630503,363,3,b3247ebe46231facca75760494e8495a58ed204de2a2a4718dafb87b38bd907b
a034266,363,4,ba61ef9a893bc1de4400a231bdf0f790ece671c352b6d4d049e6da9bc98bf9f7
304e41c,363,2,cde2fddb9e1760b483a0ecc4cfb3870c5795764f7d75d74a424f5169aca49e8a
3745735,363,3,5c05ef4dc97a11ef302a4a710d71f73f0d803c4b608426ed6e56820ef60aabd7
b3d4cd0,363,4,91155a4f544e4c403c9f795308c883188fc3c9f6d90a736106afe66aff942ffb
e7b19e4,363,2,35a03f8c4d6daa3486947ea8c9da0e880a8a58e32f85fd102e9810cc69c8eb76
3c88c11,363,3,5e23453f699ac5b75ca74a40faa4d77cd8f173ece8dd9cff4869dff870bf1841
7ac3dde,363,4,dccf64ab2fe6f21a1aadc07f4b2491e3ccaba891ecd3d2b5389ab1fdf6e903da
b85b50c,363,2,93f736dc10aade95aefeb4eee445090a06e31ce8d436ec3dbcbf2b6de9a05a48
8035bd1,364,3,02f8c09ac2120a3f6b6691e95aaccc5cf437179413914bdab073fac341073294
e1f841c,364,4,fca3deb892edf7baea9f7805ba37f85ceab54bdbb5080e49497f53dceced1d5a
73679f2,364,2,e39d4eba52930f5f25a92ed7ce442e18dbaaac1e84511fe7da3afe513e46b2d8
8bddab9,364,3,c86b64d846db0369b61a16e9fd7facfa3f869b70b339ede41ab49c4958ed2254
a6c22d2,364,4,fe3165120e045d5fb133b933ebb3a8521dfbae7939bf4eba671b885af9f4cdd4
3d33d7b,364,2,3fd209b114845b9f01ff29cc9984d26e03d7332aa46593595d8ae1fc4fc74deb
5d0887b,364,3,731d1d6460a8bcd02977eaa2b0bf7464e5a2c8207c1a00a05e93cdeb79cdcf85
17f590a,364,4,4c83921b931cd1b59e89e49a12855af7ec25e3e3db5ab5262032fe77c00735c1
5430e30,364,2,d5572fc2b72a02bd06b0e0edf7edb03bb3f13e0bea863588ff0c4ddaef65dd4b
657782c,364,3,37cb0e8355c67e65f47a05336c5e36af1625242493edad0490003dbdc838a844
1498b6e,364,4,42181c444ff6db2733cbc4d0ba485202ff8a3b725baefbc8932bde0bf1a4d7e7
862c467,364,2,5e176fd1f0a6b7f0cfe4f8a84717e97012781cf1db895a121b6c9c2831679207
3ca4cae,364,3,178949f38cc972c8903b7dba1742fc32cd99cd60ab49b0c4210fb09157869d09
29399d5,364,4,034d4aa9c7cb73200aed30cf7d9d92127ba0305306ddd8a2f67cfcc76659c3b4
b821bd2,364,2,45dae0211d792c5652129d4d18e295ebb97cdd15b648146e0441d59cdaf649a0
4170511,364,3,cdeb42238345f2069b1ecdc6a4bcb908526a01189df3c9434aa19dcb418ab54b
b5aa1d8,364,4,973dc920c0c28fa929683883754e02476a3a3946cde2364f4d7659389cf9f41b
670daa2,364,2,ea0d027731fcc7ac0b532537ea535fb72ff7334808813336fbc63061fc101695
994f286,365,3,a821d8c21e82da127f4c9c40d4430907a1723bfc29faf1ef80b5ee5672070cb2
4c262b2,365,4,8c11182727f826fca8111cd2131916054cae8be611f8ac69a423ff2bbeab751a
313de19,365,2,f6a0fceb2a76e92fccd025059a717f278286e74146abfc336637629b67e9793e
44eb982,365,3,4f18ae59b61195e4fd380eab19e6644287d7c5eabb6fced73ea5c1ccfb583901
8863d36,365,4,17beb23647ac11cc6d566814088f31c133cbbb9370f0f7ad7555c9bfeb0acb13
7d5fca7,365,2,02ce0d1043e47f8f27b423ee983e15d528e3f38cad073c27ea218e10125a28b0
349e486,365,3,ee18726035ee2e0d065348425530d5d8ab659b3f154a3b3126422a42cc20406e
179cb57,365,4,cfb111c5fd4889952845acb1cc82e86609d3f2ac9c38cd2f0e6cd24e0abf19db
377c773,365,2,e8be35d6c6730197bf2e0fc2f04ad9c427a66be1c9c364e89aae6e15f00ee063
7924343,365,3,68921ad39f9d075b651e88846ea7d49d00c69624f538c68fdf10f08953e03f1d
042b0cd,365,4,5dcf96f28ac61c1c152fec2344ee5f341a4643142e1663a5a287e69ffaf63063
49db5d5,365,2,102d476767d3f187f64f7326754d5fcd52cf574f915e7bf47f70d507c3a22413
d0be8dc,365,3,d1c33f2cbda6198e55986b4814ccaa50dbfd16a10a6b279051c7bdd1757ec76b
ebe5148,365,4,e47c8c43e1824cb14a344ea461640aaf61f419d58781c03fdf912aa42c4af18b
3a1f04d,365,2,9fb8339ebbde5908d901e2f422a6779769bc079407936a834cbea6dd49743e45
17476df,365,3,0117d95a4b16b4ee92bee9c66e7488ff4935ca4f90fffd5358559ecfdfdcd030
bae29d5,365,4,15176f39b53180521d86e2d359efc96496b531b58bbfb56878e7b664ea14357c
d09b772,365,2,6e70b9b8d7cc3b3b61d360bfd1754cc7dc12f537af4ab09be19d983cdfc37607
6d7e9e0,366,3,e14f57492eda298c76e8188a52b900c715b48c90ddd9663e77e911bdbbe55518
c3c95ba,366,4,f7555426473d88cfd2fda3500357f5405ba19ac4a95d368d17cf7ae13a052b6c
0fc7b60,366,2,1a63d24035a06dcd9a5a71e8bff489f7ea3e95bbb9dc64c6b6792cda5475647e
6b71179,366,3,00de39107dd966dbf63f99bcaaeef150e4d5b9ab0a364541f0a1b5adecb80413
fe25490,366,4,61bdbd1ac2c55131f15e350d6f21539bb77b988effdf099c5d80ea8dc0ece9ac
6929797,366,2,9d0cc745795a3ec2588902da2c1c858c0149633e1e37c3a1359fa7c10a82867f
dc9d5eb,366,3,c929ad6e7492f01f99d26acf0a3be8e880b988ec9f7a0042b335f7122667211b
6a56c51,366,4,6751d4039f18ee618b7db07e12a26dda93990edfbfeb75c193582f455f71fb35
625611e,366,2,b1d31ae42b4154dbeddea456dff5dc3ca3bd98af92a1e6cd6c4fdfe2b2f07e99
5246ba5,366,3,38db53472d432f9df5c51e97ca1749fa0e7fa1c2beaffc4e1f35da597daca2a1
cf6dc8a,366,4,79fabb1371fecc65e680186bd2c605c95a80871913df4c5f23a8e6b53b5e52dd
971445d,366,2,186ad2ff16650ecaa957ef1821ea2c0bdffab9a723fee622aacf2c14b6fdfd1d
746e361,366,3,1949c2baf42d470af53169cde9effd5984179be9c6e8c9be6f0cd0318122391a
774e049,366,4,38032cadcd6d16cbfdc46710ae8544a8c8c416592766add8f4eef4eb2ef84b1f
b256b1b,366,2,eeed9b1e0c89d84f4901b6d1544fb89757f7a3caaed1a20909ce434977ebb2b0
535295e,366,3,0f5c61a125d7ac04ecd6d6f6b5281c10d452ff7d7b95d54fd52cb91ab19029ca
2be7c8e,366,4,5dab8fe0f6cb1b820e3fdd06d5240f1d8ea886e834768da829899670e13dad9c
8078df5,366,2,9f4f7255e14891337f74b8c38dee923f9a29576b1dcc317a141c3e8f4d4edf21
580b491,367,3,b34706a1d9d01bf0e3108b3ce94ffe58f17f3558886c352eafd5ce6d402faa1d
bb515f8,367,4,8d255708461391e578e94315beffa582f05bc5be89739f7db45516ac550c3f16
870b4ba,367,2,8a25f70f0d2446b5c42153509162ffddea66b5aadb19589c3c5cfc053b1a596e
8d20032,367,3,b146a2f45fef2daa298cb2fe63c868050b0cac1312bb791334cc161c73e1a415
db2b98a,367,4,b9548f59bf91d6e465f62a7bc8e1756a61d571afc8f03ba62140c5c7d65d6f5f
4c20541,367,2,de46d369d05305a3c6be21a74fe231de187bcdc1e7bee35f9c8e39042ed441d6
cd7ffd1,367,3,9a48e57b34bfbcda01d7b72913d8053e469684811be820bea5a7fa6fbc5cac67
158d50f,367,4,8eb7fe00ef1b1ce97971948d178adcf999920b886cf6f2622ebff4810c5a9019
32090e3,367,2,a5b087a8b415a75d2199fe293c4726722fc7612bcbd87e26f06fe8d127e6d072
d5888bd,367,3,b5cbbde6be9b9e10d4d2cd5864ad72192306160b9dd9ce938383090be1714bb4
ca986e1,367,4,fdf20ea5d38437cbca35eed19ac6980ca016890a51cd4037606fea187a361c13
a3c0f35,367,2,f67312a9d4509cb64afd1f9747fde92fe4161a04dd5c54aa6ae19903779aeb90
a8c0065,367,3,7178d10411d089b00936b0fc6223ee74e08a932b573bc3d811e705c7d50ecb63
69e8f9e,367,4,6ed789fb1db887ac3ace90e46b34ed057de2b8510ae5db5d5cd60f47928cc088
adb7b2b,367,2,377418c9fe4af0562abbee9bba848056856ada77c65a3f5ac43efc4b61ee1bd7
aa8946d,367,3,eb1fca6dab889209363e8cb298870c875c4c00e55ec6ecef4892a36bbf89666a
3dd7796,367,4,edbfa46c665c8c26294cd9f0737cf93690897b9847a22bd983b3a2fed66c1fdc
bb54676,367,2,f0e71858321ab9e94235bfa081be62d9bd7b78a38d0cd0777927ff256cd8a8c1
69065dc,368,3,fda95798562672feb5af9d854a1e8b0d69400654c9088e27a7cb875a0ae4b088
1fe666e,368,4,392eece26993cd9b5ce061ae54abcae975fdc3c8d20c74e9afb121822035075f
7549990,368,2,30e201a1a048fff4bb1cc81e1487a68b38285374504657bf37f5c520f0ab777d
9f8335a,368,3,d5493c2511190abeff30476768b2fa2ec8672f75cdbd5b99e2bab221ca77d2b0
8f24354,368,4,75964d133185a8b6818845ea76b4fdce502cd97167293ff68881a3d3d0467971
c1d1fa7,368,2,3b20bf5296e92b10269868566fc3fd269c902024c773435306e9c7869b10ad71
f5a6bfe,368,3,e115f900ebd8b6def3d04b5480b30b70c33981bfca3a01176a3a1fdbdd2536ba
d699778,368,4,92bdc147701c5f2ade3090f3aea5bd9c35410e7aa93655f0d3e368fd498f2c65
d99d5b0,368,2,1082b7649378a95879028fd0abd47d293128a29173aed63bb1548983eee30fa3
e57467e,368,3,aace568bc7a9d40dcafaaf2548f83526f69d94774d3bde81516ce83740a28c96
b595104,368,4,3e49cbcf21cfab187f191d58e7272aa838b49797e897582cb9de984ff904c00e
2d7e6e9,368,2,922365b93cfe50d3d49edf04b2a22872ee32d2c77c30bf901075fc7f75d15378
b16e55a,368,3,a17df265f854ccf54d94bfe6c4315a965a04b168017d7a26541be9b5ea91ef33
d64db4d,368,4,5630edc0621a4f50e3fc83a34ad0025a06779f33da701e61b9fc879659d4fb58
173dcbd,368,2,6dc6838712cfb43f1d06d786bc06517df8590c769e60010cd8afef76725ddf56
ddb4b6a,368,3,de45ed4fedba30a4e356d7f084575acae734b838fb78928e3bfe31c41deeda4d
433b244,368,4,0856be18a602f5b446e4326e2d960f569d156cf2af8586cc9d78f55c06b9db34
2e1b5e4,368,2,2e65794a6a4eca3e32081c379d53e65da60c0c204cd067f673237e33eccd9b77
19b293c,369,3,d14242f5db750d052953e78433c9b09c8d27beed50b9f722ff8684380773ee48
42c494d,369,4,8acd5acb0994b46dda7afde296881cb205a485db9a3f22f97624c9154cea75b7
ef4858f,369,2,992408e8e6a2f1423c178f8bed8e6de9a048de299419221fef86c47c50ce494a
17d3737,369,3,4778182698af1f72ba22e969668db7e710413bed2f40a8076c316ebe1336587d
710f5d9,369,4,281b363405c2df6d99c61105cb11378ecd4087d293533039583bb9102669871e
2835045,369,2,61d774ab8dd9df3104107209536749470f55cef551d0e79a630ab9648595d33b
9063dd3,369,3,28404c1d0c479ca25e403a56643671a2fce86b731160606bc98df6dd99e276fc
479c18d,369,4,fc4ca79972b98d489627f3040241227b19f379325c82facef239b2101f573d98
adde2f0,369,2,100a85eb58b3ec19da99f745269c740612ddc4ccebdc9eaefc2af1c12217dec1
fafaa91,369,3,29c16abc4372769113cc19a37c07d24669748477fd8a1c7aa1f64098160a2809
667ab9c,369,4,17996baed8178c177eea505805327a17ce2d81be609d2d570d8d8136a4937201
fbd405f,369,2,145d3398b024e3479dcef78ac1a4ead39d7062fd83120efa6b8af713f99feabe
795e021,369,3,292b05fd50e2438b871c6a6c0854d1ffeed433a7144a9c2b89f095e210829559
9b523f3,369,4,20b9b7ed34e974afe44c889c1cacadb4b459f3ae22c04f257c1a756d1bdff3fd
bfc4eda,369,2,be18ffc24f7d06aaeda92a2c67fad2402e87f2ca8a5adccf4e3a23cdfb343b5d
148f1e2,369,3,48d1a61902661cbc599a43c22ba22f36494ed68c987687184beddea5e3c1bf95
5290f9d,369,4,3c598e482f984e3daa9333af4f273dd76d3d89ac96728e5e4da80ad564110a36
5493121,369,2,7113e19b0c0da6d8d6a39f0070e2ce17271d937870b284c6af974e222cf312ef
abb588c,370,3,46fef12027c93b88c464295d4eaca39ed73cfd5d49165038ae3570ae9b3c5b04
0e73ffd,370,4,1cf2bba91eb6ff9c61c92bad5689ec0894d4c93bc1da0c29dabdf7d03221526f
d356dc9,370,2,17d7d5353a8239f09e94442b6022819db9991abcc1db4c8ab6d9f4c20990af50
fb0a7af,370,3,77df093d32454041ad24aba750315d0587d4b910ac4d546d2c8447a119b0d924
c09d765,370,4,e41fe70fd736f3bf7f490c2972f045317f3ea9043ba12f393d765e55e8c3d761
a8eef6d,370,2,f922792671d1eb45bf7193aeb662c2e1b9197d2e893eac511981893f422d2f46
86ae7bb,370,3,33c09da4c2bef4e6624c8d7b7c6c76a41f4621bf2de0ea4b67caf3f49bb59ef4
6393898,370,4,47eb45efc72aeb4fb9fa985035326cb1092f4afb89ecb0b4b968a3199907744f
b16a4ce,370,2,82647c47bfd4b622aeed5d37040419b87d2f5e252360340156ead0e76c13a51d
a32b014,370,3,d3b9a88b0fd94d5aec32f0cb2d345a400f722cc325b8ca378846c1672acf85c3
cffc8aa,370,4,7162ebcf28dfd84cb15bec8a0e838b9009d114f51dbf237efa412f1f113f5ff7
de1fddb,370,2,9c86c1db18de2a153fb0d7819aec27414c2475dc451ea7b954c003ba484e1a63
89a8630,370,3,aae42c0702657d4d72f220645ca795b8666b4580e50f7cfef1d22b965110e266
b9cc240,370,4,8502283ff1f97fb779e4c87eafc279262596c72adb6eb4c783943a761663826e
0461df3,370,2,9452f446305b7632f247d8ad775c05433426d0e40b7c0c84580646a78fa14f1f
60d3f68,370,3,694e1717ce973eca7a734566b16fea53a66057c346994d1c7ea0a71a2c4d4593
1494422,370,4,480ea1b8f9d60a953d5980bf2cc61ca576df9ef9e7ea70b08e0c2864b5dfd857
b393f44,370,2,fe6b9e9e4f30c334d454ef92cfa644373e9095dcf9c4e7956bb913cb668ae42d
a8895c0,371,3,8f57cbaf5347ffb377fe380adb109f5946cc4f428acfce4acecb3a7bfcc8ccba
d08b141,371,4,f948d4898d9f8f10be57383e05b958dc6c918322958724242cac4bbf88c60519
797e976,371,2,a91fef7ce385b343c8ce73078a815d02e057af2a8a242718d1e61a3ccf45b201
2f8022d,371,3,8bec1b8319e260de12471de8549e95479cbefcf4ca0a320a78620076be3eab23
56c1dfe,371,4,3d26a94b96333dc5b8311ad08bdbbaf4fed56926d73a57d5c30603be73806a89
a06b9af,371,2,207ba691e369210b695a4571e4c45e38c668ac5d56333472c6ecac28aaa8a0ba
12997a5,371,3,0c3b9447c65daa148d1843c3bc549aaf0c38427380aedc162671150cb64be861
1abf7b9,371,4,4a3e02d08209d56b15c094fd6936093d54eb8ad7313891a162288d257c1d2da6
effde3e,371,2,fae98b499cfcef0a0fdcd1a49c41f6bd85cb850aa353a85721d26fcf146c3bba
33b6860,371,3,1182c2d7176c1b840d2c427fc64fe0f92d7c9abfcdf69c0edb51fc3f675babf2
0a0d3b4,371,4,544944efe111441b541e7ac37ae84b4f0635300f530d50e29997a51608e0ce36
0854673,371,2,12f26232a96fc29ea4b541397ece605afab838e86eae174ca1b2be475a958200
47da28b,371,3,a3098ba334693f2baeaf23e408e1c484a6974fa0ca3de70bba573151df82ba1c
35b8026,371,4,d69ee82c69224c8adf373e6b0b96e6e7863cba7e5466b0684772f79f671b9c38
1ab9b01,371,2,dc7f48d5cd588d0052d0a8e2003259177fa204a0e198a16bfbdcbd957b7fd919
bb94198,371,3,fff53b65d6963e1668d222a8bb41d4bc660990a95ebcd03d3a3ccbf6919f6e14
8d98a49,371,4,4f651bc93f6cf97beef04ea9ecbd2f360d67b5ac48289774adcc04327911abbe
2a38aa5,371,2,c6dd0ab893dc64b9bf1e32d5b10e62e6d1676d0234db09d8fc4791271e7f1f41
232c60c,372,3,326670a5232b1426ab546d7cd6d4f05625b721d01542b4c597aa7eaa9db68942
e1b50d7,372,4,d9ebfd16470dfa124f04008336dd10b38e0a22aa4904652a8658c21b9fd3ed79
f47f7fb,372,2,18373fcf3ad637a2c3a8a159758f819e14187c1f7636bb15a2f1a44b34a9377e
abaa5bb,372,3,357129094450b596ce396c2da63b3a17bf9564f50ec998df8977f9f75ca19fe0
00b3311,372,4,945795fd6767b4fef2b116a34a3347e01b2faf109d92848bb6108fbd4d611428
abd70b9,372,2,e54728e0b313bc23a950d90c242d7d31bf4a30eec7b9c11fe522d37bd50101b8
57649d1,372,3,bcb0fa26b6d87ed787e730f47e5427ee72af3ceb0e59f5206a918af4e72c13b4
85af2b9,372,4,be5256d71e4dba4a36ebb6f0a6848ae3356ca3426ce76c1a6159817411eb2d85
61a9010,372,2,7ac2aaa73095e64436edd5a67c15fce4495d8099afe9da167090bb968b581f51
4973b27,372,3,e4d97aa4133ffc00f157a224bd3a6898da8cc25e73b583f73bf7e4e75bcf707d
685b699,372,4,2f38fadb78d89387c4c6660ced98e81057a8497873db39df648b7ec5ba0381df
7d72685,372,2,1d1c945db62eae141c3376e6572201732b5b1b2b1a5a060a01e0a30582a69279
926c21a,372,3,7e0edf61b2bec2140d431ade93a91fc2f874ceb7699d97f248e60d8a8dd18b4b
a8c10ca,372,4,5e3a2dfe045de55ce4ee3e399c078bf108583e0767d8135cd4f831f655041830
6c309ce,372,2,ae0ea0a895105f36d4886e7a65d946b82e34790ac7ad7a00d522d685a09b0018
9232640,372,3,5fc62d0b1806714e8ad7d901cb5e1c051365c74e75da70b45ece6f3cbf7edb4d
933fdf9,372,4,727c383f5fa15de04826263bfa58f1a00effba1d8e2612b3cf06ca4d25b76df4
22bde71,372,2,749d90b34de99097fbc1ebe927f5a2d7f3b9cea1b43bc8b44314d2bc4b3bdb70
a1138fe,373,3,314041be9665a47f3ca46dcbb173d5e3f5cfb08a245ccb4bf711a5cfdd3307ae
5a1d913,373,4,8480ebeab89492181a102308f3610fbf3e91e6fa45e5db17600acadef5b1edb9
310b8bc,373,2,4de1b241165125f2b7b725f3581e45255ccb4c9b4fbd3294841d2715a9ca235e
4795d3e,373,3,c8a1e26f639ac709d962dd6ffdd66b0e44414f7a3656834288113ad9842e4433
1fb0846,373,4,dc2a257dade715af7b9819e463ffca3b1eb86ff52a4a02602bbf8fcabbf49362
a323e3f,373,2,a8edca3ca09de2af407ab7feaad81d89c14b33820ac2a00e1dbbbcf7ee901d5f
90cbd8a,373,3,2b66ff057f5a2c83b91d541c627a797ec48f0cb37f83be1b1c3dca2c85a9639f
ef04c29,373,4,9ea18471f27f3d1a8a2760c6f6814c305e9b339c91c5312f8c5e97163faa64cb
3324df9,373,2,201c57e4a4c8b18594144b2ea5e646ef41efa3eb12085545f988287415617cfb
d9b142b,373,3,51f356c814ea8f2bd619508790b2d827a2180cae3ed60d21672b3af57d7fa12e
8b9aea0,373,4,23fd61a3ef48f20eb570cfc168c0bc99bcb12e690b74f14223dbfbcfeb3a76d5
5bf57f0,373,2,6106cb378d3ba83bff7b58603f9ef9177dd2d4755462811dde914d6fcc015895
93fee24,373,3,a2ab8b4641de5b2ddd0b6880c4c70d1ebe6369d7dea81a60ccef446385ae2d33
3a2ffd1,373,4,9f251863a484c5eb161432d0852f38adfaaf5e8aa5a3ec7d192df5dc8cbe7fc9
9ba7a34,373,2,a57f8b9b1898f435748f40684886e25361bbae923841f5322ec8e81ab0e9e932
bf2560f,373,3,4f969c93e4e8b8329069105f82b680e436fc306d08e56fdf57ded297c3136e95
06235e1,373,4,b20ab87f78e582945ce890770a077db3301bcbd4691314503b2e569d57e8d22b
085f158,373,2,7b05326a4c447d13ab6fc94414b49affbdbb39aafb335502615579f6c722af25
b81f18a,374,3,6c59a35985da13ce468e0bebc864b3c981915c0ed00984371886a21e64dee517
95e6b7a,374,4,7b8d2692e1ac111581806a40a6c6aa61635b3dfbb6cd1cdd7f29dd94acc29f4a
11c06e0,374,2,2cca991fe4d2c5b1dc7b2c1fbf1ed88d04cbf7eee04055b27fcebc1f83ffa63d
1287951,374,3,0f369cb0cb07ff480dc7a7541046bd22307d302a0285feb2f12b9338e6be4e9f
e9269d6,374,4,e770810980308eb2ddf7b65b3777502e2d13510d9191f3c6377693e29f412241
2cf8c75,374,2,a5631a033c4b214ac913053c049a0cc0e50b54b6294aa3f6ce71636883176d65
c10455f,374,3,a5b7a7abe74c043d7b11a2b47154c9b66f4f928879d63375aa5a0cd8a04ac82b
425a4b9,374,4,14c06f805ac881243a1cc31d47a0083ec3cdef36ee77557dfe720ee629a558de
0d96a6c,374,2,7f9111d5b146d70c8ba0e20bd95ac2ceb2e348ac7eaf6841910af4b7453ff6bc
9809cd9,374,3,8d8c1ed489f69ce6f99cf91ad185588ea87ec6a18166efbec51ed147ea81a3fb
1a5babf,374,4,8a2d647f322eb2ca8a3bb6e453fac734024d776c0a93e9b21e50650b10b1f2e8
2823575,374,2,eaf21c4ef28423417acc9cfb7064ce223a2860bc2f91fa33c51547592d688a19
4cea9bb,374,3,f35728fe9fde3d4e0b6e0ccb037d364be0584e837a9f7047bb2d3dbe7ced296e
3f761e1,374,4,f61f5dd2a718f3e5b1a19261c74f847d396088913122d98554f612c48c03353c
68eb7fd,374,2,03e40f191fb88925b816e1796ca74156c1947672d5b35ea717bf9b11e4b28d2a
de27b5d,374,3,b8451f2f4dc910e19771cd6199a943379d1ed0a4635cc062c2b63873359158b8
8618ef2,374,4,253f691b82bad3f0e6daa4df1efe33ba84b1bf53918aaa237486dc0233b03468
c337f6a,374,2,8718c153c5181ca1bf06482678b8a9f0fefabf57ade6ea2595b19f3f397a2420
24ef783,375,3,db28146de2e96405f14db2a08e61c3a050cce884cd5a034b5f8e60e472f7797d
9b3744a,375,4,40eb3321ef6cdf8a8316113ee79256abd7e9ac84c7343976b2b44d5aca1d8140
6c49de7,375,2,bdffa0d082dff73bb9745a2e7b502df023ffedcdf9bd3340af3511865f80957c
4183f2e,375,3,6aebe79cbcef414428e6cb8bcd2a3ecb1151b702f57b2a4ca01e2e711be71fed
15365fa,375,4,f422d7f88a5e3f15efe02d24581f3fddd72cb207c984266956355c1465897e1b
cbfb6ff,375,2,5af43511042c5343f3bd667ec974adce1183b6296721456ffaa02a5de8ac3699
31dfb5f,375,3,abc47fedd619c18aae00487e877251fcd5756e3303bb43d60d181d1cadc5e86e
032db9e,375,4,f93513b7edc8e052ea07cfc7fe134e1fab427df29b60fa673e6d4259d3109720
bd7fb96,375,2,58b374a721400feceeecb86779becfec9e18643a91fbf7dfb4c02aad058fab00
5387290,375,3,969ce3fb9a66eb3bdca408f65e5e4d513e52364c6ae803e410e2d39eb82d9d79
5fe2abc,375,4,81630e5764b1b4388bb2798065611630166f3c074609818d69bec8ac832ae786
f8d4a7b,375,2,2af2939700ff8fae3ae4c235f91240780af16ef02d0425908b9bfd28b51029ab
7853ba5,375,3,e6d7e112422a4e302b88ae33a36efa2ed094f551057a080927f61971e3ebbeea
3b163b8,375,4,0d29541a715543101cab6d9d564747f6186b98fd293714d392afda76fd69d09b
f4f2c49,375,2,b60eaf1c0deb4abd9542668a253b9dd2fa9e8130073f21cbb8992f0984af7483
6010267,375,3,e9b22b25b2fad2e0327afa375f7c8afa729d902a797c3ef4a92569717954ced4
0a7fbd0,375,4,4f9842abddb31d137c038354039f5113802eb348baf2f049a43e0ac122fc353d
24c8a88,375,2,09e5a24e0888d5b0801dc7c5a92f46c97e454b2079a9b7869783f03f7a5f0b87
ebd19e1,376,3,28d1f8ac4c1c518b43af6d393009eddf4d91c267cef6c9e8283dd7773e12c714
d6d04cd,376,4,3f2d6c855df011c26d6a92e2d9fc4cbf779589e43e332eca6dc87cd5c5eb1818
d325701,376,2,2f0d6b94c61c5afa46604aa9eb7d4bbde7f4b5a01336f60cb2f12c239f5f3477
3312b86,376,3,c9a56c13e437b0e08c551d1435273274cbadfcd5f8e13cf31187177dc1257bcc
742bc2d,376,4,cd2d0ad9b542d48514b6c568f59a89d598a62a6d45713d18a3c9cf07da64db1f
0f2455f,376,2,3012317d0fb0d3bb711c4bfc9f3406a69937ab88572892fb3f8491c98f38cb9f
72d135f,376,3,71050fd462b334421c54097b11849d3f1a224f288381243b0e677b7077654f40
2850024,376,4,91f3c7ac01470e3f5cd38220b584634f2bfc6f3d8005ee806668418c695f0629
e6cfc5d,376,2,576a0cc77e51a802b8d508d47a7d3e035b97750436d6fa15d6d2240dea58d8e7
4cd668a,376,3,ab9547374d6aebf254df1e05f672558328ecb5a5b5e7c58842913e5fb746bd1e
5c2e1c3,376,4,fad5b39bd6fb76ce1392050cd3a0d51c6e70883ce170406980dfd0931f339bd8
e4ba378,376,2,71a155b985351932ecadd656bfe93f21f6c5cb64885c35208d1446cc1574bde0
eec45e2,376,3,8cc85d0d37fbbe09b51c0a956484da80bc7fefed7024306d7b7740a2f2abbc7d
d35e751,376,4,3f51589ce5496e7317c4dce0cf5d8069ef4c692a96c167dd0646821cca1ef2e2
e39f9e8,376,2,5b0b6129459baf8fc02179daa9b41b9637827e5254f600397a83c7905744182a
50ce20c,376,3,4772591cb5c5030e25febdb6d33727080b19d89359c910819964c7dfa12f1de7
fe55509,376,4,47b6f7fabe01017ca2f6a3bac5a368d1a08a3d4188444bc46d07bb2e22a9fc1c
6318d10,376,2,6d02fdaff662ed54ee09e3718b7e78c2cbe95607a54e241f5d4d1d0d5a4d754c
7035dc2,377,3,825df1f014ac81f215ff574d48ee1e2c64ad98fc7015d7860fb01290dce9d15c
39dca7f,377,4,40fb82bee4c617be8ab456ddde9ffbbe228af487c1960e450e0e240ef5e97f50
b47efae,377,2,4a44f20ff0d8c838addd06e26e8b1d6576985295cb054098adea43a2c9578b47
e907a55,377,3,591a83a07d8ef2007abcea3974ae901a2c5207b4daccce96376c9b64fcafea63
c53fb5e,377,4,5377b6ff6dd6ce20929ed8f9dc84cc0243ecd96c08f8fc33edfa339f5bba3a02
0e4855c,377,2,13b9362e3ea0fe110ea3532bfb86b8cc17bb67a9afb39c6ddb4d00c6b7016aae
95b808c,377,3,2bec5ee6209a91d0a6c20945f561607cd82d7d1b0e63d337e46ddde1758dbd4f
5f46401,377,4,c128e87a9e4c5fea89a54a82ced0160155d7f5aa0e924089a003dcdbb5305bbc
f07b408,377,2,3389b59653dbdbf77dd3468ad284aa380736195dcaa66448c68178f62e7dd0f5
c278844,377,3,35735001f1f0917fbcc6e09870d9d42a2ef5ae0d03956ef0d8a415174014729e
50fa26f,377,4,0f4e26195c39c746756cd2fb775f190bf66fd2c4d8113216c62cb811c1d69742
7341159,377,2,3668fdf2d1d36fd151e9d1b2adc11b3787eb3a6ccf5878130f301f5d70746859
7414f02,377,3,5e35d2dba3729fce4b8ff941bf62ee46a52ef9da8622e531177167280b2c12e2
dbc3874,377,4,ef2dd72a3c8d866e7ccec4d55d68d0154c593f4d966775e38f5f29df549181a3
bcd7018,377,2,6d116a49db775f4c8c1af3e02d799e189af892307b71c66eaf7757c39e86e3f7
aff76f4,377,3,5cc82b18ede6623c09171628b2b30327b6e2ad59f8537777677b778097182273
ab31ce4,377,4,975f14271f438b77a84abd1441eaece2b34261131aa7eefb31b2eae56c041c40
929dbaa,377,2,09c0164d3beec796446550dd3e13b5d0563a4837cd1aef606541ac461025e3bd
e9529d2,378,3,145f9e4d5a24e0c838a70f783a573cac4af7b73837e0a3a4db1eebffa6d73237
e88653e,378,4,3c36610cc8199699484c3195b5a5a46efc0d6b76803d0a6c978bd52dfb5fa758
4591576,378,2,9dfaceb5346adf40b5cd578e806890fd757ed4c288967b3d5d88dc275af32379
c906156,378,3,7fe67c375001066c46a7d2a38f3309088b6503fb64059e61fc6f8606274dfb3d
a424880,378,4,05b421cc30e791614d7cf71a6c8faf4efa6409de9005b1121d9f7803afb9bd9e
66fc2ac,378,2,6e67ecb83cd3abc32088008bc5525d124ce3d496325e955ca9d51288df19fe5d
3b9e818,378,3,57393600bb3315e9a3b9a8b50c698857f24dd864e687abe07e4b705cf7e5eca3
c4d54a6,378,4,c03c20a10711a84080df4f0af9e23e1f0550e5f86317af9899b18b09d30ff37c
1464c1a,378,2,c9dbc7735a306bcbb783a8e04d170b4e667d317771fa17a873645b86bf8435a4
f70c0fc,378,3,689deaa33b0aa1f622e6d1900b385b10f3b830b6f851414779511b2647ad8571
3b53486,378,4,eb861ee4b917df35262726df745444bb9bd3ed12cd236d577240d92b0b8cb21c
81f7222,378,2,5e63d5bcd46e6515ba148ca41e1c762c17c07810f2dd369a0454231fae52b142
de61739,378,3,b090b1c057349174320707eca954b72dabe29482c79cebd17aefcde8fad14f5d
5652951,378,4,77270572ba4057e8a6001761de58b047d604114080c0c160bd27f0b80e718344
18c3c09,378,2,8a8bbd0e1b45dededbe987061df2fc727dca8d8605ef1647ea81e36954b2fc40
c9f673e,378,3,1416774cefea4e85420d55b732c1d83588c046baf2cd8084cb9d854c1515d743
4f28605,378,4,64f7ed04bb65d979b0dbe053dd8a816393ebfe68baa5b6766064101da20dda25
8104655,378,2,e0db9302cb6154133555648df9345795b6a0fdbc303c5d29cba55074248dd629
7456322,379,3,f694dee806ef08bba6995ad9afa152a498e442d8e2d85b9b432fc095ce4d814d
892efa3,379,4,708ba1b92a48df19274e6853f5e0395aa18c3e7b65474f4a550bb29462347251
7ee16a7,379,2,570838be8201c13c83854f8d666166f1338af23a1535054bdc9b38467087f7f9
bed66bb,379,3,3657c2d82dc516d3319c58a7be08ff4a3f13219a0bab9120f194fdd4e28af69a
747407c,379,4,1d9de9388ba0e8292951468820888c4732d7071655f839524875c0fdcb28ed95
f856bc8,379,2,b4b347ecc8af988b71260eb563b394b11fcfd9335559d910dace80e6bea2fdc5
bd56425,379,3,1f286fd56857b40bd548cacc70ef9eb40d29583be7e2a863476c1fcc89ccd323
a73365c,379,4,ebf74bff6a8454a5d66ee84b5fda4f8c1d804b51ca39308c8e81468d102fbbd1
6597280,379,2,d820347659da94ec3cbb53d716986472c03e39a414c77636c85e677f6b219265
d61ed97,379,3,e0e5cc94fd22731d1fbe6b0036607ac0e7c3156ef2d4d397c646005e01c914bf
fd2bd08,379,4,192cbe2b7a3b6f2179fe703bc2cfc5bc62c505ef1869938164a113a6f2814ee6
c870af2,379,2,b1a0b87c0ef615d5cbb4a52bc3225f8668c7b770f52ce12e0f521ed5077aac1f
d73f3f4,379,3,5bb7d5e87abf53c3a16ce92dc3e2a39533d0c03a8f74436a53e6253a7cd351ce
a1028ad,379,4,80f36dac3f25e73c5e6e43b8e8cdbb904788b89dde07b0a9cf46a024a3f9ad02
bb76300,379,2,3c2c3717c285021bb701d55085781191c01decafa6376a26d62d6590d8145403
f8fe1ca,379,3,2cbd19535b0c31b395f5ef036cc04c824f936593f99f26431fbf37ace8ca3578
c0dfe25,379,4,ffb719fe46ed1ee4bd97e395af8da059fc988236b89fb1dafe93dd94c1850558
b4a2dd2,379,2,01a073dd2d51d76bd69bab519bd5ca2f3d8b9c8cd1e40be503ced5c028f34e45
f99cbc4,380,3,35486b403ff3c3f4681f3af63c27ff01da980f52dcefb0f773c82e9d09880852
d32dbeb,380,4,f8fdd8a16f2be2ca8b487b51404e8e0d5931f86b13bb41b2479c2628b723825d
6508359,380,2,ec0dbef4651dec8127264523ffcc2138428a6e1fdbcc01cd844e2eef0d310bc2
18a40e7,380,3,8725e7278b93656082e6d156d56012b95c58b642585819cd7e86a05c47036ccd
d81ea74,380,4,f1b83c0b88f393a5e9a2c89999e854608e16f8a4be1d41dcee4979d6e4f5fa07
d640a12,380,2,a6df51a2d3937c2394449323fcc9dde54737c532f75e75e360b656010ac123b1
16f7c42,380,3,a94889842c949b3e43c309f885e04d0ae559fbf1e388c12a77e30be1b99faff7
31d3659,380,4,4e593515016297e7d6a47c082f1f76aea273a863e479b46e742a08382588f2b7
25c8837,380,2,6b927d901597fe9e29ecd816e935583e251caba254384569e7ff13c95474d8ab
26c493a,380,3,cd2ee7563bf3108f4ed02ce0c0b340c56aa642c1fe4ec68301cb44591693ea21
346a63c,380,4,c1247b3ea66f1b636f42ef5821b9a6670f4669e28123db618f5980373d7226a2
452641d,380,2,9dfb8d0efde6745f39510167374d39394d6b2461fd62b6c500ced73f202d461a
05806ed,380,3,f13466673dc02bc3f08a1898ad1c1123d1cb97fdf413fe9b5879225c6163d704
15e8c3a,380,4,5e257681cafd71b2dbab2061bbfff0eb47cf6c35a0f97d03194ab907bb8e76b3
798836c,380,2,9439f7bc7b5787d05672944cf9d06d7c1c4330ae10b2778ae4ba475c34b20b82
370d1af,380,3,7da6b9dce31b9132abf05f9becbb28e87f092ca8cd24b1b3a3d8eea9b65cadfd
607cd44,380,4,4306b504e80882df3a2fb8439babc86beb061bcc0378d8542e17adc770d8b1bd
9ba4406,380,2,950e2aab051b6a3b4cd4a27a6ec6c0d9b8722967540192503bf3c83783a7c1d5
e24bee7,381,3,56b9786e1d9ae05fbc9077e7010fdd4e4ac9e706d39d853dcac228f1047411bd
e297193,381,4,3f8fc221c128f25c23737b7629b56c4e75496518341c1467cb85502729a6c509
4889825,381,2,a5d6723f591e1e0e695f65486ece8f6e31453472e42e7165283b1ad651ce3edc
6d0b106,381,3,2ff8ce36a1a1c1bc815b90bd600a248179f205bcc1cc3f119bbdad4d114ca27b
73ec0b9,381,4,23287f9c1426d1226f390810f8e3ac486ac15af52d2e6e4f44d14a57d525f06f
85fc7c9,381,2,5dcd9ba7d0032d553ab328b697522d65e9b087020718c72c1d1d8b547d4ca19a
d2d299b,381,3,4c29e5abb55f0a9b60602823951680b5b9df9dec77f77aa568e543532af64478
bef8651,381,4,41b0c86467ad95114b2a7f7d83d8f6ed089db3ade1974d13991db5eec55cef03
6d3ed36,381,2,b7313cb649b33ebf43d17b489927a174505182e795723a5cabfcb9dae72b4d68
24e64ad,381,3,6563a03f6c6877ca46cdfa806f5cd0eda96b71625ad4ddf583a0829c6b0db520
7953bda,381,4,45f12da5b6522ec1f808980504a89d228306f7d4e944147196529b109e81ccda
8e90a33,381,2,f9cf5bc2099acc82ae5da27ad42b4dd5a4964c964cf7e2ca8125610c1ee358f0
b7fd893,381,3,688bb6c9faf83d5a3ef43f60f88e3e8a2dc1d7d6ca512ee66dc5ff569a26e7b7
bf55e77,381,4,0c03b717a98231f26d7d838a2543c55c5aaa7e54a7d686b6b382bdf448209c02
2344268,381,2,298600c4c80673d0aa0d5d75bb70f421e538bf665181eaf6d5f89e982842d70f
70a84ef,381,3,a4152aed73561d49548afce0117216b0aa88d46adfa00f7a1e1e481326ebc65a
acbaf3c,381,4,0b6ea097996f0471929a2f29005abdbfe880a7f8e44aafc8887f9d9001638f0e
e5c3b9b,381,2,da9e02458cc7c7dc77cbb682f7ecc48ec8d2304ae868a2a3451c1bdfca0a9206
27da61e,382,3,6d3fb471ff4276019e1735b412aaffece2104dcb71b18436d0cdcf8c12fd0968
cc818e9,382,4,8d08bbc490b9673423aeb5786d60ecd7ceb54ba1c9fca97437331bb85a5e9414
b463b68,382,2,c3f3d6cd7b3d53f37b353aa35f29ab111944ab27d2779f82af093079591d509c
9d44f80,382,3,2d00ffa932e04c4908320fe190ab6f0f7518389cdf6a46d8cf835f8f36af84f9
9b3341c,382,4,6008924625420f5f82c8d30e26997e0f236a397acbe971c982ec3a1184ed30eb
56ce1c1,382,2,99b565f6ff928880614d1e1266183c67d49b8f3d86c3dd67a60f81ef416db30f
7077598,382,3,dfa1c5a239113d926a0e3e96845301c213086ccc00c57478043b1d7db6f61fe2
2c2bb64,382,4,0790ad83e68ba48bea27ed4cff70d69d0e6caaac0cc97c0ebb44bc849998f02e
87719e2,382,2,4f05e1276148bdfc8339353ed6c671b1147342bf47086c215fd5098589889a5a
f621c2e,382,3,029899a8463dc3528d4dfaecb4fcab0690f0ae71455391fd10c4755808c57b52
5c1f480,382,4,5d3511a379f6a30da463dcfffafd7954da3102b9fee1c35021f3391964dd0471
511bedd,382,2,1137af5465e81bff5d61af0a6408c7ba260d5b41722d83e65a8b2d0782d33b40
94848c8,382,3,a31cc65aa7d8eed75a1f438131fcb088fc11ae1f479229fc3f01fc467d56351a
cbc7fbb,382,4,017ac56267d85d8f1914b9ef6fa38c7a98a99d6a99bedc41ed67f718322ef67e
429f1e2,382,2,fee42f66a4ca9980f1369fcd3964c01987091db52db418dc01c9013eda1ae6e8
e84514e,382,3,ae97984ca7e14e0ec73aa89586eea79fe3b68b8127803a0486f6e4ed2b308f3d
20f1b82,382,4,acf08c00ef3db84b22fde382680f7bed7ea29b3e9b9211a22a0ce0b0bda4c0dc
3a20bfb,382,2,0245fb758278d51275209d2f7e41fa093e0d17c77875f08e80e9ae86947877e6
f932e4c,383,3,055e5716e959f6e6df9ee9d7898df78c3bc736b531354d34b0e77db9d964396b
945f221,383,4,e3629a0b69be074e1ea63a0c4fe6737714abed3b33b8850c9d585cc0cb900d5e
2bb7f66,383,2,09d4024a23f9e378709e97a764669324e7802b091548a3d7c48a613324037a92
5b94668,383,3,a1b90049ca98e9c51d0c55fed3b03082e54893169a25daa24a13ca3dfe20e2c3
3283240,383,4,31ae3c5cebc3f79c3286fab91c61d5cd8a97b49c3d54bb5a3d2a272b21c23f85
82a9372,383,2,ef5f56a901ac5699ec1fba2cc5042f310c791b54c4a3a245f31254001ab069cf
c83d850,383,3,06f8788a079711229e1520c9f5ac02816e9366a17d2601c65e47e98900531f5f
1614a93,383,4,935a149347125e82bbaddb4111676c8215ebb21a47be2606d4c97f5ae3aef864
48515c1,383,2,8695bb38f67ab48d779d9f8bd0683f0eeecbb693669437784cac07cdc3b1e92e
a0f9d33,383,3,50dafd684f248dca4403db6b25e19d9eb5c93135f0cc7373755fb576b033f4c9
7d62d5d,383,4,f211a13aa856595641cc0c404caf09d35cbaa7b240648a2e6f85fac8171e8f38
ecf39d3,383,2,946267bfa382012f93a546a49122ef856a2193cac09efb91ccc658ff212f3618
30d2268,383,3,c9543d78d3feb7915ee54a378767e78c19e8199346d500fd2401c2ff34b78b83
e941b58,383,4,885fc0e353a43577dafe01bb168976760d9d2f9e12b1e06aa496110777dd9021
356a199,383,2,98265fd414383c58e99a7c70c04b15e99d2cde849c04ba9bfe08c08d981521ab
89fac32,383,3,3a05e29308236269c71ff71ca1319d71e9bb7fc8daf23b2415304a5130b9c627
3328793,383,4,82ced456130b640ad0e52460e390cc26629e745cc05621152a7309e7201c0591
3623362,383,2,5cd647a2d4be61cbe7e20df45d23e4db03108e2a025a1d51da7d518835276118
10f7298,384,3,c823c8498384be6f622a10c9d10ad60cf8355a49464afeebaf58fadb88e32777
23ac622,384,4,8b063c62a02511e4897040fda20cbfadcb7c46c71f2f6314ca39ce1456ca6cb1
4fc2548,384,2,cd8223c5515cb0f13f89925ddca755b09a7de55262bdc56e98e43b5a626d879c
8b4327d,384,3,2a471f88386e0a6248a50f1b6f24aaa9d687fb877f95fd28d1e6712ca9896511
e6ec61e,384,4,917e5a0af451523c1796181cb5b6f53ab53dd2ec834122d21ee0dd985dc9fae2
1740c90,384,2,94a1f2620340efa95f8a2497968a6474ea6e5e2e9dce585769b6288ff95cf3d2
eb828bd,384,3,e3c0854689bc6390d25720d763c7c85cded12be06fb19d8dcea686f1ad1e0499
f507d40,384,4,29c3377dfa73c5992fbe85e556b41dfe867fd6bf23d9dedc406b4141ac206732
f4fc1ab,384,2,1d3c600d174c3c26b456eefb40c474cf4a3a4f27218520647d100fe7c2854b75
a0bec96,384,3,b249f0874d2d7fcd805083628603b130df26fdf63b266bc356f7d2f36a2c568d
09b7afb,384,4,7b65b1635c613e12b26193ae7d67774569dbf96ac97b556f86bf48477adc48a7
089aae3,384,2,cfe7c6c43a3774e2666ab9498784152df3c4b0fc692b03241c72b89fe57c06b5
a9cbc46,384,3,5cc395e0aea6290383a7e1576505b7be9e94fa69c85deb7bb93515c76f4bf88a
be705c4,384,4,aa0b3671bbc771e67d5a7cf05ca876bd7a96a20401f8dc962cad7c6a39ea25a4
f357d17,384,2,bd277c675f02665a437be33edf847271974377678c2257853e71d00b88429c2e
281c018,384,3,4fe967820d8e1acf95906a637af291e61e437a7cf6785e4397f64f00fc094f4a
c77e108,384,4,9ca2585816a53fc1896e408e17be714a9e57fa43fc6d9596a62a917e0b50cec3
307c738,384,2,74afec85d0c178fb169d41e689dad51cc24dea5ae03df687b4d800872ca0193b
1655699,385,3,51392f7a54c2f0290eb145ed45dde00a06088831a691a9b50ec824e8a1cc7f6e
46be9c7,385,4,2ca09ea01fac45c84b9c6dcb6119f58ba0cd73311970f1c2fddb9c2720de11ec
0c488ee,385,2,1a89c371d2e9dc037f250d631facfbce3293e21aa5b67fb4735a30ab9ce0976a
81a7cb4,385,3,1cc18db12a2dc3ca3cef2c6197d7c996f10e562661d30dd847464e8a12409ab6
30f8ef9,385,4,f7aee8307f8d288d2a5db2d5a68383459005fbc7035d7ae02fc2967c83965408
4837056,385,2,91bdfe4ec08f1ee95bebd4397790bf2145c935d4430e56543b1fcdc91ddbe59a
cbb9876,385,3,5378877d211908ea13c6f9d068f3a9c0d1cef53e1e7720b5398ce1b85bc23c6d
35ba672,385,4,893a87ec3c902b09099a9cb7cb979be20ee4037fd4ccaf8e79a428066c5ca2dc
ebf137e,385,2,1b3fdb93909048b66d07a583328a084dcb78ea1620fd514d9d0b05f4741d103e
a7f3634,385,3,54263078d5f55f9758baba63a3817eaf65948d19bfd12ef271a56768e4045770
ffae2b1,385,4,e541ba6c6faf01e158ba0bf267e185aae901fd4e555e3d4bf048c2210e31c3a5
146aae7,385,2,fd105918068efd32e8f300fdfc430ce2f18857808299b84d7a3c43b971473297
1fd270c,385,3,ee51245f4dd1594528ef89cd9728fe970985befaba0617a4094d35ced27af753
2c35c89,385,4,1f938b30c528ddc563bb0871835f04b53366bc9a72677e15dd1de0bef586fed8
2941225,385,2,370c3402a9205630d1104cf6ab0402c57442a0d918ea286608e8892bf08c28a3
eebc4eb,385,3,331aa41be877d30a011bf786659959036ec2b3d9a174c452980e7f557487a3d4
6564a7c,385,4,13f2e0bd8d8449f24cbf86dc037b11777f9d4b2d3e582b57b96b5aef64c45954
a6b4308,385,2,5bb09eab9b95e66f22760e9fa3fa55e289f0bb394fcfb722650f88ff068e3133
236bdd3,386,3,f5712c07c2e09a5e2e15de1f0614defea2f267af079dfb08f61cc47bd469c85b
f417b6e,386,4,72fe126de8762f428128c3d8a1515d7f792ac972df172d93f10e8323d8254f6f
8dbbb38,386,2,aa9cf7fe16b668bf3fe0e5d94d002720ace98878ca45e0eead2f52a6cb8ebd0f
58f3ec0,386,3,71e1092044c70158905efd56646684416391dd7770f8cd28838af266810c0313
a81bb80,386,4,8d64dcf88f4382ae7bce18933ec2f1a7e1f7e00f0af302990873822166374a37
177d6f6,386,2,87460ea772344bef4b28a87900dea8aa3e234c960b36aa563137b96be6cd6182
3007923,386,3,4c216c3c4dfd3282fbe4644aece02441214f44e94522ce7f1696819742ee57d9
e4b5afb,386,4,6fbb4838a2fbbaf0bd1af4cc9f05659d3e0c57e48a90125fbb8b149a4c4d34a2
70e622a,386,2,acc9a4c4d27fe2d9be9263fac3a81994ec37d400a32a31430f3d04582c27d71e
c1aec49,386,3,73ea4fedba7589f8dd04be78243fba4dba288c970bdcd139fad5817739dcb4e1
1f65a7f,386,4,5f687ca40d112899af291b518b453caf95a77435aa6c484412eb1a61f7e00d23
347f9d9,386,2,8a9dff840806bf8f47d158007772679c4c05aab378a28f1cfccd80fad4453ea0
b1ee739,386,3,d1ba97a7be7145813569d8de22a831c8ab72d791893fa03742a79068a4ec5dd4
bdaf17b,386,4,2f634ce225ceaa3413b9519b449c5cd5c7ff643bb14ff789dd8924a5adeced60
004229b,386,2,b9b18e8a2f910412d63c4851867b951e9ea125dfd7ceb20703a0579af7642865
c1dabba,386,3,2aed3476289656d6fcf774ce1f20773fc2ffb3d07dc8a575e7ef0f5d28a3be47
90bba6c,386,4,4812946a299781e8113084186b54e5ae009a11ddc96b5ebd1a26263434cd0fa7
5fedaa4,386,2,e0636ffe57f73f856779e96515604679cb529258c7e6d318fc289287536b02fc
34e8646,387,3,03518044a9b533956fe5667de85b6ae162a2d8fbe13492309270cd8a4fe72760
33c632a,387,4,1cbba0cdbd08479c2b09bf2cace8375cc9447688186b810380265e4b0ceae866
cc37102,387,2,88419278aa2348cfe8354a3ba1878ba2985294e7f466b99f528d2f8c2c28e012
b218810,387,3,e15d62e79fa3e77018ccd05897980a5029b611ce49fb19a57df46d1ff6f0fffb
8bb3873,387,4,d761794a92062d72f2960b6b34426433c5e40a7a350831880fbd82dd3f1037c8
389db01,387,2,68e0bd6cebff7c49cd4e4885f379edc0a31b94de5c6820d64987e8d24fa0ac5b
aee6bc7,387,3,d6d7e989e2ed0e8aab008762a85ebb013d67511cd98c8a3cb16215e8884a6d0f
0e03564,387,4,92ee18d951930e346f94fceb1c7765c45bcc5c46de607062d7527e32edbd4222
99fcac2,387,2,5e16a9860d7f3c93e832fbe620e325a7f853dc3898ca03514891de16b5f168ef
c69f642,387,3,ecb0e108e4da8796806db0159fffc1fcc24ff72529b9918d4de3fbb95fde2235
8fbf117,387,4,596d8845885d3c7f0e25dd90f7a06476c7824f6864afe72b5d82b393d50a2993
d08d158,387,2,4d825217dd6e62a09fd4c8854808df37e34cdac2d826573b3f4a9b416f7036a4
c0ee4fa,387,3,033ebf9dc022f5feedad40c3c76c06b90f5df633c4d956fe23361ba3bb335aaf
b82b067,387,4,7e3772ed87e8ddfedb402a9c0eda8a5f5021f580506037fe546f8ed9591af2ca
7338a0f,387,2,11303bb623bb106a3241470723268db53e966fd6b611af23da938a5a309b4959
9fc5125,387,3,d95aec566979f35945e334d2d1c01194e62501b52571a23d06f9e0b09028039a
fdd0ddc,387,4,30c1a03aa4e3cc0e3b604f4e759b3d08611c0980a7005ecffb17f87294b24ba1
2079bbf,387,2,0de129fe84854d8870c3b298b5f1d36b98b51594816a2c741e30450313b39f1a
5285dca,388,3,653cdc06a6f4f146626c97d92acc8ef64b61ab0f5c632afe0a41521a551e653c
799dcff,388,4,d856e23219221974666937ae2bcf24024708c94f6f55a9cf9f62ae00486704a1
b06624a,388,2,519023aafe184fbe008f6023cfcced3bc60757177bbbc0c2f9eb67f31ef92327
51975ae,388,3,ec515fd9dbbaac02248427cab657a108fddf4fbbc8684f7ac4656569615666fc
a367504,388,4,132bad993d7c4e2b728b2740e27237fe21353664d37387d00ca7a309e43b3cfd
7b6ab51,388,2,0614b3019e4f784aa46613d37aff1769b09620ec378f810d501d23819d489f7e
e253356,388,3,a2b66e05ba7b59231a2a580daa0ea1c34cb5e2b7d338b6fb40a196f491d02af8
a779bc6,388,4,d9c37fba5431372005905fec48a78e2a1fb98c86f09551a03c1f4696ec36bf21
12f27c0,388,2,ad0e8c71c8e18ea8e49dcc5f7517344dfa62b37592169e06180ee6d3d2af0d69
4bb1fa5,388,3,2ab5a6d3fbd6170d638e57d3df0690d8c20ab0d05f0665a14e14cb0bcf54c13c
9cf7dd7,388,4,a56827dd2c228803b6c17825af635544490eb9c42985426005304cca926f0e17
936edef,388,2,b1696f56bab86cac8902515bb35185cce6bb731f745054a6844fae4e6f5c89e7
7b5cdd2,388,3,bd206663769a9a48f4f189efc76fc8fecfb97599e8f560ca2c350c6e200d556c
614de08,388,4,3ffec79d2732d3a1f4813d393a28cda53b16d9b177e35b42ca6ebfe1d373dce5
305dfe1,388,2,4200bff0759496c43c1a242d1d59cacda219d8d968b9973f88dac118d8f02dca
c5fc2d8,388,3,47348cb13d6958ad615544df3cc10a7e15aa6249a94f00a1d5ad20f05c2a5e50
f3c4832,388,4,6191f1b002a76e3268e9621cdf071658b40bf463e1c450d922060dba11b63e67
3a8b10d,388,2,2bb6e74fcc1831f525a712e05aa31728b0159f5c9e5e878cc7ad540ce31d9564
165bbd7,389,3,3d745c54fe79614e724335dbe20f8863c0f7143998299f82fcafc3202b94a2f9
1326f2f,389,4,2e54611b2fa3ca9670530441e7c32f751f67f4ac774f66411d12874bc6799544
bd5978b,389,2,2741ea74009a09e2424874e5d55c98bf2a9ca5af471fa1b43f99c1a95640b4a6
724ec02,389,3,c74990cfe163be7bc8124931a032c7b90b93b761a1f01eb54ff064f5401b4889
2199b5e,389,4,6f5b226593faa89e301df7e43806829f18faf91cfea2eaf579a085a1d308fa40
bb1fd4d,389,2,d974b42226a6db587ac6e792b66976de8d69b0978d967192a08adecfb783d042
0b53b04,389,3,0ef659e011943c13ff6ff07e3dce0cdb103b56300e07a129f98166a08a4f77a7
3020500,389,4,80928d71d4824105e453a4d5454fb2e4a13d7d4a0c5f8948d641313631ddeb23
cd7941c,389,2,4db9f02bbd86d3abad6b5ed606ccdac9e9a4427e287e87418da4bcc67db80159
f751be9,389,3,b4a49fb1c4ad1aa13877c44939ca88cba658d7f7950f127d7aad01cc245cf1e5
ad6312d,389,4,b6f00b12b201e1546a3498d228e931162f396ebace087f13675464dd93edddbc
0edee1b,389,2,38de05facafc1d51695a4fbb62370b4aa761cbac6d152d6db3474e1fc4c73442
591c12a,389,3,11213bdfd4b2f5ab7079363d777f829c2347171ca394a4c22f0f23c163488141
00ccc2d,389,4,9e63f26ab282b1a2263c34836c8187c042044f87f03a09e86c67d680d677f3fe
b63917d,389,2,56db98cacb3b3e385a61dec407632d111646eaf46c0651f138919b277e540dd4
869ffcc,389,3,e031e69202fdaa210c56414cf70b5dfe67673116cd1aa5fa4ca261746db4d011
e5c5136,389,4,85f4ce118918a8d715cde813545dc78220068f2911dbb1230825de5458b5aced
8afd92b,389,2,04194990f949ef727b438377169d63d2369e31d9763b37eb312c76fc1fabc522
2be5e7f,390,3,1fb849b207a1787c7beffd334d7d99ee7a8d4dbb6d3863300077358a0036b769
1999c5d,390,4,cce72466e03d213afc739e57d633023378273189669d15910d13a467f4f93ba7
8f50f17,390,2,48f2b94ad52d21d26ee6230bae7c93914b366de276a804d4cb88b2d38219135c
928d593,390,3,ba9496a5bcefc17221c8815db80602839159ed3c0786a5ff1ba8a957a27227b6
719aa38,390,4,ebe5ff17d5cea805f64765a4d5070bd90a7ec86f6467437f117b8e27f9c07a8b
d15e743,390,2,b9d6762c449eda44b113f55a70dffba68820843ebb3601ab19fa670bf64c312f
6cc889f,390,3,e51accfbce008dab6c80a0c3c444bd377b3bea8845ae6d633dd22ee776fc8476
f8c72b6,390,4,4d0bf08d69381b09fee670d70bac55b99bab02295853c7666be5cbb2fe349312
2312dc6,390,2,726b455952e6a6191628cfb637bfd00d1dd82a12131a08022e02dda7a17e55b1
b2c3f69,390,3,c665b5133556fc41697c5a7bccf1d43d86e8ec82a69895c9a104920bd3205d59
efe2c12,390,4,bbce37062891b5b5f614379f3b6d33382477644a2eb62a10d3f0050c52889282
d39dbc5,390,2,3f7053acb645b8c9ec70286095dc4f43c850be989666b8fd9bac8b0cc46870c1
0ae3894,390,3,02bf103d348465c01a115e3d58bb0cc6cf7686982c64de2fb3cfbf34cf3e1216
9f7787b,390,4,954a6ed2195a6150c82d51e5ac7e3335e81443c9278ff9f7ffe5b570a940aea1
32f6344,390,2,f9c833f24ce17abca4a138b9d9bc113601ca727bbb0fc75b645565cc404782ea
82342be,390,3,b0a4cbc3c774c2eae15f0d32aa82f237257b05e542de19040c78530a943c3638
4a6a1db,390,4,b5ad6b78036785b3bbd9275d5705096ad5bae516fcc565e8429ec09fcbfda619
1429ab3,390,2,b7b8fe353c389c1d62ebfd431c69163dc09fb0637d03e8a84880aa1d607548a8
58a5feb,391,3,f9a004d73cf316cb742429e2515e9b68f213d4bbf8474fbe6b229d4921dd3fd8
77298de,391,4,885115ec84c035ff409d9c2dc36f9a2f9f710c4692d159a92be819ac7eafbfc8
bff3d0f,391,2,0cb5e88ef5f844b0f42868944c919ad2a4dff1fa43e449df9ddcca8a51ae4d20
ca298de,391,3,0b7ab3c3ecdb04b9847187e13b5ce61a41c35e31233328ba8d21be8773c85f74
b8c1a5f,391,4,861236e43d4317826bcf96776a2a3b5075caf5fb0652b71f9e64ec7cf6ec7955
11bc37a,391,2,b1ad23de86bf69349fc6bbe11399076c2ffce0940f35470da5f927ebd6151873
e02219b,391,3,597a16e7eec6522b78b78b5b0e0a3739bf0631641ae280cd11671c070cea978a
a56bdf8,391,4,042ae1fbd50df9f63b8f4aee9d62943bc12567a2c57768fcf9f06587d50eab76
5c0dcf4,391,2,8fec762d8ba5eb61c1953bd6ef3e8f1bb44d0cbf8e4f560542a9d20225a0988f
d22af96,391,3,c5a5781e3f99b746d276f671a6268e63e1c0a99ca977e8aa23db9611516ef682
2720d23,391,4,3defede8b80899d13bde11a75dae3e63916135ab6903285cdf040ee09ab70157
7a17b43,391,2,f15601980b51ad145446951266412d0482e84edcd35ee116342f63db11078dec
8c97f35,391,3,b02d2b620d263a3429fe2b683d34d6f93a72851dd2eac836b91e80e2ddef8e26
f2e0731,391,4,b4f982a297cac9e3d4a70e619b8cc6bcc2700d928634bfb3df1e7ac5ec396c35
227d74d,391,2,e5b25ae231c00ccef6917777d1f6686a84c790aa1a9ea7873b3563f69a05f73b
97b86bc,391,3,ad901993a28963ee2615b95da5082f5c0f5da1516e7692b094c4334b87a3d231
ce18845,391,4,dd71ba37a8e0187eebe3d8bf8d8b71dfabe491f2407fc441af26f018ab4d5192
9005ce5,391,2,b43856d10065e0a5c45bbd1c4ef138ccf6309a7e67b7c1f4e6963c1da685ac71
a9fbd0a,392,3,8406adb26d1250431b73dadcbaf1badd75b44b322ec469f1b22f78662d577301
910d63d,392,4,afa3f08bee3b715f16982e4d730aa2f5ac02a65346d24badbfd99a567450a0ca
4bbcd54,392,2,951853e6620bc36d70c401210d5cf79ce9e28f533034a64eb4b9e45ccfcf72ed
cf8b2df,392,3,cc24358b6036a8579e5ea4b1804a6062eefe4c38b6ce3343e9563f8256336f3c
129f4b5,392,4,2126dfe0ad158bb577efd7981859554191be35ffe444ca6ca4a5ee2f60f764a4
367b888,392,2,1588060494c72b627fdb48c3feb77d8b6d7d83aeb4e7dd742ba009b3a73f8cce
9701060,392,3,3209fae68e6b40bdc8a124f5cbef3fec01a0daccc943e9c9ccd0a19e91fdac7d
7162eb1,392,4,cd87805c79bdeccc09346c46d1b0858fd83df020355294f7ffdc064e4f50e764
3c7f3f6,392,2,7ab13dbfe0b712a185965c7ade20f57ee9943a1010485d906839d9b5976022a8
3af84f4,392,3,8b660ef5df0c178d4079d2b94500c96b341f844a226fe2947910b9cafa1ffbaf
bd0e1a1,392,4,99c2eafc9df28f6a8e86f4c2012bd16880993d917e6c9be8144b7c6dfa196c5a
e4a732b,392,2,553dd63039dcdf1e849d38576da8d9de50eef1e52d2a4863ab8fe0662fc634a5
863925d,392,3,f592fea2e6a2a53f89d2b592de36e82e7a96b3f421839c162e26e5edcc432dee
b8179cf,392,4,4802216ef129bc5a45e874b6120a1c145e056ebfaf847ff47cb6331836de7f71
7cd97af,392,2,6a41de1038a74fd4adb6b269e9b3d2fc998dc4e71615259ba1b7753d12ef566e
58a74f7,392,3,7dd12228d6f866680f1c967ea8101cafbbd4746a28040969487c51256298fd9d
2a188a7,392,4,246300244eebd690f5dcfd8d536b2ad020ebc5a62961213d63e6bb4d1ff79d83
eafc6cc,392,2,8e420652d5d74e9f22e2750a4406092ca2e703230f840b2d9d7e3dcef16278a1
60000b4,393,3,ed0d53785c09f948fcc2946e9dd94a256e05f3a8232d62e5aa1cce084bf342eb
139293a,393,4,090c099da752c40b70b0bfef38111a9ff0282407f511155e79ebf83d506b6018
228b34a,393,2,8e540a369f032a9146493a4f2f6d5478b21703d466bc549dca0f4fd82f693edc
a36a079,393,3,acc14f3af54eaa144a0493257b7b5d2fc80044b3b7396a67a302999b12becfc0
bca97ce,393,4,92128bbe95370490ae23443ca40f8475259dcfd35f9fba9639a0f8a17d2757ed
5c73459,393,2,2e752b12beade4d9dba9152fde00346c6945bd8a795da2e4e4499cbd4cfa1379
47d7ad3,393,3,4cd56a5b9309be1906824fc2ee806d44661baaa6f69e87e5c860a04222c28be7
b030b4d,393,4,7f4bc206b0f3cc8395e04df40dc06eb6fed3bb9d2861766b56632b977e1fdbed
bc21d5d,393,2,278647a33ea58d010d93de5e9499267851e6b3da755d9bf4423a1e11d3cea141
33071db,393,3,cd115a56135cd12707ac4a73981e9547c66b5f903813ac584dc2d7e00b41e957
ae25a55,393,4,858de1b42d4302a82141df0c6ec14a5285ebb4a1320a64f1cfcf57c4f099d3e1
6dfe424,393,2,e02a1f98e4935cc95e56211a23e7a15ed96cf23e3d62464b51a7eed69223efee
9959c22,393,3,3a19164e17604c3327dd74361bb9429f590dc086e92bd8b5206fa21264311795
ba2d4ec,393,4,1981268368afc4123224f00ba4231c4e55b1fd8e062a097307827283333ec571
714a2c3,393,2,e100abf1ebc9e6d01780427cd023c889c53cf2a7b14bb052f3387f04c71e3b25
00fca9b,393,3,25a0ee042654ea0e5536bcc65f14efb937daa0df07a52b4f066883487daa8fbf
425325f,393,4,dcde87bd7bffb7253e27641e30cd2044e129cd8b93830827a72cc30966cf9a78
a11ce4d,393,2,f2c34ecc57a0de18e20e27157764f9c4ee180b02668619c594b161343bf51bcc
29b9ef3,394,3,524f861d375d109bd0e6f6cecf5e1dbd00db8f5a42471b3ce1abe859e627ef35
1623c9f,394,4,32b19a263635cd9b2b53092048ea7cee703a91762a979001d4154ecaadbd418c
77a962b,394,2,ea7f67036c0eba0b740f248173cdb8df84cde5859613c8c89f5f1a2f6b836672
42933d4,394,3,1cd62dddf81bfc6fbf3f7be208467b79f24e5e5f5fffb512c44b30c98d28382a
ec6fc82,394,4,c00a10a2dd153b25b85660873fe17b069d203c13f68dcfa1016f916151fe67e3
07b6ce2,394,2,85aa936ff511238ec2bcf389ce9833e22b43bcc00c8dbcda9c32ff598fdbee7a
b64812e,394,3,1f0a8463517301912180515c0f138a11967dba32b97f5bc4b96d5de1d33ce756
76506c9,394,4,94474823ee5228a1f1b44065b4453e558f5afa5357405a99ddc23773c0893681
853426d,394,2,7f7d25da5f36421921acab5fe8d0f44fe1407bd5e4b890807cb7f6f542ae5793
ae2834e,394,3,2b8aac88666ba6777824f0b0f39aac1d771376e57e52cca9b5f6a873e80924bd
871c045,394,4,80731a51827511c9a8fe1468c6cf44bc332c03562dd22520f350927800492a45
7979641,394,2,a8c05d6001cefaf99e2b8a5b401689352b17d916e6defb5b9738d544bd618253
3bf4a7e,394,3,93f93949ac89ad124ac47c072a033dd275ecc756e2557f8aa01d23c9ae9727d7
d03f666,394,4,fec46b02f01a982d67d86c74a6d2e3f54f49eacc7ab407a6b3502d56e748b101
35580f9,394,2,9525b5edeba10fac0d05afb764a73e786dfe39380d8aee3204d792694c03799b
9ecc83f,394,3,be33ae8b74df4bb881357a765a17f97905c0c8145c82e4d5e6809514bb6d278e
2d95b14,394,4,c681eb6d0fd7730b02fa6962a9340fcee58b4c4704455ec80660f79bfc43a311
1e8cded,394,2,6c132e2fbf007dfa4465c0d9469d62d4a891c0de036d5660a19cb59af333288c
e2915cd,395,3,76fe59a85029c3dd341ebea4c6bed8f560d01c606bf6d7e10ef6accc331e27f1
5abf3c2,395,4,b82e96c56908c705140f899df060fb47d390d83942825534955ae138a77c9ae5
09b1b24,395,2,aa93df9f3b2250a6800fcb09d0477b6013bf8c1983751cdcd5a5cfe605c7c45e
b0dbbbe,395,3,751dea5dcc5246d55c226473f3d43cf2c07ba347e28b35d4d5100af59193c951
cdc1cff,395,4,190c98a54e1d818cef4aa1bfc2d2b2231a7bb6e8ac1aeea25b21b47a76bdb0a6
8a56381,395,2,8db8fa6f98e49129094e602353d2e5dc491203137e071b37c6d16cff43f9348a
3327a87,395,3,d65c84f8d76b907b4f5844de2f7da8502c7d614d45f4d36e2194d49eb9b295dc
739fc35,395,4,d3a4158f130fc1bc61eed7e1328524b3de855de6e24c6c9dd622178a51e62163
e82deeb,395,2,90ea43522d5925e7ee70378da06e7f276002a122453859df9d412d9710e24483
bbd6e51,395,3,fe969963998081df46a8e36a102dee42dcce824368910a674c98372b541d6ddd
8ecf655,395,4,4806362671a4799357d11b329c0c298f33377783089263624e084eff3b222465
651ed18,395,2,6e90a6a2cdc6e36da31dac4dc2bcddbe41dd6c3f142e38ee0e6e738dc4f350f9
f787aa6,395,3,0d1f86bd829d39fdf3b12f7996731ede9a1af8c70699eef0e151b0df48505fbe
9a12acf,395,4,6217271f6efe9808777a584b70857efc4068ac2cbca5345abf7ba6e310dd0a33
7959082,395,2,87c3fb2494b6c06dc5e3ababc6ef28a0f4d5649e0eaa67c238ebc86254c4d970
3933960,395,3,a2925ecd9162dc9ce0f99ef58d10df0886c6615da3f9f4fe8f48bc70875c177b
8486e0e,395,4,f5a02a2a4482267137ea1b71dcc06851fb5b2281e595185d0891d9b4c3c639cb
6d738b8,395,2,d81d7e82b2d67af81da5e382b10a20900de3d1498ad90949c54d5cdcbf42bfa2
5987254,396,3,21d740ebfdbb1b3cdc4f2cbeb0277476f6001dc600ce361d3f9ed80e4563efa0
a88a91c,396,4,3d3df77a2bea40751a932e49c79518587b08df42dea9083f3cb0804a2b5103cd
4e14b2f,396,2,d73b0defeb5311e4d96af1c64191282d192ba677bfa67267719af5ef26802fe1
4d0565e,396,3,d999ccb9f848c7d6999c229813d06c56620e8b40d62a351372b5ba68fcb0b206
d6ca3a3,396,4,f8280edd9defc9b61bddb501be46d2ae364bf1134dfa0fc9fdb0549e99ce7fcc
bbbd46b,396,2,db15f7f89a704f21474d12615289cdc41c2818df860f02ea51470c5901623c98
d5abea3,396,3,02a3140aca93958bf90b0e030af3546eb13efa3c289fde6a9e8e8508f74a783e
04f47a5,396,4,bc963e360f02cd704dd7ba12da58fcd699db2246dc0023572077d3155b6076b2
d6c45e6,396,2,1a96a4c70b187ec454b5683dfc8b0714987208d4a5461cda893aedebc0a6fc9c
3ca552e,396,3,53559e13754fd7afd45b43208991123560fea266eda88803e3e97d47e4262e16
8b08fad,396,4,5718312daccdeafaf2b6fed808f74c10887124ea89c0d9baa12bfcfe0854ca15
122fa32,396,2,ae909d4d4c5500a56cf16fba221217102fa26c34da40ba3dd2e259042dfe7b55
87df675,396,3,d21fc0160c49e77f5d563de01141786c5761e83f8363de9c1ff47921de1c4574
c07bfe6,396,4,5aab36062d8219a3433c0dc8b4dadb490e888ecea6d35eaf35d3c9cd89d251fe
ee8161c,396,2,a6af99e25e141163f56fa3d6d5d6eb36953eebe6016bcb45d53204626934db43
6c409c4,396,3,de8c6370b07f17960a9fc19056163875a08082c624d4ec1a007de6a7ae8f3eb8
381900c,396,4,07d53be94297bc308600aa68f32ca2b0dca55604a37afdd79ae33a663a7f2c27
4fec4c2,396,2,1ca3c345254b9b99ae8d7026c8088e38764aab30d87ef49f39a530b97fc00165
2421da3,397,3,1f7e96f41049f76686493a9393f1219b36b854ff7a61c00426df69bd58014ffb
7363097,397,4,20f551a120c8eaf9026cd5ac83c23b73bf67ee10b95b06eb4e63e837207dbeef
0f1081a,397,2,28b205c2524f7ba178d41f61aeb7f80541a9a9caa098a1c23c109e58bdb1844a
3d89f86,397,3,fb6c703089f45185bb6a380bc0bc1c0c943f856e6b04b42f85e5c30b9e3a5d33
512072d,397,4,5872315f39b0b863adc24264e42c9f4bcc36938f1e321110e9c7b55e64ec5a78
8d87606,397,2,1652e09c5b1adb66adbda61e1be65653dbfe515f968a04c26bd0db6fae7365d1
21662c7,397,3,65d06243837e83d32980dcf0fb0a6748cd1e919d22eae6c51acc33891365030e
3d100f8,397,4,962ba47a93ae22804c281d58c4d9234f5e6a1b2051bb4a3e58d4640d982398d4
c3015a5,397,2,713b4355270e8922ae3d65cb841305ba92c4a38fbd5bec0b2110f5bd761e7c4a
3bc685b,397,3,bcebab0e8a32620ba0bdcb673b5014eb36355a1c63271d21e5037557da566dce
04575a9,397,4,5c25f9025c91269de1bfc06462ea30e68d472aaa335bf4eee22aa81a79947cc3
e163ad5,397,2,7f6680b35091efc823f9d1082e0c4fa6df93aa87485f7751c21712554d0f7ab1
1216143,397,3,808a93206309cea1f24c6a73f01c87f81a4fdaf848d0cf4d76b1321649bf3883
e34416f,397,4,dad21881c64fb897e3456ca542c3c4a505715cf9b1b50500e045be271eed585d
255a2a4,397,2,b8f66ac45b3fd2231e00a4a57bcc48972333f612c07fb1e3c737e3b1f6afbc0d
2444a41,397,3,524bf401f9663e23e04463c9159a7235bdd7f792ea76e831f92a12e21047ab42
b152931,397,4,73a90a10ab7b78508f6d5a4295841df6ab14cd7f7907ae8e155d0645be2ebf4b
25b184e,397,2,2e8ea7c2a54c92d518e54b9254436978dc0f90dcda5e4137898d83ecf08dc658
77bf5ff,398,3,5519da086989f47eeeed1749fd165e3156995a8c26bd910dcf2b2052fe2acac6
c547463,398,4,fcb10059d0c15eddf038f0a5b010b83cb0de5c108befe93bc2848bc2274cb13d
d641974,398,2,414a749bf958bedc735aa48dd2f031b78b104e549a32ff2225e03a00a795fd17
3ab7697,398,3,067b6821389637e77007d0dc1320eb27d72a39fceeeadc7db88eb27bba76a1ba
9bd57f9,398,4,58752ed18d435a0d24bfe93e9dfebefca0c25e557449cb8448966660fd38aacf
1f3890c,398,2,5b4d12709297e7f90b64993c591e18f63e5b9c2bc0a39ae9d6c9ebdfda8078b3
bddb02d,398,3,74a217e8223c52df978c1164a7f14eb04fa86ea73d434ba86da46f88e95e2ce5
d6e067b,398,4,0616fb17b1614b5503078f330d0475841865efbec55363a50233a22b5a2e4fd1
97f6c27,398,2,989af2ae5305e68d12e4b548767e6e51c6416c1eb18e99432f9df1e9174c47a7
12b0d0a,398,3,cc3c539ef884dff1f88cecf6ec8e0420c10fb0605026eaeca408e9c3e5073096
4c92a42,398,4,23ae4d96227d293a74f2f44cb20203182148402ca13801d8b56c2cadaecd44f2
790697f,398,2,fa459ecad01ab4450949e10c0733ed6287229c564616acb9b1528a7ff9d14258
4faf2cc,398,3,c174749a4dd1f8b5dbc43f5d3ffb20e95c0a671e750998e1edf3b923249ee8d2
be29f81,398,4,43b800d1e4fda582c756f103cd7b0f68ca53e61c8b1cb91b0ace68b6caae58dd
8955592,398,2,ff9c6b334fd8c63d7f4427df805538865cb3d2758b776953624975647fda3d72
c1fbd89,398,3,8abd1359bf30c11c1141fbe3c7a8ad463fcab428d8638c637051527cca81fe7d
f24ba32,398,4,1881f192143f9af34d886c106356bc9762aa60eb655aa3cf74297011b22e2e89
807c627,398,2,26c456b0f0739089a300db97ad3c0ed3744d02deda0c35894787715d7b5c3a9a
79d5f4a,399,3,4e0d3854bf8f9be77381c6ae5569f7499cd229f1ef39e4cdff309c8d12c2fefd
919db95,399,4,9d472829f8a23ef0fa2e52d8388f47e1bfd68ced7e0dd6c3b9e76eaed3f52007
d6d1058,399,2,51b830159535983041f3ff2224b2bef961c755d0c12f4cc6362526b68223ea6e
f3a876f,399,3,1a243281558f95e163fcb89a041549135742657fbb9127ef86309079b19ba9bb
db7ce90,399,4,f0209d03f744ba537342a4ca1918e168d5f281d41ed0e20286dfc9af64e94ce3
ca552f6,399,2,fe797b65fc0790af45deac25ce32689ff9bd90c31adc71f7fed909f3f9b9032f
06939ab,399,3,c5c98abff3193a754ec6fad44a2d5d690fadd8a7dd6ea6a37ca3ccaad2de4bad
fc7760b,399,4,45e5a268b094612ecafdda34fb7cce5bcaa0aa4a68c9c50bba48ca004bf2d90f
e0dc585,399,2,31102655098a29ca66c4d3eb7b3ea0d8b7f73c654839fc9ca14708ad8e8aab01
f7860d2,399,3,a43f4f9594d48ffec2986cf7f7773f53f3453334375bffc7a89a82c6db8a8b27
b185c75,399,4,294ab95c75b8d4331a1fc41b883416fd136e71a7ccde0a62b1822f06d5b6f752
fbd86c9,399,2,f932cbdd27c3dea3fbfaa406ce76ef0401d87a921781e57d45d2554d824cd2c8
036f820,399,3,8010ea1ee9ad3b318d6446334ce07c4fcfd84c77e6a1ff32b611118804d666ba
78f88f5,399,4,48bac1a4209cb871d951fe8b29224ec7364ca5ae5352a2616b4121fb47986b46
ec1381c,399,2,a501514a5d79171792d1385f4a91f7f8cacb3c8b19b77a336e65f44ec08dcf94
dc0c0e4,399,3,5ee56bbfca1285cd545023709b045ac9dc68c9d65bd47677deb2d2cf67bbd692
e5f23c3,399,4,935c83f0c5742afe702ba076c4f868e0e51f690b36305bc0266c79613a2494b5
8ab659a,399,2,1c0aa8367be7aec52f4888c9eeec40f9c353213012b5490e681c5f3406a45ea1
5147145,400,3,b1e686d2122f82ae7b836754b50c806eecd2b3e499758cbcc55238ceafa1ec33
9f60771,400,4,1e87cfe6fc4b0dca8a84372c1dc1c12484c465256e354fc696f4a2fb397cf8a9
54b7156,400,2,a3dc3bd37c12097374fd868f77686f013292abd86cdd6ca495ec4a3b86d64288
74a2b0a,400,3,971ccadce3c22c646aa1ce6556e44bf72601dda27d06c7dad1b5a2791f0ccb1f
50e3c8f,400,4,b34f5903d29e093035948bc9baef7487fb31c4e6e0a6a5fd05dbd3ee46af7902
a468634,400,2,568f2effdfaaf610686207cbe39ab03d3bce5f1c25de0335b936c400c3949167
e43f082,400,3,f33254c959946b9735c64fe85d81b2337200f8f53623cac1e139ced0a69e0393
c6a39e7,400,4,3b71fce2131869e95ceb763a29d2ea335ec350404546b176ea4091cbfa416ad3
daf7282,400,2,6c9110071f01431a979ecd92a0dc6d9308f6a8a0ac94693bd999847950f764f9
811be0e,400,3,340e208441ec53e25c8fb805e5f5d4144b7c1fb8c44ed32732d599ab6bad7b9d
a42c72f,400,4,61edf4342709d4ccc2ff6673db8d5c73e76f0e25ab9b4874582719e53ebc2a86
154f5c1,400,2,09192c30e3102e0fcb84463bd99559a5d24c1685b0003e8022d4b630356612a4
414784d,400,3,defbec1b83e514048abde1ee7b9b10622024535f8bd52f8a0b58d581b35c7bdb
03d074f,400,4,dc710798a2c56b7f06731467b75931c0677438aa1ccd470df0e7984a87008e07
b6dec37,400,2,383b5aa006dba84e22e90f3a3bbe3c47e7fbaaf3016d68a2d5544728b3432778
2fe59b4,400,3,4000992d6f2d38672ce909d0983292d14330e062413de89501b561bef5cce915
77c71c3,400,4,cff9042a0f65cfd9a3a0bbe5cc3163c506c6f2ad81050211f3b4d8c3de5b31ce
0105e2e,400,2,065c93c9232b69ebc7fc04095090b50da68a236c3ee231414ff954a2e017fddd
ac8e39c,401,3,78a4c8e89cb373cd7215c7df681551d8c046d954ccdfdb42b4203faa8d8ed417
ba59149,401,4,98c3a5de9ec362337bac9f8e25e08c563d64f9f9d7f2bc2f021e7f0783e9fda0
9b4d62a,401,2,4a514e4f961e4adbb7aaa185136bdfdf5390cd97ad6b5915a241c8c32de5721c
b512b19,401,3,11142e3d7b866b43f9dcf9da66f7fbc4c88ccfebff46478a613a8197b585e25c
807917d,401,4,2178edc8fe8f0eeab354e08a97a438a01f01fe40eb11c446d302325b98a316b8
648593b,401,2,89be07934a452575e9dfb6f476e2f8b0c7ec404eae248c2d8ec51adab254c2fb
45a3758,401,3,c1a57318938a34d7686734d4f81b62b117bc812604c3ce2c8fa65d46c4c8fe78
c09f013,401,4,15c63cc6a5a5dca5795bb85a276d1e037412e7d3b14a3a7bf6687c3adfbf4951
9ad9ce8,401,2,89be10a58c0f102604b9d321f0006c822f07a098a462ff263939347f895d9af6
13f9359,401,3,f0ce723a5383573baec2fe6e4a060a1f8fba8ea18c66b5b981acf5223b36271a
2f28033,401,4,cc4edc27bfa6deab1bfd09db3b093c2c310ab119c2a1933abb761c07c68a6c67
268cd47,401,2,901091f975fbb74b07f80f5646c117912308139b3fc5f148b877cdaee64a7fd3
cad19f2,401,3,32c67f926d3bb90cea97ee25e5b56d1a6379f3bc57a66e431cf1ddf763588686
c6a6763,401,4,f243838ed94d0a2e8b9c1b8608d571a6e1aaa862d972ea833b4fc0f431a84495
b6f3190,401,2,e8f34679f90d04f909b1f4fe334f5dc619f2df18b7291f45cc2ab58873d5fe62
d763419,401,3,1c01986e6bc21a89964db04c8158b05bda67806ef3679ba066dd3177eea1c89f
f30ae24,401,4,54485533578cf1bd4d9a00dd4f9a51537d72cd0d1644b4bb1583fa806ae2ebdc
bdb73d9,401,2,b3ad54a3ff36ab68cda86fe3001d18565f0dac1bcf0ed8a4879e513ac438723d
eb74063,402,3,d622a3ced1daf41d6ab5bbdb30b42a14b3c2295b069199f9818c8b5d6d686862
e9b0d70,402,4,ded1ed53f2026614a43fe2f2d329f62f6a494ba77b39893e3c0cd23a41a0cd50
fb003ce,402,2,f9ed1526fb6d91a8fa3071d5e20f17d60b1a7acccaea9edc2e2ccbdc0c76c112
e0eb3ac,402,3,3917f8b1f5e6e1a1f71d12454ea551d35da263a382d2206c8fa8150f13b91b7b
896506f,402,4,6e02dc907d40d2aaf8c1085713b0602f85d6e6c93f9dcd2394409d68920d2b04
75f4205,402,2,0ff55ecb021f8abb208d415eb890c3ad4779413eee433e962f7bad293ff542c2
84ce7de,402,3,682f82d600595266d8444aedee27949cb85c7d101d982589beeaed4185bb0ea1
9406d8d,402,4,08aa22376607590cd1b82c31eae2aec940acdcf874c6fbf33751c4e896b14037
bddf5ed,402,2,4fef2f0036f985ad544e8848e1806815ad2e3092be4d71a419d785cf5869b79e
781b2d3,402,3,65bb643d22cbc710a9d043a3896a6221ed2e38e528fedbe63cde9d536e1b8289
f10818c,402,4,ee089d47165b5360347f8a8d417f0b174e2e7f000129a4964345b73d9cc46761
75d4b67,402,2,3cd1aba905fe0852a78a3705efb8b44ea0f8774cc406448ffabf683dd9464172
0435f85,402,3,6d9d197f767c008ac0de8ed3af05fe49d949e88dbb79b4d1f735cb7e064bb315
bd12d53,402,4,3019f56c20344afcc47d20f9f3ec48e4ac8a21180aff0e5becd019108fb0ab03
8ff3842,402,2,9d796e2522f49fa63ebc37daf4588fcb69416917253ba980ebbb1b59dfd98436
2f06170,402,3,7e13850ee06670325ee54ee6531f5a76e906bc6edbcccdb81e7f5b9f9d14fbea
09a04e4,402,4,dbd1f36d1eea91878e2bd27a45f82add5791e09897f90a0d9a7e84b65575c271
24b3411,402,2,11d77b46da41946ec2f6df1df80ce9b0aa58889e059ae2ccda4fe243f711c49f
283e586,403,3,594652e3b939fae8aad533639079fe8b20048406c166a03d9e8bc2c0288f44da
4d48ec6,403,4,8323d232beb5ed5e0e5ffcbed09a595cc0dd3a8eedd209f7973f6287e8d01257
5ff1058,403,2,79e7a9ef8df56c491ca3ada695e8356ee530e96096ca0559c0322090d29024c0
9898612,403,3,91a34d4f0ec903b760460334a650c5e88d2a162fb44592692754c9b8e09049f2
e8735f4,403,4,d956dde3e87022a46fe85c239214fd6d2e16d1840ec04b5549f7504ce260beab
0bfe967,403,2,8c1bea03946710b07c07244a4445a7dacaeb42bd23bd9565c951c6f59f693000
75b73b8,403,3,dcad3a7b061897417c610684893101fb502563410f0dbe5b819298a27758b638
26d67e1,403,4,1f2532423bc371ee1d1c8d6dd6e982086551537fdc23b65bddb6ac01b7f9fda9
d855308,403,2,4abb1d6d2ccd09085b824584cb6dd5c1d12b0b66eb59d15fa7aa3d240c175a38
2b057fb,403,3,50821b3b3dfa4154ed09f8e81825edf62a70c7b8e8c0e4d1afec67f08a7f215c
12a72bd,403,4,9fef79ea2c41962228d4b91e2647de4a10ef5e3bc8701dc0945e008d3c6ffa07
a4bfcac,403,2,94184d67ce063ab63dc9860f11bd2408e63c00c15d2750126a084f8e6eba9df8
663d2cf,403,3,10f824d309f204abf5b2be8cdf489c61933d63cdabc6d33aa87e742645ceed16
37b12d1,403,4,5f746984a5fde49d85870f8a839f7072e4d6999167b17324f0cca99def74c300
c6781db,403,2,5c2dd3e16fce2b2004a3bd7e662b61a2a55e8398450f571475bf11f9dd52d788
10b9524,403,3,1b4da76f251a91b88f732425e514dfacdf0765fea1c589b82e332fa2258e1f26
4afb85e,403,4,3129f147cdd7d62dffd135b912cdddedf4e3ba3cdcdf8874ee09766bc92e5f4b
8377d52,403,2,efd0d63cf57bbc5413fa46253b779410eb82c07a9a48433893d6651f032cb487
3f7da0e,404,3,74b65247dcb0021cf712ccbb57c371181f3a32b0f0e8e12974185a64cba3a800
42ff84e,404,4,54a686071bccfa2ccd79fa6024b65903680bff769c98136bddc7dd1068e02be7
f492802,404,2,2af2f3a60608893d62a8267d1fcb4d5f40c1b3e509046f757e4f1efb46c846cd
9549d7f,404,3,7fbdf9256deab4b9a144d0bccc2d0b224a9259bcc0c3615ee1c979a603d092bf
da508af,404,4,a1cb91d3d529434da3df7403c62b7c626b0ff97ca4139edfd4f6ea061ccbf884
5bdedc7,404,2,4fdc6d7dd8a5e2398a10ec2f1b5a7e4fa48fb483e0bdcca4db42e4a48b14ec3a
019e2c4,404,3,d8836b40142be836617df37431f01a7c5dee2fb1136d07ecc03d81bd5901baf2
6230b27,404,4,a1d8ab343552d470e5be66fd50aad8b9eac15a70afa9ca68fe8389f1fb9c1a63
f843f05,404,2,f5f79f995c04a6164f1ddf2d1e8f4e97e17052cab6dbb59639b0058742a07ab3
374b731,404,3,26efdc5ed4c74ae72d279a520cd644b1d59a43102ff201f4df4d1f1f7ac6cb26
36d9eea,404,4,a00ec8579a4924a0d854dc36cd492785816565cfec33c872c8bbd2043678801f
c7fa2e7,404,2,24344aca4ffa1847cad459685b57a1ae079132ac599c88a556446be67fcd7381
6a20b37,404,3,656848079d251e45ac90bf5d1aef1d6f7515aa1686287e82a6735bcf22aa92b8
7f80bb9,404,4,1b5c38a98b57b390f57f7eecea255ef05754b1637e9bd2ef3ae51a40f0a11d89
3167320,404,2,05ac2a73ba05767acac0bd3d097cadf617dc8965312c7ce4c1fca52fc68d95e0
8a48d1b,404,3,5fb80575c788ae2095d4009b1d598a55d8d16e31c59c3fe5e09bbe34a95b94e8
f13e69b,404,4,53d44223f4e2fd4bd8d03c73fb4f6fe1f7be4a40475c12e89d95ee66d09a8dd2
77bf743,404,2,169620bcf72d642b04e54ac40499c281a3659bb8d6158e28a4c0fdba94818e99
c161ff3,405,3,48608ac6c309823f6dc5289654b5e2dd7f23e7aaf4494d675b41f5576f0c21b2
f12d457,405,4,7a335b14c1f82ccbf78881bc202c1afcb86dd580a338731a8e5a16c25367580b
72e7f44,405,2,2b7ecbb4f47cbaee84138bfc59d656a805c439c10f30938849fab26d1bff7a2f
c0f7dfe,405,3,579280ec522f057b99fa1220a78f016bc904e8daa71aba3c747619aa19651b6e
d76797b,405,4,997d2cf19283d238d063a2cc0f4c5e2623b557fe8d48bf609e02d2cf7e2d43df
2123c43,405,2,731f4d5ec576d15db39074baa30884430c3c83d94475079b44fcbf641a63d871
bfaad32,405,3,048c83f5ed63b38d1196417894df8689ad1b341f63cdffe4101b1eabe186b6d2
1de153e,405,4,70a0634f947c2d4bf362a091a5f57200cfb7769c83f37703b5d142e7d68567ec
bd20056,405,2,d601fe138d8590a2a76a956adc9fd71642d1cd958c29867b2fe77896b311a87f
23d44f9,405,3,08838d74e420cf27cd206b59e4ecf59f3fa3b269c9cd0e011d41eb6e67285bca
2a7701b,405,4,e8585f657547a604a8404ad8613acb966a83115d9d0f759ea7ad29f0e782c5fa
bdea510,405,2,616d1c78b289dd69f8f509970eda89ce910ca5c133eea105f9b4fb0b2fbb9821
a698a32,405,3,059465572f96cbf00cec0b6d7dffbbbe66c1502f8faa376ddd97c5fbeef48d34
58f5eb3,405,4,ea54f3f4488e7fd68f2a1566cc3f437a759dc65d5b486b6275c0e62cc7a4b1df
0e88742,405,2,8de0cedc0d846ade84b0b67dc03dccb613775f55a4606fee48da709937efa4c2
c7e5b0f,405,3,e64c31c5b219238ce26d43ddc40ae64272deeff087cafe208c9ea5635af5476f
9a5435b,405,4,fbc68b8b51f2800222bbdd915b972b0e3cb423dac846fe2b00c92ba24c91fc09
9d45eaf,405,2,e9c14b05d6eaccc385e74dbb87f7b4db0121181ab2d021db2fef911d467fee57
7a5185a,406,3,4dece4b9731aa4e4544630d03a3a39373c73eb01a4b24c1fdc54d011f5895f09
e379e7a,406,4,a87a1f680ffd85855edec0fc33c4531f5db7cfbc2ae5bb012517b20f9fc8cfa9
51865e0,406,2,13ea1f8ad420fb584b9c191c03656bc930d0ce8857db058d4d5ae4f4e933bb6c
2b1618c,406,3,1c0b7c936532baddbbf9e5bd5e67ea9aeea763f17c4609a5ac4774912523fc95
b3d943c,406,4,7ac36b9c2f8c6333f1b3cdf377e592081dbc0339c67352de86203d5ede7a84d1
f0cb8d2,406,2,bbe7efb42310a6b4b0fa14663d237e36a6f0782b72fb972ba137be52f1476bc2
b1ae3e4,406,3,1c0204a31421d087bf5b98257e5bf9136e98813144c5c002750cb221659a63bb
02d8dd2,406,4,7fb30f407c7f489c3bc339e3cbd91e5cf659f1de1140cf6a713e8a3055296563
c1fb803,406,2,b339e82b4947ec9eedc938a416ef78d5b8e76fe58c417ca2e0bdaf2f90755877
9fa7764,406,3,b00879c110071f787564c8db71a2d2b81b5d4645e255a26ea17c89d574cff199
823c49c,406,4,63fbd0654b0c1ada444bb3fdcd223eae7e99f6a808fccd13d39e1ae1015b5216
215999a,406,2,7513698888571c719300f17585cd7655d27c866c3fa6f96360af99f6f5419d35
3272cf9,406,3,a14aadf327ce2485403a923d39868644297106c83d37e204b76f61f67344c4da
1962ad7,406,4,ed89d6b40fe7c8833488797291d4e389082d41160d77834c808436b54ab722b5
829dcfb,406,2,33450df89ae2c2d423cbe83e65d863d8fbe0d2e797d8a8b726d78eb7d47278b3
9d05411,406,3,e5b676833bc0d46e3883354a2229b9e9805b417d1e2c4dde1a31b2e5cc976f39
a25d09e,406,4,dda17db05404fba96f19c5eec16dfe3da91ab6e84f124ef07d5dba149a906954
b03d8d2,406,2,cba1dec26d8929dd5a21b5cae66d9b774138a95b4e561dafff79e2309cf7a9fc
99d4eb9,407,3,4a946674ff3d8708966a668f01b47908a782e5f3149a86ed8f83a5acfb379b86
6571282,407,4,14d53c2f9b6d51b9f47ad2e279985ed2ab93482ecd5c7009306c470aa8a9c89d
9f5f865,407,2,ff8af5dca556cdac969f56adc0a4ce5f53e904f59231848a255e04bbe8148571
0af2d2d,407,3,8e38737864bbb6cc8c2ef7d99027b28e30def8a3438527c4ade30892f7a87dce
ec9a0b2,407,4,87df8a3fa0426bede3de2a5684a291687fa15dc7d0a1fccd443f84e3c4e9c4de
668e16e,407,2,3c98d832ac5f14c66d7f27c9deccefc0f25a450d3f9ebc4a3bfbc181902bd1b9
0beb053,407,3,c5e72bc13ed956eb8479659571619451f0acb060e7f9917b3f611c352df95bae
9da6a6d,407,4,a6692c976638ec3c453629861f195db2bf6e05d155b21509a1f1f91d09301c8d
dd10951,407,2,8d4042d752769f75ebaff435892a325d4f6aa3964c39c0bed098fa633b2002f7
e33c88f,407,3,c12012d864cd50dc2dd142d15e8c344fe21aa7d514652b9999d4bf4d317befe5
3886ce6,407,4,e964a86354c18c4f15f92b9013dde3d8d98cac8570cc6929a91ac2901782a243
748d54a,407,2,ab55955a45fb946a36b7a80e6f81393eb281f2d33c8d5a26973861cfe5da0e42
0bcac40,407,3,5140dea8d44e09f74497aeaee0f1305c832375afb4ebe4c1ef638bb39a33768d
b1c7a02,407,4,01822b284c5b5131408242302aff6660ac0b89fb51df891f5640f3e434d7339b
5e48746,407,2,16e456781b94c0ec9e118c38bc1deddd8d16f8bf37e0d4afb87001019592bc15
f5180f3,407,3,f3dc98fd3258321dd4a4a76238bd4f38655ba0238ee564bf69fd2d536335f1fb
f389a4c,407,4,1261bdbd921bb46e69f66f0fbcec7d7fbf362687015aa6bbcc1fbba11bb80ba6
8641177,407,2,8e477a5df41d0f6039c0505a019f436a1cf0391b44d34a952a3f66c094834b40
6a83431,408,3,f1f011d6bce554ba655f1b58fdb18a0c9211d8310a0043b37459bb7cdc56e2d4
4061085,408,4,4bbf70847045f9c18e67c8592f0e9c49aacfa8caa7de31f8cad76922f05aea62
e50e799,408,2,c34c8810d8c32e2f01751cec43af99f910f15a7abbab97fa0eec6e6eb6abe601
a3fb7e1,408,3,b93a085b08ecbc8d5c3be05da88d5d32f2b73bc7d39c5f327679d830aaf966c5
a356c7c,408,4,3497240adb59cb363807c2629ee0162260d8d30e54d0c6425a5127facab33820
aa59ea3,408,2,0b249390973d50e7e8d70e8435335dd253308222710725e4ce32a32e41f97e7c
30a39cd,408,3,4a6b2dc7e4b4e082b06dc4b850e88604a6f86f8d264e2490c19a7294f704a234
77539b9,408,4,6466b9f04687afe7aa0c2aa5096c47c2915f4df382eda6769b288877a90ed273
edb2ade,408,2,0fb08b86fe1c92db4e441d692bd81b05ec3327d17511243063546c14a6dcc09c
55e920d,408,3,0dec0d96edb7520796f78e0c4dc3f45c4e9749996c7c654ebbdd707b9cc40c4e
9aa7059,408,4,06dd61b3d80b3678f6dca7c840649d6a5ac64df05f5cb7a88c60b18a3da2ffa2
4711ef3,408,2,e5aa0391862b8ba2f45ec530ccaddaea10348497edb84b50ad08e9e8ca626954
dd43d5b,408,3,726f58a543c3afaa31d1503276f25e21cb6b5266466a2920b1ba31604d85694e
b9df9cd,408,4,b4c244add3c8967d95c2ddd8007a2ebd83cb860acab0f2b520c760a63a6e04ec
1f0e22b,408,2,302c05b49c5b6b15713fda502336068b8ede1b486da3fc0f5cab9bdf6399ad79
b11462a,408,3,1f67e2f30e49ca49f7b9f3c82dfa29294de1fc6f8a7948007dad402f1b601595
838936a,408,4,df6ca770af6bf47508020b93e6dcacabc88609b3dccf4f62dde4b7a5a821d311
0237cbd,408,2,90aae62240d5356f3e37e2c5a82c804df9daa285f5dccff3ca603dd647c856e9
268cbfc,409,3,059f0628bcd18a80a71e1bfc567b08ee23ca876f4fb4753b7067f6a8e5afd802
c47b3d5,409,4,540ff865a9ddbcc7c55ccbf26f7082cc5b1f857054586073cb465ab44a68e095
87e9e35,409,2,3b712e862321c159438fcddfa1e9c596ca669953b863a5519321841e2a18186b
59f3a62,409,3,c1b4a8ba99d0e8f48b3f088980d8b7224ea74e8669da53f123bf2b60892e7c94
d4913bb,409,4,580ce94ad3fab6f3542323d9bdfaaadca5140bc5e0604dec79b25d250498f22c
107348c,409,2,6fd241dc1101f8fe975aed151bec204b23500ea04f17d70a6fff56771fc72414
2c3b302,409,3,ae83ae74f35d3a08f457bbd07051dad815b22968bccd489458d277ab77414763
40d42ad,409,4,cddf9df1efadd02327cdbb5ddcc329d38da324977b56b4d9c99e638479288572
dc29de3,409,2,358320864f4414315dfbf8a6230b2e7f81ff3179d6161b60fc32caa52e88e066
5060536,409,3,bc2d93cc6df312d0cbf3c04e4d87e41b9201312ac1f4c07bd33bb52517fe2ecc
59e7f71,409,4,2fe7f925a97d318b309ee89917558b1f87753487c59a965542d84ccc2f56f170
8e08170,409,2,79909920d3bfbae9ccbda92fec74515c1ed40ce0d4ebe7b1c21b9bddebabcb5c
2080bea,409,3,e54a09d49a3b1e8828559c714b1dd742ace59b07e798835b1366258700dd1c74
d7c5fc6,409,4,98fb51f1b7b0725cec53109a2d2fcbd449f9ca6af4691bdcab337532d74a560a
a25d61b,409,2,fefe242c19b3da0fa9307f5f9c688ec97794ecfd68614fe1e4f21e787f16cd3c
9e5d535,409,3,312981e681d474efcc14dc8b97057329966e441ce63d08be6a197012b333e9fa
25f55c7,409,4,09b37de14b253148dc87bfbd62f4b19e21eda31db8d7bbc719d1be85591fe11e
11d450b,409,2,bd2e206646b27d4bec1a173069ccbac8805253b695c0193d838212d6d60fbbef
694d203,410,3,746c565d00dbb2ce4cae5d8039e83e73d40b6fafec6b7b1c88bccf5e54e00560
22ae235,410,4,687c27a776f00a06e1d8297e3d2c577ef47cac98bb3017877055c774404a5ffd
7b6d0b1,410,2,abd3e99bcabf9e6866e72b7ae6007c190768b32a6454d7ec1b4a08c793eea7fe
a3a8a5b,410,3,c1a7a6b2f3ae59ba42a596ff5db45cd833bf60908d3f518040e6e1638ee58e63
fbc6a12,410,4,b54b081ee4523b9a6743d1d43aa35e2cb1f17a2b5daf138a0d74b8544050e513
9b45163,410,2,b5ac60654989a0f1b51e60ea8715dd972c2653d2b48c9105605752e0b7a99c38
d7cf2df,410,3,61aa9e7af99e8f51738cb888fb7b03a741932c588d8fbf45fcae9a142d6b2543
c04c9a4,410,4,5be96e1ff4fad304aecc377b935b6516e12c7bd04da8e07c9b94c1928f7103c9
46dc7f2,410,2,e887987d357f1d2f80957cbf1d213ee4cf224d25000ee80922d43d337561cbe6
24971db,410,3,b97a4d0af02d304c15c0762a980cdcce53f4b46289f86df5b325747ccf80fac9
5f16b8a,410,4,fb8853528e7ac40a50975ee46fa3622fb46c4efd606716f9925dea559dc2b67e
bd55fc0,410,2,127ba88f1c1ebc613df84ef2f08b9ab0cd467577cb1bf609e07dff8226191d9a
6546491,410,3,78131ab572622be2c0813b2abdc36ed2a2e3d9c8dc2d59f99043c760e92ad042
6959d73,410,4,ef2bc7d31289d8766fbcb9338d6077486bd775f6b16c5612edbdd72cf23f4f91
c411407,410,2,a8073fc3637c72c9e6cdc552f4bd34c16939fe69f666f574ab81a44321b985d6
1b43b9e,410,3,c031ea1ad7d636e85b16d7c7606b2840b4894196854580d0d06dfef3d13310b2
1509b39,410,4,70a4853b83d5f9b9b695cdf4062c77a1023c5fa21b0b28fff7ef33ea1c1058ae
a2ad3dd,410,2,00f62ffcade4ee41ca466ed2b2fdbac805df6ebf77fb0d55fe2903e7b911d9d4
26b13f6,411,3,cd2ae440d22e79a8d3a280492a52085aa4f420cb0af7596fb4a583bca1233dba
a8675e4,411,4,da56770f9cfe115ea4cfbdb663b845b994b14efddef9ccf6e1bfb36af1166ca2
3581478,411,2,fc0df30ef681671376cebb10626c0108917adfc165ed5d08f955cbd08d8e048a
f265ba4,411,3,9e08bb1b1a612129e64b620f4c1e0c33134e5cfebd1b803fd84657540f1a8d93
638b1ef,411,4,ae60fc8c6a9272420f2596cdaa6867bc39df0a7bd70858271f6bbd854784765b
335556a,411,2,10cd334ea019bad86a628336f6f5981205b5286f05763f2d673ed6429d422196
2a519df,411,3,fda2f7c631641491adb9a0e833e1b49f3f0c65fc6c097e4f00cf94b53113ab58
94a8456,411,4,8871c037c97250079d06b36c7b18c31a0c5198bc7b908dbb0083f15bd558448a
ac0ce23,411,2,ee07376964a1463c11501d0e6e114f9e796fbaf4726d678e4b3fc2719b3b0e0c
6a52cf6,411,3,42acf4e7154ed42e9674bf1aa1d538764acbbaf5ba7b908cf9582889d2de38de
be34c50,411,4,09cb9564b7ad4a4f936522f304f62e0ec7ed3d54f262564915c912877b035c8d
a6ad743,411,2,84879fc7b761b7e137c917659d7b9f00df0a915ec48efb101de2d59a1ea46375
f518c1a,411,3,0362641f33cd651fae1c072bbaa02f8c397515768eb835aaf3c8efdf59ef45e8
81a634b,411,4,aba28a16b184eddd76855fcfcd0d6db93b812baef80f6974b6e9a22f0f41c8e0
33bf80b,411,2,9a471ec19c823a3f636702cb8ae4a7d12ec1801468893a839cf22d4c689f12dd
ba36ab2,411,3,b9a2af7f13bb042f7f05cb367b11aab6df677bcb21041343ee1e6cf9fc298164
b43c903,411,4,335dbd0ccae73af6a0de70688082fd733f39ec843fc606857de984ac90369d2d
f524cf4,411,2,c20a65d6c062aa4c365e8efa50c3f000897aed41730664e1b5cb4d9eff5b66bb
9f4170d,412,3,b702ab61aee818ac050559636e691d405dca97dd2a9e221d8ef21f2dc65b544e
c18d19c,412,4,a3225704c6f7bacc33df37b59ad7bf018f0512d7a934ca4e787744d0ca29ceb7
7ff464e,412,2,af8c9f148a1fbad758926388fda74975ce9c46a0242290d62422ea4c8d11a73e
4efc996,412,3,5bdd4874b2bd87bbd7e9cc07a8e04cf74cf0c58801fa7deb72f9e71fdd2b7879
46b483f,412,4,12dd1bf45cd34da27359b94540a7bae039f7ec525046147a6a78f5560b76ce52
f391354,412,2,44798c7bd6e4d9bf701decad091ffaf7f21ef033aebacb80635a15ae7bf393e1
f75538f,412,3,b5ec49f9abb00b6745a957f535009bad7db3b420a717db779e0a52f1d1409f73
26527d8,412,4,1b08735e21dd130a2fd3fd8c2ab1c37c9a3a20a947ab988223fa5bf1001e63b3
79966fb,412,2,a8dc8594fe9efdf14915bd2839de0ab37d295c3ae1f0cce93d4e8891023d22a0
ca5a97d,412,3,6f1fe7d9f024441fa8bcc9a2e6497b0e3cb872dd2987beed484c37d3a323ff0e
6a638b1,412,4,6405732000a20dcc592d066ffad353dda2cc827b124f90bfd39403e3aa43b734
8f31486,412,2,9b93a128a95b57ce3ac324d2ee340e34c214fbfd8185191ecf5d8be3ef28e49f
28c14d7,412,3,d25491b21714b5b1c075bdda58bb4a648d66f7d493244a2669df514c3a42f711
c614342,412,4,9440e4399abd168c1437015c3b991e9a11b917e40d3e3ed8cb75dd50a24ed55c
5ccd665,412,2,89d051f941249fb416270f899bfa4847a3899697f0cd08540ecbf35089db59f1
03f8d0e,412,3,1be04811553def81ff485a2fd52977b5fc73f92143db81ee50c848b2a4e7205b
37a6cf0,412,4,cf98c6f7e59975c2fcf2601c1662f94a34beb46e9fdc6e7368a0dab104c1242e
9207878,412,2,5af886e377a7213ac9b2a92872bd85c8749e560b46a9fe4b33d4ef464abf7924
136edb6,413,3,067d450e88f90ef0264191c87b22d1ac062137fa6f7feaf5de484866d9bea5ad
41b695b,413,4,689a665f3770a42888cf6cd4dcfbe86fce8d8b223ca528b5ab851633c93ed48b
8a2b6fe,413,2,caf9deae06b3fa34a9ab83cffcb16a4520665fe8582d575d45bfc2e21730ca9f
0dc777f,413,3,f2cc4e78cf9600ee4d78c80061ad28c266105824a6b823c94f834487057f393f
3be8782,413,4,d64af75a3685464c5ed588343c581afe1b1d87d44ecb6ece8a2e47aabb3d0a19
41eb4a6,413,2,b8228720869f3b3ca598191d1a5e07937a9c80989df951627db7f81d6d1027d9
934510c,413,3,26622e6b431c64fe8ddd153e8fc476635101d289e2c982af4a8527f4454d0af7
cff9d2d,413,4,e7e50d6acef2a1152a1d339652928a6151073bf74f01a4464e1e9a229e68a4ee
47c2307,413,2,75101b4d07497fb3d3acadb57d2dd357306bdd3d185c6dc9467e63119a70ef1a
8090923,413,3,3b5df6337815d7fd61e480c17fb0e7effbeaa993aeb05895b0fe6d5d3105f96d
5874c46,413,4,88b333b7022403f5412f8f9576b8e07fc4bb3301b71c13cbeb499e625a358cd5
c753797,413,2,2205004d1fa365cc6283e96f9adfa76c000aebb9b6e875685d1cfcce169ccd9e
7200dfd,413,3,a71755c1edccf4fdbae5439de714f272c43476b3157157dddd611540a5d694a0
140eb3b,413,4,4c241ded7f04a1387f27aa8cd2ee51cb298a02bf30e0e39a7a55b6881985d7f7
9d31789,413,2,2f98e97042fa325ab455b92e4f465384ba26cf8795565714214e98ec79aa0206
c5a517d,413,3,bcdf3cdb5f6ae9cc7779ee6d36cfcd4285b79c5cc469b21631cecd95266e7585
81636c9,413,4,41399303cdc22f063a47d7678bf866efc6c009a4be2ec4d499c13e57833378ff
48f6ee6,413,2,cff8889016b73b520ce01c6a05d1f170c82f955fe3f88e0735c73912ab6ae346
7015381,414,3,23d2c97cac0e512481ab627ed639cffccaeac6b1f0d0e19bef440246f6af6a7c
8b7fcc4,414,4,ecfbc24e6744f0c7626a37896cc4a061d2f202704228cd33ed1cfd0855fb909b
721a732,414,2,56bb4973beff30b4fddd60f79abb525691ae06e524b794536a7fa623fb538839
65c3b4d,414,3,b43d995d5c846a55c7fbe1939059530b3856a3b94322371740992ff57def6698
7c4e27f,414,4,09efcdab1b8fc4f001d5448eb1e61c43fd6f2d77cff7dec6275f5a3acd0d734f
08fb0fb,414,2,3a19f41779ec21779a2417aec6765710f07ec035bcedb202f1d4295d26eb93dc
628c245,414,3,7fae9a896ad60077c12d31445b6f468a957e70c379f29dd92a869cbc80668969
56d4f26,414,4,1505392b4b846e7cc806987d448e6be76a7d7b15150349ac904337d0a0ac9e8f
c711ade,414,2,e6c24a4b6fcc8d5caec09ee55c7f0cf5c50d8993c55b0df9c33439d979b0eae3
3fe76e7,414,3,3e61f511258e8fc4b2242e8653fb9d2c8d0cfa19ecefd9b7a920efb1df5a889c
50b3ff8,414,4,1c89f06de7e4237e320fb937bccc78e91e835c5f4ca2c5c493334a90d5fa36ce
d6a3753,414,2,489b611773a596852ec90e753e0a46d16cb905711eaae5d7e299c0f87ea13f10
2ec8ca9,414,3,ad5620abaeaa4ec823d14c70c6b92d480952c9532bfe91d0933f8da0afed8f18
17a53e0,414,4,cb58162a48493aba9199e2f80af277046c34c7c7b0d603b0203da90f670e29e7
0ef994a,414,2,2d6b312887d709cafa158c1a03f4c43feffad605c8f6517a1630da3203221a27
d09759b,414,3,973b285ce7d813958c0aab98939b7efa7c66758b4a5db7bb170067270d15ffce
fb2d7ce,414,4,947f1e4cb3bb40723eac07e49079b169237b674f7181aae6b1f822ecd47ab9ec
e61599f,414,2,922f8a469b90258cda0289b59b4039392546da442533113a716227972e068b95
a1cde0f,415,3,a12fa1ff2fa40503e3ebbca517265e4090c56caf5db43a63b9b976b85542ca9d
a1e5e62,415,4,cbe1d5b6c76e1db016f94a378dcf336ef0e8f9a2b569f217829812a599f217ca
54d26d4,415,2,daca6fac767306624060d5bb839838991cc57501a9d7a532a665ceed44f9438a
60add36,415,3,0886d1b929729ebeeec09307a592f4a26488f83bbb48f2e571d9e5b15ffc45ae
23649bd,415,4,eb0b983afea5a566384553f5be0e164dfceb6c1bfd80bb117cbdd6b1e71594c3
3e4ba35,415,2,9ac4d8ace87f501b7d90a1f8def55902883337da9734fd327b4c72ff9427ae6c
44e88b0,415,3,9def9df30d5fd32b0a4964dfc5f3cef91c6e8467a6444db176a8ac44684aecec
80e35ee,415,4,c00287942381e90fe0400d8c8361075083dd0e7cc0cb4b8ddec735e4db3dc429
7692a92,415,2,30f352193d8e31b96e0255d16ac4fcd4d4e2bf68a4b4b805d073dc4343d0cb1b
7bcbcd8,415,3,6ae8691ffd4780e24922b9f559b957a30c083eecc8791ae45e2d21438f74260e
0f91158,415,4,6a7b6a7970c6e6df56d445b86e48f94a485c8b1d182687348b356a824796f43d
ae6d438,415,2,03490197860507f088bc445e352f41ab2963ad479067ecd2e7e85ddb983ffa57
bb7429d,415,3,d0ae623fa58456a7938ed11ab4976b6b90a814486145c9b5835561504dc987a0
6fecbec,415,4,ecabc13fb2c035729deb32f84efd6a8e724d9b80a967f1ca934e535b5adbc7bc
40abe90,415,2,d2a169364bcaf5fe75bcbc45a1e90f8dac84ec9241168c90566ab31694055bfd
3ba1dd3,415,3,7d1d71023c9b111b8cf568149267bb102bebc70d5c80eb09f2989eee5b408196
88784a0,415,4,ca5ad6c4d479740afaada028ca6dda7dbfd1008d614e27c5a979948edce0dbf8
7768a3c,415,2,14db2f91f37bb78444c532e4bcd631de695b7434a4f7d30ec7e59a5399627834
c45e3c0,416,3,eed92b31335d710e5b46078776fedf14ff1c2ab304be4e239ae9c874315943db
46970c2,416,4,2ca36b027ea90405fbcf35ee07e429b2abaf34d3786e8b651515d138c78f4c53
0c8a07d,416,2,7f9cefa6517e039c5d15b84fefa1589a5de6a74fd5444dcaf682eb6551cabeef
a7f913e,416,3,b592816f371fdb35b0a37adcd16700322d8695b7a117a78c79aaa4610cf14acf
2a41ece,416,4,8646cd1b64cfa2b0fb0ab2713914e3b33d31440971f36d7271e4b0baeca21ec8
f6ccf5b,416,2,32731945d2d34f84b4b545fb483002896bd01ac86177cb16cd845d66eba481b1
6c7537f,416,3,3305e6c9d75779a591bf952fb748a2b4f4b0e3f0b185eaa1441f9e55e035f72a
da97203,416,4,77a567cf01d5d8f77d56ef4a07fe091b780e225a0d927f33b498cd563500cdf2
4546ec3,416,2,0c09ca13b99fb83b346c03ca4de2f456c68d857612f70b72fb5076b82f83f803
beaf095,416,3,fa7fdac816aedd3fd0b94bb58dbffbab9ebcf8ed5a04afc314fe8f8149fad38e
9bce452,416,4,e2d0c9c903046f3c0278c944134aaa5aae051d3d39d29a91f4be7d7793a55872
0c6cdfe,416,2,c8dd4d3e4f737bdd092ef0b4fb1ff7f32bbc916928f9d876ef4f09d87200b2f6
98702c4,416,3,112f2e5290ae6ae9f3a97d2610d345278260b0e8a6656601a152d5ae357566e6
7906564,416,4,d0a8e69c39e916bdd51d67dd07b2805e2c76f10572ed0021cb48edb520929bdf
dd7c658,416,2,26e964e93a889636077f6c90c9bb4b34abc45bbec74917a4ad5a4820877d995b
e9f6b71,416,3,d7f60f69a24c0e577962e9cb1da10b346cc98460daa2a4b50710a493addce734
bd72301,416,4,a094563046df36df344f5e315cd264e2ccc39dd3eee7101e856c1282a051a0e3
218c97f,416,2,0527b97a4a290195b4e2e102fa32ab1f62058b7bc5d4e92a113955e67ef4bf12
d987eaf,417,3,4523683ae5683354240a7f068a8a75d6a970a8d19737854d064ad7e259339024
65a3145,417,4,3b3f6fc0a763537c0676253c7879ae03565ca06bddb0977b48bf0f4743825839
d850373,417,2,b767868a86571eaceabbf552d1d19f2224e62f7ea01605a3905a85c9ee4d5987
846448e,417,3,86111eddf7461d4c0d38fca25ab63189003191490671696f31914bade9be10c7
75398bc,417,4,201bbb9385413630bc4f3187032980d16e2022003721d5670b1077e660c22c87
6c73400,417,2,bd815dfe7ddf9ac3b8a6f98b65fdd5ba86d7710d7b0ac0f35ba156e74a581f24
e1de5e0,417,3,486ea3a30074c302184292171e5d575ed90e8be375f260b46654b71857a32207
2c81e5c,417,4,0c22713efcd697387f546b48cbf2bde5cb010603ea94fd398b992c0234161949
d625185,417,2,5fc890f9f4ae767a795d56a6f4969a56f56b3aedd9e15316620565072e0bd960
be0bf59,417,3,00954d3d045d6c61266d5329ddb788770324f339a8baf54ba70a0d09baebfc40
f6f4429,417,4,f99963e99ebfc587ea4b4dfabc6bed42820b6f338e36ff38bdcd785e8ea8ee8f
dac6521,417,2,8b9dbdcba653987ad2248f1a4a74aa98c68666450106e2d9a9e4183d0b716a1e
43f5d42,417,3,f47e879a52d9f66b18b6467e04ea0c2f4995077e497f057f4476d45bb0daf6dd
0acfeeb,417,4,f2241a0482b3be0c9898fffa498f529871be2ea4c2f624b72711e67c133366cc
69dbdef,417,2,33f8218483bd61f58cbb06da2288e29bb755b2597918f7f87671636cf778a9d6
7597add,417,3,9bbe1f6ee708f58cc181ef6ea3b4a10b76ffa481558f2e40c11b11a7a9ea1e5f
4a3ef9f,417,4,cee2d7bebb0e9a5453ce69ecfc8b70ad33659b8acd819720e2c7299b48aedbe0
a5456c7,417,2,4fb43390fcf2151b19c72cf9e4e32f84076ac947b1c0dd793210e4e5b75063bd
b090319,418,3,35a8330b856a7a67748b964d294760b0d651af8d1ed1121f1bcc6f36641db4ec
47b45a7,418,4,3992c4931301141d5eedf8e9f052bea95637639ad1c3a892b7eada73072fab4e
bd040e5,418,2,8cb6d60423958fbeca741668b9838fee15dbf2418d15b2361aae57cf84d86a30
e4d23d9,418,3,7c944a4776d8f289d21cdbee4b962f63fc6e3e907d6b4cd4d1fca8fcdf2a2d95
00a4469,418,4,7d17aa712742ffd0b3397a357850bfc0abac79d8065d63f841df52d0f6482c06
74318fd,418,2,59eff2359a85f3969831d73714bff061718c044c21a9567649e4c9a1eaaa4264
9f244ee,418,3,b3a2e0de8100bf7cc78f1d84eedee378037ea19b20734d487cb5a16c8b49adaa
0fc04b5,418,4,1e98672cc0e7e22319342e3506d7c7a4145737bc11a06597de86e33fdaa4aecc
1b92860,418,2,14eefbc326164660f4170b6fbf241bd1fb28626a96fb4f740d246f6043c90dda
ed339e2,418,3,0161a8e18b4604550f19dddaf20b1e96a9f2246a5f8fc489e1b428b9cb34df83
7a86c92,418,4,e5b39b6b1fb03c9a6f247916f3dd17b3a8a234bd864251c3856880d8e7ab9597
61ff5ed,418,2,3ee65d318f88081649eea0cff62a26da1b6741286388a752cd06097af5622d12
07492fd,418,3,7c426659750eefb188e8567088606d4178df070e712247e4c72ef223445fea52
fdfda85,418,4,2696b988230def503d826fc6e16b3ec0785732a265985f35e9af872b79515d4d
0759934,418,2,dcf2f21d066710e816805a1d9920b66d52c319de7705b2d1f93524ccbcb4c868
9bcd8ba,418,3,211087d7a13f80764b34bbaf932b1a4c95666dc5ccdc4cd6cdce2a33c46d319d
7af26d3,418,4,8e1729b5028fe677e153fb6aa83a9475178424b09c02130460e91e5e96a1679d
08139fb,418,2,5a09ed12bae211e9ce73fe088cba2c3f38955cd6ca9ac0544af5a54b3375652e
d4aaa2a,419,3,39186ea9dddadbd57ce00f4a2224272de10c683871d851395f3b0e7523ffb643
7c74a71,419,4,a3791a8048c0a53da4b5f85d5a92c854a64f63327b18caeddd3f5258b90f121e
93206fe,419,2,e8f2415b0874d1f1c9f23e35b6b7070dcbc55429fcdb6f83480ab4aa5012457c
8d682cd,419,3,ba887ec0f4797e35d4b17e59ddef032897d8afeee9001d866df691425acd63b0
41549ae,419,4,d58c63971849e40b7318885b2c477c34155fa1a0a01b082e1eeb228c734f2b4c
6b00aa5,419,2,6e6b532f411e5c719ee25cce99a618bb2e04699f5a73ddfa94363a2376aa7aee
bf0ec0f,419,3,6222ae9566fada608a33d0e5b8286b69b6145c86a84b042fff377df4df801e9b
9e83f64,419,4,7ead7eeae149417fee5601ae682bdfbce235c8fa7a4f56592c98649a04d6cdd3
933c51d,419,2,021b11a32bcc77995fa0c471b85f4629973e5911dbb536d4f50826a9d928f68b
0b3ab03,419,3,a612fda07baad31e6c41a7ef305f4d08aafa0439617cfb08cd406b9bd13e8e23
fe78ad2,419,4,b654ecc338e3eed84c7cc9274259f5eb0de516f1d45ee43f39886a2b0dd322b7
d9311a7,419,2,e2e1a30c4a97d38c5a37ab48cdd6fbd305300c52007ce165084081e57905f8bb
190a8d4,419,3,ca8ef315b8c80c1d1de7628038af817664e6529cbdb7c85f5ef8066727b9a1fb
3e9f3ea,419,4,14c423ca1fc4d52aceb6a006052d760c6568c6a6dada930a04362878ed03af6e
94271ab,419,2,427c358b04febc6306055b4f3dc365cfa7ea6202c507ddcb634728727af604cc
214b662,419,3,1f9e1c5cfca81358afcffd58511831ef85e6c4d5fd5a69a117baa7e7b1753ff0
4f5a72e,419,4,2d47d55fc46377f32b33e9b3ac83db4182400e99ebce494a0e5956d5d7bc9821
23f176c,419,2,9c89796baa9f2829b2fd49f5488f3756f53ac7ac655075354eda3e17139d04eb
8193171,420,3,017780ee8401f333a425693d3ed3362b68c72e33d704ae049707d401d9e20f5c
031ab01,420,4,45f57bf839b83b7772633ae55972be573cbdf8eca3f21bc0b746895b3e76bcfb
6eb71fc,420,2,6d8ad734fa8b3896c2cf96e1efd12b7ba944097c1da2066c99dccfe74cade179
ac756fd,420,3,4f17bfe710e8ff577109a168baf448bfb8cb4c8d36e597561886b921037b06f2
a433686,420,4,bac5ba07e91314b9838bd81356b4d2382bcda819b8c6d61e3387bc52ecfef53b
d54478f,420,2,7ce19798f90451578ef92fef10519846a5f99c31843eab1ed6127ce0b7dc31d9
c13993d,420,3,eee9df3455778aa1cd617ebbd2ca35be41debc1948417ca7e8bf3ce3875e82c7
ca4ee70,420,4,0728a697861ca1246513e68d78e6cfceb1a444e15f70ac57f130dfb728fae67c
1a714d1,420,2,abc573ab2437a022c61b6eaed289875cf771b0af86ee3326636a76a74482d616
c74a14f,420,3,803c1aa08999f10e80b83b2a3e01a513bd6d5f813be1baf83fcdc1f68e383df5
4303cbd,420,4,3fad6ce98f500ecf1daa3f81ec071ce91c59d4d718b2f8478077650600bc3f62
3fe12c4,420,2,d4aa5fbf2e3e0f04837ebfb9338a22cd6fbcc4094d79d89d5bda9aaa5bc4eafe
6eafe43,420,3,b6eae20ecce5b055e1f1b90a55205adbff83e436fc71c9977fb13071413c4acd
1d38f14,420,4,4fe87c3cca8f061095ae918feb3f3984dff94c6fef8ae8f619e3217925df7776
1707c2e,420,2,d1258ba3cf2aa03cf8059c388acafccde4c87c9f96d72580cfaabea3823ee392
fdd251e,420,3,f8ade6abf0fb0a491cb55d8e93badedf012898e3a9a43349893c4a9d2e3b0179
2c7af05,420,4,c3f85856d084ad78a0bca8a8f6a9a64dcf5e5269248a5cf4edd852c28c3d7c6a
d9929eb,420,2,5bd8872af4231948deb31014efd3442d6e3d68bea48a896f9c806959ba58a84e
45bfb80,421,3,ac898f91f9a1e4be848bc5700ce0b99156c1cab98d03b543d0f1c2df1e4fb3fc
fb59909,421,4,3a6edbe00760e989b1fa37f13fc2fad1ea23d87a0766b812ecdd968a606ec3a9
dc36026,421,2,85b2c600c7af018b17a6dbef43b0c928d8df2ac97cb7b25e5de7bde69a76c106
d5e0122,421,3,41242c0db30b24a4a2f6d57f2652c044c158b1cad62b6223ba825eb4f0c4173a
6549f7f,421,4,317a00bfaf5bbf1c28c16594c92472333ebbf07108da821bb8aed1fbbf3ce16b
fa492e4,421,2,807f2c222762698d04d850fb13ed0e76faefd0cce549c4f7eeb3d0b4f999ed41
d6d9605,421,3,b2a394e66918701f1d77a778b2aec03e3a3735ed87d05deda68fc04de79aab17
6f05de3,421,4,e8980b68ad3aa520dd5567aedb02ddc4c8c187cac950d4503a38674ef2565277
c4adfd0,421,2,a6594170e3af70a6cee939cabf177625ee15d30008b6265194ea6e0c5e120095
98837a5,421,3,6ac76b1c8582f2eea65ee083d8e2bc6433775366816a184b9f97e87e39c9262a
527b007,421,4,4959268a0828eda411c73e6925f616c2f8e3333a9cba152a65b655c3e4eb85dd
ec6c140,421,2,ce9c1055352fbbef0b467b5e77b1a2c23ae51111ebb95f6c5d6ae358dabd8d1e
a1474d7,421,3,82db5c888acf75bd5b182360016866f674fed3162e6d08f255c3fbda457877f2
7d9d6fe,421,4,288c5eff28855598ee59c23184ef2cdccec5fccf278d42f00379459ade85f99c
201f6a9,421,2,11f0ef7f9fb744559fccc6b6969ae8a9fb84492605c7c63b3f070bab5daaef62
7634cdc,421,3,4102812a74f770e9e6996e3d918d71c0ed3e9d43599cfd65725752f179943d7d
36b2a34,421,4,d5c4f3b1c5158c96b475bbe1a3e9c33770bf4e2be6f977b9e04caae48c42ad14
4eea7c5,421,2,bca38c569e28e7ebce93586513e61375bdfc33ed9eb963643e3a966658011e4e
dd93e56,422,3,1e4c07b248615e6d7f18f4ba57345bdc574039a71909ce8d97338ae8031a9544
62225f9,422,4,7c1593615b5942172e5d420dad6a52690bd817cc71cee80181f95fcf065a6e44
0ff5475,422,2,92710aa557558e61c9c15e00d788cf66e924865bbc75665f2978d38ac15633f1
d49d8db,422,3,e0b6ef0ea4c74466b259cd9d4a554b89004cfbeef35dcdcf156cf83029c3eaf4
fcf5ee8,422,4,38552ae01234d9048a843f4ec12bddb9b04132539caf7edfb8721f33627d39c4
f6173a5,422,2,794033ef642ea44a7c6c4256bbb9d559e0391995780a4c7329b4b904f7e59fb9
1bdcde3,422,3,4a9127879177f3046cf58c61d844dcb2819120a2c1800bf205a479400ee1a40c
839485b,422,4,65116a3a1b0a796ce3d398a828b2d12785965b755357f4a4794ea76fb56f9d35
768f1ef,422,2,ef077721129b9ab71d8cf03266869868f55a4d72a9b9771efa4d527f07adbf3f
08fa0b3,422,3,74a0a366ac0ae55c553d6223786dd48bdec51b39f199e2b40ccd4dc4e69fd1ed
7243ba1,422,4,4ff618ee9ed92c53650a59b54befb09a627be939f2f4f6b9649bdec701649f1f
6ccda33,422,2,d7355631c148f490831ac38161da1a23aa62d17af5e8dd727e9f79a95ad5d79d
ffab5f8,422,3,9896ec35ac96329f8c0e7ddb9787f0694993362432783410268dca024deb7de8
4408754,422,4,369e47a69fa8cf3f615f492284c87f3671669bf5a5e2d7c789c9c72f274c6a25
773c30a,422,2,7846ec3895f73c543d754ec72ad37d77ca15885e65d33030aa0134d63bac4722
0608495,422,3,98ffa064dae10160b23619bf75bfebb7bf60b7804d42596514760c4a5b82fc0f
09a62eb,422,4,9ba9df3f2cf309563ca186895b7312934e62e9dcfbf436a1eb2c2dbf79073374
282e717,422,2,ddf20bc59c6f4669c5d6d3bbf4a93b447937d02ca8bc26331191b5649773525a
03237a6,423,3,12f1c46d4864373d82bcb9b24d9e27faf3cca5d4ca4f4c7a11a374ea85aee80c
2e1756a,423,4,bb94885f4aa80af3618e22915da951fc588cebd4daa3e43bfcb29c4965c4a7e7
76166f9,423,2,7a24b119ee6c1bcf8890cdf889b7454c018b462fe88121a8b895b53b726370d4
f29d052,423,3,7e97837b277a59821e1739ffccc439adc6f541853406a69f744f77758020c5a0
1a401ae,423,4,bb359d63ba529956e58c97d289fdd2dc2e33da5522bc0ca52466ec9a6c623549
3a77919,423,2,79911f3d771c31176d259e85b167125af3d4d081802f946e1552581ffe1dab5b
1125efc,423,3,2b1e74544d52471cd737f3d9bb89addaca52ff95dd9fbb79f64ef9adcc7f9df7
ffa6b95,423,4,9bf2b35309cb7e712890cfa804e9a816dd2e763a9c14319c436b4c5b465dc092
f0dbf6b,423,2,27b142038a4b6b7c8af0359afd94b408f94b27a422513b016b35d89f2c0c8e04
ca5625f,423,3,7fc967de796e0b3429ab785efe41a49b032a0a1abba3522e5c13199e35a03b49
e671912,423,4,7901d1fc5dc7b9d0e493a84003ac8a3de219d1d205fa8f78923af81ec91ca711
85efad1,423,2,121f0f8f1b63d7a01d782f16df12e88669c0288b635cb492dd1c5a4b9c03f1d4
20f1f55,423,3,e3cf678f760a166808c79ee19b55c7f388fe406627f4f20b6e74d1afd07088e0
77e4a63,423,4,d0237e5dd209ef7cdbc15f152fd4d1d85f6fa7d566954acb1c2534336787ab5f
b971d15,423,2,7caad91baa04e136cfd3a7520236b28b82e4328fe3e2b72103e0fd696fa71f96
5a3d282,423,3,f29417409a463076a5896856f92daaa14f97a03ba3695263aaf274a16074dfff
bf24abd,423,4,a6f4d486db2206e01164210662169491edb40fba9377717e1a49e16555cf96c0
41a6642,423,2,3d797a8432880f48f6c88ac9ed780cfc4746d3834d6207e84286a7326a50f1f9
074ba84,424,3,b810511d09b32dce6bfc5bb7111b36f200e6e7bc215722e6b126de3c3f2de7da
c33893b,424,4,6d7fcc84c2032f8591f034cf11acc0b8ef6d6bf7a773dbd2193749030408140b
83b079f,424,2,059211ed69eac2a04b140cd6e966f0ef3549ea533ba0896e55e50c49afd93639
cc1b64a,424,3,f20f710407043802ee8e05e7ce195ed589447fcb990fb44a3be7e3dac52541e1
6826aa8,424,4,0d7f8fdf02a08198761010a7f9fc07eb83b86aa8e3c989421d01dad8fb693559
46692fb,424,2,581b5d8015eaab156081ec739723c1aecedcd6df1f573b6a69da4d55cd9251ba
b6c8874,424,3,d3f399f63cf0626db16da4d220e805dce8e8d5c31ba5a4a44895249f15f83aa9
b18df38,424,4,dce728b807694f9226eba35334e23df92cc7601677cb7491a9a4884b1301a01f
6f470e8,424,2,00818d26fab2371765040a44cf37358c33f4e571f2b00cd2e7784f07a97201d2
82eec16,424,3,2eba600809447ef4b1114db38f0d9723d74dd31995a0bc32fbb6f53f168ec381
5a3eba0,424,4,d0a4654970259d00a026c71b158d7702e1955996f6b6f2942b59027f277568ba
34296bb,424,2,9d435d4459e1ceff9baf0c344c58307321e511ff1fab093ac6115ebdb05c7d78
d7d09c0,424,3,299d2013398fe384fdfdd220ca38db316dbcac2d279b66ef6709163702e13933
759d361,424,4,e3ecfa22b01d04c2bfde9ff1c8f5e31c94535b167a48e0555d8d181eab7b2de9
3fc04bb,424,2,8fe397e152893fe550ad7b0aef448fc339a50cdd8b60588bbdd6a34ce65a1a6a
e28f77c,424,3,fb17116088cc3fe6c05abb62307ed218960d0ef080838284747003e7cb0bd1a4
8bee04f,424,4,6ef1b34dc2870a53e95c0e1bb42431119a6fd4154ecc0a29f16a44e22f30658e
81fde2a,424,2,ce295f55890c635fb3a6075085147a2eb1d869621fa26285a6739dcd15e40f54
95f5a82,425,3,3edb78552834882e63f5002c507de049ec3669b410eecb11480b47c7995ea1af
d2a690d,425,4,4d79709089176adb1e34b88a5cb069ba5bfe2df59109bd600a41fd3496c8fc68
5c3d2e8,425,2,710b6f108cfa7e87881703e3657e40d2d27c1155cf09a29267fb82416c35bbce
e233bf6,425,3,58152e38d56eb6045696197a130761e6dd13a8be2cdcf6a17a67de99b061e539
1b5f4fa,425,4,eba1597960ee901dcb9e82e9782095061a0d9fc3a5523f5d7580fdbd67d7b3d2
7534bbd,425,2,7d202f4062ac6f67f59a61d914597e08e9edf09706b7eb10a3d555ec8bb6a730
38a36e7,425,3,12fc9384d322606a2784bc6e6149043b474c420c549df04b45d322173ea3ee13
3a7d684,425,4,ea79c84db87c6dd76ca72bee01e58b6621e347c2c2cc26b66931d31b2b4c8b77
6c96e47,425,2,8aa1d1992e60d3d514bd02b456bfd6f6ab93307dffd82b7eb6c95e4ce1ad339d
499367b,425,3,88166d5f37a24c2e8919a0f2374e6406c335407185dcbe6d750e8d5dae1ce759
04df837,425,4,62701206779054e58196316599503f1dd9c79ad98664f45563008dadc57016e1
acdebde,425,2,8186cdc5c0ba55ee752f472015dd1b6903cbe41311bc9fb8171832dec6f3aa3d
21ae86b,425,3,428fb093fee1dc544c457c823f11621d35201c8e8ad0c7868942bfde78327df7
dba96f3,425,4,929c7b9850c8302eaae82aa6a48b7cade7615c59c6f8662194f3c2205e68391d
09c5771,425,2,452a73e5fb2a498c98e8d4dbb1be0d82475a142dcdf702c93ceaccb20940f4a5
1343a02,425,3,dc76a067b684bbdc0e955c43181a28f1d35804436a40206952d7ebd0d780b364
b90f1b5,425,4,9288780e20393fd67925a4e81713e3cbb90b075f8081b001cf51b96c5fde0c44
641a744,425,2,dbe236a749981c10c634821621a570f962c3fe52abb4404aefbb0f614edc2c63
a12cb0a,426,3,889ac134e365d33f1d945b3f8993b186103ed30064baad407d4480ddbcd83c8a
f8a150c,426,4,90eff2ecc3cd91a4d60c97972468e38d7b546ff89c60f3be95d617cb7ab68066
468b07c,426,2,5b8220f89618af1d48a0d905fcc9d952fe070047b75dbd16af363f73182e6e88
ae27b85,426,3,85abbb4e2073d878896ff586c23b88c8cd8cdef4c360828c6141e7a21edcc554
eb75b33,426,4,e5f84192f3bb2370e6062faeee3ff46968ba7ca08be4db73784e61d340a05d56
b5a5183,426,2,5ad7520e60e55434df4cc0598cf6fdc26d5b2bb05bf86f4175c670495396abca
dc1426e,426,3,7f42696c4fa1827bac03020dc786f47dc9e742ebffff787ff697ec901e4a30a9
202006a,426,4,84df9e48ade02d5e70c9e287aacdd18d4805e741dba054bf6e65f2a06834d2f0
bc412ca,426,2,23119aa3010e82657d11b83c7bb8fdd1becda2302b02d5faecabcfe8f66c1ffb
34f8227,426,3,d934016dfa57cf87fd35989b6e0a69c9e389d9c1647604c6340e603d965794fe
bb9da31,426,4,01dd6bb25b52ac1529177de4ac13fd2be6e6ce43696d773c0d3d5f427a2a87e8
dacfa3e,426,2,b3d40888e91e8b9e3e56c46f723af551d9f0b56d1b4d2c321561a1d1aab19d10
e840ce7,426,3,c82667d12d8c3968659c8fb77a0dd0dabc5ee0d68e63d0caad95c2ba6eba01d6
ad78cf2,426,4,bd8a9d17988604d386964240dabfd7b93e1d6653038a98fa6ea9b341a2893d5c
54f7632,426,2,e2f02205698faaf8c6600c0bd5c1ea84d5515cbe82771e523b6533cc512735d3
b5b5033,426,3,c095fd2f94ed99a670e37ec61b3ba76b4de48e94c2b0ace04ba878017f37c258
11dca95,426,4,f7bcba301fe8c59967c58e9cf394dd759e959f87e49e470d619f1c009dbc6f38
030b9ea,426,2,7d75fcc13bb3be94e5fbdb414c745ad624b6fc0ccfc74a3f6b7dfaec4fccf50f
0819c99,427,3,03dd633cba69f7fb7ba5408c3ab6fd416c72659daaa0b695dce2035b58abb749
447ba4f,427,4,24bccdfe2c4b6e8c6aeb591c4da68beb5bbbf41bb6820b2439fe0f0618f4c6f0
62729e1,427,2,7e4393597dc1e3657b1f2ecb015a1896ee8aba1c099bb0c9a43006cfe201913b
95b26a0,427,3,e8c505fa2723bc5f864f7cdcf2449549028d784724c1f889a261e6480fca881f
fb4bfd8,427,4,d7e899897cd9f9cd24c2b66786e2bb32ee80f53216287db2f296f99f6cbc0d89
632cacb,427,2,0b2b9166da74d950a93c8e68f20b16f46328121d9222fadb7feca609893c94a2
541fe37,427,3,f575306dc1e628272a3725f5046261be4b7cd841b755ade5d920831644e8b21a
fe971cf,427,4,5b4d1faf46146df7983cb1773ada057d3da87bee37d33004b5ab7cb4ccda1363
9b35b9f,427,2,05bf37fd9e06e7689230357cbd12b8f78dcf5ba3a6543973b728900bbe144a97
6e1d6c1,427,3,548a160f2dd30d918aff16be450c7019aff1335bf1cc92ed69d15e64864b23a8
af8ac7c,427,4,1557bb782e16f0fa69d926b68ebd1c476ce8b99eded62dd4aacb8743d2a71c8b
8bfc1f0,427,2,c9cc31fd7d0f05e51a61589ee6d928fe99edb5371cbb83178bc240a6a66cb897
568497d,427,3,c323a0f9b1fcb5b17ec06af080797ce876f3342808cdafd222a6287629bf93cd
da9e82a,427,4,f47529b04eee2950da41f17c2dd737bf67552f212934bccb11c3880338138aa9
ac4848b,427,2,1c9e9e3a1704d2bca8c1aaa68197f70b1ce93375cf90852c1217e82272194633
11f89ce,427,3,bd82bb63a728d0f36e74629a6618ca80d29d646fbc3c899bc9348d09fe944168
5fcd46c,427,4,63d73f35798c9ff92dafce7dfeb528a7fbae8fee628c56d6c3db0f112fc3028c
bd2797b,427,2,a5824b7e0dca1e6eea4cc62aefba296e16a3fba9d514422616c9c45c5c2c85de
32630a9,428,3,9fd88a7408e7b9af424e5e779b585addeea4f35c8a8f5fafb567a90fc1349d62
0b4df74,428,4,cfa760101bcbc476384dd0eb5cec4147bcbb9c9c5a54e1fdd8aabe3f50f93bd7
5904738,428,2,40ee18e83fff6ca504167402b49eac2e7bfb5434c6d3d3011d07f91843aac936
7e2f7ab,428,3,1a45ef43ce3fae15b5d9ce771bc97ed60fff3e5a710b03db6eac64e5a39a5085
d95597f,428,4,8245ba28826884acd6df21d7735cbcfcc7cb807199492f01b300bedb1eb5917d
c2e46f1,428,2,1a3093d74c507322aef59e999c9f3c8e68ba33590808e52e2621a5cf7a1f60da
895b8a3,428,3,82c196463a902540f6ea64bc74ffbcdb7b67e92b01212ce343c426c2b6f1cab2
8055d0f,428,4,9c60c28c95ac4454bc9ceaa3a4fc3fa34cb2dadf8e6af93df41ae1465df6eb60
0dc6aae,428,2,74e0f031b2193d44293a790870315659d9418f4f26b63ae5cc96abd1340a8481
78c57a0,428,3,df5a1e7f5e78124bba5b0c664a85fe90e82cee13c2193c0c785c5741d7003895
da4204b,428,4,e8a29223d61c2a1e8ba38c36845805d145bef1f43130892305f880a60b3723f4
93dcffc,428,2,90ddc0d51ebd8ddbeca4bc89c92bb46e882bda54afc536ca6c54eb7676b110b5
a83ba4f,428,3,4a12e34c856c52bdd4b4ffa19435d7d210eda653dc4d7eb1f3abde89418b5b78
8734c44,428,4,ac47c745c4763e48d1ff1a95ff7e6a7e6af39a2cd2a08bb4571fb31cce402522
a7d384e,428,2,376542d8206d5785a30d137cb77c752389bf51d5c3611891db63f8609974b8a9
7b199f3,428,3,aa8e4be0781a4735ad2f66e7e615b24de2eae62e82aed3f20e45450bc6d8b2a2
b02d2d6,428,4,d221b9c7ae5135935380c018339a5a8ff6865dfd35fcd23902164d2d4d3f779d
b51cad7,428,2,3e6ec3613131c9dfe2dbc3304ae843505410e645bf5933441ad5903a4483b1db
a396a59,429,3,98e0774dbfd62d845b85ab30ef8d79ce7b6b1a078246c993a6cf794eaa021c77
07a82b9,429,4,f53e650747eb01875ca23caec861a35adc5ad0db4087c6ba8131420bc9afaf0f
4bd15b7,429,2,97fe566c99a500d132991c63bd19c7e0240f30d73a2c7c1a2a2684ce74db9a77
e6ec16d,429,3,e8cd201689d0f888e908745f2411a7febd4fac9006260e96eb1a7ec2e3ae6de6
1dd6a58,429,4,52af7e735d9ef37a06b0ee67d6626007968acbab68ef25007e75a5d2629c4eb1
e797523,429,2,ae49622ae146c3efc5d5ed3e95a49f0c469dba4ef9cd2eea7b3452e3d25831e0
b390f9a,429,3,0068cbd5cb165afef9707b3277069be3c404dce1ddaa7f9ab0e0e39ad021eabc
ce2ef24,429,4,7586ca5be566810cd91b014748e86361d7e822c1a3c0557c62d041558c332058
426b7ff,429,2,33fb5d1446cc63613e9ba589608fcd01f7c89d10e194fc862f40feea0cb3d903
a608acf,429,3,999869385f981817883cfa904cf3bcc14411f46ccff73486b601ef62162dfaf9
80d54a1,429,4,bd31169fc9b3f5538864ccbef11f4cea40fc77fc5e84ae3f2b837a460052ef92
35f9eda,429,2,a4e0f3429fc8339ce94e0a00453635e67d835d7b84b4ed0bd1c2a3a5a551595f
7e84242,429,3,4a95623c46fec7b36be4efe5056e1953306a65fac4287471452b326c8e65e795
323c0b8,429,4,e6a7add054bc90a3541626ec3dd309b9871ae63171041600d86f14437e152b42
6b5cb41,429,2,a85d437a7363a33c6be3ee7d72e2f6dbf35779b7c231691015c5f262409002b2
0acae1e,429,3,f28a87a6712f4ba3e4295326b0b73f06876cec08886534eac6e5cf961eb34220
7d9fdd6,429,4,c20554675768cb7e3ae674b810610421ae6921cce6b1e0f6bda1992351db3b7a
6226875,429,2,6dd2b2f58d9f12391bba5a71d054caea046bcd1903166b8b6afbcb240bb92923
f8502ab,430,3,e4395a8a91c6ae51ee50e3caf61b9c6ad65a55b21d1b0bc98466d7a16bcd784b
d03e92e,430,4,e7439a9d656509f91eb36ba1109618ebdaeac3c9017fceae9a292192955b0de4
137675c,430,2,7076e910506716e7d0d5d869fb375b909285bfd8e54210bb5975508249861cd3
dd5a7fc,430,3,c9d0082c1593169fdd37f8e1438889c0a8e64340d4c15bc1005d7626d2f35737
a431cea,430,4,f48c307bb4acff5791e52360a2eb77463bf4a22bc28fa55de1d2a7868ed92d9a
6e86c83,430,2,3bc1715c87e571b29b02848536bb8516810e98821f174b33ab95775bfd6eff9e
46d27e2,430,3,d9692e30fde7b294aa2f8cb30f779725ed7ad6c45cc9958d01aa156824d9f4f6
f16643f,430,4,adf47e86ce16ffaea1f29459e5c19ba0cae923660a6795e30cb56706eb0e8ac3
d20bd7a,430,2,66a6b78e47c8d40902619b6b01b73c97285d6b35d043a79f2ed777fa3f38a83e
eee850d,430,3,5f9be0226b11360defaa81062253e4ed26fb6c9a385169f6c3e4cfd7c7c8c57f
3698f22,430,4,f25aa372a05a621ddb28a5cce484142aedb25a212db6556647747afe82b5d160
8db3141,430,2,ec9c2312704829c929d4818efd7a7a42224789bca8fd60a0529ed7b134276ee3
2e56afa,430,3,855c6ff1acfbb51e60d62881eb88efae8825ccfa8cfc97750037583de4ff960f
66a8d72,430,4,1b5f75a6cf0455995e96d7ae1fa0a39a82dc048152ec37c556e220df0202077b
4bc8914,430,2,86b31816476ffef60bab4439824f72d6e0b26fb46afe12b09dd640dd2b59a733
10461dd,430,3,a5b454ae6a8065ba45d0d1f179423293a3e880404a255ec41543ea0ec64531ca
2822b94,430,4,41bb05095434dfa2b43b26c7ce517319b4464b0a65e940d3418c78a86a60bf35
29273d7,430,2,57800e2ebe3ea2f06da74a012ca58bdff530cdd06ecbc97121f226fc33ebea0b
9f6d671,431,3,2afaff2930d95c59d31d7aefb554d710eb8676e6488755cab1ebe721518c21b1
ab12904,431,4,6fee49ae77d66415c303c9a9d4f27121d3405392d84235fe7d60f2f872623e47
9d66f87,431,2,2b73e1e0f63e53e4ff436850da1ed3a983273715510e35de000429c31776d11a
2efa049,431,3,bd7f2bdc7b079f4b10c3e2504ae97d0090e9fd5df35d5ba35458de958e3f1e60
a7dbcad,431,4,1b9caaeb4d95853cd6f6bb90591955759ad9db54d99d483ab7697bc7d31ab05a
2ef8816,431,2,394314367a91434d6800960b250bed2f1c9bc97120489d5614940160ddc91325
795d85a,431,3,7f3fce7a3e8982b8e7467846a46c1cc767d919545d869cd28ec97aba4a307433
4fa9d9c,431,4,ff0f2f10ecee3a38363db5b241ca05916c27b6198be198599c0192d5b0ff2e28
f02d98f,431,2,834a8fa4dadd43ea0abd0d84c776e6c370119feb15b2aa7b68adce2f926362ad
b44db48,431,3,47cce6c2678b4b31c2a952f9df8b3128c962fc965421a602430ef5bf4a3ecb9b
624a904,431,4,bd62f6d03efe43d1a7fdf5368801ce95b1f8ab1bcaa2ce5dd8dc74d4447f89c3
df7b1fe,431,2,1d643c165e1560652d1dda9e7d91cbca4296d7d4a1ef1ba76d5e8a4dfa5697bc
29a0567,431,3,62479b6196200bf262704517c5f57ccc0eb9948c7a1c4c3c21bed7ac840e00e4
d9192d6,431,4,d4feec0dec113132fc778a7a2bfa4659f0d9e5bc562c966e98565ac870777287
eb3d3d6,431,2,983f3b72288181fd09f97ed2ac0d5f69502aa1c35b4f6b216f7be72a9e8272c8
7061185,431,3,741d0eac5cb00f5f7d3444a8ad74e6aa16e223fcaeb6ea93612212dafeb4dde9
cd6586d,431,4,fd307f3148f798c3db460c827b6df153b5c55604fc29417def98f9cacde6e3e1
7aa58e8,431,2,156823c5ef03374b459119838d56e89e259011d556315c65436cc6789ed1a318
6432cad,432,3,249265a72f7a32f4a23be93133f5a5b685f2e4e50f65e59a1bf6f6ecec025a7a
4f63fb6,432,4,b888529852e9dbb1926a662ef9d19b80e972dc8006f7fa53ab147bb1abc4501e
7893cfe,432,2,d866b2db3a0659474b53a506ff9caeeee50d82082a0cdd83d87ff4259ffcef38
1174cd2,432,3,f768d60fdbe7f696d6388bfb5bdfb3893b6fc735a8a04f9997283c498c8d075f
89ba46c,432,4,fd04ccdde35a18ffd257432be1ae001139744531b1fc6f1d98f729274d32f545
10bc1b7,432,2,96f3386ce1cb63e50ca821f253c26f4d55a540a88f7af21880cecb210efb90ee
21deec8,432,3,98fac9aebd11a9a9be824e92a4c00e5484fd8106272ddbcfcb37843653642639
7b0bb8f,432,4,8aca54c93a88310156c60bfbeeb135a1b19622c457709de08afdb9c960221776
6514350,432,2,a7379a6022e8a63daf4c37acc27d00fbe61da23ec587e9982eeb6e24d52afaaf
5268f5e,432,3,1f3c00e439cb5051877580273a1c203f8e1377175ef919a449050d7455126f0d
d21fbb8,432,4,e2429013c17f1ae06a0b6c1429867520fb95227735a2412bbefe89fabf2c1d2f
36d2cfc,432,2,75e8a0f68f0bc67667bc231811607008d2176e759218ac147fa54d3a821f4b0e
37af59a,432,3,878e3015a82281164a1c50e25c70fec820bd2504f20dda68546e63eb3ec2da92
9e8ccf4,432,4,67cdf1ea77ad7f1f8e628e63fb32208e355140d4be65722986c38c76507aec41
4714ef3,432,2,fa78bf718ce084193b7e6ca0f8b2ddf8e81bfe99b16a03006b114103e442fa9c
427013e,432,3,4a94468f88025fa3fc7519817be3c57a3ab96a1d372c7790276151e647cfd4a4
dad862d,432,4,5a975b0e04c1f472ce27246d433e29dc28cfc9bf411e5e974751f77ffb7149ac
98241b3,432,2,538f751c49bd752001d4e610bc9f7140e7d0edcdde6b383abcf8f275ddb889f0
fc5aa1b,433,3,42e8f93a227bdc8f027d813a6032819862bddb9000e67e59091fd5f0b6486f0a
aee28d3,433,4,496953833dee0f8d7109cb02b60b821e36d421b6f3f0aade6e9d72741e006038
2bc341e,433,2,f1d787cc48be4bf959b64f5be47dd7566c7e7a0ca685b5747edd23dc5d6ac40d
e1c6d96,433,3,01e3f5208bdb61de7e89e7b0adb41263b583b8da66abacc0286c0f46389b8137
e195a3b,433,4,611d9c3ba0828f40404957e934648fc9b236d8e4e4b8c1ca49481283f6394fe6
c933387,433,2,4d46fe2b224bda4a1888e902233f730e6a1e520d859655acbe58def93f7b6e28
232ae04,433,3,48c4e55ab50204f53f6d3499c51712084059f0c8fa9783f7881dd7109c8a6606
7797857,433,4,4a1b940fcdf534f5c2089118dce48d3d8eb18f6a6d426459e808a56a3c8800b9
e881a82,433,2,7a49d12302ff754bdc8e0f9436fe8d53feebd8de3ff26e2c77d7e16df93bd5e4
393b2fb,433,3,1df2d4023aae33d0baa3ad41f01b9b41269150a93996cb639b4dccf8edb0f6ff
a5e97e6,433,4,510f487a5da51a28deb54bbe3232f46d856cf250aae72f31a5697147e5c322fe
824682f,433,2,2f1aec632b6b50fc3854d893645598ac712d74320f438da0df2cbaa9d8cb6107
80c7f25,433,3,dae91224d5e50b253560c15acdbf61ebbd5743b18e07bb910b88e0a430fefe14
93d44b9,433,4,0d6b234b16a630752845f4fa12ad3618ede22fcd1a1afb4a9529a0828be6757c
b05a09a,433,2,ffeba570dea050f7877fdc5886e26f5b05f3831c62e46b1c22aa2e3acdb369bd
7dad651,433,3,ca8bd1ca96ae721b466ef559c97690ac5b618a8eb1539aec5059bba7426c197c
13e2e99,433,4,b81047b760f8234dd3df259f09d07037623ad1f3169664c90857c6a8865a664e
0616815,433,2,999b31394767b481d83c0f6f8056f77bf7e47157680913c6989cf3c4ad8a3d18
9ebbf14,434,3,7e516e7938c1fbfc21db9a5a56fc53d9c54f802f49889434a4a5c38470c25e98
e354650,434,4,9f77fc16e63f86f46d1201e5abf5466233e84f9f14f2652df9d98d9bb26559cd
184b77b,434,2,210e53e2b3cb084860981cffd0b08e822b3b9c7e108891e56517b600a19d1b86
060694e,434,3,2b997fed72fc7e993421995d342a792ece4552c85a9cca0ce6c278b169170c16
2809bd6,434,4,d36807980edec352c9b3c4577590d1b96f52c6f080cc527f5e35e77a503e8b57
2590aa5,434,2,bbac6361535214bcc3c0c1a81541ac35f904856fec4a28cec408ed494488eb0d
ad5a5d8,434,3,45f1d62beab2aa81074a2eefecdc925d926df9d4fa9a44f826cbdeeefb5f9c04
9aef82b,434,4,75c72f2de07cba2c17286be6fd667570ac4b0c92dd8e943003aef5d51698aec9
b1104f5,434,2,4d4e6df7e4433d8ba358b9b36170692b907846060f24d8c818724076cff85134
cfce9c8,434,3,ac570583c72c362edc59929745769bccd61545967d1de7f3d974c05b886bbab2
6024733,434,4,1293e1e4960fe72cb4317a1ea7ce7401b4ab293b6a8d0e0626cf68ff7f2b28f3
fb27aa3,434,2,4098cd81c900f3b392a1ff356dc3b10157e364224173a25c9a8804d5b2bbaefd
98bf596,434,3,044391086a7e9c600161feaf187c5d246c1870fbce5d8c51bb57d7aff9287a17
1e32b1d,434,4,e490a7f00b12f50db7aac10eacbc69298b1f87bf576c1162a0729200b611416d
2eaad6a,434,2,1d414dedd15ee99c933aab98a569d2c29ca2867303aa014121f44e0ef32ebcaa
bf2e2df,434,3,b0e76d40b11f369fcffe75ac33da59e3876217bca907a422a43c492ffe4be41c
6139fd7,434,4,780590ecc0a31934fe4e81a27b3aad4a1fbe2a0ee043bb7439efd5cc5030b377
af2a216,434,2,1b3eebcbf84f2f8185fcab364d59bd4833faf80a7379152ef1eec22a4c2b02bd
565a109,435,3,0010d1e14d92ecb7df46ceafc4f23ea5e01072341a5f5272106dfb9ae3d71889
2fdbf31,435,4,e97163d21b8093f8d66a6e255a7294509b3bb12057fb57f1d0fdadacda49ac8d
a3651c1,435,2,059caf7a421431a0ae2f33a929a1bdcbe247f8a79eb53c1f4664225be1a9f7fd
911c11b,435,3,01bd5de58766652ac7192c927006ecebdb15cf088ce9de8ee7b9290ff3d94f0d
e0ddf22,435,4,9da759ccd4b793518ceff8388ce2041ad5a4d67c790a54f449b25b35df97e9f8
c383da1,435,2,0c54f63f967261d8a685ee9f22ca171f8956af1acae0732acf204f93a6e73416
b38b576,435,3,735a7c048f1c77664e84d6a1445985a0bc85d6759b70e036db8e7473bbcac220
997679c,435,4,e73058c75b7ded150ed264178ad43227cca7f3861c1f53cf9715f9c419040699
9b80a7f,435,2,e2f3943c9aebd1f31e52f5559156e913d1051a2c2a73573cff5d6882044873ab
cd3902f,435,3,0ad6b9e3698799479ea01857f1e527bf359107aea86a06b51b64ee37857f943c
92b8c17,435,4,3fad5e8a1c45dfefc3a653ad87b6fd79a772599b982b2c85f1490ab355711179
77b81d0,435,2,2b2577046ea4ca0d63b0b7fd76eee4b43c6fe457a9fb0509b61bd27fad7af77b
b9606a9,435,3,e1585cacc0c76b6d50d5606bd1e43bcc22f4696c037216c0d59d978c4a53f587
27c2c70,435,4,c801652a012d08c0cc60911f89971610891d2a9073b019092f71452789e784cb
5295209,435,2,0dcf5d0adbaa138f3da7686c7da0258b7a7002fe7aa997bf02c7622d940c9282
baeebc5,435,3,3b518ea77b4a1a11c4f376099efba434412cb4bc3e33961648308585d316dba8
abbcf44,435,4,d308de546690705c010774ef3f0bd60bfa57e280224fe14b4e1d701aee5282b5
b7f249d,435,2,33721fb0ba1f8ec5054861c3ed28d7105cbb0110eecd3c1f1f0bf4c1f61ca22b
3545061,436,3,9a8a07809cf978da10aa51b9dbcf7139d6aeae1af129e74d7d8522273d87e545
c03c5de,436,4,2ebdfd1b8cfa7e956f616bb43bf3f854aeed42c8350e92834c18e4c0a649b1ca
a4eba1b,436,2,f437d880a24a0eba8432d5995500de0f73db48bb9dc40bf164f71464a633e7d9
c1a0bd9,436,3,df07245bc3c71f0ff25001d99f7c0c40827a218af7d132c3a8a9c8404963c73f
3a0f754,436,4,d7994d9b0791c7b9e7c3f9df940121d5fffab804834b6cde1b3d197a1622d6d1
f471d19,436,2,8b5fb946b51add6fcb60931eac85c47f612d4146c8abd37a2f51eccc8ff8a170
f980746,436,3,d886c0921aa5ce150b50f140f0eddbe150a437ac93745fed760df0d2fc5a3446
a86412f,436,4,8dd35e8d29a887ec356c8f4e0502b2aaec4ed01b10006ec073307b54fa93ea10
c140041,436,2,ddadd4072d51e107ef2a4829a9b19d7ddb2703c2baf4dcf574de311d8fc5f288
34ad424,436,3,98eb38bb72b16f84a7e1312a24eae6182b847230e1866497f9f24cd3361785cc
b73b97e,436,4,c2ea444537b5f36c5b9cd2e71ad58e330e0296657d1a863efcf7687875da4292
8d80c00,436,2,3ab5666a34399d8af81d158567167913ba9447aa9d23c13fbdda0ba783a814df
f28d102,436,3,1ec8379ed046caec8f2a7229e78ad0561091386195001acba85d389aa347a4ee
b4b79a0,436,4,23e0d1042cdc67f6a8acd41c0b6b8ff7be695c4d20aac09a2f5b451a028dd090
fea267a,436,2,fbb175bc5a7293559ec215ec10208d0440f94034ddedd6784f07fb5c2310a2e4
a99a129,436,3,1d2aeb765f75cd003a9b721a9509de6375459e0036b8c749a1fa19925a88f8eb
9c4fcad,436,4,11d4d3b2645179d41a5bfd906dc542141528e43b7435ff520c2b0eb39a1aef85
ac1cb0c,436,2,618051d24f502a50800b0a1f4b4215fbce72020fcafa44ef850f1b25abae18d6
2c3f197,437,3,e0f1b9341f0f75e9ab1796e7d49388d4801dbea953f053f8ddc554dfc2858ce8
a534657,437,4,f70897121a5ea2d502b9a60cb1755ad316a8fe6c0d68af808ebc83e3b386c339
ca2218d,437,2,ebcddd2e05f47ed55078ea06a1fec6a32b210387bbb96af1ad2c89a346133c43
dd9ca3f,437,3,b53f797e0de71f36a920fa9f1a4932c6aae437e541d8d11c1266bbccb6a4d222
5984580,437,4,db91b43f1695a6c9e5c4e0421fcde19073ef21fc521cece71e3ca9bb2617a33e
b78887e,437,2,a71d306db37e0f6ef2ba953b7d9209dd53322550b57142a028e4c7fe8f5e3d8e
22dd848,437,3,e81e6cae033618027dd64f05a998450c477a0a96b40f81f2d949c43140edc35d
07cde52,437,4,7316f1be542ec3c3c5daa9a06f1521165abdf20e86c4b063bf3c250cfbe5d522
1e5bfd5,437,2,31527f5adfc04264b84efcb1d808f6a38b5fcbd8a36341b04876e6475d225796
64867ac,437,3,9a8c5ac2f33c82db18794a7a19e7d154d7f83c7ae2f0555446af39c4367b14a3
857f300,437,4,eee9878d13e136aa5a1df1b6871940e84e7edb75c94e8f1f9ad84c7836528c96
31f70db,437,2,64952ecf28759508606f7779faa30327691efd2b562dfe63c42c706f4e97404a
b06ed7d,437,3,9a75f562d96abd1288722b6508b2597359596552b1215d7a0d9becea47492d91
3d441b0,437,4,de4fbcf981e41160ce492cf821408aaa81bcfcbea0cb831a7a56c65a279264c1
632de98,437,2,06d7c74bcf5d0262170b4fa60f2665746d36feb5dee507eac9820fc3b2886226
3ffd355,437,3,71928cac23797df6c8233b2aea929192aacdf859c75e250046b8cb5cf642be15
f15b774,437,4,031f50fcd0f6515a56a055a5379ba9565e962e6ce5b3482adb63b2a4a09c121a
1d5cd11,437,2,dc7c54987bf81f4374be6b78941e4a632628f93cae4b3a085c5928050c99f90d
00e5687,438,3,6ab652d50a03ed541c48cf343af6875172912166355dc308f8d64f1f3e684e49
19d0d84,438,4,81406fd233ecdf35e2b91af2a792b06f079f8ecb4df4d6b3b2040906fb515778
20e8865,438,2,719323f4c53139f941e4107e105995767533f2869c3ff922ef587c2b77ad6e8c
d0113ae,438,3,6647f5efdf495ffd50df05c0432e6cf3343eaebda68ed9ac339ac2bd73d39b3e
f7c7aeb,438,4,d8185882f81a3ccdecbaebbedb73d6c5ad8f939ab5589fd3e1777fa117a4d7f8
3a664f7,438,2,472ed3b99366992eb7053344097c711bcfcc2a4b5718760ce1f971e7c35a84f8
bd0abd2,438,3,cb95f64bb5442ecf7b64d24a726bbbc116602416c97a036b43eb593ce130527f
554ae4e,438,4,67efda0d0cc7cc701c8c9bafbff7ecd77ca7d5fcb134c6321c8bbd6632962643
3d10946,438,2,211a6c38281c58eaa836efea8fa6293a0219fc6225f4eac88468a291cf850be1
8a513f7,438,3,a57d2425d55c58a84d2fc3226d4d9c6dca4b7d50dcef42fa72d20650b408f804
4e5f9f7,438,4,d1b22dab5a1b7dfc4bdf4bcb4d465c9924fdff7797f1ab0b42fdac62962662bd
25e76b0,438,2,ca1ff44818aaa5d172af535ec68f3925b1d04e8f111eabe698a28a7370c3c9c3
b560a94,438,3,0924bace020963e78f070b2ff8ea8bba9cb16e971c995e837b102363c2f4c579
4a2249a,438,4,9e231da3cab9a2729f48c4ff633f8e734ef1915a6495e3a2a4e027f856165412
ad8b905,438,2,b2a168b88502a740aeb607a036d42768a49b2a1a2ca33bc4dd336cc8b2a74901
8a54ace,438,3,f7f9df108cf56e3de3259f0edce62cd6e26d6d6bf1c0073b61618c5c4b8ae87a
213f458,438,4,1e71cebe54eb1ba175aabb7ecb501b959c144f98cc1ec0d3e02c28c9d28a6c12
0c2f000,438,2,e7c7a6ac9257f46940cc586f2c71ea97c8981302fcec06c331aebe58a389e42a
817dbc6,439,3,1688a10e3647f38f6cd287108b8e449b9346c44295274bc35f3f753a26d3a9c5
238702a,439,4,ee32c611e60204cee7a915bd0859a73e6597dbaaafad06cbad611a184993d995
fc2dcf5,439,2,6997f6721bb1a14cf8dad602b6a254172fc94a7970f334416e39fb894f1ce6fe
a6b5976,439,3,3504d26646e7eaa809776d78eb170b79177b941e0dda5b0f49806ff39ca435af
fbf29c5,439,4,dd68d6f5c31f3f1b13b1bbc100da7f12208b344f7d276abef419ed56e2b12702
a7ec7ab,439,2,60c2823cf0ff5b0d25c552a6de457f3116fdee53419226fb3d83643bf5f6ccfe
2aa79b2,439,3,478a847ad79b959516b4a304043ef4323a94d41e48afe8df7bfe236e7e7ebb69
6a5d75d,439,4,6b9cb53fe9bd52c4048f891d11545f1cf3cf3778cbd0e9088e6c2cc40bff4791
a2cb039,439,2,31fba2eda5460e13d8e6d1f674a042742b685e791f90eed085feb811773bddca
c09b50a,439,3,98e40a640ac7605b7527b2e9ed8cccef68e8ae9f85fe9ff050ff379bba2eaa11
6c9fb6f,439,4,426688da4025de0eea40548e46eddaf1e8e44382b9b028603f4522be289ef6c4
5ccfab5,439,2,4662539b8157db34b6430fd679430ff77bcc8ddea18fcc36f1da30ce8d61aa59
5225bf0,439,3,79b11fb0c3f36eae48e1a19abc5e474f3bf4b1fd714db604fae8dc273510ce77
8c820ae,439,4,bfddb3248329eba951daf3a6f5ae52f72e59383209177ad8c4bd6b548a0890f1
417ecc3,439,2,4d07071502d9118e62f6b16a87eca3f502745415b7dfd9ec3659f15f9dcfc816
4b98b72,439,3,bc4b65b15b5029c2ba7841a094dd79679e274323823a38676d5fb5e5819863f9
3d2985e,439,4,015c241b49857f7d8918415a93f353336e81b493447b801508aa9cd570643bf1
9b815d8,439,2,27bc53ad4354300be9fb6576d9d2693af8a98810b365049979d28e7ed370df62
8e878d8,440,3,1d604e761b13c43d1359e55cb392a8f82182521574d320414829b3b6b04eca91
b95f77e,440,4,7586bb64e4d50b1d548310b1331e2ff0a009d24e73508e73db5976abb84784d9
05e1eae,440,2,5487039cd6ce58211995dff4b9b30ab7022d49675838705850528cd1dedc2321
68eae4a,440,3,d3ee87b3c6e331fd82534b75aafa6576d9451ff2fe1cf02b8168e9a89148f237
09cc092,440,4,ec538987d6820c6779445fa565c0201949db01facb954927103f3821bec1afb7
2b37663,440,2,a0c298939fcff30fd09207ed43d22bb8abbb89a845d057801fe15e1585aa4bb7
7bed253,440,3,08c144c5c9e2fb65851dbf95ba2e34ebca4f96cb6e06185a3266e80f36b17003
c69ec85,440,4,ad8f66ecd32f1f299f2998013d2c9d868ffe3cf8df1ae79aad94768890b391c8
0544d67,440,2,214c7d5553acfd2021a8ccf863c732f367f33d5e067f5e1cae5aeca2da839d05
a0e57ff,440,3,c675d4c4bc375e82a597035acc171b54788e47483a3878566cdc668d6d97708b
621dec3,440,4,c6a1dfe7d653f22b0f59a18a54e0c70902eec5ca1f905afebc5f81b63404f017
d20dfa2,440,2,d000ef3a93045ca4632f5cce00029b3f832e264db1776e2663f416dc2beec9a8
c0dd69e,440,3,e53b32363f8f5f505f4dec1c6bf93ed5243850f9171b2d414995bd94445be3ab
7126e0c,440,4,c0574d65f60e4890c44b08d798f9bed11d9ba0b662ec99a1670656c2c90e98bf
c7423a9,440,2,8912bc90f8376a6698b1f38ec867a831ed5cb04bbe99691716a01fba9b773bf9
3d73915,440,3,1b8426f0286b9522db524e8a3b131b80e53b34a6226e92d411fc7d6e9aca131e
3b2cfcb,440,4,9f4818891859ecc0761d8003342d3c55f63d599e61b79b3650502c164e9018e0
abcd1c4,440,2,eda56498ef51aea833d350fa16e82154f3384ab1fc16107dbac884b32bbd1fd1
ee32183,441,3,3f83203d690610672b9ebb2d52d58b5c7e033f260c15cc15a8e363aa983ea68e
ae173ca,441,4,e262b474e081213eddf7429afa30dcc1e1f37f241187e607813e83019f33bc8d
b1a6f2b,441,2,3e6bd02c1feec5fd9aad0481f27d0a4c6acd50e5d13d5768a91adcf0ed21f588
cc28ac9,441,3,9648b6fcad9ce0c21fa2e9a5f76af374a00114bfd6c1adbadf472bc1d8e39dc3
e922094,441,4,a12aa1a7940c6603d3de0691b4d206986a708dc0cf9fa681f362897150091987
7b65be9,441,2,eef4b01a1764d8d9f1ee6db1e26ff6ed6e9e7d515cb9fd6502293a0817853809
cf6eebc,441,3,0f75e6bce26d8b352e6ccba7794740e4c094b1ede8a1def5ccf37b2fbba3b479
e9fd6d0,441,4,f14f06dfcb5e76a733c3cf785e77ebc34c26de6642f685e29fb46d6d02a72c1b
8ea97f1,441,2,b8c765708ee2bc92cb6a5a1648dd36d67649b4c39b91c99d5c1a0da36b4727dc
ed38d2a,441,3,a4bd25bc53605f955eb6eeda6cbd587a290f1331b4c911248cd021592c7afbed
4e05e94,441,4,00a497dbf9c616d6de575773ed30c6e2772afb1046bddcac0412ff2f971676d1
db6bf94,441,2,b5bb258bac4458f91e66ea414bf3148ba26c266e05c39cb003b6e1228de334b5
60ffbdb,441,3,e35c66b35d7219a227f71222f615b23ad3ecf39a093ddaad5424a7dedb420f7a
680d445,441,4,3ebd7a320b26bcfa8f2affbbd3e293b1c29227ee4441d8aa84ffbea89a1b0143
197f299,441,2,b5bd79ff1927dd6f02741cd8753197f38ebacf4daec86cfe3b7576a97d2fc464
ab500d0,441,3,334969d452497dc9de5a1507eb226b1ee0b18a9870e505ae96b49b7a495534ed
9e6d437,441,4,75935f244a2b4bc163f0217c10f801c03574741ec7d929b59737a9f9f9d0cbbd
9f3ee0d,441,2,89fe8532c10dc5cc8aaff69ce44f9a37cc7e4ce650f9cb23aa4ce68820cdd498
c02aca0,442,3,7e2f47a41185f9711bf9618b48108ddfceaa164d7f8a60184197366d8b2d097d
65aaead,442,4,6bb6405e2b3a4280f768e940b05e7980ea2b3beed87b43c3ea46603ff19719bf
0262618,442,2,73f421834ba9a9ebad7dae0a5efe6fee0e4202ab33fff7f445b564654f8f53e1
53b7354,442,3,3607eeb98cf92673013272a58e4f476afab39401a5c65902080cb4ccbd6c9799
e4eb42f,442,4,54f1304eb4519bbf76f1577bd682ba03be7bb8ea2ae2dca6458b3286171f0aa7
eb546c7,442,2,4bb65e2c86ae93f6b72f6530121492b555399c3fc3c255440c1c0333d28b4237
44cc40e,442,3,46116d5a06ba89731d8f63dd854406402dac3c85ac4e68113578b55c5c67ccbb
f4ca3ba,442,4,1e0268281338fa08c444e264d81ab1ab53489e438e58a94100790678d908117c
a5c90b9,442,2,1d561daac6d1db538572032812fb473b27836b98b5722223b2eb28e2e1f4221d
0767c85,442,3,7cc802ccb4adfd8ba19869442fb200d970be70eb82330bf812efb20d352b4cd2
7a87575,442,4,6fe9999b00338a9429b29c13014457c60a2d28293258df0f838104e0e13331eb
94c1d7b,442,2,c23895e2b6f29fc89052cf87a2a7d33912d6652e81b103f4928e00b16ccd5fd6
6626793,442,3,ecd778fb7472d3859e36feaacdb3016aa1d3686498a6bc580fee6ed844c20189
1effa08,442,4,75dceecd93443b6dd402a875382406a39e8ed99e928c09546e81b27c7d4fe0e4
5a89201,442,2,d561487bdfbeb48b0687e86a5cadb1c56772bcfecb0589545b597b2cb2d425d7
c50f5ae,442,3,f1c2a3681a5e8e01da7f4f204d5b1d02fde797409e08e1c2e3075339fcea6c9a
088fd5c,442,4,c67c93dd0debd5756d2d29fde093feb248c705f1bd2768be2179852159551f0d
bfac718,442,2,801d40211e8e635e27ea3d930a0c94536fd6a365772b8550bb3066f672df85da
c909c7d,443,3,1b394a92f596afd2bd84a49d02955bca5b0fe214947455f0a105a3a141932596
c7cbcd3,443,4,de7b9f3a817782b0d3e2d01358001f1687f53c20b78a051de064fa7cab22bbff
ccafc96,443,2,17ddd2e84f18f2537893db5c010ca7ddfc9ce93260bb700cbc31b030589d663b
577ff61,443,3,049b2466e7962940a5f35b6298397edff955e59fcbe9f9b0d4eba7a370842168
b36d202,443,4,c63833ef6faca391fc2148c88e295f8995dcb103c92f018c1a1bc32e784f7738
1800723,443,2,189602258b69f1bbb8ebb713b9e02fd67ccd4d51e04c45f2dd25bc76ae8412fd
a337e4d,443,3,14e03b6b5bfd740047dc481c7311d66773463d85f769451a3b5c3e9b380c9ead
7b7b6b3,443,4,981fa812f2f403369027d5b0668d1a05560defe068d9ef1e0d1aa744a95e96ea
8893ad1,443,2,2a3abc676ab18ace5e86c884757072e294428a16e6b9f3eda20a7f45b1b6c96e
57b1a71,443,3,d2e97e080989fab1b68e5a50042b2c21b6913ff1c20ae423076711e35e75874c
d9319e2,443,4,000701272b4169fac458659c0fef4f9627ab71807f8cf161346a08949b71daec
bc5e602,443,2,c6ac7d691ba17f834b9e81dc4a1285c9e7517852187ea2c531b53f24d259e8c8
0f79e39,443,3,53a5a0502590fa67916ba5948671e54f3c9a45321e62986f8a2dbe1d2df8a59f
7f66ed8,443,4,60598e714b175a09d6bc86ed2d1ed4616b80e2c4d96cedbba13c8f2b709153a3
2565957,443,2,47d94d1bcf0c3b3691defb6c882ab703a1d0fba0e32885a963e83643c2e17057
a4a7cae,443,3,8292acdf86ef51da16ef22f37a4aac4dee131ade18f4c7e3933610a96aa5a9b5
c710937,443,4,c54ca22fe15237b16a5c990b84d83d3e97a37d6bc7e5d4d439f9b216fa604617
f26597a,443,2,001ca70ec40cd04926d9fc8c7d703056f71147ea5ee0c642085ef0da641879f6
84c9a84,444,3,6ffcf6403915df63c2d14def31d3d0b54ef12721330b7cd0eede7b08ad5d4bbc
a9535dd,444,4,b1922cff7314a93f5f8c75f40c05831c0b12745ae11d33f36516a2424dbb69ae
99e00e2,444,2,828fb8b6f4fc46ff49d1ffc531c04d7508e12d4384a09098c46d65af0f07b89d
c312a83,444,3,d17f423983fe3937ca0fd8ed49acf239c87faa4323bbe0f027dc7eee869c6d2a
34229a5,444,4,409cd22862c458c6c43ea40062fefd9cb67447be573ba353262dff02fc2377b2
531f610,444,2,ee9b44cc1e970e65ad234c7cc4a905271d02ac7516f193edbe78407378d31718
a930223,444,3,8988bb42f5378530a3d8b392bfea3b95dfa9c886b6f5b4da5305db7bb5d9f552
5736882,444,4,89eae054563dd2fe34b6b9e468825585587c734c49519c8bc981f9335f2ce45a
70b24ac,444,2,042d93ddd7bade05c15d0b0fdb34574929394decab93f5ae69cffe8539dab9e9
f8cf83c,444,3,d8d48362867a0f912b7e51c63df8d58295657cb4dd11f18d2c553cc9a6bae1f3
e1e6310,444,4,b3aa0dd45e91d7346b17ebb88e5af615cd2b6c16b8cfa1c14b47614ae87b81e8
0e495a2,444,2,45ae2385b90c9436e6e2c954a58a1e5243945c8fc918ebf5a01a6294c1373b8d
a236f49,444,3,2d99cac6deda0c00261f701f065e505847c5988ae0c23381e4b5682a7471a780
ff88e0d,444,4,072d7b29f41db60bf3027542eb8a8e24fa9ac9603c55a3c1979966010e7e1838
090c52d,444,2,98ac196cc3a57aaf8841549305d1665971cebcb0c4c005602a251a45b87042b5
2782b6f,444,3,48eb829326379a0e5e3b3b960475f4936b69500cec53313d3cf1344053a8dc81
373fb48,444,4,ffe87a58e64f4456e435bbc9a58d1da2f9cfc62b12ac6e565180f45b80043aba
1591b94,444,2,5b54ceef021d396efeea387d017696b5181d4f16a6b967a459ffe09bdd9a3af7
192dd1b,445,3,39f18975224782204913ac67a3ac67834124281ab89129abdabcc5c57a8396ff
b39b8bb,445,4,ae436218d236ad8d26edca9a6c772ec4132f50d9b945b7918a8856a7ec88c05a
14a0088,445,2,3b7cd81a02ddc6182ae5b897bd9c14bfaef46c98982ce6daeb66ca5432b37e89
d047d46,445,3,81b2e80cdab942ee71c26376898b4809f7dab3738de5f6d462ab6cee7657175e
08c3b51,445,4,edb0499bb9e7d1e34af6e73f2cf2e602b4d7631a0b2ae3a5f0e992d0c0ce2a7c
52b89ea,445,2,221c20a65cf4b99a7c40ca8c765504af3b71c79301e52511993e538a069c03c6
9504e97,445,3,33f1c1a4e1ca87601dc16d529a92b4c1514917032b8b26777892e9f160e3c6bb
ef7fe09,445,4,9e38cc37182754e59c15ba3f7e6b55b29bb0e01f71635645e2381a840bf37be0
06cb1df,445,2,89737dee45a85902d7f011ff18d2cdf33bad415a867b76538b59a683fe3adadb
3a2c718,445,3,d71a048ca43cf031af4049449293df8502a01d3852fb4e8929dfa97a87275e0f
603e4ec,445,4,d6f1d11415e83e7328b4c2cfccf8ac6c6732122e1600c1bbd5575602678969e4
00aa6de,445,2,c8de8d62779cd7ad466905d8d131285b3783f179d2606d921cca85c4202ac5e1
d92b4de,445,3,50941471b64a629141389d03add1302a023b4946d82daeb74a58764ca3711306
e0a4c42,445,4,e1ea481f4258dd5a18b1fc475ab1f22dc855d5cb28278c30b35c7ac4a288054d
a727549,445,2,b120d0b48740f58e741d5b7f595da3d98bfdf8dbd7a6889d92a9e373e4999023
e2b69b6,445,3,3a19d9037ea6313c98be300344e358d724b1b53220e55084a755fb34da8bb164
9be2d6d,445,4,568fee5d7869a7cac00a108c1a5df02d92962cddfac2300f93b9c587a2d2edcb
7d58797,445,2,ab8e6e75923af1974a59b1cca29c0588a5b77b73e8fb7ca299632165cbe88068
ec37599,446,3,c13a8d37f58819d6049936517337a8b81caab054862b2bff56916c6779d4562b
35fd114,446,4,a1dde0e01312d3629761449591c7cff846e993a61c46fa7d53ab03cbe81c387b
82ffec5,446,2,6882b131e920f4e5b2131105d910e98be78e7b79b3df070a517b57cbad7132b5
39a0c64,446,3,60f8bbdadf58885ddd1f587a3da163147699a53f903aa2c95d4d32c7052e89c7
a7efa1a,446,4,e5b69aab5cec96a72bce4cc816bc31ebee57ad5b3773d9ccacc252ca1956b205
a17bd04,446,2,ae8fda8b8be5b389b53a13b1ecdfe980dbf41882ca23d2840fc950135df485a6
c8a4759,446,3,285ef3e0c8a6234955f76a7c46f22a3f974b8fee0d78c7eb5b8b73fe1f0ef056
371c937,446,4,55561bfedc08626298e654f825788844353fa59cd913333f7f83846665d00c05
03ffbb2,446,2,e3a47bb67057322f36e2a48f649e58a2cc3cadbc4d6c7e2f707a6b07074def15
c801518,446,3,aef6de721e9e7cd03d709ded685b92a53d0cf9e14d1df076015e774c20cc9f2d
e97a9f5,446,4,caa289bf6c41eb80da18915877da6d9d680a4efc54c8ed19b976fc68a83cbe62
3698a15,446,2,0ff620bad12471b375977366e59a25bcfc73c12d5d621525a68b05e201a1f8d0
7d11ab9,446,3,e58e8b68d53d801399faf8fb028422340496611d5ba1b0580b7713a47fc39199
9885293,446,4,2714d3a46654d229fae11d560aa0fd03218ad644c288a64f4dc9afde0acfeb39
fbb93e4,446,2,87e0a2c0cdb0e35596e69a8b9a55ff42f34c96e903166bb5e7f7e76552a4ccd4
94d6290,446,3,b495918123ce5d36af53844b775d8499766abb03de888be7bcac9a4715262fc2
00d4911,446,4,37a809df2663c29688fcee89eb50c4bdb6eb0b3adc0c36886628b15351a9c44c
928e5bf,446,2,4d3289b46e3353112531d06dc1581c3f4729772a6408264e2a503790965655ac
54605eb,447,3,61119fc8b3e0301f075672181826174a58dfb3ba85af3b74e758588574d635ca
0a62a7a,447,4,002527bc6924dfa73265e6f4f09b8a06b135b33c810d123cf6455ce748b92d28
a9f0b6b,447,2,838f4efb0da8274dffe068993e1d379b174300c103d3cbb95fa1c2d54bb2b839
33c34e1,447,3,d94d5048c07dc7182d65e595beb1a9ad55e6b9bf74a831910673cc4026f55aff
37b999d,447,4,1417632b22d77ea6f4b9cfabb8f291d2d4372192ab8df10606212eea5b546886
ddd1900,447,2,6f9bdfec3d209f541f42b20b69655ec9af3ac2a4e0f6f75c768e6ea18ff890f0
8bd7089,447,3,13ed64a4b168d333c8603c9b324ed6bd8cde5c89cc1a58693190b4f35d653930
3dd3f00,447,4,26762222a8d33e7d7899d5ac37ed7a63e626e4e18deec95d77bdab0f884d73bc
16114c4,447,2,0141d0cff9307fde63d06616103b370835312784977ce7d3cdebafd0f095c747
021271e,447,3,00a3ec2ec96a1d405e2b7940f03f68201da7a28ace7c7d60e42b1470b040eaff
8096d1d,447,4,641cf8e73b65e2de509649f2b24e95ef880cf96b1c93ae1c1155de2a4ce363d5
8802ec4,447,2,a3554be218abd7d2f64af1882f2cb60701fbe80f7af277cbc3a53a117cff48e8
ae4a601,447,3,eafccc1b05557e9e410d3839e81145240ca16d3568c9c14bac0e6e27c1df9a2e
ad0c87b,447,4,f0bc6c50cf86f5b078590e084eb78dcde475bfa9509ed1fb11f63b553855d196
bb15869,447,2,27d52fce2d164296dfb516f21be70013fd40314f38b8e4bfceddd7b4015a4610
535617f,447,3,ebee73e59a313edb5ea1b083d78babfc2a7752cfc6a673c2f5d5a9a2837e8616
079b107,447,4,54f4ab4b69cece7ba1e500656e45d57dde34741538ed65456c0be35c8c1ffdec
fbee000,447,2,757ceed8efd65d003d6dc2bf90848491e2d21b74f9f8b2324b19def29dc064fb
8e7c556,448,3,e86be122e840486cde9e90ed26b6db08d59e58975e77cb691f8306aba95b5fb0
758fd71,448,4,38ca4ea30aea542c148aeb83aeba38253ee6a21db2972bae6beceef502591ec5
cc2b68c,448,2,35a3c3e4d5c476b0fe7ac85e8b508975faeb928612f6662021e12bba9239883f
0269b85,448,3,f2cddb3f42c7d3f395269810a93b9c32dcff7a2ef4284bbe6018128163b0e9e5
d5a54e6,448,4,a7fd9172a614e96e52d77db12abf5e6759a1a3965c651f0aba02673a444edb40
e426299,448,2,d9560ebfc629e783e11b9ff57843826a0c879e6e11fdc240f54bb904035adb54
c42f4bd,448,3,de768393e3a1405a4728e1404fd93ef27c12b1140da488a73d6968745c9b5905
36050fb,448,4,03d803e88bda81e93519782a86e3498b6a639b89e50b2a220ff5cf5f89213882
9f4e1b8,448,2,b6392409ea500064c062eb0dcefbaa9e7b1fd3bb0da5536f73de06adf9b11cfd
b1624e2,448,3,de9cc05572fe82390a7461386ce09bd122849fc3a050dd0091943c81704cfa50
4049cd4,448,4,b7027e9327ad7c8660f894fbdb81df081d3176dd0cb3c70a1881ba30c559805d
90246bc,448,2,6bca0b500d7735d5d15ffb5a79c71b7766794fecff03c707a3c3963ad0f48e6d
93c1334,448,3,b4f72f3d1712ab579821e567233a32aed0e0805a40d47b9d8c9bc8b232000cd2
189a584,448,4,c10e213d38265df9ed86ff34a8967c9b99877df98c9fc605949f39605dd03afd
e614122,448,2,b6ff142ecb8816af1ab5d37d61cd1fb5322e4cf65cb2ce1c63dab0ee8d3d96a4
63ca7f6,448,3,36c0e2c2a6a1d3e2f2e1cbfdd97a4ecd63eb6558cf7ea1afd0434efdd5e864fa
dcc69b7,448,4,58b255add013eb9eee4214c02532e0f5878cf09dda1a68414c1a93ebb84c825a
ed619fc,448,2,9c312eed94643d7ed0769224bc2d8c0809c8b1d2346d97ff68a9248484c2342e
23f2def,449,3,4213af0c61971272bfa58ccd9d64211847a96953f21d9eacb37448d62123f758
0afe6a6,449,4,0a63d32f3d309fb005586bd8cc47ed57338b6a8a6eed81e5c72bb2c1df2dd9b9
c193287,449,2,708dfc0a023f76535f209714406608e93395d82622a667409a82dcf7eb6c8283
bbcbf39,449,3,ca5a649d153bb6ee1ebefcee12f6d64f80895bd800fc02c73b2287b87cae44e6
3f3ff43,449,4,7bac2835780d0709254337c7fe22e2731a2ad2dac2ebfc31897f87217c208eb5
7f6ca15,449,2,c3e423d501b7ff15b4bf2d47cc8b4ad701e8d7775cf17658472ef584ea9f074a
7ff4ccc,449,3,e4ece56589c37bd1c38fd23dc3b628bac85d25992e199c28885938160164c971
c331692,449,4,bf6ccfdfbcb42340ecf36b4c3a3903a409539b412d53cac9f1ab3d33d1bd9f0e
cb989ad,449,2,4dc78a0149d920dc88453e3072d647229602a7b43e64d256cad979b884afe888
0870f09,449,3,0d03d11ef6b7b597894f87e7f401341d69697d56cac94709c5a6653047dc6290
b43f1b8,449,4,2ba6403a401799495de2c4f288f3491790edd370c3063c315ade9c4d43e65507
dbfb38b,449,2,af96f0c25f6d3f9d72e8aed49d1e3654d2beb593bbbb523f4e58d765a154a1cb
cde0de4,449,3,67a368c2cf98912391384e31ad32305fb22f028f7001c9586176651dc9d55d73
8b423cb,449,4,af9fefa465961ccf9de989bc0d5922ecfdbcb2b00ab9d9e9b902e82ef9594ea5
6745748,449,2,a5b69ae33578262e6646344b48f954863002efadc3ed84b9521390e7cdca324d
ca4bd9f,449,3,1ec2178a8bf762efe712c69b574ccdee260a7b0e2f035a7e075a1d1bd0ac85e4
db6a373,449,4,df87773a882175e3e4763e26842a239383c9844f47c510ed795faae5ec08f44b
7ad05e0,449,2,54dfedb4e45c24760aa724e82ac1840780e1aa5909564486a0b9f2d39d61882e
26a1960,450,3,952567ad43696b25e19a5e09a9d2948f8d734ff7a6b2d043f5254184e9600e0a
1a86ceb,450,4,40688ee390e4657e6e75601ae1dc2ff514d4042efc3cf3445cbf34cf837c2f86
f3ef9dd,450,2,c633b307487a1a5f8ae91f0d55bf6dbcb451d239e4e1cd2eb70c41d02212a772
3ef5d91,450,3,a2d109510c6e428fab3d4ffd23a3df90d46117b9c9af39c3be77a25e0234930a
60acb0c,450,4,93382b688887aeb788df2a5a4d330ece54a20c6b2817e9072d852ba6adc05d97
55f64de,450,2,2c63e81ac0fca5a377841a6de8bb4796bd58c9dd4dda416810acae3557b5c497
8f57187,450,3,f0db7adbae32db3131832961d383c729e7b832ef4573e9e31d13e830d70b148b
1ea8387,450,4,addc2810b90e413737b2dd234990a727b78b5ff534a0efec242e2dc60f6b5d3d
fa1fdf3,450,2,ceba94dd8fbe60c5905425236349f1dc9d4c40ca4eb492a6110bb527c626808a
38321da,450,3,ff61dac03644079ad7c90fe9922f3d8c8086782f354daaae3a00533ae25b1b2e
0644f5b,450,4,064a7aca8e6044fbe26126ccd6a4f3e761e204f7f316485973f24d37f2ac1242
9b6a4d6,450,2,fc0091b285dc4349c0a745446726b9b620f2fb1504492597247bf6b09ca4175c
c954cd3,450,3,17e5fb757107f35b0f790d3c048f19dcdefb84a2ca746b8bf1caa7561fad41e0
3911f96,450,4,8a23337d3677cb20faf8ffc9833667ffac5af5061a5c1ab97b3b55b50dd14ae9
6264a57,450,2,24f9e487e5ebbf70d75dff65ae99778a1b2b5129e83158c30764209393e4bdff
c092a11,450,3,f27a92ec0460a816a2ef98eb7ca7cc5d78319a536cd28bdf0a9e2add2492ffd5
5183644,450,4,e42a2f69643a09c2e67de02429c334192525bfaee67bddfb30964c3bca72594b
755b8ce,450,2,c4fddc179e93d1e05805ffe6820d054ae4bd08031d23e88f9aa31deb0c626fe9
afb761e,451,3,1422a6e05080716342291374bbc795ca377a454e28bfee08ade94fcd0286034a
00b2fe2,451,4,8f95a34d13df681e1320261b82790cc7e61381078a412d4622179024ea412af8
6755b68,451,2,6437e437b4e57145187cc2303903682d90d5d3d33128fcababea7b3c33e2dfc1
75bb61f,451,3,d308b166760ef17a8008448ef5eb19788ba76a9e1a3c21c7fa3cc76ad5db6338
c647936,451,4,cf5e86bb702979088847ea43a08abb5a952ae73173e72919753146a73c69ff2e
2f4c5e7,451,2,1ab14cbdf921e7535e7579bc34bb03fb3ac40462d465fdb85323f94c21140454
e5ea0d5,451,3,d0db6c40b0a5f224283ff7be22800b4bd52f110f8d2b5293b71e2e3451768bfc
8b44b6b,451,4,4d48a78fc28d314c257c804b24ce36d52d8516e85c55637c5162d895ad6fb2b2
96e0a80,451,2,642d8d49e3009c207077b7fc0c309e83f8c25d01866c14638466d2e45ee7799b
c81ccdf,451,3,9f5b49ed7a349107bcd4a2001136112fc0391a67cd90d65d0be28837cbcbd69b
7832599,451,4,4f7e64da93b1f75e15a26dd80122028d0c8ca8f7760f889c2b34ef4a1533e438
b1dea4b,451,2,27e57d3449f9549438f65a32d70346cd922219dbc8db07052a05627f2b0c1fa7
96c17fa,451,3,a992aa082f0047397700371f0b06296c93016040c1693682e625bc37e9f0b113
0fcc1b3,451,4,1320d284bf26a2d2d38dee91f611f64f2fb16f9dd20c03656955708a74fea9f7
b5f3117,451,2,2f9cb7a7aa5548f6abc5ee354c81450bf42da869bcacf8c2ae72223dac914a40
943f41d,451,3,746a895e638ef5842355b956fe2b324a2941c8672d41fd56b9f80e7d87f17ddf
75bb63f,451,4,30febee1879db23172807677d989f031e130e8513f5e52e4fbd99cec0af75bbd
1a30445,451,2,310bd79e870e71152a0a0f4b7b2f348cd8f43293c1b6577611bc9cec48d921b5
484f0b3,452,3,e069b4078eb9587b5914654da25cafbbca570a9fe8d6090c91ad56e55a36b88f
f5068d7,452,4,7dac651f9099a299e2753817e706da8ad6d743d6848d48b1f49a7a2bd60a5c4d
4f0d3bc,452,2,83e8036d13a1713e7211627e1dad5238499a15c54dede334c498b5f2472f93ca
d169ba3,452,3,28240d7135a73cdb014e520d0af8c668450d2e83650046e8e0cccc8cfaad4ca9
fa09542,452,4,663b921682cd2b36fd00a0dfb932327c6d3dd6bdb0115c043137517722773330
c4339b8,452,2,121b619db9c5e431648ff1dd3ffa432ca9eaeb9d840cc49ede58d8a252c9d84b
9f62f3a,452,3,ae71df1d4213d7f6491eb720d406a599813f3a57b46cdab71261b4fcd47925ec
1bfefc4,452,4,7f67f66077e03f28e491b0fa3a38cdb5d200bdc6bcc1a1d21f71421811c39d19
94c3802,452,2,fd10352ce04bda9489fa7c6db2b30ead89f9eff81d6480d3f0d347fa19b995b1
2c91690,452,3,f504516ea5e9e47de6f8c433e09e33f33445be2119da3a9b26053915b8394cd5
34e6274,452,4,a83c1705442ce502d7207607bca18a3e866a9468e0a5e5bcd4021f4d883ee5ab
6edf6de,452,2,f3b7f647957a1425353aa5cb6e2dd7d7657815d06fa8ed96a7c5e7104b4ac6e2
c3aa83f,452,3,25b0f7be51a305016a47b58cec0470eb8cd3ee415032c2e8c2fb250b84cd1233
a69f5d6,452,4,891d54d7b5a3195ecd33acdcb79584f26c26a020d4248a8413f01faac6cb71b8
8aadd66,452,2,9700526ceed77db9556bc1ca00925df842ad12e4a7f8b715563cbbb8613969fb
f9bfb1e,452,3,1c691277f3e58bc9c4744e949dad5e3fc0df436530619592ceb10a5288795a6b
ee6b139,452,4,8e74d528937c23cccc986ca1bad9413b5d2d67e2310159c535acc852ddd433ba
b602165,452,2,0b4005c491d545da1b198052bbeaec3f59d20c46453e5f76be96defa240293ea
d0dfc29,453,3,da0bceb913ad7e2cf38663be141e667f3da42ce07b268fb1bf3223e99d96e33d
ad394ea,453,4,c35b8d8cdd771f4da0a43b55a1d6e62a3b34a2c43f0644d1936bcae7883a0e31
c18c680,453,2,fb9bb76ca5a50f9c11ae1dc5efde6202d89f3218d16819b66778f4644f4ea837
a1b74d6,453,3,d8cce59ccd48d162810d93f9b10d2c0ff7301fc982608011a13c104182028098
2706317,453,4,d201a81e46639d7983ae3a7f03da4d58b47638d0719035fafb06e0dc105ec53c
f447b67,453,2,8195951b8659e7d1f5d207e5969069e53d6a8c7d7d6930404929059da637593b
e8ce1b0,453,3,2158be9e89dd80bf77c4a5c6df76268a58cb8670743686b5f91309e0ce23e87c
8e7cce2,453,4,e7f2454e2547652f107b1b9b393e33a076818f9889a16020874b4c940150d212
a1a0e21,453,2,f3051c4b06aade06a80d825e5f9e3bfa3a827dea5bbd4e4d5f33e2d3cae4eb29
e3ea792,453,3,9c8acdd251627515b7e1fbd18aa5868309a2b2cc3af3a3e01fe4632979910de5
9b94476,453,4,ffd3839301009c5f317434d300b171577c6dfa978148265a87326f2d51e9049b
6cff6ec,453,2,dcfd147f9c3db7c62f13df09be390d508259b7f4c6352874f4b3343ddeddde0f
3f46dfc,453,3,5326a7e5075d294c4a59065c5ccc340fe6c5ff83c98a17ce1e1bc0d160dbb1a6
80a82c7,453,4,99ae7efaa67c3cb868346d85f1e01415fc6026ffc3c7bfee5d7e2a556c748f6b
976c6f8,453,2,b471a7edd1432a64185404caf2cabe5b81a145a831a7e087ccad0201c7d860c9
a79494d,453,3,b4fe2f942d07afb6e9cd509283283ffe04daf28f8bcef7a5a53cf54aeeb19b43
4c1ae2c,453,4,ba50e533ff5e4ffcd963d9e6e2946e543d7eb51cb4d1bef9cbdb24dcd3a670d5
01bb2f3,453,2,96c374f8ab8f02f92712990ce4cda0dae6b38a9d915c2d9886fec414fa995e5c
e164fba,454,3,0b420f2da0fda55a1054b7a9ff8e3ad5ae70d08b72c7af5d27d160117654ba2b
0a54018,454,4,fe65733baec2b55aff1ffc7782d88a2e8e5ee19e1c23e0614c61ecb82e0beca2
1b5c960,454,2,1ba6abcdf7ff6ece7c7ef112cb73dfa52092423fc7a5fe6e0cc80978c43fd4aa
34339c4,454,3,5388d79dae42a8508035948c19e38324504bd2c1f9ee12d95590c7170979d444
4fe9973,454,4,5367d149e1e4073b56b177ba76e805e8868cb21ebd237db0deb1743ac4cb156e
62f4634,454,2,aa294f87a26f58802e92d9e2ec7990ef9d2fceda134519ceaaeae84f6e4470f2
98cf427,454,3,fa6aed587f9f862de676b3f075483406a4a54d26bb7df66809440e616c0e6c31
d136a52,454,4,5661c8793ad8a6fbe9b40e8210885940a93d1af61eaab499e45a7361db2c1184
19ea9ea,454,2,0063d2748a1b08bf0c714010c4c77b6babdbd40471f0ed7f3402e76260f7da65
77f3262,454,3,11611774968f611456bb8c654982c9f5ad73a3bb5937d9f6109355d83a449ad2
11fb07e,454,4,ae5c3dbdc9b2ffecc208357b4089c4cfc49ea80f915cf06022ded676bd2e21dc
4c86695,454,2,78ceb78019c5a6097565fb92ac6275e350689053bda119aeb07f3cdc589a6166
2899c5a,454,3,06787273b2a3d93557129deec2c2eecea5eb1d3cf595f89f267c511b1ee670e3
a3d5702,454,4,d286fbb761833447b1c2d23f2fb6ef46a13af572dec7a7fa6f157febe4de70c7
6d7892f,454,2,c79439cdc384a804c0455efd67203e40d88214b3efbbb425ab2fb5909b87c3a0
97f2221,454,3,11d4564b5ee9505b585966502d703f9ce78473de172524cf9b33f4d7728fc3eb
299d0f0,454,4,f3d0fb80c333ec03631ff46d815bbcfda580c3f3fe6d5f4d37c836fd2d5d8ce0
b77b3a1,454,2,bc371d69eca9b7aa7d20c771318ceacf286ad061fd7003bb000523a00ce2e9ac
fc8bb35,455,3,4991b717e912af6a605ee58f000cd92a3505821b010cecf9c3aeb2dce9007d45
c5ffba9,455,4,efd06f800b2e9131976f816ea75aa88107bbde849d5014e2ca85f3469594ce3b
e573505,455,2,78e553b1ea650766e3c891a32517f0695efed6b80fc9395e9e39017aa5b2c1ba
aa66e68,455,3,c85bc066eba0225685520f058cf2b9fa86eed0122f09ffee13ab2b0f57a0bf78
47824ea,455,4,4d8b3a58969956d53238ae7ad694c5b48ef00ab3e5c707db229b12fd96585af6
d7023dd,455,2,571a146c254bf9e3eca990b53190c02bfd53252bdf3877598cafa553f8fc1622
77bed99,455,3,37eaf7e237f54546b3013860b5213b681fec782f2a9f2714aef48b7205a4b0e7
e9a1fe2,455,4,3b4aae050b8a6c3fd1373a6ab65d0f6b6f149d2e1905f4f582cde92aa16413a8
9f13fa5,455,2,8f28419fbd9bd1d2a96b2f00e598ea7ad1d6bfefa5a9751f029c8aa21740df94
3fd3ab7,455,3,1d0a9e1ca118e037365d2c0777a4745d8a6451deed944466d5ab2541f3137af4
074fd98,455,4,57622b1ce844ebc323c9da9f6de345b0205e6fa292b5cc9cd047989ef6c2dfb7
87161f0,455,2,cec0fdd6c1914e375e7ac8ea7abc77965f53444890182867931d6119a96bc0eb
5c04c45,455,3,9ef0c4c4a95a7b8aef5a61914c32415db96a577fc8f17a220bf1ffae8a964a93
0d0a0cb,455,4,ce7fc7b9bff30badad6a51ace2b2d67cf8e43a5b93f65d1502ce16a30e1752ed
13d1196,455,2,fb831f727a4aae6b81c71c6391b9dc1451acf39a95c9ca41db7ee99b4e5ee064
292cb9f,455,3,0f7ddb9a1e64f962999649ec0b6ab28db5076771d4df0f23b716ea9b06b7f51a
e8af119,455,4,dbd475b3347c29845f9f9ffd69996bb06189b8bd5cabb549ac351b897f9a7dae
1226107,455,2,3acb859b783ea21a1a5a47a62923543e59f61341659385a125d5b70c40b38a65
9f7b7bc,456,3,2cac14b2cc36ea6b864c57b84ce7eae3425e1b289395dbcae06dd7aec12f84b3
eb82391,456,4,5d7552e8654013b1227c7859fad4a313410d5b760ed1b86061043653d118ff2a
43c5cb6,456,2,415c5a4bc5fbd2dfbff365d6caba295fab70b583808c90c9c58b410c5536bb43
4dfe465,456,3,66ca35bbca490aec6f02900f6cf275418e1101215722bb1ae37031ef5de6abb3
9ab4613,456,4,23df2a0e5b556795550d749d13d197bcd4f7813f871df5b1fd2563c9245041f3
257a5bc,456,2,9eb51525bedc61e344f0147e92cf503a901f6c7302de347fe7d1d859c76d6ddd
6c22e4f,456,3,17ec81f586f39bacb95bc2926f56eb7a07d54b8de16fa759f323cb1aec1f93b4
26434a0,456,4,a63a6baad258d075e3239f6e8085cf504c5a1eb5f236cda70d4ede492b07e0da
49bc040,456,2,d7c34a625f5009ef5175955ef00a5a5dba6c38af7089ed11cef47623cf831f74
e97e384,456,3,9b22da34dbdf3340d50ad5f0ea1e97ab3f7c605ec56d115db11e5df1298229d5
72daa06,456,4,e56f87bd78afd9acce893a1df169400737ea3eec2144bc5222d3271eb254d845
a43fd9e,456,2,9aacd7b7838ea4e26ea4d8276b89f78f42778c652e7722dd60f46778e2351d7a
a540d37,456,3,143b2ff41fe8bf4e8f447d0daf98ccec64e501a8c29e6a7edd1ac9bf57bca552
e5a3667,456,4,d4d207f15b30940a5ee4a7fdb2b230b4bb665b4a2043ac78af717a565267e6a0
b2c6f69,456,2,ffc7deaa19e358bb0e0dfea5321bde5565344ff571d4412defc6d60ca8373d50
25d53c6,456,3,08782276cd240ef9a626356fd790257e37e9d52d90d6e7cdf69ed93f54f47e26
6745144,456,4,1849b37a21153ebc535e0fc6b06e26d603b8cab6558c4d23dc50789b6762c717
190716b,456,2,9ee24dc2b92496da57055ee6a44e6a013d177cbbd378f551059d05bdd8572629
fc3e730,457,3,fa13a3e66a66c67f3ee5ea62844ae2156edb951758a658deec57dff467686146
d617cf4,457,4,d22499801f9f6ac580f7491201ce90c1835e0491f70e0911e67e665670fccc6a
caa3e02,457,2,c1c5f0e355271e05e41b4351ae35a446c6ffc023ff9c0577c353a23040ad83a2
a44fbb2,457,3,0fba91a579382f11db26d77fe6c43c5ec58052feb511216c0616734587dff5d8
9ecd3e3,457,4,ea876d401a18ad317661658b3ffeca1112f2647bc8229e68e62afe2e477c74aa
17930b3,457,2,c7617950b72344f9aa1bc6adf78ef63c9f59f6925d01b2f30affc41b0aca57f3
9426302,457,3,149ffe4389e26d2176598e68cfa3afc3c5720716904461fdc72b3d1cd4f29bcc
f0f3cba,457,4,25d0564058b346b9d2b3815f4296b543490db807979fb51b7df87c9f7f4c7fe6
0bb7573,457,2,752546bc99159e63df00d119d7b17edc57b2f8e381d5ddfb3e0c427b3ca9cdc0
a397eb1,457,3,11bdf7abbde464dcd28165a39a3009a00a497938e750c7faf1d3033c379bdc1f
5b0af71,457,4,26bb7a765f5eef86ba96efb6aa2af86381de47134a138a99f1ab820974ba652c
c37d021,457,2,ad59177460197d0450f179b8cc5f45e9c3e5f1f32fb249c24229095453887b6b
f00c26a,457,3,f8bb311ef78a8b804cf79ba8fee5e10b103054d37fc12b1cb3155cae3cbc072d
c7b9371,457,4,1c01b565f448eaed87bac5fec8d4f8c8b9dfdd472a38e91a6592f6ce769315d9
9c16b65,457,2,0bbf82fee993115184c92957f252b6c3c85a141c019bc4c94a899f6eb8fa8ea2
d59dfb4,457,3,c7340384d1b782ed4ec22aa0d55b9786eff2f19226061e0a9ddc07e9a1a49ffd
7f42751,457,4,cca4e9e63ea6c2d927df42aa5754615c37d8bbaa9a4b1a74550da5c2ffda5c84
78e8b03,457,2,606ae8eb26a28eeb1bbfb9ed44ff6dbcdee9242b1c56e175b88db3d2933f6988
c766a61,458,3,6c87f4ced4c5ef13552fd2063c494c38e7ef70b248049ff5f9fdc7a5eb648854
198070f,458,4,fa5730e25a42075d4ee5fc6bbe633b7399be842ba7fc279a50395b629f634b8e
508ef80,458,2,5c15507aaab0d32380f44ce3d9e2482258a20e768a83f9e18fa3f86777d16f33
26c61e1,458,3,59cef2036d7409438b2ec409ac03121d9220444f5ffd2bab8a6b7bed83f7c7e7
fc4bf51,458,4,f8c097d7c2e7a7789698c9afd4b942a1e070c24c838c785c5dac0282a5d3c264
7459fff,458,2,a62f3362b44d5b2635d4a5cad70ae6d96e408c07c8c617c9f756c64261e75caf
122ba79,458,3,e387e31e49be68d9a62c512a6c89206a6c5b9559a13e6a5e66a1dae42ed1d8ce
0151c0f,458,4,8c9a84e21a9b4ff210331482f51be88f4866ceb8af934a6174e328267b635df9
369bc0b,458,2,49e04e792f3fb6e3b92d79b5ce8f643e11a9fc5389b212cb960b97c3d1975de4
342724a,458,3,84e7fda770be79086b639b9f77bf473784a7a13bd7daf6177f81374903e6c4e6
9953c19,458,4,28ef8eee1941417d67b267e2c15ef324a8fe15af0711a023824fdb8b43d78258
cffa6fb,458,2,b8db22f7259f10d030febdc21d2707e769ecdec65ce68c76e153cef46c51dc29
060d2bb,458,3,c9013e44964f72745ef82ac3bc96bde56bcf769ada4dca83f48cd27123d6dc09
7c244f3,458,4,b6cf068132a5e3cfe15c224cbe629a1e70d80a1821aa3024888c9ffc6b789f45
3e7dd0b,458,2,5f937a6a178fce728814ff79942fa02bbe69c63aebe5e8466c5dba00fab58c7b
95a71d2,458,3,c5ed23ce0820200b96e61385975a789c2d4610000769147424e0da43c5cd3657
6237ce1,458,4,0c9ef101b5559d3533c1e829f9c9e0dca5d2452882d97af2d5d969b542cc48a1
c032847,458,2,c8673211653574fcbba5499975d0ebd19f80ee4baf9108d47e4d0624695594c0
fb5d9e3,459,3,7c42f6da1c751ae0a4137747431ee52803d4900321fcf662ca82acf751de3be4
0a9df6a,459,4,39fe2ae27bac9710df2bc9f9cd26fe94b2f0ce944c42a6a83df6b31c028275b0
8235368,459,2,438a39d505b36c80b0bd0c73c5b6ecd2ca663dfeea45f50dfa6e17623014857f
52b037c,459,3,b6fca0ef92210291f478e46867e1e89549629d4f81dec07b7081504875689cf1
ac95919,459,4,17e8da57114c9f9db6f992160318293f201dff2599db130cf27af98f3b67ed3f
3a7a186,459,2,6140d81b97297a34a22c92756501e31b2b937c7381416c79ef2b42d9af39c5fc
c3363a9,459,3,09d9fddcfb608446517b52813bb43d302e56a3544061c1812e54cea8ece5310a
b80959a,459,4,075c466b0399718ea6094dab2d9acd4e8581810323d5f76484ce8c944e7d5e6a
953f9ef,459,2,da5d9d20c2c3e028ec520b2cdba23bc708c51cfee13286536ea27241f136fa85
2289b45,459,3,43acf4b3bb0068a219e939b7b2b75ff5c5da202f857e91e9acfd6d680983191d
2578c02,459,4,776df7a697d8b83df43acfdf742e9aaddef0181f935e5c7067234d22087d5417
ecf6c8a,459,2,89d17b6ded7934d07144447806086a767716e0b116c687a0f913ef47dd3ee70d
8b0c0ce,459,3,7cceb4783c3ab555e0567a9134ba4f95b73b90e0d2dc216995fa1c36d91bef86
26598f5,459,4,c7bcd106eb388c161d14801d0ab3a56f8490da6edcc26b13f4b6d17535786e58
663fde6,459,2,563c1cc7e8797c0eb0b8114a4bbdbb7c970235c10ef57923b6f04c19528a6dc0
f850485,459,3,5edae933e7a42fab64ff36f1d1ab1f7d124dae8c3ed5c02e07ac4ff1b43616cf
52bd729,459,4,f877a3b7fbb57f0f654ffe7a615f239c2ed830ccb5f7db67f24498534c23df95
e7cb0c2,459,2,aa3c5854d0374701c9236118c7b51b939ca5fcbb3b9789351c2876431f6ff62b
5a86d53,460,3,30dba49aaa613d73ae067cd580dbee34487b09a8d9257c6537a44f05b2a29542
04d3f9c,460,4,96de7739b24f4abc70158950301fc7d405d54fcad888440e90067f65e7987118
2440f97,460,2,f08502a529150c8cfd222b6c87d6e466a3913939e378e1d9ee3ec4ad3df91812
ed284d6,460,3,f1e0583102b98d27012e398535e7d7bf12eec5059083ab7ad12c8e5ab9df98f6
ad4257d,460,4,bcb05713374446b157d22bda29ee911d15679911ddc98f589f9cb3358e9b7b07
0f8c08a,460,2,c5e550e7b6c5e99ff3a64ea9bef19f7bdc49d553222418adcefede64a4f01cc3
80d9532,460,3,e95c19c424b12d9c84a36089b40553a52faf0080c852eefed2847858656bc447
c3576dc,460,4,54cd6d18a8b1460f08d9726ff6204422434103d8826b35f811e2db4d7a4611d9
f5875b9,460,2,270a8afd705b7d621a1dde7a94927be38c6bbe010fd8f522a07ccecb00c6c688
f1547e9,460,3,6238b9d0759046ef29973e349c31442393080b6a323b0752b5b45234c165fea8
cadee56,460,4,45d5fc1481a18c01bc437116b90aa79aef939ffa723a00f44ef7cebe2064248a
a011468,460,2,2028156544bc055faa1baac3f710708eb736d4f1eac7c2f2b0c35cf93e98067a
1cf3716,460,3,986d52ffcfe8f996d850d3c2e94ce70665aac2965d71caf3bc005aff5451fbfd
61fe513,460,4,4df230df32fa2caad44dd6bdb27039f151cb5f097ba37512a4dfb1604235c17a
b55418f,460,2,cf70cb0c86fddcaf34ca16b14360936c9bd300c485798992e5603339a1bf6b25
dd4cacc,460,3,c280230a71b0d40ba212ca0d3422bf87b06a42dd6c17033dedbe33ccad3afe8b
63d44e3,460,4,81456936346c58dc6cff1e4d736146195758ca0207a26faffcc905e4cee5f501
04e00f8,460,2,b1ef8dcbe2983a40447c58978a0fc5814aff19391580f43155ebe56de9386eda
a977730,461,3,07b4f039fa307515c7ea2d5927948cb218ef38b245f0e693edcc12ebbf057e60
65fc941,461,4,a2b919519d6dab9b710b3877630e7536e972b5770b5332fcfcb936e1ef639622
9f7fd3d,461,2,bda359a2e69523a5a8978dd0e8816a80523f54760621bd3f6c98b4b103a0d953
90a8004,461,3,657ca311dbf613544a8c8518ead7031d62321717f8cad538f20626ab385eb2c9
f83a610,461,4,ebceba416a7fb10735e67fc74bae9756bb1bd088feb8364104db773b8aebaa5f
305bda4,461,2,b6a04327ded9b829000fa68d50ff3e2f4e24daa2d90c2c1c99e09655e685cfa8
a201549,461,3,9aa286d126ca7eedae9aa321f2867ecf149325e30ab8b07f5f1448f5fc09a4d9
1ca2b1e,461,4,ba2355b5dbebd3f650df1ce51f8b120494297d33e202d9b1d9e16f2234d5d8dc
ab65c05,461,2,12ab38a709c2fedbd7e26ac0435e0c95fceca34ff06e6d3ea23ac515db89249d
09c4d28,461,3,fe2dfa82a32fcf7277c0690dca27a774dbdc75923989f4bfcc3b8fa429041cef
9387d88,461,4,1a44f5991cdac04e24352c1cf9339d64930693d71e027d507504e83f6a22feec
978a1d7,461,2,8786dd94437f567be05677a78b73c6f9a0589e595adbb6543895f1d5aaba8fa5
4e5c010,461,3,36babe3cc5b4d1f1b9381e0e302d0cb7f938d55b8ab25e0082fa8497ca201349
b669ecd,461,4,7ef544bf9b2eb73f30d6490175ded2d7294bf491fac55d48df1f87c14b261442
22507ef,461,2,87c5f802ba0942055e709574a83e4ffc25e82a613cd248bd5d0c4496079f6eba
e9115fb,461,3,36bb0aa8c9181bbeb83e0335dc65e98d1b3cc04af65059910768f9814e0ebe08
c07ddfb,461,4,3adeae52b8408930aeafd2635ab19df1be65da3099375c92da58dd8f1f346db3
3ab8183,461,2,1d752de52e0cee20180bed50c9d3d5711dafb97bceae23e823c9421ca61788e1
dbf7e1e,462,3,e79e3f6f0e049e368ce4caa1f2de30750d31843d1a49d2e7d74babf2f88c5cb7
adeefca,462,4,0f734628ac396f9bd837fa75bc904d45fa4c50c4b9407dfe82d5a81ea71c97b4
0581013,462,2,14328492348a3690c8270423689ddfe71c414cb4615a807b54830bdaf2e87b75
82f3bb7,462,3,5e272ee57025dc16bab938d7af72dfa7633f36ab06f0ae656eaaf35952037dba
03c75d3,462,4,ba21f1ab6ef7f0f0ae9edb5701a7af5f2da36b35d75af4202708cf71643a8763
1ca992d,462,2,84254d5f12271738951b6e2903cd5267ffd49a5346079e8bb8d7e00034354f93
ab490fb,462,3,5697b2d04f363329e549983c112dddec9ea23754ef9c0bf1a92dde4ddea53034
a19d424,462,4,5745d9d00a76fe50db0b3eec7fe2ca306f7102d6d942cf15458f3c6827fa6195
33313a8,462,2,fa2234b47cbb7535edec4305437500ff99d66b11f8f59a2752fa76a50ddfd48b
a08552e,462,3,5d7666af5124f8ce38b5b52f2b9120a506585f1003cb47384f9689dc08957697
b978e8f,462,4,22dc69b28cd15963b50f2ba53c99239a8bc0a5287d455820ab3e03c1191eae53
a7875a6,462,2,8c35fef451ee5ba5672dfa61a65e6d55148c76c1cc62e3bc726f0edd374ce91d
be32742,462,3,960de8c9ca0bbaa63a46abce9571829d0b215dc02e46587313734f1a4cb3bb89
86d1cf4,462,4,bab2fbcfc00bf096748090db9b4fbc2fba3173acbc8ae887469471e0062443f6
93e44b2,462,2,73bd85a40a3050308ffc2a1c829c70fdc0d83433e636181feb4d62902ea985a5
67151ff,462,3,f859e172dbe4a6537c816dcbcdeed778ac65035b74d7f633e0fcdbdfbac53a0d
3d03dc5,462,4,656b4be3c9f8e95e89bce50e2e4c72c49e7307f4a4a7ea36f3d60f3de1affaec
6a3ad47,462,2,f3b2730c5bc6e1ee6d9ced576f253c2c34091c6995d265e5acb42d170d5651ab
f452054,463,3,7181e665db62bb684abe444bda200979e7231e975769cb946b2de4f473a4f25d
acaec30,463,4,74199c7b2c1988892cbf40d8a282943544c8f7d4bd7241849592ed20cfda0de8
61e9465,463,2,0abc7ab33d4482c5835e13532ed98859cc60a922ed1813dc5f128dfc77967b18
6073945,463,3,6f84d375f871ff73b8674c38f0b5d7844f99f2710e3b08ae47c49a80edd15648
3fe4901,463,4,f5d4d1a9c697f32139147553b648141dffc3f33de3c166a995590a63dff3eb6d
8784f93,463,2,276b05e47dc3a493e5461985dd4194d225828169b74fa6bba37198fe3979e35d
f321edd,463,3,134902bb6ec3cfecb6362597f7a0400f60dc018eb7cb7104c9d3da1c57b989e6
ac2cc41,463,4,bc76fc8537f41c42fe6b52e8e78be389b1d81c3298839fa4662f2302e8abbc98
823960d,463,2,53b606da993f8044e827b4b4433b47282c885fa367658aada33ccf8a2d6c7300
8a242ae,463,3,af5a4a50f6e523372a0c56b8c33780a27f05d63ad74322da95014c03ae70879c
ce835ba,463,4,ada1e690fedec0d63769f518c85d13686e07fdc543d4ae2c7ffaedf54f90b7a7
49b9771,463,2,c6653081527ab153c48c0a2b885cb864779035e68068468fe7b2017e53bad242
08629e7,463,3,85bbc43a16d0188f26c9b4582ee3b68a1136d292ef39d2bda156f2f0591a5376
e8919c1,463,4,1cd574ead700c58b941f2a2148b3d0f5360f3860a36ce7821bf4860b6f20c97e
cda310b,463,2,05cde9f795d66d240ac61fc255f0136b2180e58679f09ed876d3be524ddd92df
80a1c47,463,3,6231d2393823e98558590b16b00cf8aef129ef983abab663bcfff843d5e37e39
518c141,463,4,236311f31014a28f86f54758859e2b2b6bcd06641010e67645473fdfc7bfd5d9
f37a266,463,2,6cdf93e8f8dd18dd83df118b080491b0bd3d809f05f02a68b6d40742f21b22d3
3f488c7,464,3,0783383e6ad6260a3b6e6da43cdba9d6a4041d8189201f0bcbb66631888d2a17
7a9a64c,464,4,787e2d0929fee0a6ecc8203ab3ab7fc41fbb0df7e748d9219dea63b4db339fcf
a613efa,464,2,ba013dbae9b7f08868127a80f0cc147264509d94b47a19204d5c4d5c42ceeb80
596b93d,464,3,6330ab8598a9c910dd4477566dcf7529935e866ab5f4e3ec07451fe2797536a0
dcf3a1e,464,4,b6adfb3c9515cb4df5c2275bfeb13be000ac5fcd11ed4668183a462679a23bab
788f31f,464,2,6d7fc844885ed04e98a1340cfc2ded43684ebf03b9317e624240ebeb5f3acc41
8515e83,464,3,c4cca333b9153de9d4b46b00080823c583c79058784a95ed4f4c81e5ea938c29
6324de9,464,4,b929f2467d6739f392a42f13e3d803152004d83376cf8e1a8e8b40eb7655349f
78569cc,464,2,80e96ae8ad56d244ca82d213c6a4a2d9684c668788ca150536b39d6dcb51bc09
3e4589a,464,3,a71839fcc9adccc9f8ef2b81c25327b0ace55ff727d032b1c067165f39297f6a
920a499,464,4,cd2bffa8083e5cf8ae9455c934e70729f92a58096adf6f0cf976bc86c6c7bf93
a0c461b,464,2,9a48d026dd0e68a2b9a80a7f343d3e4283332cba689fe528aa1e1d0b05c2d8fe
6eeaebf,464,3,a55c64f1beb47d9dd9870c93a1c48c4359265033d3e2303f74d551ec7eb1c2f7
b74cb35,464,4,cb3e9edebd220c0501b4ae51610301535a4d9dcaf2e48e729f22bedc956bf7dd
ccf34f3,464,2,ef69d4297c5b620c1ca95f2222d0c2eb38825f8b231c5f184c21128f3e515aa4
fee4774,464,3,c78ac077fb0d53b722abb9a0c13f826c4d0a76d3c4a79df8f42b5c61ee959840
5baa53b,464,4,7b12cce7f8cac4572026ccafff4f6141ef554254df0f98c568832e0c6e90d3d3
d4efac8,464,2,e144771e84c542f7658f4e03916afcfddfc3edb10134508207ac46a9f556423e
d1ea482,465,3,30630ddc44b0c03be83ef8d529d1106f0bcaad01c4c38005be6d296fd07748fe
3085037,465,4,76e26f1287bf09b3edf8f17a2d99f334db82a359a0c86463df5d672b3fc7dd56
a73ac54,465,2,8c5c3dcb1d771f391c1ad204b49bfcb5eb74255f37da113046566fb0152d075b
e60066e,465,3,169a708fa928164b502bdd22f8cd375c6c7dff753a1636d5cbe3448b6f69ffbb
e4446a2,465,4,40eb38b89a2eaf9b161afc9e7dc27a017aae626c2e736b1df403ec55b6367808
cc07126,465,2,0fbaa7fbc05cb70bfba074a867732f9a20d6a9c8e8c0871326f504031bd1b8e6
d26fc28,465,3,bdfe54015887bb1574c3f3bd29f865a3ff7f6e356e90068eaa587835dfb18d13
bb72d59,465,4,72ed1e88dc512e925832b47231911b0abe7dfc121225131e84939e45f4fd96f4
c3afb02,465,2,e17eaf53390d0c129f7936ee7bc26ccec1361492d6ba5af4cc4ab6a509378728
79d4a24,465,3,ae0aae1198d311f11185b9916da320d03b29d7738b7d55923f1f1c6610d0371d
6f371e5,465,4,01fb6bb570b3736bfd8816214fcdde2bd198d1953299409a2ba4684db1fe3a0c
189c65f,465,2,0ea5bb185206fbe882a38e7a25b7b639b85d8bfa46b52572909b0381a1bdb70f
50abc78,465,3,e3e20fc5fef612867d8608b3ee16668f3bec5edbfd6af3e75fa7685eb05fde33
3f4c511,465,4,4978f14ba312aa40b731f625ea47b73593101a9c9086a15396b0e78e4bf45342
039fed8,465,2,60f81228f287b6d896f36254461c61045934a7561ee5102fbaed54b20cfe7b6b
282e565,465,3,6308a1dcdd4516017a92a42eef470e012b27f58dbebf2ce739c629beb5163025
e5752c8,465,4,ea6a9804a713d87936755841a7c507235817ef00ab995cf61ca3d1c5dd529e7a
883dff5,465,2,61aa7411ed433692ca089a2f9394680bca8ae1d97911e114b968a2236c176ee1
4015682,466,3,7e2cdecd555c67a040c502d1f525bf8071299917f071bf0d66c6284ec21bf02b
bcde80b,466,4,ddf54e1cca6e79beb74e1f7a3242f04fecbb118840bb657a013bc2ef5b7e60e0
65f10df,466,2,3f41f4020d487ef2596745a8e4fa4d0688a806e53f7d95b4431ee3a054aacb52
7c28fb0,466,3,a0c023ded9252fa0444636a342d9e09ba30e6f0b154a0f1b5e6d2b9907895bd4
f064912,466,4,53a57b8be75ecee0a4988278e8b94f895216af7eee299b655a200c63c418c998
ee28754,466,2,9a896b80c9e6114d6f336edebd99e9b032a3ee3a699eecbb623df69514fa46ee
9c50ac5,466,3,e38a4b0c6d492447c79d5d0971cfbe97351ff355cffb9b45eb562416fea0c017
9f55d5a,466,4,04566713bd9cf5b622f19277e786987206c2d5f12dd00b8ec7a66f823583be50
5a93b8e,466,2,d8a6be7d472dc43f44f7132eea8c6b5ead83a61fc451fb5c40b69fe053037e3f
94e8b73,466,3,8529f9ec596c4299d77c32d77d7179935169b00c31079eea6e567855469ca572
2315ee0,466,4,3611316c77fe264725e37a9b5ce6d85b555d6a4c15da9cb45cdab68337fb4320
7689f1a,466,2,8af7688e19d6efd921094597c1b9078f65d5de7ee3aa9a5b1c3ebdec1737ec5b
88eed90,466,3,feec47d9a3f7f1e7456f220c6b0b6597a51bb7893d1c40f63914f8a77e808c19
32097dc,466,4,6b55addd28acce60a23094138510bd9cd64c1f5407180f2df439f5d6185ba472
3c2c83a,466,2,1645968987b90b0a1047ea30ebf59ea93d708a49d874b3cfa252af6d46dc4544
850fee6,466,3,c8171d2ec9c3b696bb1acf7ef7d99857c073852b4803a2e22f2abe6ef1f1224e
c3f44d5,466,4,3c2c586d495e8fc40621a32e9d0dd125061812079056304d0f7f7e3224c46302
ec7f48b,466,2,edcc8903fdecc2840be7d8d18a36ec0ef3e286a241e6c719a907531b2f8d3a65
840ac5b,467,3,1dc1e2154518fd47ca724450e2f3f9707f99b2c65dd197c2ccd71a0b11fdd1fa
7a8d7c3,467,4,2956d1601d2febe217bac11cfff72a27675be0ac292afda51ed6dad1953c3351
d8a1d51,467,2,169a36c61c71eeb519ce4e13b2d13c759a548cce65a2383360f4fc80f26564c2
54154e6,467,3,be5c641cdd1a46f8f4e213112ce9b651c0c342b24c9aafc1c9281aab296d64e4
e0c94eb,467,4,0c6bf2c8fe360163c21d45fcb1d93f356d4160ce0349db526b581576f050f73d
d7a5814,467,2,f9258250ca671720c57c9a6146a9861b92d9e9dc85454b26872a517565c4daaf
4e123c6,467,3,39e346859f48ecffa9eadfa8999ad8b3bcbaf5c16a3085b410d4c7d623645bc4
19d7b55,467,4,ebb23026ed448e7badf47b2b3cd319795ff6638ce3cce39a40305d5e96570f39
8141a69,467,2,cbed2b6bf9844892a062877cc0541c75061dcaa75592cf83078d0b0efa53315d
15ee7ec,467,3,813f80d677b354251bfd5dd4b498905325c705a64b16437b8e58c6b53efdb742
7a80a79,467,4,1f3a18157afb5c72588642c6a549b799ef4da2b7f5de5fae524d46e5c212b7fd
1710770,467,2,554018941fd40de39d1497ee2b131f248cc7c42c881e96355ec08b4f2660323f
d2b8d68,467,3,4fc9f6f9ad5bb9e0d90c0f186255b45a451934417e1e3352c07198ea8a573567
d94f7e5,467,4,5deda3f5adcfa8f8ad787bc5e2dace71b9d7880d33bc79cab35dbf726f75f541
85dedad,467,2,64d20a657822c2d240d8d84aecefbd355bc0230162da3eda1bdb2e9a241f792b
2840b73,467,3,55fce4826c0c923fd761a4f360ee0f1c825b1e9f159e60103d02f533cfdb42a0
efc14af,467,4,f647d1785303e540d2a313620234beedb8c1ad61c120fc4cdef825ddef00d7be
40b7257,467,2,142ac59b90f3f6cde3a30304285f3e10196bef67da659dd52ae144d60bb29d94
070faae,468,3,524b6337927a5b63fc2a6a5acf8334baa832d69ccad074d4af87b1655334c4e6
8885181,468,4,8981d61dd01d85fce9cbcb78efdcb4250794ba5e52bae7d623037536c7385991
c38c5d4,468,2,58be9eb6dfb617a2829d6ef41b4ed2daab409cfb9101601df83afadeac15d466
c863729,468,3,79029710361b80974ce78777c271006d8d56e9b32a044dc5d5c54a07707f6b55
651a65c,468,4,27b6dbe37e6bc4af6e33a3d24f0ff06f89065dc8c7c58209f19887158f1cbdad
373dc3f,468,2,a4faeb43195ca462649e3f12efc898a66f9c2bece86e83b4e241d29e17309ef3
3751711,468,3,f5b009359bda50b172712de1804d0dcecfa633bf59b1a4aefdc2f112c0785674
9b47d83,468,4,2f65a70f1dc9fd4a603c4c55ead1caf0ffe1020d48434c24f3ed3871bb48b977
d40f0dd,468,2,516f29be0d28a4fb2f5f0976be6bd7281c661576c3168332e370a155bd753dc2
7a0b369,468,3,ba551a532a727668c8b4aabd61ad05ddc8cab38e25cf2c518792a448be57b681
6969618,468,4,6985645dd9fce3c7ac57dae588e94579cfb417b550d4a5d2ec7b68e645596a57
15b2b88,468,2,7161da5f56a524bb589f97c5744ba17d4ff1cf3397a2d43245651295951669e0
eafa419,468,3,2bb76f1503cb60a45bafe54726330ae6e7445f3d4f4b4a3138e8a9d4b096febf
1084b79,468,4,d9a9acb44dc05dc1429a4fc80e2d429d0a55ca4ee405e28a453bd07f2b53e2ef
ce81872,468,2,81577bd76cfa41122a233a939c48ffba269abc8cccba3467e427252f6644a66a
5fe80c4,468,3,39029d121a128b4b4fd8fcf64011bb9b2a29ef5b5ff27a92cd5cd97fccf41832
40b5365,468,4,175ba5e35b814027ed302dacace1e1526131c2b8c8e1e4f1e983a0b5618d82f8
7486d70,468,2,00f821be53486aae627d3e2e38fd7d025a001ba9457aa97d0b5808e62e088cdf
1fda3aa,469,3,a2ae7e6fab3480f6fc8118be4e038c7dedcd331b5f9f80fb225a78c6f15845c3
9fc4dab,469,4,45e8cd55af93f670c87080277e99b2f3365f30ec596d8c5aad00a05c0cf7c2cc
41b88e2,469,2,0020d06f0ccd418189acfb55792761d906773e5b040c8e40728c32c06428a6ba
57da88c,469,3,a741fb8a1781ce6960347c8e4d07928a6c5361e05d4226dc9687d0288d4c57d6
41e75d6,469,4,d0d6ad1699bd4e143b10bbba82caf57ab885f843262f4e3fa3fb9ac0a2474bbd
3ac8dc9,469,2,1f5be7b903360d03d770b32cfc281ce79d1b1c5472641a7e8d718d976786ec37
61cd11c,469,3,45396fed7edf7706ecc4182f48cb7126adaea28f68013d7a3376af9783cc0e30
a02b877,469,4,5a3d17d0656df5d8c04ac04852eb6588b56d5554e100611bfe53ad3c887e1aa4
b2cd6f4,469,2,85b28710ca7c1b587635e259a40468e67c8c8f5bb40a8797696e23fc9ce7ad8c
04b4ad6,469,3,0c9638f7f482d3bf08da5bdc6d79969eb7c4df3aa77da5b4ba4faf56285bf141
95ff8f8,469,4,cf823a849faf3eddaa091f5398808080bebecb90ffb02d4c97dfbd5fb2817975
b3d012d,469,2,602fabeafa966dd00140c46bcbfca010f26d9aaf9be00f216ee318afe5d0f17e
5400dbe,469,3,aeb0fe93c71994bed2f9e839a264b5898e048bf2a8031b57d1b9d6c627fa9a48
6cf5ae1,469,4,507bcf414262cb1cf484170fc0c69a104c6439cc135fe299334726853b19562d
d69dd40,469,2,ac2b46fccf7dc3dcb4a24730b60fbd791cb788fd740c374acf4491080935b56f
89c749c,469,3,ec618b1f2f6ec3327e3ded43f77c092ecc24b8501148a3dbe76f7f6732fbed32
a955a53,469,4,a0b23f252002630a0d776ee837d5c4c9d85aa37e3a75261c15e3e69a6083950b
5b078b2,469,2,ff952acafcb754c785ae19217d4557b833bfbb871a6ab4eb60ebee385780148a
2009f18,470,3,fad8cb539346e1f1ce9821c4a59ab97ee04814bfc08f5bbf9fc2460834194454
bfec395,470,4,9af163c0cd9ccfbb3eb122f3603b9e8cc0fe2c896f62207c975ea883da9c7d71
1473f9c,470,2,bf70ef62ccd2afc42031afe33d9dc6f3a2747cb2874c6ed96f447f4db84d7ff5
6bf664d,470,3,68dfd7e57e1ff67f1ad85fcbaae491542802d691301d557d395cc17c92cecfa8
94d4c0f,470,4,f5b59a9995cbd99d3e5d9da6a200ac0bfbe8bf2cb9a406d3ba85b9640c350f77
7cb938c,470,2,fc4328ff138ce1dee95242262041f6ec7db8b4bcab0bd68471a79f47394a61e3
4b2ae1b,470,3,c5eae31eb6a4f7f0ab78f76030a447177165343b471e05ac762e1420f2938f5a
56690c7,470,4,81c7f3b476ce6bc720393481b28d5cdf7f2dc9e6443765fa082472d338dc9c30
c5a5c3b,470,2,3181bc94ea95c5d862bfb4411115e6fd8472d67c078bb2c956b65b1aa390f165
cdc6945,470,3,6c6d1ea692b12601a79deca2b106958fc9d2655494f00a1478931f7bfe56ce44
a226459,470,4,7c455de07bd77a66942ee66432c95019f9c351ee41be59d59377b03ba62a81b4
3393759,470,2,337298198964cdd85673aea32a6ccfab53d8c936de775395d58b74b9851b8e7f
672c071,470,3,75fb22e34979caaaf8b949fb7d2b2eb693b06f666c3872ec158633334ae10e43
ae5a636,470,4,3c2b20e97cb69206805a4b6d9e53ebbfc6668641ab9e8dd206b3159a033ce02e
7bf4c14,470,2,f240d276fb37bfd87a4b70eb90bdb18771e5f32fce17071b04c825e5db7b20a0
54255da,470,3,8b31c74259e49509cef58c067f8305c8480915d54477823ec99c5038b308b45b
33cb44b,470,4,f8ea7b50892bcd73838ceae72e1fda408468d247e535e93bbc23c92bc13ce57b
0b62ebe,470,2,af69964e92c5ed1af5c7d6af646c7e601948e5fe943a08423e3e89a973f0cca8
ed3d24e,471,3,20717d8f36cd20ab32db7fa255c274a2dbb2e3cf9ea6717aca1b187bc20bb28f
a7caf1d,471,4,f3dd9b1e87ef780eca1dc931fba65e7f3d46c5d9643678a4ee8531ae90bb5aa8
a82cc2a,471,2,bdf7e1cca2cdc0a887de4e76a227b32e425776ded6ab733d1515371590135ffa
bf89237,471,3,a73cda735bc9541a0ca2a1ba489bdf67501c248d50539d2ef4dce08cb039cb74
fa3ffaf,471,4,bca8a73f7d5b84a08684489d6fd861f88f0922d68ce154e898e68f6e979e7505
aaecbd6,471,2,1a8940ddf38154018b230b94e34a28f8a304bb3f58441a4b55f727923a8f40b8
071dba8,471,3,5bbd4fe762162c7b04b0e0acb4b2c6d92378baa16e46346c855ea785d4adc308
a909770,471,4,aab042c98a139656ac9c9bbbf7a38c93977f88fdf41c5163fae4e56d40d9daa0
62b96b6,471,2,7d352d83346660502cd2d368be752b9ba1cd5d35e0d1ef55c4ad578b17b3fa26
a95ef0d,471,3,ba5d75e7ecf2d7467c3ddd6b8f043786cb611a07749f1a7e34e519c5a6037f5b
64b2315,471,4,5ccd1e86e05bce4b42301a28ec1c12f7ca6a495941f18151d9df14fdde551de9
495e8d0,471,2,a61aed5f4c0a46880e6e664d3fcc7963c9ce14b89592fd066b31bedc60674895
044a23f,471,3,0b32fe5cc10c799f5f531666c5a8902cf15c323fb7da82608ca118f8ac2fb8ee
0e82e35,471,4,05cf74caa19f16f60741ca7c7d87655d5699945137140d2719df8d52bae7b2c8
f016ca9,471,2,f1046238d46ad1451c2d485d37d17ee7d0a61d69222814994fee1225895b0043
48781d3,471,3,a0425d86644694b9edc750df0a3f64f530515d9a318a96dcea8f351a28b5049d
409efc0,471,4,dd44588eaf72ab03a96888cef33fa2d5a5676ad01cf767bc089cd3382d56ca77
237a974,471,2,288323c2693104a7794371f637ae4ffe0034262f087075b9499750e7adee2084
0d67d1f,472,3,bd69efe7459e305ce79a795979216335437aefa7ff332ca35e2aac07df642585
e1fcb27,472,4,fae8af6ae576eddda0526e059a6e09ff5561197097e1eec54aeacaf75e15a578
e796771,472,2,b14f09ef3d78a90ba14f42d4d88c40a42437d8597baee8ae839448cd0c15b3c5
8f490b8,472,3,ac7c5cfbcdf65048a5f01acc397f8234aed458f34a9964d524bc05049896d9fd
31e0361,472,4,c774681df1cd46942ffe62633c809c04dadbb985588eb478189594a5255a67df
a097c8b,472,2,aeb571edc2d9cc73e26084e9788ab98b616511dbe70d10c1cacd45129ae1d240
4c41929,472,3,4f5fa21f82342a2c4fbf8a3d4c62de639e39aca25b204ea5c0240643c325e620
26e091d,472,4,6cf7bf4db1762da6b6244fe2d17ec8c2e477ed670a297b3140e6a9a0db0beea0
aa59c89,472,2,72f58ce59a939a42ad69e7f178057bbe277692a886e60ff174b5f8389fb95931
035fd2d,472,3,797accf855ae4f3ea2bdb6256fb58fadc55f3d9b623a26e03e73b129a4a7f43e
4b77414,472,4,afbc24175d6efee17415f4d8281c9089b949ce5deaca32374dd04069fb83cbfa
671b52e,472,2,189ae45eca9979d45a9528d1b67f65dfcf16bdc4985c4756c7874970f16d149f
86bb2c9,472,3,89afeaef582d17a14e957693950693b4785fb4f83124b1224d170f59a5949c1b
8a9d35f,472,4,aaf941ff3a5ad7a75b0ebef301cb69da70abc9a9ca2f376ad5a39929cd12f368
bb1ec86,472,2,2f374037ea0a03447664b752e728dd8946adb8751632bb2ab5f5b8317e068cc0
8d7c140,472,3,ee9766abe4060dbd4960c75a3b58c77ec549f9242183ac224cc8afabe16d589a
8dd7df0,472,4,76660c5e9c9f890d6aff3ff0c9360380e5defc409af51eaffc8d3adf061d3494
033aa4b,472,2,c50350da1fd7747a25e5f52c99c238fc39dadf3d1faee00094783d5fd8809206
fd2ebe0,473,3,5849c200ee6e0d1c47ba6da29d0ad49c88c046e73588ad3825c6dbbf7fad2aea
a47b308,473,4,866074d7bdaff8536fa596f1b02418c49ba06fa269be6e6746efc89cdaf6901c
86cc1c1,473,2,92633f9bab5f693962a13c11e934a2fbce41d37ec4009553fa921d0f97d8e072
2689ce0,473,3,84f59c6c90b6f2a095cfa301f2da50e864d7637181a3bb4040c7faa99a55aa0a
bca66ad,473,4,fb54b1147de0df3a8a485a68d113003f987d17f29ae3b544a021e7c1a8e6b000
5b3f4c8,473,2,2c6d3c7679ec5740f8c3f63cb02212f7d39bb2be5dbb8041da82a55186e15447
4b0827c,473,3,aaafef8d109b53b92012d1cdc410fcf09d57b8ac0b6b4f543a2f06b34e102eee
1755744,473,4,2b346f550005a23b64e60e5a72d138aa763ad24f0be445752f45b0d2df60df6b
0307ec7,473,2,d98eaf7e45e7422fb6f96c09078a6e1f0d7ed2db11a8338fb6649232faf740f3
50677b9,473,3,42cae96e8ceb1d08317eb2e62eb562343ed3fd39c83c8d22aac8ec2b6e29bafa
127e739,473,4,bc55a67502a336d89878f6a8635ec50e630fb9daecae2fc5b151c65c32963615
6e29395,473,2,cbce746493cc642c0d3c8311c9e79122fdf20e98d829f48ec6d492f97a538a7a
6aebd9d,473,3,a9cf8fed24aa4950af212721eba06c53eac51972d68ae4267d5bd5124ab31299
a9fc13b,473,4,b4f9b07740e13c064922b6d525263487f7cd122199b973fa27b3a8b5c7d59ac7
2de0ff3,473,2,9e97b49f206fef4b97a2761f724d06c8f2fc3a487010e32bc0ee04a91ecf4b70
b99b705,473,3,c66646db55046d101f84e1549d835f92c30f448318f3cbd5c98ed29f93489828
7b6cbe9,473,4,5e2ccc4d51a9b48f64a7fe92d8375d932fbb67ca279e1cd2308b10a9a037fd6c
6ac9dc2,473,2,fd62356ecf48575465a3992a8b1e07f5cce4c28ed537063917f0959bae604e43
eba1dfa,474,3,26b562df1972697e094cce12e79d7b04a5e99187833d86e30ed8e5a2aff45dd2
2cf20ff,474,4,155e26d2a6e9cf9cacfaaa1495960e3b82951aebdf73e02ce25e72e425aceb03
d35875f,474,2,949487ab79bca7a95a4cd8655b16bc4ea4bfdea15cb38551f9f8a4b23b132501
f73175b,474,3,772ad903fda5f67569f1d5244175a06304a49e5c44454a43f538a735d06843cd
8500192,474,4,631a4a2c376735d26a6fc6ccf1c484b9ac7b97e17e80f0fa90c6e7ffc82bc56b
1a928ae,474,2,bc9c3c0697c048d44eb5c6ca7be17f833b6012c3ceee217d0e24c365fbbdee16
1ec6478,474,3,aa804dd7817e603db516a9ae8e65a8d269eef9a09545c372c88d501d5c570d91
b7b815f,474,4,c8c54e88557250ee70875b1ddb2785b57e0f4683a53498e6a7fce355ca422f44
c5b7d0c,474,2,0e981038fcf94b82ef140110be4852c582c508bb881590919fc31a02d4ae8ec1
054b8f9,474,3,d68f4a22c24fa89e05e7d6b072a6f0f05f5716a1288ea3cec840c3860237ec5f
c30d020,474,4,7c6998b5cee1ba80c76686a5e832ca1fea8a95002d79fb68465e9f3b7bbaae2d
243124b,474,2,d37b2555003fd51a015f1832a19b23fbcb4e45e9d3d7ac8c0831a8cb37bfb266
4adb263,474,3,8d603957891238b4a15e3dd6714d98da1b7565111ae09fee8df2efa728ce4226
c620a79,474,4,b269cb77876ad19948202dcad4c51c1ee013a386878bd2ebd127c96d868ebd45
b88f0c4,474,2,60d0184d7079d41fdb9829347a428a2d6c08ec47cd369b94d4be39e6b2b45988
06743f8,474,3,01ba8ed8ac838199a500bf81da47d803c370b9bf334eff45e9d51294ff3bcb56
cf521a2,474,4,38e37148006dc5980bc659438d0a618ae04d7d25f49df4b5f24c0a13fe16ddc7
ed209df,474,2,93b642532f0c38824b1019f15642cc8df7881acb6c4a621b987233b984addc64
5508737,475,3,0cf78378826d7f4a899b2bca466b07a29514a58ff0026d04476e67ab844e5d37
d34e7d3,475,4,3dffe26b60c15b91301881f5641d464d6a96d1b86a1b79c97459ec030995d581
22f1552,475,2,61a4e9b6a5a13697f6ea6b15cef26d1e804891e68b2999eca9f2cccd86c55562
440261d,475,3,39f25a70dfb0a470529fd7d21ae5306b11dcf0a6cfadc1e6fcabe9ece6dff6e1
875543a,475,4,1d12464e1f6879e942c6b6817f88ed7cd1fb723a542f4a0be00899e3a60a013d
f5e13c2,475,2,aaae174e53e66aded8ea6c28d68f90b8a9c83ff1aa612137f23d2fb4978469b8
93732d2,475,3,1e5aae91b0f63db8c31cfa4dbfb19ae93fe6eedfd87eb21f85bf3731979dfa6e
7eff42e,475,4,2d885a72f383531123ed9ca4905d23e4a44348cbe4bf035abd3a8d87724fe914
1bd30e5,475,2,0c8dc9d27c59c7b96442c5491f32061fc3509447a7747aa34c1c604174911c7f
3a275eb,475,3,ba352a0f623c77cb871500969931d225daf872fb75444d76477b73d0ae1af516
4314782,475,4,934221e8d0d76844fdcb93fa013bb49852389679addcf1e45937832fe5a93815
11fa7e9,475,2,66e1b52303ab9736fbc484dd416edc1c53d4507ee44462175ee866d37400df7e
5737c3e,475,3,20b2a7c36e9ae5651d44d3bb8693d3d20b76a778080410b8fc3a618292c290cf
ed4e14e,475,4,a08d9b4ac1bf3fc69e99cfbce5dacf41705db1f645163559fc6b24fc2d5471fd
769f7db,475,2,34688884323249d41b8fb3c8f0be1708959ac7bda8768b368cf00159c8b6d62d
c0debaf,475,3,ff77ef02f036732bc931a5982d8b89c9498cf1d25e08c2a2ace1a118325c6fcf
2107730,475,4,d0a9739bab5f993c4ac560ee1e2360ce5e6d08615e427cac63b8e60589acb62d
aff4169,475,2,c391fc236e271ec2110dc7607ce12a89521bcbc6dfc4be311467460de0189da9
14a193b,476,3,d276256e1aa511496a64471b5df5220aae1ca907c0f128de0a001345a796f5a3
2b4375b,476,4,6378eb9b10f07702621a0d1959563deb660ae278ad292f83405182dc199a8035
a9c4db6,476,2,3332a8b4c7bd97c215669328548c88ea810e44f3b0c06af6ec0bd01dc6bf195d
0b47a00,476,3,7943e7e60f294ce3b11fbf7220c670e195c6be66be3f540ccd1d629b6c452315
8b5116e,476,4,978ac25d0440cc466fa06aca868bb6c0c0c0a39a0c3181ef7e366b7ec5f0dcbf
b670f65,476,2,e7bc0bd91b96f6b8231378c44d099dc02bfa193ee3812836e1ae5815442b07c4
cbbc4a8,476,3,cd2c4e1808a5c58f7d4c2e7eb54ad32666055095c4543cde418df30408c85dd2
a395c34,476,4,27c78aca3bfb8a01057e942b6f6a824fe616374158df5a663c4eecdbbbeead2c
60d442a,476,2,fe1c2fd2005d9ec63c1af9e67756979cd0bd7de05920b59419a959ced7f57e45
9fe31ac,476,3,087f775553addba21603b4839feb501e270f760e2bd2890232e8f0a853b10115
045c7fb,476,4,0d2decc1c559d0559a6dbc675505a1d249f0fb81e49f7ec94a14f538faf4ff57
0b700a7,476,2,0a7ea83a967d607215e3bbcb0cb427e02d8b13db81eb1c399ce2ef18fa436d42
c4048b8,476,3,0d7a4b2cb94807786c0f959e7686c76ae131e042c73ab9e19d5776dd31a00cb5
5c27966,476,4,7e93569b823418b31dd53fbd1199d21fc79c9d93c1a49be62ac2dde14ed75d62
3f58f82,476,2,4bd5f98a8d72f65b6879b481d54db6f51b0173ea70a1f31486cdba0ed0eaaac9
a9e6fc3,476,3,e873369d6d6809ea615cc3dfb83844aaa7eb0778ae2d8d7fb534d3b61ffbb9f3
7696be8,476,4,6900f52b91e4e1ad348edd057c4669549117d052d11845fbb7d5ac0c769acec3
8be1cc9,476,2,b8532ec610b80ad37e6c4e0a07e69e3e306834c0e5b61de218a706438eed5e10
f3fd32c,477,3,ce683b95b339897e546c5d64ff3e48385018b2d5011c77ec3e99eedf98b2994e
0ef4f4f,477,4,55f2db6dfdd3d6e6d3be6aa415eba463d89a6e568b3ee142a9d46ed080ce7dca
022b620,477,2,36c71d6e5c31ac609ec40e7232490246e490f07783770c932de4387af6438153
518142b,477,3,c062469e6e68c7ea04e27455030d645ff3785f00ba957afc0b3c1b2ee213f1df
d69aff4,477,4,900472d205bb47f1c878017af1ad1dddef5d9dc34f8cff0800d5f5a6618a94a0
b89cdae,477,2,c48f45cc47e6e116931a53299cfc330b1df59a4ea482d5815efc3a39822ed931
c68a3c9,477,3,d9bbffbd476e95fd852045552c6ba885586f1ce7fb380ad1ef28e538cd50a3d6
867ad09,477,4,545bf8e1e25958dddea67be4cf3d8c81db289afbd29d71aa82bac284fac7e6ac
f4c1321,477,2,406677ae4dce310a9b73bd873818880755cb7e3c4e3c4f9e77f5343a782c4990
3eaa152,477,3,f332a13bf418e540dcf2ed4c7414658d19883cc9f4174f5333888e1fb9ae387f
18f9457,477,4,7d7aa690ebad2fb254dcb2638ccfea3fdb1fd08a00a8804bba7faf6fa29b1edb
8869eff,477,2,774cdb657892bf7db2f1d621d64e7cee1fee1751d1b864b39396cb06bc40fad5
2078da0,477,3,10795777d0fd3e3a7235f91de1ea7a4d29557d0c31a65e8994c6f8fe59eafaad
43bbaee,477,4,7af8fb7291b6f398cb64d392a6db15360846d36882593a084539b496cddea876
f89a159,477,2,3c586381a8abfcad69e63bb7482a7cec51a7a23ae9bafc9938a236ca479bd238
349f3b8,477,3,21b49c70ceedac49abb80b5d0df805c7b478efadc60d5290b8bf91b6a20bf8d2
ef70f74,477,4,aa2782d1edaa402d80a9851d6e5023551a3e68875f928e571e73994b3a6d23d0
95eb489,477,2,66f9dedeac53e9f85b3d3631fcdb36132f258421d48adccf28d4f063f05dd323
6282dfe,478,3,55964bba7ea9184bb2c035e53035ff943fba71de3fbf0f6a96af8dde5ce31548
c11f2f6,478,4,444f608734b532fb7780e9a7600498b8e9caa5d1a2982e9545e7bd465b137d19
b9732f5,478,2,93ad9695e66e1120ea2db21c22260f853238dec7fee9632590d46dbfce238399
7e7f4f7,478,3,22299b62f03fa69c615b3c27f941b6b5a1746ba7dc91bbca4e774ecbaa893ffc
5aa4f1a,478,4,4e964ae844fbb49ac1ae1677ab4a3412d2dd36751e0ccae802081dbdd37d3600
37e9bc5,478,2,082ad81c32ccbce3a09d4c4ac7d4be87a316ffb64a931a24c81cf2de52cfbb60
f63046e,478,3,f58af3dcc0fdbbf7b65473bdbccbec354f7ea7d89f7e4e71a807aa0171388ac9
056a4a4,478,4,d946e6f536f858d01c30152f413d977588df84a72b380b378830cf77cc4592f6
06aa059,478,2,8c30815c8780aa4d6502ba0e6f96ad74d7759001776a8675d7a3eaed9242a934
05adbff,478,3,ff0a3f1265cf19b0adb4baa11f9d75d52579cd3248a3a8ccd33012fc81a030d4
fb8de51,478,4,afbd512d06d45a806ca981cfba8c9f4ed9ec50a000032375ef99dcf8b5f5ec21
8c44632,478,2,1aded9d0ccac0c5a22d252558a2ff7a77dc018781c75e4187ffbd9ac2f7cf180
97da44f,478,3,e3bae9c5af282f83a3ddbcbb971c272147f9b401898ffd896af4556bd69217f6
788982e,478,4,1c344f47bef315c1b889d578b24d9f0a185e4ccfb3482a37b60dd13d8921d952
6ef1237,478,2,59fdf973ca670754f9f40e6823897cb9522e9649eca6f8aa831c88f29fa36655
87bd6c1,478,3,0350e5b295a605aae7fbc32c1f017c5f9aa3a307c28eeb2ac916ae3b3eab02bd
4993cfc,478,4,99c631c05997fb96b93764ff12ca9f515454740b03b763bd86ef5759af153984
8c89d5d,478,2,1c0d72ac9cb799678d3502aa15eb8ee73a254ff9fe653ce57814d81a49d17472
caf5ac3,479,3,91aebcc9906fcc19c8733d7ec715a328e866015731368a4d1a024288c066823c
2929f3b,479,4,dbfc1d1298625826201bc482a2498797457b7ff5d8b76ffc32310f7b83c866d3
aa23394,479,2,662378968527f069ce3ffe79779c3d915dd7fb16b54ecd28d1b56efcd96e21ba
0dabca9,479,3,91711bb971f46f5c5f3ec4cc448241f4049445bc2635c385f8ee0d5cc9d250d5
73b4f4b,479,4,f9e2284634c89b23d5172df98ad0f61e325b198d25f26dc737d3242ef55469bd
cd32f6d,479,2,ca240459240278bf933e675cee54c537f7d8350f77e18dbe2b8697115a9f420f
21679eb,479,3,fa569639e25ee77d58880729b5db9a3e2770523ac9ce3e19bfc3262811be9b29
9642b7f,479,4,daf91be4191f8053351fc2e8efb71c79bbf79c47dddbd8b8fedf7848bf193db2
8d8a93d,479,2,bf3622e5f9fcb1c0b833d636b692dde200520b471a731290ef3159a2ef891dee
58c1bd1,479,3,781336f6d96caea390d73e1b26ea700c222bf6c95e3a0a7d5320e7bc08e40673
ac4a293,479,4,fd5b43774ad0ca5ade65d15bd0da511ef9638441ed3d7b3b08d1953bf23dcee7
629451d,479,2,872de80f3be023e0b7877cbc0d3383f9244698dfee091e3d9b26df89ec65b34e
b33c427,479,3,83c51b305f9c4a21f7a7c1bcb36c688b8de49a4cc6d321c463cf71e2c845512c
84cf019,479,4,66c5e9328e803838609a9c310a14dbed2f399ce555f3baaa55c9e647c3e5ebaf
bda11b5,479,2,6845353e5467efcf20ed7ac3bc0fc0c44f4124902361c0e0cea461b84a206e6d
10787dc,479,3,5ab6bb5db4ced11ce331a93cdb70e5e4d1e308f679719ff2716ee57b91818936
54a0093,479,4,2bebbe368cd6c9c6d0b4f22e183cfc7686f36753f9db73f1d9ac4906c7a59252
37deeb5,479,2,605614f6139250e781099b48b4c94a60f7c5f44ce4f26fef8da48e1073c5f46c
0200fbc,480,3,4430b6147dfa7e7f6556d8b190a1b6451b6b6eb2a511877f6c0460f62729210a
37b0331,480,4,2907a2fba689e373028b713f1734c3459e567ccb89be9393c5bdee99ae8febb3
39bd4eb,480,2,551229c3f423e27cae0fa3786a9d21124823a08f1386282490168985a9ce4526
b3857bb,480,3,64392b6c7ba5e454413e2c95ecdbc606932648a34e1708e662c44cdc93611ee2
9847730,480,4,a0c2f5cb335aca8c50f1c6b3a63982a3e0b9c0b678d7a41515e9cc14de3d1906
9517e45,480,2,d692bf88ebae186b545e8be6ebc461659735d1aed60efc30d04cbf5c02eb6381
f0004f5,480,3,e56c700ae7e3babe903e9a366cf67ae2566b75703b34ef35aad6094245f53f9c
4458086,480,4,e24ab7b8537042b9e6702dd04f62001c3475089d24a64002a0505d25f11f8b8f
8e23aab,480,2,36cc03a38932a69a80bd8a8d70ec9cb3a2019a89475bb6b2303b155a50e24229
f8db3e1,480,3,3be6457dd2a98b77a135eb28588fc36ad9ebb313b08a0a3c33512f541d2394f8
57c0651,480,4,70e10e59b006b5ae345981aa689d6e148232eb144c55335aed2e0764ad4d0168
c9459a1,480,2,7cab1e3e0b039202fdab00bdbc3a86533a24e3543c0caa9362f76255e6f1ea8a
c89cf64,480,3,c80d20c35e45bc412fff9757a05131fed543e91d8c43594a8547ecaa38ccb8ee
fb83aad,480,4,a1f1e87e8e12fadc0435e9df6b406ed78c5549ed330c883cd8ce19330b7dd0d4
c10db9d,480,2,7e28168935222b5e1fde2894f9e0dce35617bb7a5b7917e498da9b42d7454bc8
6c80131,480,3,75d463ee70c7f680be637c3f3a95309c547df7d7c7a01119774088d230564a2f
317173f,480,4,fd56e1fc36c5d72e6e982e0d0fd4b9376b7012778d7f0966d6681ad47144b1ab
45630fd,480,2,0a3bf9b0b057b106f432d3e68f1986dc4e25b563b8909928acf7bc5c636c8673
a5e12ea,481,3,923ec44e7ce4582ba6c5abe05964cf0e528f0342a02ea17a109e5b5e3d99c08a
f628167,481,4,665c97bb1c51ffe523d7ef51be7fbea726e45a5130f073141279fc3e95c19c4a
c3ce525,481,2,0005aba0884ebae14a9897c18f654ceafc118eae0c91b6fa581a04a162b93f62
2986cad,481,3,1b46bb5d1e5fe31ce115dd2a9efe88c2226a992d20682cc29031ed23361b98d1
40a2276,481,4,6c3d49d4551a044aaf848f1dc01d3d4f8c0cb1ce4c908360224e5aa19fd7f404
09ce958,481,2,580fc7b218ba98b2e9937fd607ae2bfcb65977d7086c5c9d3376169a54a93fcf
182536b,481,3,fd57db5df77d4c0563265a67338b4ffffd770ece35a135b116a91fb2ac8c5e8b
79f7f20,481,4,78bb124f467ffec8da40bc26f30f9cfc37d9001cb09c4bddb1e279f22e8f55f3
bea4ce7,481,2,b9561a00b12440806583c9bf2f80ca221b5be95b58ca772720d874836f826549
2ad0a98,481,3,d8a8116300c14b332bb35180e09719f20deae8bb6c10b8018ee3493183c9c6e0
040ba87,481,4,8bb1642beaea3eb9232efbacf8ea5eee2618610fff285b4e0acecdf16ac51c15
426ddb6,481,2,06dbf600c44fbf02224f0b3d22e5e14c806879d5434f3ba22bbe1d8648bb0006
ceec53f,481,3,0944f9eaa6073844463e72296f60200f337430c997f4311df2396cf89edace61
b6352d7,481,4,77e8068391ec37169bfa17980c9611aa8c460bad4b7d864bb09d415d0c2a931b
7012c1c,481,2,b57c662266100a39637e02969df3618a16e9e4e8812296054b38b644baebb824
7941894,481,3,91264fccfe6378bc354aa89ce66516ef7e1186bab33cb581877a564ec884a4fe
5d911ab,481,4,c2e1ccf30565b604b99a9a8fb39db6ba573edc22c8ad4c98f2bf6091496f9212
a4e2b00,481,2,b65830895f915b1670b61748603173e5f38a42296ab1d9978de3d6f16f2fe30f
1a98406,482,3,e2fb435c8634a046317f70ca8581b62b2697d373074450d4d6293dd5ea5bdfed
758520e,482,4,badab09b0b5e4ed21f3857a05a4905a1b1b9d751014b26b66113559451d10170
20f7124,482,2,2f9162d2a84c26c0032325f35757ed1c561f8591749621f1bf9ea9e04946df3c
52a9b4f,482,3,91e0cf93f9f686a1ec937744c5c8427c5b2c874f6127bc4082461b7739690163
c0524f6,482,4,2242ad7be2353421cdcda0e374272c33f8b1906c04c3f9a1f4f07c60b29a8234
f897850,482,2,4724993f4606dbc296db3207e2db0e3df47c4f9a283a9bce53039b87c703066c
f7414ec,482,3,b6859e948fe7539cdff295bf513da0339eafabebb85e032ac52a321538883338
887d39d,482,4,285928bfcf0e6eb69c87117571b3303b5bd227e35cf3002e5524f0e33f66fdc2
9f4432e,482,2,67b1c297a4489688bd41566ec5dca533c2fe5f5e226780e820a9f011f4c87a08
7457ea1,482,3,ac3013522122bec9881dc5a1c45bf88615b1e4be4f63c74aaf3509d172565ba9
03705ca,482,4,333f13916760b4ae0964acba34d37182d9b1d6575bfbfc02506aa9821403b770
e4cd5f0,482,2,838f7f5df19ecbfae76c97beeb200283bbdd04df00472469c8ab41a54dc3b31b
ac90f1b,482,3,8e85e3f94fbb81d093216b4ffaeb0f10921e5326913b6650962536c2002ad230
9bac66a,482,4,32f9876d888c1a4f8a3fdcf0c411563d28cf44d290030fb26088863cd842cf67
b5cc81e,482,2,f493de97e02ed930baff76ba8e58de1c5a567340253f5a7d3e59e69334adac21
834ec54,482,3,fad28f8f6a6b32832bbf6048ecafcf31e5606d04fa98b33762df13609b4e5084
5970470,482,4,16ae3d2e868e3075091132675853249b81920974a96dec25701aff7ac6c37dfc
177409b,482,2,8bf33a40486ae4d0dda85db2c02b6547c593502a57852e753bc0d149ba06ea35
baf354c,483,3,b305ffe972153e4968aa6733b83cd7727b72d8eff666765202c8cbec5c33bf7d
346645c,483,4,ffbeff65d881489d541bc728dee65cc470497a2e4d76cf46bf5a0a1f78028673
23f9c2e,483,2,069d907ee8230e8572a657a70af252c4a385ff342f45b33a249bb6cc1f068a1f
cece966,483,3,2532b66441e55aa2286572743439f37aef5689174007c016eac0dfede9f7dfa2
cb066eb,483,4,d8af2a7f45b722bb4c7b7fcc629dfc7cecfe67c4ae28f6bdc9c722d628b3d006
7ec98f8,483,2,b1a477945a274212bf53913cdc2ef7662a2bc773e76e426c8728f994843839e7
52f78a2,483,3,7f01b255bd203a867b2d8f64514a4c5e09c5cbaf819e368b832a7743c91297b0
13c085e,483,4,6db5a8d8b0087ae8cc855ac1f45c50825027a9188cb1ed798e6c0d62c45ecbd5
867bdc0,483,2,41b6a8da18be6ca79c19a0e7bb0dfc80cef44caf8b2745de8082249a9a41663a
fc3c94c,483,3,3aad4d37f6680e948a270d08a249b2293f726e154fb61f2e23f41490f897ac65
d3c355b,483,4,65f05c760908750707f701c821a677405ecb4b0c34e876f2541a9e954f57c1fd
359321d,483,2,8a092aa0e0eb206d84d1e5e617fe430718b425ee723267504b05f368f186d210
66b5046,483,3,eb48f60ba60ec26e7e09ee41e85453021e1f51135475a0c58d8977d23f3cd375
c8e4d24,483,4,769489530abc0f7844a999036e0b3670661000d4698eefc41a5789d54ba230c4
5f6ce63,483,2,6d858f1729ae6ade95d4bde193ffcb8b2d758b9f87804ac2be67f1d26de12cb8
6e14611,483,3,b814c854451eac07bf727346973d2dfc8e705fed5ae3f7dea9a2fc8d1d011255
6c67d75,483,4,ae3b7d982f2fc575ad05ca377c28358f8dfde9d5e4ee8b743904d6637c07529d
cab5c96,483,2,22484dc00935316b0e9ec11e2291ec4d18c10c0eaca5cd8c1fdfe5550dfb3509
3641b74,484,3,498527884051300d6480d2e589a894484072886f2af9e82a354db30a1b819e4a
ee674d3,484,4,f092ba286324ed3a3034f79b68b2495f89cb7b75c1812de392d05d1d0d3e53b7
4938e41,484,2,d07ddbba172e829900867aa793124105e914b9e9904c1a56413df77453833c5c
5801bab,484,3,ee21bac9b2898d54503492f077303725a335cdd007da760e3dced030ed95a858
bd0fd0d,484,4,913ad76cb787e31a6e77f41919bd9b5e9f378572b0c228c8be4f939490536ecf
c2d42a7,484,2,d685f7dfd2e43f9df576cc9bf9370f87e540a7b76d90ac7734a09f36d7a69375
99cacc1,484,3,fa01064f2fdca7283d078804ff0d24a628ba889e1829084b9175062f147ac171
6bb33f3,484,4,972e54af1f37e70f74ff1c99296d7028ddc28cadb7a89c5751a0afbf3d6fc650
7c5291b,484,2,5131fa50d5e89a95c9371946b43b1f85aa945fd66c9a9a30039b4a3cf0eb59a6
377afe7,484,3,0ac5155c99e3a04cfaf0e27315ff72aec80646f907340df85594b328f72c6c96
670088c,484,4,53045fce599e71a36914994b499f05d6831d283528a5960c30eaf13ac3ef2a6f
50cf7e6,484,2,2a69139c45b0d95125f3915175952f21ee235d93f8cc47c2d2d5ed1140ba6a51
0c9e34e,484,3,79b06644a0048cc919f3cac0d3eca643588b776fe8b8f17a18fde1289cb035ea
6fe9ea7,484,4,0e4e9a9b9f205ab0ada1d873c718c7ce9f71ccde765f5953f6aad12e4f9af388
e7ee5ef,484,2,0fe1fcfc07b80d629218d162f5ff83da9cd294dc586b0d5b2d33304c4c96068d
2126db8,484,3,13d3030852cdc65acd2f75e0d07de81ef2841c2f53d3cb2b40ff1a441426cae7
a06da16,484,4,ad5502630b87c508adf4407c49aa349b8944dbd1e559cf859b7b9ffe4c2a0e60
495a06b,484,2,4ee74eafcb944d5ecb335b3918c8930cd361f4b4f294a3cd04b3267afb5b033f
ea9c6be,485,3,f1005a24de389ae6ac5dff2d8f26275944af6ffd74aa8d6c16fcbbb9e61aa491
b13ce0e,485,4,6b98e86c9c6499b7d4833039fbab06c41402cf8a56fdf22a5eea7326c59aad80
10d1d31,485,2,7fd465a8e0bd4f5fdf8c79624f9aa5227bde75bfad8cf6b7fff9c8f118829b2b
fc2d2e7,485,3,79d8a9e22840fc087a9311de5d6f5372c6cd016394b4b3ac2b4fed36c7c80606
a2de144,485,4,bdee10bddc930af527293ef8f075107303fa98d3d7e3d95b8222ee62ddecaf73
6c90c1d,485,2,471ff23a23fa193792df0e3669733433568c8d0f62d9ee46f1bfcff4e9726bdc
25b1560,485,3,14607b38b69eb5203b7d820ef2e914fa578f97374a70310e8fed1a7e8574bf15
c7f6c0e,485,4,c09b2bdd5853dad21763f5f25a5e8e2b3e36f6b7cb6e010060c17eb07983f88e
8bd04fe,485,2,87f856cc6f1a02698d5d64a92c1974027f9ad518c6ff893b3925b3b2eba7fbc9
7fac76e,485,3,51c438be7db9e668ca61e498f53f76cd35a32dd784a71a00a2d43ccc23c221e6
8c1e2db,485,4,e8d02f9b5ef245ce54aaa10e1bc2a14dc3774e334d3319e792b6e97b7ddd3668
3aba100,485,2,c3f547b0e105c839b7fc04e0461596b04aac95cedec8bca6ba5f25d4defcd67a
23eb690,485,3,40971fb2809e9e23d91d94b0aa64def514dd800e4320fcefbddc636b96f8bedc
0eaa4e4,485,4,e45c6d963eef92d916754e8c2204294c53cffcb921813d9567aae59032dbf9bb
222659a,485,2,96ded67ea10540e55718da547c35fa9865e2bff2a3495f22f596982b7353718c
ac6cc44,485,3,d14fc214b1d41e938fb6c6c9c7a4c5c2201e2872ead2b7ddac247723f226f6a5
c31b06a,485,4,430f081db3789173f0dee573308a6201d7dccc2efde334ffc1a85975a6aa0261
30e3b93,485,2,a7388418ec33a21ded82bc2aaaa1abc818181fb180ee628b21fbf61e5f82992a
1649f13,486,3,0280c7f1e2a454af0ba3bdde39b4c1a64db0058e540abfc17c41cdce09739ca6
918e455,486,4,aead0d2f8c94afac14f8dd4e76753fbfb10462bf0f4e19c5d577ed5c89d25d36
d17e95c,486,2,c78d28034915e5a4276ee1ba2d8a0fc0269e0f574abfb1045ea1009bb28f8d6d
e18a71c,486,3,ad8aad60f8e943ef096c17db686bd2f76ef32866f280f7c6fc315197aacf41c2
3793f1a,486,4,aaa719a999a78e2c8143019e7edc860a965ab374403d22b9613705bd18a68930
7476964,486,2,dcf757cc2755134f9e99e9863ae7ebe366c0ef87b8d94127df19cdf273f99dd3
d4a1bcf,486,3,eefa4d5976df126fdb1a1c7a849f664d932e3da1855c4a1689a14d08008ab05e
f23935a,486,4,44f1ea35a4e9dd05650b0c53f6f9c2e9fc94fb165cc54c06c2dfa36f6926d5b2
91b046e,486,2,de507a6bd12fdd0aa217266a952651a145929934463ba9284797b37691d1468e
94f3beb,486,3,7b18d507a0bf5bf8070d551773a37f9289a02ddf22202be6c73792a2147423ca
7082c02,486,4,959ef9243324382f83ecfa5bf5a97e1e7ded8e4b9d9f96379d19599dd42546e9
4378d9a,486,2,0715fe6b9aefa910e6705d8258a672949928a3671e85ee6b4b28fa522166afdb
3584839,486,3,c4f74d62e1362b9de966e5a16b19d722c8b701aad1cca4b97e57559a04b7452b
555645e,486,4,ef372d7a846f21ba8a0c5dcec16bf2d13a8201cb96dac4d7b21ce03f23b449b9
129f0da,486,2,7a44dcb808f3d8a1a3a3aa0c029567f85b013a3dafe48161e7319bb636ed89a6
62b65c4,486,3,a89d7d19cb7f6a88045a6bfbbad74abaa191f0af40de52068805c3c0aff00f6b
f81f43e,486,4,29c33553308f23509b91d94ace1e29bf347ac187041b8ea547cf2c823051bb46
1083f35,486,2,a639988938bd99e14c09e43e641f3392fee5e48d7dea88de6c16d67c01952e34
2748f2a,487,3,0929b825ad889dea21071fe854ce36dd519643deffe44bfb78d870af257be47d
9c048c8,487,4,0ba8cd2abb85d7f07fd24e83b2213125917329a2558e9842fdbd724aea353bf9
7c2b775,487,2,a7807b079f32c690defa634ea33c98af1bb7014d9d5307a405190266f161e96c
47fc3e1,487,3,effa445f98f2321d8c2849e498d94164265fc66515d45c241b190ea2567847f2
c1bec39,487,4,83b5469505b3685b67ea3696897dfebba42baf072807e33d01a3b8669213997d
be02925,487,2,87d23b37510c33b483da963316185b1270b180f752e13f3016fce2685ecbbd1e
82af6a6,487,3,a5da49dba6e7affa2c1f335ba020bfd22c737f53c58cb7450f6de4693e8f3b33
dd9b0f0,487,4,df21ded733e01086bb8c8d1cafddd2ddd227ccc1079c0089504c2c6e0c76d033
1d74982,487,2,f2e581c38bd045df062f81c23d9bab5bc8346d086e55de835ade152ea8a2b610
e112df6,487,3,16e141da6da74c02756dade780033d50fe4e17ceb462485f174b1b53ba13c8e1
327dc64,487,4,bd02eac3a7e8c5015f8ab0526e0a937f4bb693c29b747e7ecd603114bb7e474d
55481c2,487,2,ae58ab986aee4295c42ef46d7aefba7ffb427bb2d53f41f82da5e721fec118a3
588a24b,487,3,935e738e53485378c87bf20148673092fb9ae7387e6991600a35ca98b3c31d43
7be7aa5,487,4,d6cbc4bfb170f1a7aa2becf991dcb6b355d8eee6137313c43210de95ebb387de
96634ac,487,2,a93a8046a6a363f7dd412acc1e3459139425caff46a802af648c04d18d0d728c
d825770,487,3,1f6270a396abeb0b8368df449620663cc55ee6c2b7ea314dbecb6075070e9758
9ae8066,487,4,6983b7a4cd19732ff8dfd203900b4a2a57892efb93801f993152a684bf991811
8eec829,487,2,9db65065de98b0092b194dab1a5f7896b9419872dc2302adc7b6ffa295ab60ed
b09306b,488,3,4f8d7c28bac5adc5f9a82ab9c1dc50ca2b71feb9591b5fc6f4a7bbc4df24e0ce
3e78c7c,488,4,2cbcce2b29f1fda3d439d7a0214ec6f03f22862b3bca85dda2010aa2c90b5ba8
4d63446,488,2,dd3b513b9ed8cac1fe3671ca75029d568948bf64e5c21d9608ab670ac90369cd
bd1167a,488,3,99e00fef48c134e3168a63297b20ae637baa0a2179127ed292457512f51a3197
2efbb29,488,4,891815a5bf64224b20f74c804bd04c3ea01cb4b070960fb88a54cbf1d8b64643
50fbd98,488,2,ddc3531ca6342b54f0caa45f5469ba78eaf910c1ff4721d7a3e53ab5d29e506d
3dfc80d,488,3,112abbb5ed874654d9ae7bc07d5b47c5c3d6106b6bd8c37534bf125b572a1c3c
ac845ca,488,4,e4fb049dfd6677760584bd190ba25334dff576656b7cefb44da5b2bd8974b2ce
99cb3da,488,2,c57b924dccbc0961722d7ec8caef6843a76536563eebe9b1a8db87ea2ff64531
68b3d6f,488,3,05f5f0566ddcb3e31c00d2adbe6624eeeb0a4453812db7360c5e5643fd3f9b63
d726fca,488,4,8ae2846093a210e986177e2debda866d3d057935147e0d14d40f5b9851942c14
dd5e511,488,2,9987a9cd6b1e56a6e944ebf1460171120d38690486cf5a39950f0eef58bcbf10
0e86176,488,3,d5beee35058d56e265c26c4155e15f8a2d99b3a4f8bfbf1e20587e91f4e6e60d
b0ea0e8,488,4,ebd4c6182955338f035b98b7e8ca5dfb480a803e06475ffed7363a6c6c16dda2
4d49830,488,2,41f7bdd1e17a23a1328997ad8ccc7ff79444457f327a2315c92c5914f72c9f33
d7056aa,488,3,1875aa73223353b4d21b443f5b477bf6b9f1398dc4336d5d7e52dbecb0cdc18b
177a7d7,488,4,d741fb2e329b2a3f15c6fcab488518b0444ed3332e71cf21aeb38752b1ff338a
62179d1,488,2,b8f454488e7bb97ffd90a30b9e368e67d16e73b434a678192d51f9ace1b39cb6
51dc8d8,489,3,f15760edaa2e20efede3b358685b6e9ced33c01f05be4e71d2cddd101f66063b
39f9997,489,4,beca929fe0c573d1668b846ed30158d01c59e179525597e1c052342894619032
563d1cf,489,2,90fb073858e15c0d4b0577d24890146e42a77508159339856869acfd78809703
e2f6e1d,489,3,c29268ebc7d67e633080f1020674243f946d528ba0d27404ec8aca548c21827a
70daa75,489,4,84729bb3469a8f1d98a912e8d65294afade22bd16210aa7aee00cdcd12b804c5
fb71126,489,2,8cef7129b52baa0a9ba0001ab883dc133a296fcdb9c0a026c5bec55645aaf0ea
a673f73,489,3,f23c27c23115c13434b29e7016b291fbe688b51322a0faa7c7c40df5236cbb50
6435caa,489,4,b0fcef976582488e2eb0214946d7ca8b4a2035fb26329817c2434c696718192f
41ebc9a,489,2,94a87932d0f01d4d8ad20c09de9e84954c4a94d37d7f056af75acc2d9df4812b
45fcc6d,489,3,cf30f8881a0640fc74933c8cbce17fe0080926360453f96814d1c8bf239fe0fe
09e971b,489,4,27226e5e8017fae7c604bb8c627ad307545566234a04b5f98a31f9f08ace1c6c
2b491f4,489,2,ce27f4cf6ee42be2f91ad94ffcba3c68d26aa9a309a52540e0ab3fec6c3476d5
bd0efb4,489,3,c9e2bfdbe92928321e03b9517d39611084e10bf889d3275e3003e120d92570f9
ca0c6aa,489,4,f421d15b09a9f64a135b51b2014b567e666eca805def53dd875604a4b37a932d
8fae37d,489,2,21fe65b0ebae30af12cf3ff35d35275079babf49045099acfc548868d1f44030
a441149,489,3,d52636feeac9e33ed2433da4e66f04565ee5528558dc6c56cc254fe0cf820c66
2e5b73c,489,4,0c9b7344a39371fe7c4d1aaf2ce5c7d85e4ca8c2d5b683b764edf29ee3362e2e
7491084,489,2,bdbc09177cc0d7e63eb5f7867a162f7d5b04b6d20f17c26d7a59b5917bf7224d
48f4678,490,3,a81c87118340bd62c3a435ad6eda63aab6c5782af2d515cce631a0317a67d0f3
89f2ea4,490,4,d1895a497f6cdd19cf44355f0d0caa1268aef4839451a4de59910cd9c3353e84
1cbe5ec,490,2,1d7eec2f3c038d2641402e3f2111e86c47b0ad3373e738d104a76a77032522b8
2c44bf1,490,3,7f29f9087f5b45161d9d3cf21b79a720d6c2d4c8b89bfbbc37265bc450366517
b092ece,490,4,e40c7807e52e5b60afc10d1acba4b76f2e94abac599ced34df27fe92d3d0758d
78c496d,490,2,affb906c62a17a4c0417d1d5286712c10702723f887457412f4da4baf0a4fb87
3fc2fb9,490,3,06e7028e0b934206f6a6edc581d0cb79eb8d63c25e8ab8a819e14afd93db119f
6744a28,490,4,f72f7807ab1a7c86686548fc2eb2089c3fffeb866fa89630906d8257e08e0247
15f2066,490,2,6fa07fad50de84e87ca4724211ae3814b1916be6c774143ac16ebf6bc858152f
5f73006,490,3,9d13b41f469529020a5acfd4d33f71e2ff3c2cee232ba09b90d5a94385367eb9
59b98b0,490,4,be39163fd0d7b3138992aff229ad792eaeaf29044c7ce60074defbae0e7bfaa8
df2161b,490,2,1b0f55c931d87db37c470c581bb2221103658d1744415024abb6d7a2402b8db7
b06b61a,490,3,84518df7ab1fd8a40893a4823952460f5104a1f5589a41824f4401d01ffcb3df
e6f8532,490,4,98c0792ffabcf2815fb38e13632a725ad36969b1f25df636f8364f86a584c426
3f5213f,490,2,39c33a7b2ed66d0ad115d6657acb30ff59f24366c18be7d61fa42e05a131046f
2e94a27,490,3,d2bfa6fe763f3d8a5e4c4da68f5f0316ee2b7cfdc8a2be82c9ed349be755d325
409951c,490,4,5241c486967d5a6f20392f0a77bb0b1f04ed4dc29bbf6521409858073c70a8c0
2dfce3b,490,2,8567aa9934a33a5b4d600c3d9cbd64a7b2462d87a2f0df3a32da1054c95c8c2b
2b237a3,491,3,ff418b5a99139805fd82f8297b316c90316ebc454e531a3893523508160774f7
91d5205,491,4,4524a1ddca592d9bb1d0318e498ab81f2ddb7e6f9479b34b9bcf18d15e5d554f
80c0894,491,2,926fc8a7454f486d2c1c5e5416f0ec79c0a08fff8a1c277e60602937efddc721
dacd0d3,491,3,2df5eda830dbf26b094c4ef8d5165f12acb577d5d6cfdc214f491b051f539a8c
c663629,491,4,9af961e0d1b95ddd33e08947167eb2dcfdf7723758d5a7ba173de39a37a997ec
e05e8dc,491,2,5e1b659bc9e4896fcc09c1085c0aa8bec0b16a89a0a498f2c909d0114ece0796
2388754,491,3,590b608e46068436f9dc4ce27bf252c685e90b60e720f9d5580b1858d156b6c3
9d79792,491,4,8f40e38aa090d46934e3f5668d354a0ccd6c504e0bdb40ad9c5d144a56856749
59e32c9,491,2,5337f2ae1e099346ef1036bd89d721b1fd2208d7f202f65467caf5360b698a5a
a4f63d6,491,3,14390b9b305e7e699ec614dcb31eccbe6cd8373417993756fc63ac6b6afa0779
3fccfd5,491,4,2ad4021ee1af4ce5dc21397e05d403cd65cdfd25b24d225b8dea08793bf30c9d
d0c5173,491,2,7ea3ac8d1f5b4ae4d972b7eae6916797e9a00cf90215f13c85845b5df2552688
652479e,491,3,c595995dce7e74e0d14d9b8b19e42b184ee5b60acceb9913146b44b9cfb4982c
b1515f1,491,4,340edd65a5959a552165389d02784ded251df357f211b0cc4e05dc278eeb214d
4bc1b8b,491,2,d7bcf9aefc62fada137b34f01d70da326cfc4526e4218cf8d680e1878aaabeb0
8bdc6d6,491,3,77ddce2c4f0610874278b3a0615d115b079530eddb1856c4e031c37008c8f8fb
4ea4f0f,491,4,b903c05d7b3ff22fa9c0b151b18d1dc147ef9c4df1bd1f2356623076a2a6e140
ceed91e,491,2,9aaccc7679e967042c88d797f2cc6fd9f7059ed976c5e32bf89db33b4383846f
5a5cd94,492,3,5904b36b4bd6624a07002c60dfcb335fd81cec1a5ab2cc8e3db9e5bb17d8b302
4a9a74b,492,4,4c34c4af12fae231ba97914065c74539e9de1a40533c0e2868921d9e7b1b6df9
4bb8c9c,492,2,58692a48ef41ae9c82fd1f8b3c4eb6f5f541dadcaa390aaae15384592bd5909d
6578feb,492,3,c14fa50ca89de1c9f06e7ae35a37c27e0b026f8e6f9507313a3dd2b949003b45
6f331fc,492,4,829337bd688364ad3e60e76379a11e3fb2df068f91e3f2872349a16964c20591
f1ce560,492,2,f16588cf9c65f8752a1859899b42be081519401bdc5284b24c9db00ce0a28cca
90a9318,492,3,03c1228327cc83a90ee25f5e9659d8a1b7013043f6480541676cd541fbc6b537
3854d27,492,4,b883afe90a0bd688534f7700ee7f6a34585d19d456c40be681d43f38fb49d839
608ace7,492,2,525f1aabb7a59c2756ded68790c0110eda0c37839f23e4815da3e1a69658676c
fe2a572,492,3,ad8828d3190e063f046292cd0e3c589f3ff3388b6c4e45e20404a0edd065c9a2
a55b2d1,492,4,71d6209d59b6dbd8a48788015c1c35288fe5aa6395c54f34a135e4d0fc012d95
1e14a01,492,2,231eaac8c07606ba4719495d807df8ce9e959f937448ef17c5420cd7abff56df
6f65423,492,3,75700f77228222cb6948acea121b925d09f328aee3e2afd3c33918a1da48108e
1181dec,492,4,0f6e1effdd13bcef06cbf59a2333023dcf8dee5cd29a88dd6dda49c2db3ad193
e005357,492,2,1d335b66d06349a2105af9c7080694af1169c99c70ab2715fda01b353ed65517
f4b6426,492,3,e911a34434ec7c758263d3a8c868f5de5faaf8204dcbe3f57c04c3ef1baae90e
0226250,492,4,b5b9ab493a594f5b9fa2e9c40e4508b3586d401d72faeecb507b305c463f53f3
9f5fa28,492,2,5df64781545d0a632c87660bac028262efef6244ef5ed7cd3ed2122477f499d4
d3b40cd,493,3,9273d60fbe3c18bb9b7fd0a602c4ac0889645c3dc4b7334eeab8d66a9e2f3643
22bf7f2,493,4,fd51e13efad055f9d409e534021db8f841b70ee9f0c8f03976ffc16de66e2b02
6b6ce58,493,2,b791403e28ca67431dee9980aa3e6a8e0749bf0242bd8426a8fbfcf531099bd3
0e51031,493,3,fa6317548f9def97c3e21463bbb0d50dc89cd0e6d549ba9da57d18acb59b11cc
894d76a,493,4,3ab2dcd761ce1affa5a6ee013217d3416666d3bfec3220f79a100e9af05fdd01
2522c5d,493,2,7a703fd8d4775079c1a198b6f3ac865e7c2297e94a0de0e6d816e998563eb653
8ca924c,493,3,cf21399af9e94d7277598d5cd7dc66fc3839cdd18dd0c8e8900eb12715ef38c7
29a6e58,493,4,c5451fcdb2d33406dcda2fc9227b799d40a8812e099444e2d7b5e2d38eb44a3d
7e05e3b,493,2,129858e2d6a6389c0610c9043be7f0eb0116595728ee879ca1bb5dda1b01566f
472298b,493,3,9ffd740e734afb82953adcd9320ccc33ad3b562fd4620c1c5b3a40c0335ee4f3
fe0199f,493,4,374dacabfe58316bdc4db53d4dce92c98008740f10334f9afeb55751570e3481
47a87ad,493,2,ee5803d466ad2b6660040d33b252c4203435c84364b39586b49c52eda79f0de3
2d9199c,493,3,33bbbbca233411cf5334ac448ac1e53ab530e67c99621916334ffe583872bc94
2c00a1c,493,4,355058fc46152b54464837057fe6396bf3180559882c108eeb36fcb2edee6762
80c6855,493,2,81bf713877e4f1527c28bbfda0bd2aef55f54ff835a2841b3607f0658dcda710
ad0a779,493,3,a41b2d42e31a2e66802fe90376998c80a87a5c89a1199a5998771e3fbb920c7f
5661a04,493,4,547bb7a904d23259855caf75894ffb90f038347474e171f5a3df54a982c2729f
36d1d91,493,2,1924ca833981ae3ca9ccdc1caa943f617b3f03aa4678634a224b5ce192290cd1
a5dceeb,494,3,bcb4e6c0e2968ad51a79a1a71f1152dc83f0c873622e83d2db600028c8b23660
59ba1a1,494,4,7a7241a3549910f3bfbdb59fecc49940b133586dc79d31b58766f0b39dfffc4a
dc8f531,494,2,0e79cfcfa7b9e8e4a80411540999c3f9923a761a7dbbe7bd6b4bf2522f54a0b1
1baa473,494,3,0d596ebbede540d6a11e4b24b9840c1e881c381b63b4588f43db1c929b87116e
dee76ef,494,4,f0b9810830cc0229cb8cf3c3c3f34f6fb66fe9921273dcbba735d33b35820f9d
830d3bf,494,2,71dd6bb1f0f733b19d6d0be9609d466db4258878dc6e23d22bb26d53848ffc70
1952ebf,494,3,729c30f963563c46615b70e0b8c9d68c974079e8efc49e343473d530663a03cf
161da84,494,4,a5b7238ce4ad6bc43ebd783392c1fa8f086229326f85f16cb3247432d73e83c9
b3340d9,494,2,c9b323bf1d58e3bf1e1bf88e2b3a558d11271591510bee598ee6485d885ea19f
d116833,494,3,573fa09247b9e90b60969ce684111f062ead4b75f2ca6fd5bdfe6e70563c127f
1a19cfb,494,4,34262a1b72847c80aec00871f8a096304059ac1723fe264f0234879c26ec5ccf
09330dc,494,2,da7c8713cb09fcc027c922e9370feeed1926e29d087252842f1f2d971a6f6986
3c883cd,494,3,6cb06692e396ead1a5e98c98a776088b6e6e9664da7cff726e9d0f7ac8156ace
1319f06,494,4,be8639d23a721298830467112d1bc48c2904c2f88ef0c82a12aae4cac9db7a18
a351a3f,494,2,5ad026713b9989c4033da1150fefdecb170f2f440c3ad9683e0e489d9e205cce
4ba65c3,494,3,528f72e7dc0fe37c625b23e1e4f372dbbdae7aec887e7be9c44563f39404c604
f5ba92e,494,4,3badd882637acaa487b3940336ac04857757dd3af74096ab22a1787c8583910d
fb7e5d8,494,2,f9f6d5d88c3a34719b715ebf349762461882f061b8aa7247949342f148729129
980f643,495,3,33faadcd67bdc4a1394e60560b3ce3f36570a8808c1201a88e2df3e8db945a78
5e7814c,495,4,93511edfd2ffed747ec4a6e698707b9ca1696ec74d2b5d9d05464c0ddc9bdb97
bfb039b,495,2,d699983048d36b6c7194b97db8202a633bbf31d26f4cf0a6abd200778b46485a
23ee95d,495,3,f2753ea9c22acccf715268ff4055ff6d42bcf1999d74c509da220045ba62b8be
2ed15ef,495,4,a6b3e611d17c07515d20fcc2f99cd4850846d2647b74829e8f233e7d2ed967d2
2fb426c,495,2,cb4b37a95700d772ae5effea5da1cf2ca1d4eb6df89a551a3cf445b16679c7aa
053fa01,495,3,a9f7bee81eab0e4079f17196d70f1dda70c58b8fdf208ed46b02716e57c1ef9d
5d5f23d,495,4,64b118398056c376c32673b10a36394d3c724aeaf588760016bc2391a952cba9
cde8ee7,495,2,aff3e3cbb6229b61d6d1b3fbdb9a658769046afd0f46670bb18ec0eecec9e45b
11c28e1,495,3,754c4746d51ee343b342e8f49170ab1335704166b4c0792baf7f8cbcbc89696c
5dfa3a4,495,4,35d3116d7bc157badae7f4521be752b1b7ac9b3534fd70d39c74b8b4d29e1bfd
f26eb1e,495,2,e96d2540574fca22b8144746c05b9a0808e59c7fc1ab62f68ee1eef403c0697b
bd83954,495,3,a39f5ff501d26c886f099522b965c60a28cf1b2d28bb98b0040513df7b679c08
4e9d2aa,495,4,0959ca0fce7c57b4f0336495906473d5bb67e4cd07c23477993b3cbcb31a45f3
9b76b36,495,2,1006c14c7f104a34ef0e77f9dc3bf768d6ea57ce9543314faaa073397a9cee53
837b949,495,3,22c7ae5ea64146d15c64a8ac722fe708ad1bdadac7b28c7499785de1baae52af
7231133,495,4,84d1ff45b3ec358da4eebcfc5b7911395f21e76e202a9a922a966ff4b5bac435
7883641,495,2,23b2673c2eb600ccb62e262c172d739bbc7d92c3117a4575398ac2e2086d1fae
32c653a,496,3,009ae8f4df8c78d4eb2d2e271e98a9362be3e85f4fc79dc28c2df9d491da712d
3cabc05,496,4,8e870e24c8a9c5273f73cdd7a06c8959d033eebad401af2010bfcbe8367890dd
44497d4,496,2,ea211c6d72a35f656f82304d28f5c9f489608057bf5c3c70bbc110ccc5bd3608
e5d2529,496,3,59672c56f077a614b10ddefe6f4b75343dcf0984efd862892ad7d9bf21317a32
9074727,496,4,dab4070e85cad882a40e571670f8db28a8756498214d1907a49d05209c00d873
664fb12,496,2,badf98ea8efd718ed4fe96a31674059a34b14ca53ae2eb91d5712dec413be8a9
2b3f2d8,496,3,13183be05cf8bd6b2ef43e0a9c6be0fd3c86fd043f3ccd657a52774363f6f5e8
c3cdc0c,496,4,af08a02098dd417601b708c135762d4e58b09341b9fa3a5779b1d4c53ddde8e1
3e30e6c,496,2,a6a09fb228259f8edb0d438369327aaf53747ac4e390505a0d9895e29a49562c
41dfd07,496,3,4e362617d2b8889cacc60c8580c4d69dffec9847c19cfc102e0a92434958faa8
e5e3801,496,4,e5c086ef21c72df54f2dbea24d6929aea1bbf44a1484092ccb2e1c73dd885297
162a9db,496,2,ab7f9428cc1092e48669ef1976e5bbe92192a7e3e28795990a469a9339e59863
b278351,496,3,7e590990409d285160f512050132f3098a3d5ab0cfb5c9e4930c67fcaab1e8ba
be08bc8,496,4,ada7057d4e39961eab60627cc880e1ec63ce73092528256f807cfb2af9d21166
85ec1a2,496,2,002841aff63ee6d8574bbe7293b322354cf5a9a59b56b013a65bf247ebfb75f4
06333c3,496,3,67fcca66e2a11a2d5ad457e69ee86d3705f919f292a1436314eddb71b2e34d14
cae9df8,496,4,d6ca5a67006dd6d17820f5395188c24463f4a09b483a5aa858be889087983e43
89cbdf8,496,2,b31aa8e8cdcee312390cdc4a2bcf8e9e7d902c35ae4e6db51b4a348b48cc7bec
4880189,497,3,0dfad2cf2ed0391cad50ff59ac7d33775450b0f3efc030aae2190a2b080b2df6
0bb0bc1,497,4,5913f42417d553f3389fc06dfe06366b20d71fed44019432356a0b1231e96b84
c41860a,497,2,606a7181633c99adbf83c7457f75d05fb0942de90aad040cde29203eb7b44031
a789744,497,3,9751b948e08cd38547ddf0cf5d436ac37b463500a9062f22da882bdcea57a750
e5a9b76,497,4,8a90b086e7d04cfd7c93e30f4ce2cb4786130ce049a65b389b8968e80a1dce96
3d15bdf,497,2,39206db07ca13326e061f66666c84fb0e1f00bd44357f2480d424c18d95da436
58969ec,497,3,e763d63682672243946066e6ca720de21bd1b19985ddaf794d5fcde73a98c179
a036d3b,497,4,0d8446dc110a6137c981f651fa7a9aab1679074d7c0c1f56f3b6cd0a70c86f7b
c257539,497,2,5e8878d97308d0ae5873d384907e5c8eec66d6c072bbbd74f5bdbeb0f8fee8cc
9744a3c,497,3,7aad34cec2ca3e290c1f26ebfc47fcd485834dfc74db19a1350779ba8bdff6b5
54f8ee6,497,4,35bd13d719ea89850c9aec6c0ec10f6e1703e7a0206e2cd4fd80bbd545b63812
a22e219,497,2,4aee86b16c7445a7b94a461c63d0fe4769d918d98b2d1b7a2032c91f2701d4f8
3ce7d44,497,3,cb841157629e2c40f5198b62def5f52e9a05c4f425fd038cb9e9eee63526a011
5f4a09b,497,4,503e347c08eac265e7e8c014d335a94988288fc09a2da07512fa218a822d5597
b946dc0,497,2,847bd6099ffb01c96a360903b0332e2d4e68539b2567c0bc7f46035f9171b918
3e19af4,497,3,5f0578186cf6c86a39c0bbe04c195d29891f1cda18c8fcfc5b7107ee8cb9a206
16d22a1,497,4,7cc4f3b7047597e2356c3c648126d93d73b0e899c4223ebe14e5fd2f8c5a85ca
143fb6e,497,2,8a4dc4ed6a8585c52d98d5a698e79d0120404835e310d54a06b6d116f74c9756
d596c5a,498,3,2ea91874632ee77056c90a83f8d55c646e621c84caca5335324cfb7624d657ef
3130ac1,498,4,b9c80ad087e7c2d9832be05a24d2780fc8508ee1fa18a698208960a3f04e1a78
23129f8,498,2,8d6822ee3799cd6477492b80722f886c44f831428d1f15c85aa479b987b54519
874375a,498,3,f44729a96f45c18b4f908da801a8371490d2ef77fc350e320ca39981e704512e
32f2382,498,4,0725c654efbcf02659d0c8622ab708d76b8ec02726a29af512a5319969318a08
40ad316,498,2,6714645a355388ff79b6db0ea5265a222202bd5455f41c05b1f378a611df754c
1a57ee0,498,3,cdd2c1de4b571f8795b2dc4b72ffd0a83e50c58e888853c54b038166eb4da300
bcec1b9,498,4,0931af1af551b8ab9ff3b49ecc975cc9efef1044474398e253a2e2b0e98c317e
8e63734,498,2,6b6f28719cdf4241fe667d4eafbb9f576ff519026c3f392461b86b16b6ac9b4e
468f06d,498,3,b648b7849c8188c2af6b3cf981e2689a1d9540876175fc3fd829c40d4676abe7
7715f1d,498,4,e78ddb0a19b8a45c9fa71fc819ad88a2720aed392485ac45bffb0ecb2c7e8140
d1d95ea,498,2,6faf217aabf863db240eb51cd1584a36d7188a5a67d73e22623e31c15b26d214
52d7570,498,3,948698229a1975b5ca565bb4d788fa9518bd120f5a22e59973e0e40e3c34d568
8c07a5f,498,4,eccde7dc23ac5ac124ccb2a40d9f6fef55b03fefb6663bcd0b321df8e671adb0
b0066a7,498,2,c2eccebf5f4818b0cdebd8add080ebe420ce67b6538dea82cf0dd81f3d7f7ff3
1da634a,498,3,306a055301646e9a32169cfa01b36b262b17509f16cea498ab98439f8f5deb30
90b6340,498,4,fa3aa39d329f1f461dddbce85a4c8e5221525c5e809ce408a0a6133d3d336f3f
e4a792f,498,2,ee4be37856d819a7dd101303ff6ead4db90d426934a800313a79de5a9c8b2630
8461f4b,499,3,f4ff62c9e6e369e9d1d041f979cf1f75b3079d83ea7669f004d7f25cbe04eb65
8048efc,499,4,ad62f27bdf8d4f3aa6c0f8acc5d9e477e0ef03fcaeda5447ba09b11504936c9c
c3bdabe,499,2,0a9d08d4fc39227ecf14ef3e1b1b15e4334aeaff53d2699999e9ba2976301b77
36255e8,499,3,fab158db5dff382f4758c671cd1fa8159d32bdf43f7dda2bd51438625f8d2ae3
fad438e,499,4,45ddf3c0197e2ae5d3b8ce7c776209da41e11ef7178cb598ce796141309bc232
7f04a47,499,2,d7d94923306e6559f91fc47189b338a3f2991643a6f902d80c7951fff69d9918
ec00b60,499,3,58f1c2277ae1ff13776eee9799db0af2eccf2c3b37b121748ca6b679ff6ed3d4
d46c951,499,4,c30ea6be21f7e937c871f115a8f70bafa47c26009b29126d178d140caed33d93
f4a239c,499,2,e53fb870a2cca192e8527313f597f0e381d83017b6a98d650ec8f14ee1fbd84e
894060d,499,3,5667078f170e5185a0fa0add466cbc6919e07f6478417c6c64b3ebbff12fb347
732b189,499,4,db861e57e7af1f174855b81bef0d7316076961239b3c0aab65ba4d4092826459
02a7cff,499,2,f7c6c58c0c4c5d473161ffba8f60e605ca365f162f690763881c5688783c9725
dfa4956,499,3,6d710f309d3c682dd3fd22cfd9de83665b23b6c10365d070231d65feaf763c65
a9e2391,499,4,2b4500cf4d599922bc0ba71dc9d2aed677da989639b7bafd63dfa855853f857c
856fe6e,499,2,1899805bba58ec073c533953a9f142d5ffc6243eb303766bdb8ebf35157479b6
99c2931,499,3,b22e609b78e8582c0e0dec9f184a9b26a3ecff10a2acbc59ef749c471a9ebc45
7b6d1f8,499,4,ff77a523d826be44cdbc95bc9a7b8ecda8092bcec885892a1d22eb439b185664
a8828c7,499,2,f6c116c08a24f8bb7e7fec10b5f99f02eeacf6fda510cd732083d23df914555d
46939cc,500,3,74d9d3a88359af8d7c8c50b3f4b7dd36888c3af496f3d1a96b536d2dd7099406
c3cdc02,500,2,36c628fcb92a49c0ba1cd5bd08b14a440cf9083810a0f25ffc0fa46b719ca84c
bb44e30,500,3,1aa59ffd478c83f291fbb1d6a614c677124790e197c4257cc87a28adae315f87
86bc70c,500,2,8c0f162c7385215ef724406e821a61e5ad7fd228b29392198dc836ce26ef1362
316c1b7,500,3,a2bc8fffd58f8994ec4d391690010d3a46840280cc29220c0c3ec95e0bee28c9
45a5be8,500,2,410ede3e00623a610a737557ab2bdd5dbb110ef150d27b4fe8c1cea4f315cc3a
5bc984d,500,3,43252d39f959be799099f2973a0bf7ada7b4099b5d5bec6e07be81ef8bedc31c
f47a3af,500,2,3ea29d6101cd11bc92c14fcd948e4f3b4b9831a707635eaefe12d142035f4160
1e54a02,500,3,2637e96ab70f02bd91a5e5c351209eb8d66f5da1e07141bfaa7828491df45e3f
e044cc8,500,2,9315604725b982bf7623a07797e5275c9f48160ddbefa44c1951fc11d483bfe0
39f503f,500,3,6acf02db4eaad270de279c0d1477dfa0fec04a85b34150ffc07d175abbc213d7
2db3e5d,500,2,fd1084f5c870553af5b5e65c6adbf430d11f83dd7613eff41b5c44c870a9f27e
1f07cb9,500,3,6631b049f286f39d6d57136a3a5972a013d976313256e3805cbe9314ce684383
b103ef4,500,2,a9710b666e6891e33bbf2c18d166da31fb6dd61c38de708154f518f300e96600
4ed1e03,500,3,eb59de0cf9e8421becca46690fd66e13da77fde00b0719f60b2406e3e739eee1
05c4acd,500,2,9d6319f4c1260cecee6d85005517aa38d8447baeddda5052774b9f20b9af8ca0
c48d027,500,3,c27f0e4ddf9cf3b3083d685367717faab37d34a5bec99c467487c8cc5d0df225
c28e6b8,500,2,45a50bf8447941465dc428bf48e9ebae854893efa561da3cf768a3ad2e34de68
f7c3307,501,3,f59c4b1867d86b83b0db746b5c7dc02a2d2eb30acfee58eaa599d28966b6b062
c602ff9,501,2,a709c0633366705da31ba046ea16868624676bb8a02bb1973d87bc9f45d82f92
7aac16c,501,3,4ea080232d38a2319b9a0a48ea2609f696825428f5d2f2e26b47034147dc6240
964c2c6,501,2,452b9f3f00d5bbbc4600bae193de40792b803f1e45194fa67d0fa7fe4510ae9a
1361418,501,3,5ce41dd3dbd858bbed44c3f45604313dee58bdd34a8e376e997ab1ca5c1e6bc3
324d38b,501,2,7958d6331a583a815a2278ce449b210c3eae0b28a2455a9c0525473d81dc0b95
d4b11eb,501,3,4ec438624fa8a475d77ef5505cc477ed87163160d1cc6722b1ab49494bea0b96
77e5e0d,501,2,28a6fc8d5e9317f1d9f7c4572a8eb39b2410f8591d59fbe34f111a9aa73168d1
0f560cf,501,3,f93e6f8407d5b17dd16139832305c9f50c7aef8c8849e76a09a352d3a08b89c6
722a9ce,501,2,af629a19a01303bceeb1e2176d70fb9a9b3ccd86518d8aa6a50bf718f00c55de
4967255,501,3,65407c328a71415bfb0bb1709c136129d14149e4ffd4b7da01d358cc5c106035
f6ba968,501,2,7984214f44d50e0cb28567d58d70fdd4e54ab1e0588eb7e0d852574206bb776b
bb5d9b1,501,3,131f1a981fea1c4e5e0f7da231af76f8253739f81615de002cf255541de21eda
4bda0ce,501,2,60077a2e65575d2bf9e3f540c6424e3bab44985646bb30f4b570e439b6a4eb55
c00fcbf,501,3,45f4fc09630a485527131aa26c3a2a6a7b2cb89415030e19cd27eb5b40034c2f
ea1734a,501,2,2fdb9634e7485ed6f38b605e6833a545d26f9651e483e01205ff36913d4cf972
acffe17,501,3,a0b318026c80a668b2175629e415c23bd8eedae8f26a06eda34089ce3aea084b
4ba41e0,501,2,193c8ac8fe21ae19743a52d3131d7681ba7929df0c824d76c51b58daff7985a3
8592385,502,3,253f633be75432b009f0d2758e3c1d7b99873acc24ec7c2174097f1d4bf0917b
99b452f,502,2,c94bd66b82a06e107ba1a9e092b59c6138b46217b7ace7a4d163193566de9f57
b7a91ae,502,3,8536d7a19183c6481c2a516ae0d05cba48d0b8653f564b0b9fa975117787978b
5d843d0,502,2,f29dbd8efeff10dbb37af82487a3a2ef879c651cf06c110afc6765c1b1003a5d
1f06856,502,3,d2f5af8d7d033e4fc2942f52f2edecb9dbfe0d10b106161cdb73f0cb53093d04
e51434c,502,2,abef2c645c3885ca23cbb1ec06d2f5e77d8a261185386ffd9c16b0d5c6045b23
e203c24,502,3,1ce7f1b046036ce11f31ea27dbe947d89137fba5eb617cb60bef1c9cf447f0ae
2ab58a5,502,2,8867e17793b66571783845d65cf699e81bc984ce246ba180bb525c5418d498fa
8358b15,502,3,cdce1351763bf33a0b5d68a6a555e0722397cb035a6434642ac78c1e3991cab4
4465d4c,502,2,071580a539b1e2ece143bf6fb6bcd1fbef29d60995f6fb88e7672ec994ed36fb
b4b47b2,502,3,aa06555e00394c26fa896b8d7a1a891e881d970485a9bbc0fa9489508451de54
3256f36,502,2,6924925c9f614a7e8d58da7227557af16ec232c9b4fd8fefc786581a171d4b38
9c2e29d,502,3,56116d3d165964e1821809cd4cc03eb62dc1a223fc48d7b4f2fd52b4d286da3f
0a30626,502,2,fa394509b2f288266da9ebb9d9fae6dd121f2dbd2007fed4ccae03351b665f46
a281c2e,502,3,e4813d2f89a7f06b345dfd7bdf76d06d491adf1c521b58385861f8ece1772271
09df111,502,2,0a3c01ad3692f56b8b297fc7682373cd453ddeb564e103fa794bd02f0a82455b
c18f44f,502,3,af5af4cb1faf4ba632c331cb664ecd57b3d01bcb03fcf05c1702e61237995717
72b76b5,502,2,ea759387f405e19bba65ee53dc3958b96f67efd0c72560ed20e2da8141bde7aa
6bf05a5,503,3,6dd4628150ccd2ee369a583d5f7acdc38bff15c1b90f662157bab631cbddba7e
1fbf8b4,503,2,5a0c5e377359265f1f0e8b5d070d7ec4e275c988065850c9072a81e0552530f8
8945fee,503,3,43d7270abf8f16c6c2ceee7eb2f601ecf17e821089835c9d92fe007002f390f8
497e049,503,2,253474aee5628df29f6faf78fb1730820f4fe5516c7aa4c09f9dae38018b4db5
408e427,503,3,cbbc263f11f08b6d7be312fa9a09902e9629503d7ff54c6217c08ace7110a5be
871b8f7,503,2,6f3bbe7c863e1f0fc58077ce6fe661a122f6a7d300ba81f13bdbd3972f751dd3
e877365,503,3,7f4c8e19721d9fcc9c79924cfb75259b1e2b282a7b01abf88894d943c5f8c383
3c7a135,503,2,8d4dc113d9edaece7c8d105601ee86bc8cff69944b9b09d76921c96e7110c1cc
9ed9135,503,3,42331e02d90cad389da7e8be1635c9aa66afa3f5e17b8564ce64f14484692224
dcfe25f,503,2,a56d27d6527cb983ce5be3bfe128aebbaf604cbfc59c7f8406f1e14605c2bb6a
6583a7e,503,3,a1fb8f1299e3988508f8d2b55ff0962d0a7f24aff9e8e7ed1ba95c09daf67f3a
310dca5,503,2,2ba86efc9f336ee3eb531702c8994d9af222998b149fe41d4608d5a71eae9887
504d063,503,3,abbb802524951eed92dcc57a769672af32b58ed94ae1433db8aa3ed02d90ad48
3b223d8,503,2,08723d3b5ab79175a7386ba46939f7eb3d1fb98ca08a67c6dce41fb750a42823
5e82aa2,503,3,f3d423d10fc0a5659849d01ec8aecee8516f378a67e42003ff3d468a02f6e9c9
45b937e,503,2,995d05cfdf129faebbd946561a7272d38e1274a533f0105fa8e2ef6c5cbceba6
37729a0,503,3,3d2d7b4a0bb284ac6407e425138521097d805b1b2d6f7a75e5627662f005c808
ef56699,503,2,16d40867f77fd59c1ed76a7eafc10204548d925c7bc1f5edf5b0bb88eef85303
0f22798,504,3,1438a40ac088ae3e93293f105a4bb0468925e425fe3d95ad2e679275ae43c7d7
268d81a,504,2,3b1ffab234e72bf0c4951f639865d22d95ed1cf9595a8a3b98ce97aeb65defa6
907365b,504,3,0f4ed35657d60a3e42b64d3e62abb11390cf1c3139c4dcb33a942edd25b3fcdf
790efcf,504,2,4035a2079fac8388cf958fa54d1fbd4ac73a8cf854dfdfcca3d0b50ac6560e7d
4953269,504,3,441da641f4046f0314b3799b6107bfeb150f60549656adf64ca62f308e79d3c9
b3bd895,504,2,8dae49aecfa40bf47616530bab9c222fc50ab8a9373cf5cee2c852405474d7b4
64c9bbc,504,3,051723888070a17326a12a82c5942c3d666cf0c89176c1f8b56ad8600289a53e
acc9711,504,2,631e08287271032d2697441cd6b4d2226e9f5157811914e3d192a5e28b62863f
a18c42c,504,3,8c41d24b9d250572313bee22e54f81fa5606237b090ff3a2da8ffe0742354d6e
35edf9f,504,2,a9b87015da9a1e92f412ff7c83a834092b90e5a6cb33a74b2e015675d8597232
45b6208,504,3,1a997901b5d296d526d4b581eaa2fc084956b62b62a84e6bcc49ec5643627a0d
8c4fbfd,504,2,4a2143142e06742165ec8ede35796ac522d8494f49f6b819826f281d94348333
dc978d4,504,3,33679d37eeddcc6f1ae645b897bc2e03be0a361e46be8f5116bd0dbbd528e774
3484e9f,504,2,40e09e26fb42c37294994f83279d6f8f4eec234266d2d0511eaa3d89cffefd0d
8b9fe60,504,3,a30db67a74028fa676966005cf4c32ad56883d3131036a0bb42f17ed5f1a94ff
a82d5e7,504,2,f1ae005a0d5bd5343e8468308148774f566e2cf84ebe2779878076cae4b016fa
919cc62,504,3,0a4c74ef8bcccc6febd09ce52aa7dc6280b8dfc3ce791b31a2189ab9e3095d03
192d275,504,2,295ff56e1f54fecf140626ec855348b64ddffa80f0e056c8b5629401330ceee9
78236b1,505,3,4bb960660535fc70623c14072e61021da3c74eb49a988aedf754f401ae376670
786771d,505,2,845c24fb2e9d625617f5261893c81196e202a749c9e458439328969367c7238f
4a1a43f,505,3,b0c1b2f086b9ce1fb896d57abc94484b0616c9567b7da4e4086073e24388f228
5a8d9b6,505,2,c2b478e7f4e85c330ae6fe22bb46346d25fc21da11cd6c06672228cc3b62f396
f546cf5,505,3,8d2f3f8814ffb8da1794d38f3a9aa6015047e0398f87f653d7881c1fa7e5a883
84d7c0e,505,2,768dd9e0e7371b1acc13a6def716276cc4bf2632e6acf2bfe8a5ded9f186af02
43c6947,505,3,8f99da1256d68923ac493f3f6f7bfe391e539548c560a02781a5f303b19a56f7
5de3eb1,505,2,349f4179fd40feee7dc4708635b7bcd52c51fd0bc1ea1bc5b7bba12bc6a1bafa
83c8872,505,3,3828301961d543ffaf02235daede8ed705795549087dc9e4c6f4ffecb3dbbdcc
4da0062,505,2,f4f19890826b3a1a59aa25cbf94e1827dd042f13b9da76f9a925c73f59b86af2
aadf956,505,3,4a0553322067372ecdc39a14ab3005ace6c5524b9da3506d4be08bcb8195e819
0966167,505,2,0ae537ab7382bbd0d7c4a4aa078f99aa83c8298cb07554a9fbf928f8ca283ff5
455f8b8,505,3,8813dd2948ed6f97130b0a3f60f3a1ca0b9531ecd383bb550ea8975cd17369e9
344665a,505,2,3023355ed17e1a75010e993bd074f7c72381ec73f7aa3cf566dfbc808a3cc801
d08a5ef,505,3,1d012331a0bf9b9072dd12a9284c279cb54920642e8c8de474cfec953df72099
a81eb53,505,2,a5f85743d45955904f70d246c90a2040f67a106817ef2ee06e086f34fd1f320c
d6def17,505,3,9e959d0a66dc92bbe7ba9baa37f715ca19213f91c0d4618a5b5821171a0b4ded
02d1c60,505,2,eb5b134c6d57f091138028c07d214cb3792c89052181ed13b587229dbb29fa55
46ca26b,506,3,c2718ddcc704420b6f5f4344ba926a2e1dea71647e8e6505e485f7115509886b
331ec21,506,2,08f3664910ab41b8747c0959ede552b41de874c1d1de61b064ff3fb43ec66118
409ca29,506,3,541e9cd7366ef3a2f30cdbcb1357091c961799994c95b932bd8c1e4e9f887bf3
3953491,506,2,ad477e9ebf61116d2b36bcf1621fef0724c2bbe1371b244ed6d2aeca99cb05c7
c3208b3,506,3,6326b3a10cff00991823ab135a126e1c229ea69ab44e7e1ff9f32743ea15167c
b902f23,506,2,206d7f2acdadc62b064ed840b4fa559a9330424ace12c3245f54b37d50816449
4a8528f,506,3,1cdec40e806782b913516abc222fe21cb1b9e4b68465c3e49be7150bc0f772be
b1eeba2,506,2,1bb0309e31f3804c3950caabd8e5502dc6d8ccaa46940e18292a8a16f81c0a9e
68f7f6e,506,3,b7fff6afec60a99dc8cde217fe4c358213b70a8bbe9ba878daf8350ae7ba4c27
b82eed9,506,2,5f132c900972015b470cbfe0bf18c51edd266ab75ba8f7e69ea17eb7ff658463
ff2c0ba,506,3,a098c4a42be543ea79b043d315225c732efb0da3f350da1e904192dc83dce848
6b3ba23,506,2,a774572b94f9f1518e63f191a0ee0697431967a6340c090a22179baa2e27e13c
cc1f63b,506,3,c531ae8ad1b61ef1d71c5d5d184918e32fc0514842201993dacbbd7863a3d0f2
456dad6,506,2,ec1cf2176f21e2c95c08c936df7adf4a85af2d1ba686aef411745688c7024952
bd4db26,506,3,809b3f5c88de492525050cbdc99dae40ffc6c0b608ec66ea1fbb3102d355b2c9
d4f2d1f,506,2,01224b85a023bc2a6348504b0d5072d58314568abb0fd3e5fa290b1da8025679
0040e27,506,3,558bf8bf874b67ca0d23f1117edaaa1080a8851855b275e320f4a8620a4e5bc8
33e61e9,506,2,d80ebd062b64a746a6d4f15aea682b95dd1ec9b4812853a068b2774b1b84ab39
e9928b5,507,3,1020f26cdafcce92ab5b2532449205673c4b806f473b49be788faadee85d144a
b4bdae2,507,2,4b02d02aeac55bede4b000e882f54bb5e46dc14a04ea82c8e31288daeecc6d8b
f542473,507,3,e493a9a8f0f25ae4bd8b19eb4b7be40f876f5b051f0201e0be2c8bdaa1952e8b
766bc64,507,2,0b66a89f02effc162c5e3de396192be9147f2719b1b85ba4325e4ac5c9f0f4f9
b3e4c3a,507,3,70b84ef2ea6411a058b436649973b8cd98830432778d6097583dbd9b34ba31db
22ed7ef,507,2,8fc6f7488f97a0f7f2dafa701b7f18ca241ef454c28efc836a46361ea4e370d1
e2c2e20,507,3,49f88e619c3577f0b96f1686542eb3057e60cc30f890b3784e56be30bfcac9b2
920d8da,507,2,b8178ce5d1924ab34ba250f130b1b662810b942d1a329de7caac93056e596208
1807be3,507,3,c39ee08e8d75883024da467906cc2b86b001497b0db9cb1db19fe2859002caeb
bfb525f,507,2,5778599b74dd32be65bc6ccf9d33c1bea8c368ac2e545ed349a47ed99ae4bd9e
174b49c,507,3,c6ad05e7205ef366c4cf03803dce466bc7ce7dc58d415c3e3f4e5f672318ebdf
59669b6,507,2,2bce74b56f528ade6a76693d3b03640559b3b016b01c9949ae9009b188da139e
6c4d482,507,3,bee63fcfc045b3c37bf4216c04f86fdc97111a1f42364797f1792410d5df52f4
61b3999,507,2,6618b908864a2e184d26162d875416360b55ca57201a0d5d6bbf7efd7f2d84cb
19c4c74,507,3,c611c7a3a5314dad1445d17ea6527a544c9633729f5d790cf920c9a5623950f3
fe92183,507,2,ced516c1c771b0547cf4ee97e2740547594b2ccaf0fab13e37cd2aad2be31b53
2e8cee4,507,3,af88ef660e8929356e3a7bf2b4147c3667016fa8b2ed583da6c35897bfe1f37b
52ebac3,507,2,8d319a4e532bfe1364e0d988f4e081f176ad8d7eb74b96186fd736eaee0aa872
4eb357c,508,3,cc90e1685d7027a445079aecda42e8f80798f03a6e1aa86b222fc211aab46f9e
59f4b9a,508,2,4ddeea16454351422de6585bb6db4a02668ed217cf0504e3caff0173ca132822
a2b9bbb,508,3,776f4245dd03ae5ac524dad465e5cb2f8a2d8c2d2124fba1389cb4bc49e50516
75abb10,508,2,f6a5719bd434f312a125607d78ee83dfbcc4e0daa2e592bf302b6452a59b68a1
44e4879,508,3,876a1006c57e9e06cff650e651a888c11204592555cbf6b9a55516a0c24cf21e
30d6bfe,508,2,b068752111f7e6d1fc0d5af3cd2ee597f300a0d357aa7f1e7c37a1c558ce6eb9
c8ced2c,508,3,b67280b547c0025d9c6ac5b82ada5d273acdadabb18083a91f87ffdb9a4abc72
b5f6a6e,508,2,df617f1b102af47d77ec20ee5d6874664003dd4954ac8a97816a39f0ff4058e9
1193d27,508,3,44d3697553cc14cb3f331c2fe1943493301ca65c4fb6ddfe0e8f19c922553151
805203f,508,2,df6e9fe8bcfa1d8c9d3645f9b352ee452f6555efbe589c06a5ffa3ef56ba71e4
c72e753,508,3,9291fcb1c4b03c66e89670ba6730aabae940a9c63b24be0d66db988eb9c05aca
1d14e6c,508,2,0e33a3605ace29afc699e7f9207bb507724a7673947d8d98f3df813da0c0aa35
9940cc1,508,3,322f7910240c5e42249bb751ac752bd169f607a592a49101c2add8dc259adcf9
9867a99,508,2,13795e2ebdea6da22d7573f447c87f950f38987e35316bdf1e8d53abc289a0b0
3217d6b,508,3,7c7845962c8db534916dbfbc2b75cace26ce276ae2fd00d0e6b1ad24dd42bebc
b629788,508,2,5acf9202fa265802c05e7f9b24245cbe80ccf7e8d544dc191239e266fb3648c8
668973f,508,3,0ec6cd1117e06b7c5b63ee704588d8dccbad7bfe28cffe90bfab8d846f6b58c3
8f3c920,508,2,b7c68d5a48050783f0b033c070a59f8e69ebe426d2208ed2983fab968e94b235
66ddadc,509,3,edcde85c9512874647c7d00e027a8858581d6e99429f22cdfbd0c95b0097156b
61a90d9,509,2,8bb5d0cd0719b4c28fbb0c9769aefde47c244b2fd720633ee2828f8a9d27b85e
2ec9e00,509,3,99e359219b0e4d0e4cba2ca6e49f8c590ce215c9474d7d2800d9afb6da4d98e4
ade71b5,509,2,eecd0ea2fc70601d04a405e0376845e70932f9e0d296ff1c884d64dc9e85b7c0
aef34f4,509,3,9ec6cd13b0fdbf0629cbb73be1c1326980746858c8656d1406f0e9a6ab7cbc08
6d87001,509,2,b2fdd9dbc2ed4e33eade4998dea87cdc14f6a6e1b6c431064030fe7e380220be
888121b,509,3,f426207b080312512a52fb69b76e0be925c7f74ffccb252c5da4eae9a9804c79
e608ad1,509,2,99619dd5d4421a60db5512d728ba557229149838a014fd5b4b84afdb00bedbc8
eee5716,509,3,22456735cf08478ada9a00ad4bba4ecc432baa82531b005b3bc2d968e791f699
2630ecd,509,2,4d423cd5d96bca8df4b1168b0e8a70414d5d7d9ece0917b1fc1a452ebec993ab
a738aaa,509,3,a7f46120b7e6c0285556c57e06fb853a2727720f908d815960dea925acc25b41
3021d47,509,2,b310831b384848ff137f70d0d266285daabfac0820395ee3d810f09c35b64520
9a84d5f,509,3,53d342abc4d0d8048766785805bb4176ba259cc4e86f4a3d80c3ac2a81e215fc
9f804bd,509,2,a762986ade06b00b3490e0ee1d5c8d8674ba3b117d56d9cd1ce23312e16dfc4f
e094603,509,3,5b1d34b3653578749c3d9357f8dd5daddbc95cf827189b0547aa5932efd46844
274d9d2,509,2,f89a851475e18817e25a9807f7fb49f7e46f222e1a26bd27db3b6c92c46efa5e
415c292,509,3,0a316833a91c4b22042de09294d6580e157163e055275dd74e312e9a3c66c1d4
b9d6f74,509,2,72110a12a09e65ec8de799c53fbe0d56acf786fc6909af7e88d6aaacb273654c
0c0eeb7,510,3,f3fc9a6676eb8ad53197a2451371b3742a780e5313de338d2fda19e4baf7efef
cc77ea3,510,2,196bd55bd91e040ee1e59f71b5e4404dafece17ca4473ffa9b8b1b1822e3f9bb
9b6c2ce,510,3,239d81538c27cda0934034a8b3d93fdd2adbe103014dececca716c509cf35ba5
b12bf8c,510,2,9352c306f6c4d3f6c7de9dc7ea163c718b9a496c68633246e1f5d3dbe3f6304d
405f294,510,3,22635bb31e86c016dce15bb1aec3843f79b9cc2ab52186fa5a92096ebcd3806f
31dd5a1,510,2,8b70d82c48126e289e67680354ed7009622b0bcd41eed11449fa391e7a4f62d1
0de82fe,510,3,4fcc6960ca72c5fc6481d6029f77c4665005fd0d4e6df1f4b85aade50672fe05
0dd48cd,510,2,ad518605785169f7682534cc28bd1e227714b901cc760efe2705576536750365
40ff095,510,3,717c1861f115fd47d7f71106dbaacf686309711512ede33f7faaa938094d8710
75cc5b9,510,2,bf3c1c138a32919afc6c9f0acaf4b57a35bda3092d2d62c429dd5c059a2c034d
5e44275,510,3,688e3b96db1654bf760f448b9f01ddebfbd602e72ed766a3313eec5a8e0e8868
e72a879,510,2,f78f71a435e3269ca0a52ef671d716c3a32283288fc16f0ce60eca88f0a8bbce
2bb20b8,510,3,0f058d6e1faa1ca295925bcd2a907bd9ba235f70828786ef96c27c4bbfeb68af
32f4d4e,510,2,b35fec7f2eb595a939b55a5e3c48b9575a5abf0d7cf398adffc6d0e692d77038
c61cc1b,510,3,a90787a9509f21f3892a7367d893261b6f06ee82c26df7993ada27c0c56384fe
c9d93a1,510,2,5da8227b2ef067b804270b64ba74db92a2ebdc96048b1f5db56980abf9bbd5fd
70ad9b7,510,3,3fc5154bf62d326556904f1f38386807bd3e844b08ba4dfb548a0db3057588e8
ce714ad,510,2,74dd69b2a7e19a46e6a886aa6a5960b9f4cc46aca5c98d2bd88d2c0adabb13bf
b051cda,511,3,5e3231c5ee6216b5e29afca8bd462d4fc0cad83bcd71f664ef1bf98ecedc55ad
4f951b4,511,2,63b64c3ef37b0172fdb88b924094811616cf602426844b888012d39526dcaa6c
2d8bc0e,511,3,e66f7a6618fa1a88f1c0c40370afde7869add3950753ece1078b27482385f9b0
795e183,511,2,3b1fb14a193e37a63496fc316545776790e7c74eeb1aa46034a02ee1fe1044dd
af570fc,511,3,9ccd55bb54746503424cb33773d76fca60ee68f3f871ec44bedbe83d8c987765
320475b,511,2,2b92465385dc23dff2d0a4eb5d58d90c4fd4a31860e2a15a46170ac387eb3da7
8dd9681,511,3,fff774fb9b48ff8d0b70b21999bf2eb2c6cff7a9b8be0bee712acc8e4482b32a
9560f32,511,2,b6a710e3f0739c54241aac0aae4799476cf592c4b51831e615ee064ae7bb0dea
89a47b1,511,3,26b2fdc0d91de2e96e1a2ee324edb3730bd4844e0f681164371cc4151043fb8a
5c39595,511,2,f7ee9a2cb3a467cfb316326e65d461711827b4fd232a71e96c9a0742335b0d54
289b64b,511,3,04a518d238e68d8b16c90f0b4619e5776348a5ba72d4a7d19644dd4659a355b6
9d7bddd,511,2,fea2d9697f3d0a71db470b7e63a60c0ce12eaceb3f48085384775587f39ecf96
7b190b5,511,3,eba8b942b3967f5c64cc823baec6ec9a0831b5f897156d23598380b5c621c099
fa35821,511,2,5f66d37c3315cc9666d78af2df79f3021f0c30cb339fffe8a5b66b0770753dc6
1f1e073,511,3,153905c453cdd5d74da9c479261fe71685f15464b742492006a78423b58801a2
8435ac2,511,2,5c6e0cbc91b1df14c28d01d5a2179173c3b3dbd099e0f0c8d403fadcd547fad0
3a79c7f,511,3,e8cff68e505cc08a1f4e76ee244b7be9e543a051feda115000ab2f1261bf4f7e
4ee39a8,511,2,dd8acf9d381262f62d2f15f234f40098f7dc80cec3d93bc2679f425e6732f146
721e694,512,3,fde4b1ccf8f48b46c53cef2271a9ef40cbb4e6fd25fad903643c09a264a9cfa5
ebbc97b,512,2,791223e1ef85906e27a5091dc0e5e87586aaa6e3f62fc12c337acc8338631e41
0926d5e,512,3,365ba6cb92c67929093aae25b83d0557718092e84a4f78dfdeb759294fd248a2
77de1a5,512,2,c02f1e7addcd9ef023987cc219853621a2ca4acd7486c3cc300c0ba7e439b626
6e29e23,512,3,e252f6212306d390ec269959d0b6e6ed915da8e4d9202f746891f94e39f9ec6e
cd4cff6,512,2,586a301cf13d156b714a7cea307c6da4097de60e26031d2324011cde2f803746
06ed983,512,3,d747a04b101d63961582adab218585f04dea0c16c0c87dab20a357b01995ce11
512b12f,512,2,206190e7585038104051bee63d1213ae404347ab9e19dd6e5b29cef570eae3dd
7242039,512,3,f770727b2c64426b0272b587c4056e83408fd3b8ce1626aa17bfd819be98d1ed
3865c55,512,2,2f8b39e339189dc6915330ada1bd270b7c3aa2b4878399c501bc0bcbb42e0294
ab616aa,512,3,8db1bd0e552708a43c3d7b56ccbe903adcc45f765c7bae3658da704fe6fd52ae
dadac5e,512,2,53c995119d3be82fea10bac0ba6837d2384fa20c41dc02df58e121363c6560a5
2bfdedf,512,3,f8a1f596e2e13a8cf0506abc97991800db986b8e115ad89346207c3167338866
43e4564,512,2,e7456ef58813ba704548d2b20bffb83ebadbde8270b0dc546bb8865b97cfb5b5
a0ecb4b,512,3,aff9b125784b5a73e6f4de4c7db618fcb85988ba63b295e2dce84523e62ed52c
67990fd,512,2,3c04d3f2d2d607ec81961f2178759f6f9d95a5edc80cd0f364969434cd103ea3
668213d,512,3,26613ccff24b41d22f09579bbe04cd0b5863bf6b2c3e8847b018f48f62be35d2
931145e,512,2,9be5c4884d43fec44c8de918297d0c97244bd6a63933d65579c105614421b5c4
047a377,513,3,4c495180a68ee09211c8a9f53ca463896e4e075e6736c86f01f1c0346ecfad4a
c1957cd,513,2,fd99b315b84f8d3510d400ffaece183d48cd67166e9feda9257c590a61d33349
3fbe68d,513,3,101d435eef4671e9c329c6ed70fc6442d122541d97a82ea510500662f2b4c046
aebe3cb,513,2,cc08478f1e76d697cf94ab02c6a5181b59b732836e890481a519e3f37377c797
caf6416,513,3,ab26e4e0199a1483a1b97dd8059f63dd367f36936601fa4e3dfa9a3927cd6680
6bf0065,513,2,01316adfb34f3b59038cdd84c10e98d846e6037f356ed233f1b0f27c2effcd5b
9d04b4e,513,3,4a2ffa0c68fc7281aee9443295bb6ee4d26a04026f5a450eed2c6d675aa1634f
4eb8fa4,513,2,c65d9080a44e13206f196f5ea80eb8eec0f3a01df77c1ba66b6d02270a2b321b
8ff1420,513,3,513348c4f5bd61eacad64e533b161114b03a6c8a7eb0aa04cb8f50613a7e5f88
39d6bfb,513,2,05afa682d36fbadeb3cf682de0f27530731a1de940ab3ffbe85094d39c2ee342
dbad79f,513,3,93771bd39f4349f570207ffad9daf03439ba8378e7200ff5fbb63ab832bf6b99
725dd07,513,2,469cb991824795cf550a0368eadd5647b98f06419de4afe497fb5e759d384192
2c90891,513,3,11784dcb3d304857bdb8d380297e5a0eb6107a8ac25cc21b3b7fae361a02a2e3
7bbc704,513,2,130ca1a215d4b85322294679c850a07a1a1c6686199ee658eb398f595f70ef6f
3077554,513,3,f3766101e607f846ffe4f0edd49758e02c56fe7fb9176fd1d91f091241997e62
66a1a71,513,2,103177b8b7c35aabd80150e9fa98aac99f008091f54117b51fc2526ce959c202
60ebb07,513,3,a84e2f7c867883eab2a89019320187fde0e9dd424e9c400cc00f8719b37f9afe
91b2f7f,513,2,2141b190344c77f4558764b06e50d57d2cc1c06c08c4ba54b83c4bf8c93dba40
15c7911,514,3,8299fe4e2d03567a1e904bf949926f47f0613e8b8d621aec7748cb9289bbde16
6d24baf,514,2,8aa009e89178a9339cc9b417927cb06ec9be7024ac62c35c998cba0056544bd4
bfdc096,514,3,3f0ceaa33c892564738f21ae119410b5569391f7c31fe5a0caa870254047a613
deaf9d5,514,2,b82df7304fe093d8a1095d286bb1086414bf3d5fa9311105bcfe4281c4a12235
34efe4d,514,3,8ad0f24c26dfb11e737963fdc518cf17ae614b8c3510eda931c9c01fe2c5d951
6f4d54b,514,2,0e98c6ee658fcb071c424a012501cb56812332461863e55e5eca7203fe69a865
1c8b117,514,3,df64d5323cf0c03a10f7ae0d94816bca4a54e0dd9df36bcecb922b14165016e7
07a7832,514,2,86731bdf5fb1c8638aa6d7fdb7b52beee4520c9b87d2a5e5b5f6a819aa3e48b3
7ccaeed,514,3,9847c439906fe8f0cc4cc3b2804c9e07ebe8ae6664024cc843e18b6651c64267
0b4b11b,514,2,e59b9a17c0203cf60677168cf6463bddf8b1d90ebfea4673612e0d1e2f653c15
8fe2c25,514,3,6bbe04edcfc05bc81ba2f17bd5c835ae92b382a52d9ac09af884ca820fabb59a
c963397,514,2,27ec45a8fc3a75eff7b56668b1ea1bb9092a4625d9fce10c0ddbcf9909ba1240
e476e48,514,3,9d5c78f3c71eee76087eb679d1fc58701b476304d631c69058523dbcac9af003
a1c6553,514,2,7b448f3c790428df2d3e2ce81ad5fe4c47cf98778204e2eee159f97df9e4f22d
f28233c,514,3,6a2c74c3221e724f37f1bc2b5b5e0a318c8c19e72c6b42beaa5d8c84ba7fb2cc
a8d1c30,514,2,ae1ede9a9317922e35101251b79a6f3aaea2622b54b49f06b3ab750e74bd70be
4d5dd3b,514,3,ec2300e4bd7a8f4e118b7ad4a02ece8f825f428c373402203bdff1d318869104
efe002a,514,2,fc97f96a86305aa34cdb8d8dc57c57c2f48a381b287ba5a6ac8bdedcf1677dbd
905684d,515,3,b14fc164afa3d3d1bdf97f230903725cf11803200db4cbd66f94b02dfce35eef
1445aea,515,2,effa9627c683ca3a94a6eab6ef989a5d974b8577cce343ba14f328088e9c2148
96addd4,515,3,0cc9037e2d02b7791ffbda701032bcd19a6c1932356dd03c64387bf092e16891
b4683aa,515,2,206c7dd17d103fb3db36df0442fafdf25b2d605392a2eb9e54fd354ff1b4f6ca
5c8f28d,515,3,a648c93613ded4ce4e3a7a1a14b4936045d6efb1b0c3df691e7a0b28a0c47bbc
f54a011,515,2,99b0829a46010f1c87fbc08b57b6e6eebc5b3cfa90dbe13281d274ddcdb76e11
4408d03,515,3,d72b014a3dec888397448de7fa9678614665211ccdd057444894007e117b21e0
ca26a6a,515,2,f85de028b779d3aeb101d4d922696e72a7f961de4728b59ef631c058748a5647
27382f8,515,3,866b38144ea9eb5ae22629eb35d12a13eb038f15db9a50f76a0339b566abd10f
8a469e5,515,2,8430bfd013707832a0faf65128b1ea4e7e21cce771b0041dcc89453c2fed673b
35852a8,515,3,406ff096cc35baefd699de0ab2f9ac097393bd3922c51af06f8f40b6664c034e
fb46850,515,2,e3902211147691616f919bd01967bccbe15cbdbc6b16b5a375acc0c37806a182
f59fa4d,515,3,f4e0df7e4c9e6f3fb151fcf135a4a8d23552d4b4223787708530cd3a98ccf3dd
5083ea0,515,2,e61ae28363957510c74ccd4681bae272301bf852e61583d16174d01cb4c1c20c
7a1b4b5,515,3,84b56590fb269c2a0065ab9bd69293619d86e53e95af08e1cdef4962c9a7666c
1f28e13,515,2,285d61c3877da2aaa50c01c5c2f142f2fdaa7b1fc6fb8991bf11d1f55f80ea97
9e31ec8,515,3,965efd87295053665820254e17bbb010ea08517c2ea4ab3a66fde2db00719bce
98ea16a,515,2,5bc75e451402f37af126616d9f0473b91e29701909254d1a979697812b546cfd
dd03fb4,516,3,80c5563c8dac144de9e5dde02a826d4bb3188ca2698a2e85c1e4a0c3412911a2
bcaeafd,516,2,60a2989f0b27304f9e72dd9aee13d0fb6255a82fe350677cc33b23944d728f5a
674351e,516,3,94f0ced5265eaba8c47a9c6a5ea1252b76d594ecd03614da67b2a786395128ae
591a352,516,2,8216f2ec2a10a99bd23416ffb493fc4b5c576ed4309f9575114405a70de0922b
ac199a9,516,3,eb9b70be5016adcffe3c7defd22b18d32ce01ef6d48f867457fbd026a9bf4460
0c13438,516,2,28d3dd39effa7228510ae9a893d5fe8e9ec0716df8c46953f6ef0bc4984dfb83
74a0072,516,3,44a3c931c595c1e00765d12d96e652b4939eaf637a8c27f091a5d8d1e62d4775
47ba414,516,2,68f543041cadc540cf34a308cec469382ad3fc874723aa0cc9f8f3993f1008ea
eebeb6e,516,3,6957e806df728c17f4efaab1fdad2b1b69d56ea0b3d1e8334887afacb814633c
ef602ce,516,2,5cfd1b4a39c11170ea9a78db709408d0003785b584f954c41caa0931de3c6c1b
289dbd1,516,3,e4690d91d66f18194c6f8a52805e16eea67304686152ec4b496df67c885a72b5
92388d3,516,2,4aa74e2d9bc38d28218a0c5d991ef3ef78b53095670e3b71d5fdbc16b9ee09f0
5c45f3a,516,3,c93f3ee637553657f18c7d8fa35c6efe9b77b25af3bdadab7379c400ff662ee4
8fe0875,516,2,dfc61ccb740d62af323f11ebf3feca96cedc54785f434ef3d3999d80e6b2afe8
4c772de,516,3,0c8b9158b3620a43fa858cf87ff671d7e9e006f405e363a8942dfeb0f28de775
68dab53,516,2,963410dc1e2e88032e75b15665ccb3e1be58a4e33ee62b7a5bd179a95b3a944b
2b83b27,516,3,b1a0d132b21387446f459d67cd053ced632df33f095cddeca03f6e622c4ee033
f193c87,516,2,23b3b94605e22a65dc210834fe1caebae173ae60ba440bf37af409b3dd72c8fe
5bf3f75,517,3,3334124601508522980f6457ccad25ca49ee4805f54bb82f8bad3c74ac3a2fe4
abb62a3,517,2,90b83d544a1ab27759f71103d6cff712fbdfeaeca265493a73efb118951242cd
a2f9ade,517,3,cff0f8cebc4afc6c74f8991e375d4b1cd8c31ea29159fd59b646907c7e91b1b4
04d0713,517,2,606355ebc2ea792cd847435b71b27332606673d9f8862cd9324aa2a050903550
9fbda7e,517,3,cebbf8b1becb5a0b890b821b5c712a6da68e104aa5fb2d300b7d76417b716961
0bee92d,517,2,d2232f40598f4e434d86276d921b6a3677f2f3efba77302c9bcfbe5b9caab52a
a38da1b,517,3,4f48f2257af3f4845a64e936809d997a41f992897a0d984c5f84bff94dd208c5
e85ff31,517,2,0cbdb4e8891fd98a436fa167169da9706c038c94abc45178f768bb5db94377d3
ba2fb55,517,3,d80141d47ecfe3c056ad3f24e0d8ca706b917120d14f12b7c65a8bb9d15f51e6
05508b4,517,2,66dd66c05a91632d0a0018619aba0fdbf23837d525e0a62638a01c7cc9621ff2
37d7bfc,517,3,3517b07041b8bb1573280a6da86808bba7e76e5ef9a96ff3cbe43833efe6fcd4
e2cc716,517,2,0b3986c8926c39f954cb0f1f4dade754c4f2bd47c199ffa59bdcfceb77d0e515
71c12b0,517,3,4e29c65f95541c8123f33461505f0f70c658d2e7c7679f7357ed793ef647042b
413fa86,517,2,aca725c1b0faf93a6ac56092ee9b204555bc56af24d14f4ccf24312acfcc38d8
6ba40d5,517,3,b52844dcb700f70c85b6e5cd508c72fa6a2a860c746481395ba5e5d3ed578ac3
8c28801,517,2,15a2ea906641277ae8dfe505e6fddf8132c6d22a350c53e1b9a7fbe219751a11
e1554c4,517,3,e60b46204ee6733abd4ddc49195e5df4e43e59ec681d231736dac069154a8e9e
4e3760b,517,2,fd53d05029f3ca9062f431afad40ba8348d8b70a1ac3fa6e5ef8d16a2d5be47a
0da70c3,518,3,bdaf9de979f5041d4138ee2087a9f0bc649b3ffd74e21d429eda13007e7b6679
2a26e9d,518,2,b8595241176a4293f4458f92c1297a7296742bcaeb10fa14424da4ff17cd0728
6bb7c62,518,3,4c477d4f67e010faa9f196019c0ad6d430f8d6f62dd7ea32aefb6205d158b90b
651a702,518,2,6b7f0f1e3e4bc4b500b41ab3906189ef62a5c4f4f24451443fe0f2a9a0237500
aa5c6ea,518,3,8e24c7ac14355cf41d91a2cef832a822b33192a0776ec8f3b0bafb445b4554b3
b969335,518,2,f2fd3d6fe3abafeaa271fee8c0c22d54cd338e303c6c2a237a6f13720a0a8ba7
73a8c12,518,3,ceabbc53fe4fae03eb063e4ec8d18d688caf1ac774d430cad6fd8b46d06ecbaa
02dabc0,518,2,5b60311c085b3ad3fa9c6fa06a63a863f51b730405535a9855fa6a257216642e
d683a92,518,3,a829b6edf991e47db262b052a3cdc9d3698b7af556adaae2d5146bc1bcabdb49
c167aef,518,2,d767339efd8779064756bff81388b4e1d7d6f37aae4d30f03e9388fd0407312e
f006607,518,3,2c66880bd43b3c129aed451ed95079cbe0cd71128f3ea40cb548ee2afc3afc1a
e7c958f,518,2,eff1f60d4885d25e84c8552e03df02c2acd4e7ce7b0b294340349df84fd8eb1f
3785422,518,3,ba0fcdc371d5fa74c418bca4d3c85e9e0dfa9ff69845d8e72062731682a5c4c2
706657b,518,2,0adcc1180642d32725e8f1406b4cfef7df6b07f86c7e0d47b0d969b693239081
9a24bd9,518,3,1745837ddd8014bed29b2a4b127c29fb8ddfbe13150ff06db6d14e9a700f2665
265499b,518,2,7314b95fd2faeded416ae9fcef16301dd4dff1db6f5770bdf785bc132a02bbb2
54e201a,518,3,e80296355629639b3b215ab5ffd901a7265705252d3f120a7c87d0b81d3cdd57
d47f566,518,2,55c33367798162b80f70037c2c1b1c5bfdb71e4300fb9a20b8ed1eddbe4d7ed5
22fa8b0,519,3,2003de2c1c6fb1348819522bb266436bc3f4ddba1dea9e1f7901f3bc745e8c90
8882d49,519,2,2ddb29a6ddcc058865ff5d12fbe0cb8f9d7cf89dce7820b4b9f69f14a0239c15
9ba7436,519,3,6a88c74e703dd9beee00641a99dccfbc8f05f7c9e1e0453036c6dfdf14de08e7
dde6f61,519,2,79435debb05777ad7e67542fd67179b81bb47b526f5902fa0ed00e89d7f4ba9a
96880be,519,3,76ca44e5be43de3206211d0dce1ad02954620a8bcc0e10fa5cca8fc7c03817e5
f527045,519,2,c2a2a8ba67ca5fc7f2978b3fc64250f608e5e30cea924da9a8b1c2cf92f2cb3a
5d86b93,519,3,8bdfafdf95183f9d3bc63e46be1c666394b4603edd757137a5bdf7e12d1e3544
b05a300,519,2,65448f17854cb8f4658758d76ef8e5ef324e47f2b37884a410c24d5bb27b7e7f
774fcce,519,3,cdc1780064d5d388f049ff038095c2c1dd27bb3cf074f198b54df0236bd7fcf0
5d7b1e1,519,2,68b3c41985d193a78d6c156f5fa65d033d0d4307df2697cd704fc63a2e5544c8
481d724,519,3,72da90f6e7f173e8011a12c8a1cb20ca912f0732fee3a3c6fc36d8b87b21e41b
9b719d1,519,2,c838fd40b78d8b05411e84b7fbd8bbc10ecb6054e24a275b523b7e884e8bfbed
dad855f,519,3,081e548492606bb437d68d4967cae6750c829ae52d3dd95526d822caef331f18
e837edd,519,2,928daad8cc709c4d0bfce599574b062bc952bc44251b9d164ae4daf0833071a2
76e4447,519,3,04596eedd749de42f87e227c52ce66e67f7ce71056cce374f54795b104e33ca1
d07ec0b,519,2,90a68f3a5c2517ea5ab4b14b6281d5d190c0d530c7e9d4b878c4f60e7a3b456c
d50b813,519,3,865d4dbb8311528680ced2ba534abdb9355be9df8d876109f3efaa33c9a7139d
592c884,519,2,8164856649b16982ae07710174bcbd6a12dfdd4642a18473dfc00de51f247001
d3f995f,520,3,61070a5d9186dc6c3163bc2c2c448893982f442207db82250b33060fb33e678b
0ba0895,520,2,83fb751fc292bfc7c063eac4961a995d569775a1655fb9732b50015cefc6fe89
ba867f0,520,3,bfe40a80d49568b9b3e370f599ea633dfb85d891349abba7d0dd2ac9e4973f82
a549027,520,2,0cfb4e3643a429068eef45226052022e10d011e6e8adf4de9b518f07fa196a77
4603408,520,3,791a7ff8897ebf6b7adfc7f7a2eb967f3f1756dc1cac5d78ca443e662c61eb25
1bd1109,520,2,f6af40f9c049955ab31a1bbac6b907e1226082a4ec2db2205aa58aa43646f3e6
d8b2798,520,3,1d3ba65d80e92b752d2b503b22822744126cc39781af9b7bffa22ba201dbadb0
b6c2cb5,520,2,88f2ef3ae1a3f7cca247736c1bf37b06a4abc23e28236044fe75ce697d9969bd
f5a3527,520,3,962550ff18390db62da8fb28c30aec6f91dd76260f53181ae421da11fcd670e5
2bd6f85,520,2,21c98811fe34736f80328cd1a49f6f4d350d615b320e4014ba0558595f4a0b75
a3727fc,520,3,25b214fd243376306ee14e652e221fec0e0b532be3fb8b7ee80537974490aff8
4a0a356,520,2,260ead8624bfd845a2420fca9cc86d423106f3c1deeac41571065230fdc864a6
722a7a7,520,3,29a091568c95901d06f8fbf1f6b79cf9f817846727f0a3c52f09c9f5c5fc77d5
4c4f8f8,520,2,402a1a17875bc1c9936b81e55e52ea9fe7e9061f51825558b44e46580711354b
d8d429b,520,3,79c66d50322b88023226048e357b30cb68453ca8890a1e72b70656d53b07c5ee
b02e983,520,2,65b026400f6740099554142ccf7934f3e6cf271b79aca4525d6f76a7d34750b4
03ae0c4,520,3,069c44a6fac6936662481483b59fc54ac73b10e13d2edb6b3220a6efb48959d8
4827309,520,2,2f69b068ff1ecec67f5f181498b54e1326997f6c5136d56174078c80e619fd94
b9d0a53,521,3,1200b02f99caf6ce662be95ca17fdc00ca43105b9b8c1671a5cbabdc724de930
1f98766,521,2,c5976c2971064b3d2ab059166c2ce91337d1bf5a4cbe0ca5e05af43db84dc9d6
18621a8,521,3,4b2af686b558f00da693c6bc1f447194190d4f793c14ef5a60aa14014274ab59
a1f2412,521,2,7a508d9d8e90266f111d8ddb464abbc151799f996e7e3f3cb73925c535099756
100decf,521,3,ee08df7b8c31ccce234d8265a77dfbfff6f165a70cc55a5c00a67d72d5a9dd37
f6ccd35,521,2,8d0f5fe104b54c0b3a8d355b7c570216be4fc9cc2ff5a4ab92e7919ff4a45266
4728682,521,3,8e184f5ab54aa8c939b8ca737dc3307c92b65b3621f0d36b6beb30d839cdcdd5
f0e0674,521,2,734c389ec4b7508dd760eee6b7fb2ee520875c32f386f12c521a2d89ea2943ec
da6aebe,521,3,49ab32f87fd665f31cd8a8890eda5e4c83d1558f33fcf892ca95e018f029efe6
ad81c8e,521,2,c9ee472dc1b08c19f9586ecb0fc0ed7bd134fffb710d0119f57d752ab54da6a8
5e5f641,521,3,d58ad38bfcb44be74e396c4f696a747b6c7227a35f1f0ba19e61e071b1824ac8
21d3475,521,2,aa1c79fac7f64ba8eb769a367a4bc14ce1455317cbcbccbbad8a7d8573d16bc0
01c1169,521,3,c43a6a1d401bc7bf844ef73d16160c109ff391ae1fe5cb8aca51d9aca3420bfd
803954d,521,2,68ac3f21a039ec3c7afe67b72ce0aa7c29be4cbb7faa1fbd03e041c88904a82b
a7a891d,521,3,9301ed9d0c9caf666684ed6cb4bbe6f79d5df7e4cf55fa713923f05d267a8c81
5919090,521,2,1d04f52335f437646774b4ef45f7ed95698a7e55509ab313b27e92308b13d350
135d4e6,521,3,64a63c1691e5332bea5544721d89acc9e8af5e4928a6d070cafacb41bf4f7f90
90d716e,521,2,ed519e6a589fbc4b5eb83feda7550c76bbc28cc56ed436f0d09958e9898c3fe2
7664b2d,522,3,d0ade74e8205b86315958123aaf609f33c526edb8f667f6ab124d0f1536cf08f
d3aaf6d,522,2,7f2eb52c4c1688aab2b8f22c9c687090b7902c3c56f40ce5e0b872a2e078b790
2d39640,522,3,5e3f30f05c36de46a58e8ef88e8f4e03e36adad1f4ca239809d0051ea49985fe
110eebe,522,2,c41cb241e7a91c6c3e40558fad9e0a3e95ef1be0d118bc2b445ac29ea5954455
529c0eb,522,3,e2235cbc896b3c5ab322a2a4a8b6bb8cfed9a97bdece2b7b4dd47d9882148699
28d7776,522,2,1f308b1f8edb391727e2cef355fa103c0b9c8655686da6b835cb7a3f45b37348
882fdc3,522,3,bd748a0b1aaf2a945015448a20e9c8f5e57c4c4ce2e75ea560d2974a741a0246
81d143e,522,2,da6b07b186cd2ec95b902c139d45849a8178f32d179c18739d0e919fe39726a7
78ed400,522,3,62abee1e255c6cd5d36acf89515bfe7f5a86c1519308c964d4b9a0bff0604ad9
3532621,522,2,420140040c85cc8f3fdfc218ca496b7a42a61afce463a8b6b9866300b4ec323b
a94515c,522,3,d98204bf3e18d52431e9e89d4393ca84384e43e88c7444c244724ff4c52c1239
7582764,522,2,d26e24c697b11cff94cd97a588ad7949a851647b8add8bfb8b12431eab312a7c
67f1404,522,3,64eb2918d66e1f72053f0a41e3ad1641792dd1ab6e10ed10a66872db0a21632f
a5afdd7,522,2,b1f46b719e5f9514f0764ca1e89fc321bf8079c7286f7595631ea88fc07527f9
e9d29ff,522,3,cdf2ffb6f08669b76eeaa3e97ce587b3bb7fbbc9b0636e6b0274f791ce198bb6
0e78aef,522,2,452c77b6bc8544ef095b96fd7206721ba8964aceee141481c4e00af8c9c72938
c94b689,522,3,9983f04fd41b69908f51783142d283d641d2119c2248d1218e15d88093b7b1fe
201fd9c,522,2,7e8efd5c4340f6016e738060c5c02dd60a1f6b147300ac825c2d2d6d8f20444b
9407484,523,3,e417d62c70a465dd87c6e0fecc79e0c7406f61582262db638815c8b6063ea9c4
706a54e,523,2,ae50d91fffd5cefd792508d536726d72403fcaae9f4ad5f213575dadf406ee12
273ea57,523,3,c46ecef27657d16f7d35563e3adfbde2c3a6ffe1bfd61877c290860b4cef4d2e
a16a21f,523,2,23da24caa67b8ad68f6817e5a70bf1a8707cb2e957b93df84068a2fbef3bdcfa
19d6dc5,523,3,77bff2edcc1314edd27393b5d3a73a314db7de9ac454c060d8c3ebd3f6563824
9a40be1,523,2,d96c804b24eae626d8d6a62683ff7ebf559bd933f0b6605090333a575eb606c5
d730f64,523,3,40aea353cc16743145b1c723b0fda82956e69cddae80b99066bb473900880c49
2444c8a,523,2,be88d67f5ca9b868d80c32dff26003516dc5d7bb57e354753a1105b6aecf009f
2736215,523,3,698f10a2140b49cb0af0b6c4e85ee74266c712ce112f418fbca935264b94d3b7
6b08f37,523,2,4b6c1ac6a0e39efe097694f1d2af218c6fb20ec3f457da156535748c384e879f
9b3b928,523,3,9e2ef7bfc6fb89bdd7fb82a22ee8212ce18766d524890a3446ec2de9d102e746
6f7f3f7,523,2,53fa95884f946336fb0b58a9a9ded868089e719f9735fc7faeaf1e509a2ade64
bf7245a,523,3,223db8976b70f2d29630a39dc6eb2b5356b725beabae8b5076c9e90b5938617a
6e59238,523,2,7f7710cf0243d39326b80da2ff37d4e5c0146aeb8fc7d8336ef5555efbad364e
3ed7d45,523,3,a12ee5045f89cb76708f0f83d86da4bbafcd84c4190603ca14a5a3abe1ef5a48
88bcf3f,523,2,5a2b190c04559225cfd3d7046d13b7361a28f613446fa55bf58ce2d9cd5fb234
c0c3bef,523,3,f1c9a55bc682b35e7c765f076daba159d60c50550ca52f712a939df1613280ec
8bdeb9d,523,2,6a88429ff1c20dd4a087e77ef0ef46b7d4e7a5ff0948a6c97c64382ca30323c8
b7e7560,524,3,64b0bbdd4d544db91ca51de3daa7cada17b2e30568672c301a66598044ae3e96
a0f4aea,524,2,1c85b48c222bcbedda4b5a67469f924e3ff6ad60e9a73c0db5122b4de72e514d
c131d2e,524,3,60c5fa5983a30039999be0ea797e51614f797385ac5ee7b88367ad6fc57fb24a
3981208,524,2,6caa9c3097ac41b4902283aeeae89071b7dfdfe366011a78aea2164ef56f902d
4a8da90,524,3,4d650e6fcbec0ca4de414e08c818a48a548f7725336d5f8271dd2421031c63c7
a924b9d,524,2,43594be4fcc9f8e5843ab3a9014367dfe325a62107995fb5f1faef5b89cc5a24
7bfc758,524,3,1494bea6cc3f63797b03de5487218c8dad13947db69eb92f49fbc6f9e9204fe0
f8b68e8,524,2,18a346a7e490052ea2039d6aae2f2b0cdb49f4650720f1466eacd0e7a9ce4b6f
242eb2a,524,3,8091b6298404cf75963dbec4280c678f112309273fa730abe931e5e69bc56d81
cb5293e,524,2,970b3bc99bf13e99e0ebb770dc232f8faa6ba5d36ab3f95a96828d8137e3dc3d
5638723,524,3,955fc94ccb2ade95e407ac832b7a847e0793a255f9fa730f2f81731840aa7195
0aefcef,524,2,c1ef0f0dd62210dbfb6fb4a59de445d0b99716a1969159ab5071846aedb55ce0
61d41c5,524,3,553df6e4b30c5c3bf9ca349f49063bb5a76da5380a73eb90b350eb1bd9660956
8db1244,524,2,17bbc222df7fd1ab8d26c4149d49c1cd7088d297a825c10e162511d1e35b495c
e58d29b,524,3,3e943921b2830fba71c6f938e7c019a6b630369f8d0296443da8dfde54e29469
a83b54b,524,2,2a0393681f24fa0b3eff0f750b8898a04664b0d6105a4da2a2d2c314663b58c9
137152d,524,3,01ae3df814c3fec62404e99e0fe4a6de262881f856d546af3632b8ce83667f30
03dc26a,524,2,f460b5507711faaa7e86f23b7c9c6f7e3d540c9ff1768010db18629a0da4a51e
91f9dd8,525,3,f0597b8a2ca550337b7b7cfa9672917fd9563dacfb2a25f8744d0e850c990ab5
43f253b,525,2,79e64bdc851fe8b7b36961693f41283d26a01254a743eda7a7e07ba1775a51b3
52de2f6,525,3,dda1adf3aa5f9b8977c843a59bffa88296ba1251bb9211e76c8c251f094ab72f
1bd9027,525,2,6216e802d334558ed5fddc1c6a39d6afa83653477fbfdde7643e34e1e1d3fa57
9ba5419,525,3,28bb1a5221301d27f27bcaaabf39efec63e73729cbfd27aeed77faa4072e20fd
88a7b3e,525,2,402845ceed4b13f6127c30aec540c47d7a8feaefd85a67989d9687bf68a737ce
a3a9ebd,525,3,e54c2edf9ed4740329c5506ce089a1842bbc632af9ee489ef0d1e23cac1fcd49
201c1ab,525,2,5394c18c80242e53288ed96403f0baae955dc2fd1350ef9047f73e611e985d39
96242ba,525,3,2780cf05770b74cd2763bc8d978d25a09fbdc1750bfe6764e4b18087e2610a69
eafac49,525,2,73027217338d58d7cb3b60c76cdacdb083255b954759beaa905e943c5b9e1c91
11bcb8c,525,3,e1f50b36f3d990deb711aabdf9ad66f354647565468566258f5de00d012a2e52
6fe17cd,525,2,7afbcc3e95c9b6e22606c4654fb2c85a9bb066055861bc672679a81d3083ca12
e27d0c4,525,3,f6ba4831e1363ffbf548ea0cb05a795d88e497c85720002b69f9bb148608fd6c
b739003,525,2,6109eb94476bf8d5ab38cf01022093142bb0a961d3a01a8c98d6f99b0341e1d5
73c5c3d,525,3,991c56ebe310635654c57f90634619e2d03504600fbdbed0a4276015b64ef1da
db966ad,525,2,81f3bcd6e04e8f59c6bb787d2c9b832fb1a2da69da3e1c2e41b50ea1fe8e2cbd
d507c82,525,3,f16aff7250439a7625e5d6866cd7196fc164d40d32695e57a58a998d9b0a24c8
1b99396,525,2,bb20849cdd30d4c054bc3fef14323a0a0ee45c394b0e814b9e019379d37719f6
c6ba9b3,526,3,5b08e5f8fbf2c32e7200f37aeee1a36dfafbc6bedf6f4e89f587f4817508e5e7
7148bb6,526,2,83c77bc4799e85f9c4bfa78fc0966869bfcb4f4d52a55cc26e2d15d15035db49
1315576,526,3,1ff53915d0a6e792916aecb974877179de81f671cc80c235f65e04c98514316a
e66f424,526,2,397135175f09ed69234b5567c979b4e24e5d811fce9c3d419bc2f8d583e5b854
ed18cb2,526,3,f89eff815732e46517fe139c69f12fe687314355ab132bd3ab31c819e9dae0a1
e90721b,526,2,624355983fe0750794286cacce6d682c1783a355e2ff4c0015c455fb9e6eef9f
d9b3f52,526,3,e6d24a616077d6f7a494711e4c09f52ba2bca32c8cbe19594f75d3884477f171
c9e31fe,526,2,716a573f945dda1ecc0dd87973f700861e1b5aa547bf546df8725a3058ec1bc5
9be4687,526,3,7be7de5098395ecc10cdacdac9008c541eb2e43cb06d41f6a2c0a87dfaad8edb
1bb0b2b,526,2,b1d2527b440a203a3faf7e0fa6b611934c8fa84247ea85e958213267b14c7537
1412e31,526,3,c0e57d7a6a76fca4253847f8f33b765384d6d70ca94871a267d8b4da6cd2d68b
f9b5eb6,526,2,38aec33b46668d9044b9414e55d854ecfe2c6e3274c02e2325447ab8c0c5d54a
d092163,526,3,976bac0b01b5b9ed192f07b18610644c3024693608d6469ae6d2233eb543f4f1
89e732c,526,2,0f22fbeb423f44183058a666ba61308abcdeb13a4354a392de8884068c7061e4
3b1a669,526,3,1bd2adca55d69eef4784e50fcdcc90909cf45d375dd04990197fb7914d8cbf46
21100ac,526,2,1fba0f6c77e0b1afd2e0ce4bdecca98822f2cffcbd3661978ab2057f6978dfe1
e98fbee,526,3,6fc30030ecd0ec787c0abd3621fafc23aaba89cdbc48d7908c00e6cddd15d349
1b0037e,526,2,9c857be7aa1d884f45e3f03300ca124937d3eb47fc444c4de2e87d49109a2727
691a37f,527,3,ee72087410940f9eaa7283968b9de372aafa6ff49d02460fd40bb876ee89e296
fcf80b2,527,2,c01a5a34fcd9cd88a9ebc4dc65491ac3f6dd9c2465fab02f85e2ab6cd8d81766
fa3f71a,527,3,e5654dd0a5bfb52f2164e9b4ee315bf3274b58a1e6c6a7a649a5e302b117bf87
d24c185,527,2,f51b698a830760b5797e25e485d79b4b7f5d69a5063895a184632d58be03f241
b8330aa,527,3,adf82470d6f8f9506485c621bf11804833ee491f0e2015da62389f6376a5e2ab
a82fa5f,527,2,3a90b6ce3f6a1ad5e1ae1d166260b9a6b62c08c86fc520117694469bbdbe4e49
6942868,527,3,53e82082201c3ed556f9a86893e60bbc7cdb698bbdb66b74f51a261ac91d0b48
8acfd18,527,2,f4dd183a9b93f644064eca3d93b5d2124a4eeb13dcfc8062cb879f955f31c839
fa3640b,527,3,c29c261e1009c0583882d64769e700aff8a633ae9dd030b37e113e9d15afac66
40a9cd9,527,2,f2d5dbbb2bb01ee72ae33204f56cf2901d8f3336460d5c4d91ba24af1586480a
685cd71,527,3,647d811368a1fdd836ad4bcd1462daf89e6256eed7cc89fd80053be861aba2e6
a884517,527,2,271edcb0b844e16e33808011b3f66ac7933702b198a2a0e600a0c37502fa7f1e
0e54b40,527,3,2272ac14dfb47632080639404e6261451a3ce89b648988a84b751958f449debb
4337759,527,2,85a66b4b4d6f99034046b838a9c83a302aa90da33eb0a91779fafa04d9b03eb8
96b0039,527,3,a46e42a1dd45dd1027f72416fbaeba95b092a5031e1d6d3223f5a386c3778ad7
1eb708e,527,2,5f1a6db0aa822b51b238231e141a7daa91cde728f8eeb21136a2361dd09fc439
b1d8c2e,527,3,758ff9bd5c7cac6dd2f6285321302c1d758c0924c85758b00254cde72d8c1dd0
a99ca12,527,2,046877099b235ad34609dad99228d71ef03950ea94931cd11c73265bb14fcc38
1944939,528,3,fde5f95165a6b65667712fa3819b86c9598ec1ed19d8d26910d83026d396777e
af927c0,528,2,89a7dbd7e5b18f661f2d419cb2c00d3b27da9b333c7cc64d98fdf408a1254049
fa5bdee,528,3,15854cc27cdc40728cd37c00b09f9ac3dc06f88b8b1199564b0b48741cd1fdd7
a58a003,528,2,6aef61c55af744a1f2c76d2bf16b19a0c7a770baa4db65d8ce7276574ad86163
581e044,528,3,880bcba41023ded51eb3fe3190f035c17fd8e05bc81f13afde4cb314db666697
bce4012,528,2,5d96dd76bdf95f7e874d59f56a1f83f6d4c0d6a0fe462f05f841d1e98d921a09
522892b,528,3,15f1e3c217f28b4eee4edc5c04c54fce5490cdbf845d93f2b3008ade63576cd5
9c91080,528,2,14e4280d9f304f752356dd520c9e05e9f48b3bfc3a4ba3783fc75830ba7ffcac
a28f423,528,3,8f9f926b0110b476d50a62696008b3a6d1c003bf27065570eb0eb62c1edc6d43
475e950,528,2,e8a697aff824ce6dc4579987c7e8e04d715c1ab96fb9fad7081c9ac4ee882171
479771b,528,3,c0c9b809ad8f78da6dd6177acdb273a01b14f895b7d0f743ba20790e3c06b9d1
c72c7ff,528,2,574247421168627adcbc39f53bda5100b63bcf68a4d90226161afe6fec8c5444
8bd955a,528,3,fda9070ecc20e8949910cbeb7f25906c9e0d3790c11438659e3f787180373f36
13f1744,528,2,ee83299c1d51f3a07149564287ed21f935367fbd02dad9e7afe1ec810d1e0455
96b41cb,528,3,93c3c480d3fa4a3905dc14118a6f7a31a4656f670bf0ae403feacc8345c1b5c7
7a2d72e,528,2,223572acbaad37961082c541e039ad8892e4a0d2e3651686bc0598881a1af006
4a7ce79,528,3,bac4f0b5d3402d135ec6f9b40aba08bb1f0d6d6471fd334b391930814c6964fd
b019bb7,528,2,a01cc2db0609a6af6b81bf65d8a777bb168a89e9c5e8a825321629ddda00fc8b
031bbb0,529,3,bfeb99bcd77001c5e1cacb8ac3df2c0bb15691f5ff344d64157133e89966a842
4ad7a7d,529,2,b4a338abdfa9010321231b8fed15d88e5304a1123e51b54386cc67df6eea48b4
9606866,529,3,2aa2e17fd02b30959a859a0d387e34750068082177128e25a3f00f5bdd5a8bbf
84b8678,529,2,121b683117b5a2e69bb7d8b02afebc4cf01621e54d61852fdf373383575928ed
f566fc9,529,3,89e1cd94afa48505733c94da1667c3aeae84920ce2ae1647eba0040b6834e551
f477918,529,2,15c0a9b770370bd51a5cac89b686deee616d34b884020b880ffafc3e67d96eac
94f5165,529,3,8f9adb2ba1accfd04c7921ada1f97533f50db1b283b3195a674efe17b6830e5b
1178b7e,529,2,3f558eb3747e34cc75adcba1c9d73b82e33ae2d337e486f624e79ea558269ed7
124b5f9,529,3,712a726c5869ea011713a4224294f64bb3095e4cdfd60b55235ae5fafe45a381
b36ff44,529,2,c251aa5d188dae68a2618580bbd7dec4918e4bd874d956cf8191aae81f329eb9
4446626,529,3,466d0cd2cd3bca41217f792a4f81878f932a001912f9a1936c603121d264ff51
e5e911d,529,2,96ef3eb6862a56d7a823c681d45d5c907b84698a8904712d7660ec4805947062
a253d76,529,3,05685356b07ec6dc2453800d399761d2a5ab2a6c578f62c3717e9760c73bcfe2
9ea622e,529,2,f2e90ac78a6495ceaa1b86ceef1dfc9042d3d6b70b6d98a51a89dda113f0a129
12e08a3,529,3,a6322e0a290c31d544aaf454e55aa73fce614e60085a0e2cdf208e6605a755d2
7063170,529,2,fc9c8f1173e0b791c4bd480a950104ebaf56a68be2b0d43125c8cfff542ed093
3833fd2,529,3,8f8059803bac8e7bf33bb36e9eaa428b79187db370823b399002189ae65324f3
dc91256,529,2,365205adac9ce3244f6de4546f9e553ac97d61a0c80d2244aec60375fae77609
3647ee0,530,3,5cb58153b8a9f54ed160783e1cb47479d4b9f963b87049be8242e253ed004200
ca0ed2e,530,2,6d43018e27da40ec4ba4b887a4dc4dc4d72e10cdfcbf023a0ce6533a87d8ec96
bb0ee48,530,3,b417d88136131c638b1e5caaf486ec00299813c22bf7ceba610d920f298b878a
a9ae33c,530,2,554d28925ad81852195fa1c43aaa6f768e6c526cc4461ad01fdb602a26626e37
e413e1a,530,3,c9bbe6834f16d15931bd6f9ba1f4446792f9e9cd3cfd25691ccc5c4adcd9b496
9e34d7d,530,2,2ee9d14fd7c94b07f70d07d49a7e3f0d759fd075f288f4be7b0e99910299aac1
9e6c4ed,530,3,e5612eecf48398413dddb39fb66dbf20f2c90521c9d51bb4b2acc67d10a4da8a
6fb84c0,530,2,9cfe358f61af7d47d531f7db80917441842e65a44abe1e560391699c9b678a3c
cf6e8bb,530,3,6330310c7a32fe3b631e40853ee83785fd4b47fb94dbd032bd598e8c687b35e4
443672b,530,2,7835940b6bc68ad1e5f50221e54ba4c584754eb0f0194b1af05dedbeac87d9f9
383af6e,530,3,a581e53194a893b6cf8305f8cd25c0e3ec937e55864dfb586138084c860d77c4
1d5fe2b,530,2,59895ab9d38b7010b3ae6dafc4321dd10a6ab04f4174cb9b8408a4575c219a7e
62b5df5,530,3,53d9a3fe82fbd9354d1b30d4dcbf8fe34f61f9054b8c4c54a793a6a600979b3e
0f384b3,530,2,8d0329eca980ef5c6cccc5581823840b7dfd2c77d0873bf0f0a6d30665598e9b
c0d358b,530,3,cdf5e3dcca51cb27c79912d29e3d2d6803dbe6bc71b86108c43d4b041f790da4
adf8adf,530,2,8711aacfaf5c211c23a76e3ab031c668ed05fce35bac29e9acd708522933478c
37af7c5,530,3,4727c2e4e2a0d1fcaacf7b561ed1fea9e4392ba8aa31aa13661287a230359846
6e6eead,530,2,f42a79ddd89a1a44927933781eb370f0dd6f4c5f1dfcf0b18f0b292cd8568344
a34f3dc,531,3,6ad385b1156426f3e60b1f2973377df0c49a11584280cc06ed52e6b2573e69f6
c42027d,531,2,ac597c28f554c6082cf3140a2fd948adf28f7792af9bf9405da36b4df16d17c4
2a785b1,531,3,c67e41e3b714064c23667c465a0720742a693756c9241f165c3273e3422ad2aa
c117260,531,2,120c86e1b5b1d1c19609e5a6dcad40f2f6cf3f0007d31fcdc5e308d920a0e807
bfc96fc,531,3,cb869d6f65dabd1adc5d01b312aebddf994a19444f94162b8d66913c3b6e083f
9b852ba,531,2,1c09bd56a153d5eebe7348ca446afcdfa7821e17b66ef85b490adacc444b1be7
34f9d3c,531,3,f69e7eace6d491c8fce972b23a17275ffc501038e7debe3c1796ae706526b1f2
98bb413,531,2,fd20bb8eca4dab22de40ca3437f1febeef6266665239f96d8845b8c1a3fd2dad
309de20,531,3,119e0db3cd991d669c7204baca59a410eff7c9ae395effc3c804b9f8eecdd5c0
3baeae9,531,2,0c0b731f6ddeb466472cd773d8baad5d78897b302352d66758f49ed7926ec7c2
bb8453c,531,3,ff3e55816132da417a73bb0f0e0d65f5218b907d3249dec9d5b81348dfde0bc7
7a0e845,531,2,8faabc82c5472b3975ad2ec92ce973f3fa81224341a334d354c51d9cf1d6c2e0
5c00e80,531,3,58abefdc332e4e3ce95837fa6f38314d4d27b18688e58f2aed898a35a8790109
9805145,531,2,3bb3baaa77d8ac9a340fba168cadff64bd905b1a88aef29cca8d79cb72cf35c6
b330def,531,3,0dc06a6261c8a2b0db5c8ba0ea0ef86047814851daa44761197dec3b6687bee5
d3b13b0,531,2,49d8ad68ce643f5492c2e39e021a325d614f974febea27bb495523e204b28fed
a44c5ec,531,3,833040f2a8decb1cf8e201f0624f0918253d2253345b043856bb6b4d3b81beb3
7094f7e,531,2,593e1de91a7e11dcbd6eced9c9ab6a13e5961654dd3af09a9369a01465916f9f
07952db,532,3,fc734c00a4edfc73ff325423787999a390fc9c1bc0d031266cd4bf5ba8f838c3
ea5dcff,532,2,67b08859bef85cb0c684875d74a805635518a77fc8ea117fd4d554a86ed4ccae
99d659c,532,3,2b77c636d0be74b5bfca42bb252c3c21611d801f92d301718e70fefca098377e
df2cd7e,532,2,d3c45cd345861583465f9c390972e23f193896066a1e718147613360bfa9bbda
a815b01,532,3,1425a2b7315791eaa1a58183c963fc019ca21919844ec6234e815987d08ce36c
6bde4bc,532,2,93600e3b250cceea42f22e54a3e67f94ce21bc92cd0fca2f758050171fc9a41b
0aba46b,532,3,ace3e404441f499a9f466a0ac4317336d0fad6e3e8675d8d0898c4d05eed5799
10be9c6,532,2,496efba878f238dd5e3f1d7819bea7b2c69240df4e8e38a9a83d67f15e1dd197
68427ee,532,3,2d08b30922dc04946460b5d8421e88a9106f24eaf4bbc06bc5cc12de77f0133c
ed7fbc3,532,2,1e91cd51967c127495090aa34016278d2330146f139eefde87b98ba0b85140cc
1f48e7a,532,3,b9e2794302049a80105bbd1f35ef6241a416e373761ddeaf398ed94b6acb0fc4
dbe4ae8,532,2,0d395c19dd8320354ab90e010550c16ddbca95e0c6ad5f8d44edad4391c61750
06a9fdf,532,3,cb83dd29bee6908fe109c732c0ac4f8d7d68212633ede2919bf4866bc12ef453
7490c48,532,2,386b9d70a7883aac95a5b5930f765847e5e6dc3d9dab2aa8b49e1e0957d3e5b6
6c878f6,532,3,822d7e51948d0b09740916abef83b2d1cdc825c474678d1719aeca8c3e79f956
868ba1d,532,2,30df2f29b8a21134ebbae44e46ac3985dd3309ca8c5fdb30ebf7f8e8058fb60f
8f1c6b3,532,3,f3a3c5dd982f449981632da17af73118f4e5fe468d643b6d4fd4c92eabcc0a18
975442b,532,2,86a6d818b78fd9c010e7b457d87e19cea651b03dd32a3a67bb2af13aa0a64b80
a2e21d8,533,3,00ddf80ecdeb88b0d18d433cae8747ca6bdc0df743677ee9633a8f40587ee557
8500af6,533,2,90922e9c7b12ee35d2fa0375f1182fffda10423c9e276f279f374ae4c05ff6aa
af388ed,533,3,f281512552d5e941707d898a6c27a27616437dff17c2f5057b44a7e0677990eb
58e1214,533,2,f5b66515bc41fcc355cdafe9eb3a366507aa1527cfd003597c61474d1aa63f82
ec8212f,533,3,05081d5e9cf216d90e556434b53f84c11262846dd2a0e2d76edb11ce6adcd7f0
f8a31fb,533,2,2d6f5417a3e6f0faf7f8a3238ccb6c2af7216bd08f39ee35a36a02105a48e5d8
9325925,533,3,8aa38d2c23c350e9d5a84df73f6932c9f7ea3c77cb3038e65aa8f1b271bca799
ed5a05c,533,2,f1359184ab4b475a5b414f8d4fe5c47c4460bbbf73ffd9f02966aab24ba0ea28
486bd0c,533,3,fca3a101a70fa1f0619a4cebff8e1dc9c2780e6b89612c928576c33ecbb37b55
fc95fdd,533,2,7bc9dcfe5593cd0f21f1deab6532e1db1baa2a20a51113f40f48b7dca0761d95
645077f,533,3,76728ab230ec9abde6e49349c702451188ef6dd7dcb734c968e824ba57b0cdd3
76f504c,533,2,dd2d82a03251a82f3fa2ce6bf181ec0b2296fb3b1d5856dba77532c3c9f18e44
b0bb62b,533,3,eaece5ea4afe57148a1e2e5dcde223de2f91d9a77d45290ed8a93ec0a1d1a320
20ec8b0,533,2,d0a04ab84540b299c0be2b3630fb5ff7b0d463795303b4fe4d108796c05ca5de
70348bd,533,3,d05cc99f8812de5c5509728e61086f2d6197af5d3b0d341a8e68d6e02ceb55a4
1ff3b4f,533,2,a680d7374b0b4add3f4d16add4ece39401a3c2510daa324d092aac6ab0cb7d32
bb94c1d,533,3,16d4973a5dfd788d192e6d576af58438754c2845539c594dc804518fff1a3b41
b4070da,533,2,438cd5e410b978798c89e2ae605c7deda4664a027ca19e1ab30835c311f4d8c7
4cf846a,534,3,8a7169ab5025f265a697829a6f5025439dd29ab3c2bce01e3ea21aea78a55fac
85b6c46,534,2,ddc37a283cc0510f15f99c3b1a047a05700458c29bc20ac9b9c2955253ae42fb
09344c3,534,3,304be97822ab5a9f532626125918f0548889cb33ad298109eb3ae4fce0ca423f
a7f296e,534,2,12cd8a0d89c16bb47844e06f2d46463411d7dc325dc3d01811fba4a87c73b3b2
c603bae,534,3,2bf95a15e1b10073dd27de33aa44fe3f04907764174e42ce6fc671c01c7721e8
228188e,534,2,902572de67d5cdbb9dc4daa889924988378d5400bdd1d2a4578361e9adbb6356
7a2207b,534,3,b1b565dc181bc90adc980367a61ef75a0a5b3c691c901ba9e9efd494c9e1216b
8d985e2,534,2,25d46d588caa9faae15821382be066f9f689a97f1c71fe4d87392c485e2d3609
e88da5f,534,3,c2b42224b9c74e190953cbfe497c3d336bc24433326d1ddba3d0e4c125b8f8d6
6ebfedc,534,2,41130d616f9283d784bd894944dc310b76f5e11a35d77e3d9c20c23a81265741
351b4e8,534,3,76f00679bd6f6bb4dd0c86074ad1daa3677e6066691024e30c3e31d472b9cf6a
54e97f5,534,2,1ac1e968dff704cf86d252a97b6087eb3dd096cac51ad745c7e308c2a2f2da25
4eddf0f,534,3,3901b03590cad36a6c03727142dcd1a83feecb97872b340b59e4dafc6a31d65b
b48701e,534,2,5c0908710cd34e9216396b76422aead3df5987813a832a7b4bf119296c9cdc6f
4cacca6,534,3,cc7a165b8bdc0887135fbf276250fbf2bfff0822635819ad379c64f4f8fb8568
78569ca,534,2,8ba2c416bb8ac27f5a29dde5d539ce34a3d8a14b4893d2b6478b9b03b781dafc
811355b,534,3,4d5698506c7bd060cc832b4e4689797dedd7f1b6c36dd9fc23f5526b4915050a
8638ed3,534,2,9330beab2777c9bf62659df0056a224b79da5471bf0f6bf8342a3b661a621a22
e849943,535,3,ee78f8f7ab0f64f78a3b3a199b9e47634f8ecba042eab641330e7225d68d1893
6fe9ea8,535,2,28f2485c2d653badfee5c71f20fcdcbe4b56741f72a0ebc227f320e33d514a07
117a386,535,3,3f2779fbfeec5093659f71570f6a241f58f6b7e7aa277cde7b80db457d84b2d0
e871835,535,2,24ea764dfb30e2ccc4e98483c0ebd8ae960fa22bff491e12909f80309eab12ef
904b3e6,535,3,d69d786b747c9c99b7ad53f4707a91edc9316712322516a4ba325b203f7bc23b
e6ce72d,535,2,44abd3dabe7fd515a2f9be213fb8b1175542319b22352e6e8f2db443d449b51c
db19681,535,3,5035c0cd068e7dec38538be7f48e2fe16d8d0c094425d8f9353a53e95ce95b8d
82d3796,535,2,22a18954ceff33692490d1bfef9a133a3dc05f411d9c184fb3e9a5f04740e5bb
22d7047,535,3,4bb3115b60f0a5332c05b0d36451f5e47fb40e98dd936a055b28d667b76376cc
b247721,535,2,840923b0da670e253982980d4372e988fe1d4eb4f6ea9f7619923939f11df2d2
edb1502,535,3,3a6c2714607e49fdd71cbb0ed60f4f4d3ebe468f8be0dbe957b051d45736ac65
1c56823,535,2,d48f515b933ff36021365356fa023de171adaa46391de5ba7ae240bf5ed5c2fa
86a3a28,535,3,81b80976c5858ecb2eab6a0c53471b553a3f7c3c38b901a46796214dce202094
cea013b,535,2,5a95c44ccfe429fb18e3b37e6777a036f0a8c52cd6ef5cec7764dd873f11d87e
81748a3,535,3,e2fef740a4fb15f559fe5e7d384017beaf2484ce7dcbf9be4848b90a0c64bd3c
be89c37,535,2,2560e0bb9513693f9d8967eaff03220549e0e2851bad7377b7125595765c5a04
1763449,535,3,a4c8a336e6463bce10293cdf5ef3e32941907cac81cc50694bdd0bde3d6db39d
2d1a806,535,2,a56a4650748ce725e7b4a29dda4616cd83bcbe30d649971d68b185e31fce0513
518a8e3,536,3,30544903191bb1043634627cf39cd8d2284b7274f0598a074c12954f4d34d1fb
ddd2a8a,536,2,6e6cd767dc43531e7bf0b3fd96bcf947640c9947bcca12c9e7d1b0c7840cb412
fc3d67e,536,3,f062f4af8f64dbbd82616f441a3e8734bb777e966ac141799d89ccbd1af5b5d6
83c6995,536,2,a0024b88338c2396d742ca06d165a104635200bc6d0bbb1a8d9b189e82417f8d
fd851aa,536,3,e837000925bc4bd99c5e61035c26c0724c383b0cd11a7bbdeb6b931638523acf
b33822c,536,2,4fb33cc96da37c3a26f8a370f148edea8ed2959d74b87950dafa6807c969d2b2
f22047d,536,3,29278d148819725c9af0a7689b605884f06911fd1c0d835076b0c4fac98638b0
6f3bcc5,536,2,7156dcee89a2e00ae76e7441a9d41eead9e23a4423e1d462bc1adb30064c04be
f4dce53,536,3,02b6534b59c933aebb757d41948b1a0f08902de2be1c3f48870b80f0554188e0
e2ba02d,536,2,bd3cc66449a7ac47aaf618990fddc2b06db30ed73d198c907300e6732f1317bf
55b53b3,536,3,d555991b47e54730bd696c062a47d3faf0484f6d794a284a8f9bba49bc41a900
2747e79,536,2,e9d8bda36e85ad3df2ed9b8fb463af64e39b5d79a8c6611ce273d0395a5945ab
fe153f2,536,3,d8b2de1400e18073b08d194662996c3bfe658fd642b10b2918c849a4dc1531d5
f46f588,536,2,5b191830b66d9d5bd9003a74a5f777213347410c9884390dd4b24e09659b18fc
ca341c5,536,3,019543902e21ec00a0c02e791a5f9e1f4272dbb18955cfb02f9a830bbecdc1d7
66e9710,536,2,0da39de4e1e63f6d5fa618982ebfb3aa5564527c99d6a0f72c1f6c33bd89ee75
d7b6d6c,536,3,17c9cc710143ada7c2787ed2586d67217ba3fcbe8a35dc5a9bd73ce9d3d57a24
cc0dde2,536,2,7b4b319044bbeb7628b4282c90fdf0d2c4731c384f2efc59b5228dc9ef48c269
ec228d8,537,3,8aa174861303b31dde1bc548333211cfb2f045beb12f5e6eb882e78b6ce18e4b
dfde4fc,537,2,226a2b19a43a7792a337a12a5740b09cd89d6f05caaaf02a18841db10d19a7ff
8e99fb4,537,3,af3ca32a6e05c3a736238c5c0254bf168b38a88a0411a09380f23c3f1935f8fb
fba4121,537,2,f3d11ced531cf2ad9d8136366e5976d131a1b53f43966f0e9880a3539e38e5c8
1c8c585,537,3,d9a0fe7b5530f60700f9c476ae3a55141e10dc831ed8649534795b6cc7e3f768
290d458,537,2,f0df8a08f5ee6ffb4f67621f2cc079456aae50b5e501880a5245aa69b1356f89
60782e9,537,3,736f9934c3384d0de2e9eca21dd4bd9c4ab183cb7b11abe06b5075f9be1f5fd3
fb140b4,537,2,a39300bdb6e943dde99ae5eb488f436c4862ebfbdb92afe7333b276abe396bee
8e0862d,537,3,cc1afa45266837da3a8a571c4bc2e0a107726fd699a6e0def30675c468cee86f
d3eae26,537,2,0841aba924804ff472e54a9b37e7e7bc2c8b5bb23e59267f9f7dcee1328016cc
d7203b6,537,3,0128487f006a872b6bb989df08243d8c5ab702d19b4b4a58c94c9179a8316d8e
7ec2cc3,537,2,a27485873a59f342c38575271a25041fdfd7cbe6684646d05a102713cc18a01d
621f6fc,537,3,ab1dc9ad36c7262b6acadd801d0013c07b5a93957747d9f99cf68e2e1cf706e8
54a4c00,537,2,1fe1104a8d203e81395bde8adb148735e7115a296f4ec79212592ddb5bc8cbe9
0870d64,537,3,6ad86d6cb3f8013a172353522eacdea5107bfdc67b2252dd39dcc60e04499e1f
a17c573,537,2,98df9c0af0e30796b6333917bf1c4c5760e029fb975f98d8773366480e77f34e
5d68fc2,537,3,db0ba9503a40db8d555f2631c6e1a88f0ecf87ec331216eaba496c4fcc3cf1d0
5b02768,537,2,05e20a730760ba63dfe96b581115240c736a1e0ae3761f0d95a3b6f9684762c4
3c0e026,538,3,db7fab5f161b4d475fd33e122b45d6c036702c9cc9db967653983150aaf3cd31
913c55c,538,2,4ea31c6e1847addc36254959f3c7e46fa8aa97f81b390b15eee67655b6a70a6f
dd226a9,538,3,fd3f1902254fea1a51ad5d2f59cbf27c96bf96d1688211728ff5e77bd7a5393a
564fda9,538,2,bb7a3a36f8dce5bc943b6ad8266e04efaf91f104357daa4e34a430ac4db8075d
24ce1cb,538,3,43fc3522d8caf8daa878082383e16bc0771657a00796b3e24d5d9a2318025aa2
a6db438,538,2,81cb081d607de35e7783a78aa261152a3a16f25195d29423df97bd69b22ed4bd
3dc4b34,538,3,d45847d9cbef365553611f41923aa6935e920c8408f5f828ccac9f459eb5a764
af44cce,538,2,75c41b2f7bfe14bd0fc40265db0a40f81dba90954d4450e9f530f6a7598736f1
079a340,538,3,4dbec00acceb7062bb034897c30c4847602258273237299bebaf3ab733be9eeb
bdef797,538,2,8e8df84609cc9b816d40684454b22bdc7c632403bac73ebbe780830ccdae6cfc
877914b,538,3,c3a849c09373a04c68f093d7e923aa72e25a01d9fa195a8a7544c0ea49ad5ad2
6aeda00,538,2,81a6c6c5fbaee929f60d4e3b9a7cbd01ae1d4cd8d66b6926269a140ed5a068e6
6f7ae5d,538,3,14e57ef53ac1a54ceeee2c2653bc0ad2ad07fb1e46d68d8bfa01df0c7bbb29fc
d3321fb,538,2,c0930cbc1d2349f45539fc071fe9764bc1349092d0bd33042629b618b3323f7a
e36e85a,538,3,c86c6e063489f603954ec5425c6cfe3bb9def28d3a77078b6dbd466602ce711a
c99572e,538,2,4240f783287edbf46c3027c99317fe8af77a58bc9c896459db33da558710a71e
a1f25ca,538,3,159a832b18836228da077fb254914d1fc31e6fdb2150af39773079b0a7a9a4f2
1d62313,538,2,2899b28b6d371c0a48f8f3f49d3b28ad8a111e9eeaa76c31d53ce0e886e1a32d
e13d2f6,539,3,5a0a63060f1d4b176f7baaccf734260dbde4bbbfea4b638f96e7a1e843d4442a
13b6591,539,2,29b153e954fab3263f3632a0edb43967f5d9e7bf7b215c8bf656101a7672497f
6cc5bef,539,3,6c31cd856924a5ded220c2fb644405ed4f8e0d37fcce064131aa568d8a7b9363
e2dc569,539,2,4ad538d6dfde14e143d3488bce0d6453ef8f4f92c75c53b1a384162e4e0918d5
f151226,539,3,879fd516d6e0c22c90606f079ae8c248e0b095e7726704dac31ba42d52e0852f
0e289bb,539,2,e5a672091cc2cde9ece4aaee81cd65ffe97791868e1a683574d66b14330431ac
e5e6810,539,3,4b54e5c2554c14c271f2a351e1c5089b5ed4661640026d7f543724a067600dfb
d11c131,539,2,e418734aa53f4c5d6ca4b9f5d982eef83cefa7263f72ca6cbda4ce77caa97f08
d37a1d4,539,3,07a2f939aa8c8d2e90edb57eb16b80302aa16c0b4ee316accd13d177e4488664
fea6ee2,539,2,2ba088c4f4072af4a951f7b977568feb9d5a6fae8277c68995e1cfc2bd7cb1b0
fdb8a2f,539,3,fa5c7d8fa1ab7cbda13de710f2422bf3ffe9c1db0274177202416f4fea1c51a9
b6e3a7c,539,2,6a13bf1420866106c99cbd161a433bd63299bccc5897b1fa17ce5614e632db45
5c90619,539,3,5acfb199d5763c5e8866c112ee148b24580465ed5f4aa1b41de549fd996a4e38
61c3e9a,539,2,21a35b17e74cbbb75e2a9fb66fef6c8cb1313978e51134dd5e7a936e2b3f89ed
ff988c9,539,3,c65a132b6463335421cfc54c00ed9f34717a0e1330cdc87ad9ffa20d5cf1ad26
44d698b,539,2,8adc93d83ad21e86875dc2c8bdad284e43816557f68d4e72c87c8bb2235edf25
ef4ea80,539,3,9a6f184268f6d7cb81f48353f33b585a43c900e92e1e5461d8113bd13820b2d1
824e4ae,539,2,06ff9576caf202a886995a3c286603e1164ba79ed3e6b22c52ed9d928a131b8e
a63a502,540,3,ead42418302fb83725224f08fa0ca5428bafd714d8125c65c79852ed719923b6
46dd129,540,2,e40368e89f2d3cacedf6b0ea45280ae028bcca10350b0950cc74522e5b67e360
1a3f98d,540,3,cdb8f149e30ff52664e9ebcf20ab920345de4b17832cdb2f001abaf105c6161a
903ab17,540,2,ff4eaf77780e54956f0e8eb20427b9581ef7adfafa3faf77dc086aadde2a6cda
ee1e9a5,540,3,648f39fd140e3c9a3fc56b3cf6804a7f62371939ae6b93066a0cc96274f5f126
3f852f7,540,2,23e6619579decc23ab583ebdba7c0df3b16b545fec3e20b78a7eaade6f2bcb47
dc9c919,540,3,d2c240128ca708b27bf5bea48aac0449eae7e7d712e755938aad8f625334de2c
2e03c89,540,2,04a41aadc372ed444947b5e98437dbf1d900269ed0c4d3a4ddbb450e87385f84
224e7d7,540,3,42fed48966e3bc294e66c9b99a2c8225ea77cd047d7e4bb1caa75f53470a5a13
d9936bc,540,2,4c59f7392832e08c5966162e4b9bfa6fce4fbfbb3dc9e3fa140e2e59899d16be
8af880c,540,3,9b95dceceb97a3ba444b8785447f58b9d50f0e993270644bee24ac6cacb0c49b
e58330e,540,2,d2119a4d4764134a0a3457a4de57ebaf60f0cd7865b880047032284611e94389
dc10eb8,540,3,7f9e364c55c1f65aa7db8c1c5894ed06ffc4ade3dcd8507df580d8c411468ce8
2505b2a,540,2,3714078e96cfdb91c0a6d78464a70ef656d02eef7bdb39c70dda7f56e30c1083
7596c98,540,3,db25f5f9772e106e1dcb185025643b4cb12b81243daa0247b794941098e85b63
d786da7,540,2,ce9ab86d5ca96d16563df8832327fbf15a2bf3817745a60ac01f3b54fe96c39b
d020bab,540,3,e60e75319242d68f2af5d75fe6be24342e1c94525c7b8aa3d40d87fdd590a37f
7cd47c4,540,2,f92cb27e7f38975987e8306e266af1694e2ae1667d7a0a87c36ba505461ff6ec
5e6ebf8,541,3,867d87573ea1b41c03a328db926cff67244d2d363acac7d4d5dce429e32ad720
4163451,541,2,4502daa06d7ca4821a467c40fe1765d9b9d9219b434684eb6cea090fe7e7e3b8
750d989,541,3,33ded1aeafde486eac2966defbcf8250b59b99597bb9382056095f1ec39fe198
fbb4b88,541,2,f9b2cb14409a85c4eabec4caec1b52dca368fd4eb0649d16930e3c98a5454497
ed0f076,541,3,5679c1dde1547fa0caf899f6d6214fadab1abfa1ea9441f0952152403566be7e
60a7049,541,2,10eec4d1a73954e4406973db22d7f2d982130f151ea890c338588269fd1668a7
6600e74,541,3,844191b1607cc6911a6601b6c94cb20ce219aa937e1821d0839bdef40991abf2
a96f4f5,541,2,cc071489543b72b94f80684de32d39983bf10e8726a562cc2d96f38b42bc8a20
bde4c47,541,3,ad6ea3e8f244959187eb39f4ea56ce09fa0ea73b74f858657e618f666b193ca3
952a7af,541,2,2e4bf76a492465b167f4d030158699ab4d4661af25d02006908e67aa7b6dd339
f6a5e07,541,3,9f7ed025c9c9a78904bfcd951407ce6a86ce7f03af6a871c9b1cc60402e8cf7b
0a919e7,541,2,37317b7ea6879c079d540e00105996c67035718d207ae803fe1a40f65afcef41
6dea6b8,541,3,0d89a1560082f14c5fef4e551149d6c5475711d70422297ea31e80ae5258b4fb
6db3435,541,2,1b141f66de1d74b8749ed10962e44bd3a2e5285535378381436993eaa6ab0f7e
06633fa,541,3,5fe38e28a5ea0b20dfe78e7baee438d26f3feecfbe04c29ffafc9b5e4e3d671c
678d7d6,541,2,96ac977710c03461d7cc541384dc57f7470c492b4f345e742297ecc3e86bb2dc
44730c2,541,3,7f06fff0c38051fa98083d399f5145651f67cb71e3122a461128db39eaa41af7
f4f3ff2,541,2,45f3250d6b8b0d0004bb64908d6e2fa1051f786c282d7009866099568790beed
49c3efc,542,3,1095d737917c51c699ecae933743a9dac81c6a1046bce69cac032d46565541ca
cd4462c,542,2,44dcd37e99cf55f67d27d48a788e3afe30901b764135f66ba9015ddcd004e955
2529033,542,3,4112e3ca746a7a521e629044d712ed5b77a6446dba634be7432406a9a3c620e6
8dbbcc8,542,2,ae5485cf10240fac28c862a73952222b7ffec472f1933baa92bf3c7df35be273
bc4b400,542,3,417d3506561891012a2a79c158cb14794b6369d31f201be387e64474bc6fa345
ee9a7bb,542,2,12f3481a97020b3d1cd52effeecbeb5ea5806a54d8932dc65b8a7499c514dc49
b655356,542,3,a8220118bfd0e3f461184163f1741378b21043a553596ad57607589fea4005f2
4f93f72,542,2,96f2d19baba2901ebffffce38725d0533a027feda9fed4a30b68402379f32996
21c91d4,542,3,22d2f01b86edcc703ccfe212fdf0a99186db9cebe9b7eae32bdc21e06bf6f328
ee3303c,542,2,c23d193a96e3a75b14d777b70bd5802f7fbbc170e5d9e4455735c6ccb68d5d13
f5a96d1,542,3,3d79e95efbe0e7a0215d7578d04db8a72f4ff2e693ef21067886b5b6da12f29f
3f8ee4b,542,2,5474e425736d2be058be8838cbecee30a7c040cbef2a1d4bf7e0a81cbfb0565d
fef9131,542,3,214036d76eee9f24bfa70592050facab609d7980373fd9123df144ca8f053a53
4eb8e93,542,2,d54196d5739834fd9ec3004bc0666b209ed7dc4c73ddcaa15f10a870d7e7ef83
a106244,542,3,4f2b39c50cd4f5ae4fad930b8f65dc166f66526266762d895b3612229c90f34d
ffbd0b4,542,2,51b2dfceead2d14fe73d3f1341a59ac92f55adb042ee01fe740fc660a3adf061
e49f6c5,542,3,76c31acbc8560067061133d9447d987536f7d052343cf91a2bf804dcd7c8f84f
2c24e6b,542,2,256f198a168e9bd5a5b8f958adfa9eae82eb18c4e866e737f52d40c0aecb8f8f
e065df0,543,3,5353281e4006b6b43d7ed478982c12837c0d06b30b47a73ac7e0ccd5c322be2d
01c8f7a,543,2,d80b229edf31c6b935aac89933965ac4bcb241ab5c826c5abc923900fd731fda
972cdff,543,3,52c243a35457855aa4a635809b24196d3e66b876815c4e3021fa79f15c479627
9186571,543,2,900e862c175e17b7d8cbee2a81cd63d9ba2f1b0f2f82865de7afc0d0821cfe2a
4a8af26,543,3,aa1c2756a0e1588be08569ccf408f72b56a8060442960f507f9adcb688603787
eda4388,543,2,1355d04ba21943e7c467d382f133a10e27c9445cb12146c95af3e020eb2ed66b
bb7db64,543,3,419dbbda4f1d19ed5d493989af6e25572be5e899c1e762214f5c819570eff863
915c0f7,543,2,52312516f1173b200501ceff83302c41965e6e349125fcecfe9e4926d61ed57f
a56b9af,543,3,f5424789a0771166fe3c768dee79db62a050ca2d38c7ca75169f92694c11b02c
47225d8,543,2,fcda755be226f5edd3ec74a2cd815c39acd4c688c82bf238078f76482ec5fe7b
ba02db4,543,3,c8f8d6268b2fafc6165c109c0ab93b701653c32d180661de565059b0a0822cad
aac8ca7,543,2,0f5fc4b44fd7f42d104d91e61b482c720ddd8493b54ba52937b4085335e65d40
dbcfa50,543,3,7498756ede1ce60467dab3b2e4baaae6555385d98eda20d98fb7ae1487f55256
fc19ca6,543,2,391a1623e70dbb8a0c2b158695b6930fc88aa60b833ff02c2f5177b2a2d31967
f61db0d,543,3,943a3a155533360ab5b3200356a330137fcdfde92b08e518118c86b44a3170c3
0693237,543,2,6dc18a6e37edf6368c059dc5030792930be8fb4bf30f294507d18f5be84bcd8e
5b3d385,543,3,6a9c1334bc4208607063578f43bbc1def21ab8560bae712ff46a569883aa3bea
4e616fd,543,2,1b67585cf5a73606808f8786de3ec85c8b7205f3c237dca2880e3ea50f515452
6e46ca3,544,3,7808feb582ad9abc9c104a638a8bf5face473198c78ebe5f9e1623061d993bf7
1afbef5,544,2,a82959aece9d25e7d5712af6f5b9c1f973c7f2fc43ca60478d053c591121ad51
1c935d2,544,3,b2c8aae777286b3ea422a31c1cde4924da6db3ea2700f5b5ebb5a448f6c7ca67
7dab4be,544,2,13a2bdbdb39c59825c0a548c354e9b0c7a58773838e9ddedb9f07d9a2fae3427
385ea97,544,3,1582fb4997be5987ccbd77aea61fbb3d6280880394504587d06e09dd079f0be9
7c9b4fb,544,2,d646c28dabd3dd2ddfeb7eae49abf97bfb2afcae4d881db4e0dc758fb63a9786
fd56afe,544,3,c9bc37ff91cd61d1bdb8e8c17685d2337de75f7f99845741dd7f12e9aa9e629c
3d2d66c,544,2,18c21a9332d3276717cc2ff11c1e71929b84c31990ae1b56e804004af9b627c8
a3d4bfd,544,3,b73d472fc3d07eab28881eed9d856db1a919eba5c253f622dcf085b2a5ceac3e
d7a9add,544,2,dad7cdaafea9236fef1958a04a210de5db68642e9108faf598be03b4863f83f4
f723eae,544,3,e7178e4062830d5404a096f66ced899316fb947c15ff7c157c6552ae39d4b2fc
31fffb2,544,2,9eff842a56212c220b2ede4b55548bc803c25d704741f92f008ed9c2a6e195be
fd46aef,544,3,e5ba53968cb528066b68d76d42fb2c8121d9ba6fa103366d60827f3abd49b69b
84acc1d,544,2,b285bd16750a956c65112c23647c942de2c255dae5fc8ed2b5727602d0d0019c
1d12e5e,544,3,60d60593b211ddb05879786ad430d9741e7f4060b8a35664fbd52cf4ecbfe664
f3e38db,544,2,1e3d3928f490a1bde825be056c6997274380bbbbab48e3ab4feede1474e7573f
faf644c,544,3,353dab43768683a9fda1d3a70351b7ad338b70c6a9c641d0dc9678d6ca41f04b
925db3c,544,2,ec5949ba0a0f8d77fb806a44a319681f390f87354071a7f442abcb453ce95eab
088c6ac,545,3,8fcb2fd04efc0f0b9057929e705b9018f95d3a2762a4a12ed5c4f4c371899b15
1a8f6e7,545,2,f6be605d99471b982de7525f55cf4dcaba01e4d912246e8f08a93e175c41d642
df2d044,545,3,c62b8049312dd96e3550cec294bb87a52a4464ca42f164e87161db843395e8df
28cf870,545,2,075583e0c583887c2c1d54291f140921fcac09be82f8f078b44f82e74e129927
c83eee5,545,3,39276e3cf67c94a4780e1835d5010c105974244d5e7adf741277aea39542b7c9
131b17a,545,2,53bf14fa32e0a5c724e5b9c7fbbd44cabf5306c220f4010ec9f0274e183ea171
acb9243,545,3,7a51cc031e325efc036b3bf27d6285fa7331ebbe4269fd05a3be21ee737cf8d1
5f35e66,545,2,780fcc248867e5a7b5ddbea3cf16b08c0b69ba885c9ec8baa3fb100193932ff5
d60df74,545,3,993f232b38df8abae4b4bac6660b6b87c7a6514ee91f2df979e2599601fc48a2
a8cf68c,545,2,84eaaa7618326ff6e21b89f8658d70dd6ace99ce78e87a8af7e29b8d4f970026
144074a,545,3,dbce7600604389f49b9d005aab0c0cef368de9fdf4bc0bcbac757aa528b94b4d
86a9f0d,545,2,5ee8e0654107e98d97e922838b3817157677d9bcdd5e9525b666a72303641582
45174e2,545,3,cba3ed7d73dafa3043f2152b2a706968814935eda60a75fb20d4e1af271227ae
7ea3bbd,545,2,be6d3c42dda2638ea0712a02bd5d732207c0e83839a0368e9bc878cab380a09d
a2ed022,545,3,5b2b7e204a1165515b7a2ff9227533a7e5e3eccf3761c6c69bfee9410642707b
1ed0f53,545,2,4566cb769113a5f3f5ca4ee155e597f3ddede72ce9cf6cea71af71a768359274
ebe791f,545,3,b19ed2eaa029434e702fa15919eda84bc5e77529f42aebeff234a363ea18ee5c
c19d89d,545,2,6fc1e146de6e9ace9c68f79a1d674bf54b4d58a63071d86ac593ab042fb1ab9e
1a69914,546,3,78736abbeb00e7c389b05be8a67e44ffa66f75190c7e7eeb091fe4d5b05ceadc
7209743,546,2,0729ca4ae891ff6542ca66ffd449c318a998486f4f5368e50ea31e70ff7ab97e
d164714,546,3,b1d7aed1f7023f869018365f0ce7cc6bac820588646ccf4cd83860bac1ba96e7
b6a4f1d,546,2,058d0ac1f8eabbc1e6b958e416610296ad281b6e4b27621d3f6805528895ee1c
fc1fe3c,546,3,b31c9619d58ab0fdf92fd9601b0dcdc9ea0d8cdfa84a277badb1806174990c58
a7afa62,546,2,6b662c6c18eddf514bb1b2429e35c53804f65b7477759c0a68768e76a7d876c6
7e56af4,546,3,d176bf450412e7009ec6bede7feb2546b4d622e6b89d3ad22afa19ca265ac44f
ac4f2e1,546,2,3e83ac6dc62369fbeb9110b91d5e6132b5a03b9ddf5d18877744ee5c4e2ca8c3
71a1944,546,3,0d6a7ec428a9f117cf390c57ac2d8ea23514f2f1813a3f27f99e02f6c70dd78f
87dfa93,546,2,7765630956be737178e5efdbf3a9765be7cc960748ab12ef48c7996affe4ed04
01a0d33,546,3,7cbf5ac08a861fc39530b041541f73fe468aaac4197ff7791daa50251ea06f85
cd644de,546,2,7d03811e546a4ab9537d6ad267a7a81d80ae95d94b7f636c6f28f9397ffb8b40
fb0e011,546,3,a6889e6c6ec7fa93a763c641ff13229e88442e748d71211738c8a0c86da72462
c51614c,546,2,c8f44286ad47d6043a52c8ca98faee51e3f6d634db7b9ea574dcadf5b9ab0fd3
5024f22,546,3,4fea04e10d87ab59f12a270f6a60ed0aa3e9421022ceac25f8bbf8cc54fea8bf
a1c5818,546,2,79ad78ffbcb01548d21cf70434431362f0e888cfb7ad24f98e2faf259d09a6f8
8ca8865,546,3,35b2b59a1b7f6049b27b69f028cf356f14ef004c341e50e05f3051c1d999a00c
8a4e789,546,2,4d44edc8ef7686df8593abb172d1e4e6615a1cbb7e176f113e54d468ca9dfb56
77697a7,547,3,687c6de88c4e5582ec78514ea9a3d2105b57e8b2b8e24e832200cb5b36f6ddae
202b78d,547,2,753a54cac709b57d10b6478376299b3a8f0e83fab29c283a36e7feadf4e89cd6
f95ae00,547,3,6b30b83eeca4c435e5bc9ef8179971f3bc664ec74809cdb676e09a74f4e0ac9a
a3049c6,547,2,58bdd7af3e354cd0888e35a64cbe35eca34b9b5f380e28189ac63800c03b6102
78bcc7f,547,3,8b548313e49e9d805e55cd8b26f915620c045ddaa142e418b3de80de2654aa0d
4ad512b,547,2,d4433ec0442586d07db1b381849778eb1944733084428883fa08d6f91e541215
6c4842f,547,3,409445b94d3b5a32f8b8486bc7755fe66cbcb3419f02de7a4c1d3b90edfdcddd
36d39c8,547,2,6e9fa0947ae44772b54adee5dd7a7bf7f9fa810b5945deebcba811b20646cfed
db372d7,547,3,16d7e61affa58a062f9f1b54be03a5ad63b571619afd184035b18fc3102181e7
9fa1a58,547,2,153ed6e906f065b1eb524fbe195a0175b97c8f9057f9ddd16c564cf2f4ee8de5
7fc6b23,547,3,e7816f9a8b3a1e7e033a76ae81a1142ea7d2a264136f5492241cbc95537f9831
6161472,547,2,0448d9079bca80c24a893a581a16851a8addf4bcb10538befc4da3211c2f8f7e
b8ee42c,547,3,76436117138ca9be834c7108ab49fa63c5d4471ecf0f43b1def602c832d7c69c
0d20e93,547,2,c945214bfd2494bac6e5366b75ef885a923b847f82eac26fe6cc83b3e7e5b3fe
688fdbb,547,3,5f0be099fdd11d9e0e86cdaa33bc34feccbf95186b411b32baa9c9593b4b5498
c161eb7,547,2,04d4cb8ef203e28870b720cc2885765f26eab350c645e9980d8f394f6d4a1176
dc07e0c,547,3,33cf9360111dd408ec990be779a99070918a372e25c2e017bb3023d6dff91c08
d88f3fc,547,2,11c7f88564c387dbc1a025c44b701d964633ef4e8eb518b796272e08081d6e57
a287310,548,3,2eadbea0d0e2df241c43f51112303474273354fdb6a32ce12083dd8ec3630713
d4e0802,548,2,c84a2c9bfb2691b9302da355bdd64b2fe7331ce1b90dadbc1a45100df96fc5b6
047f2c6,548,3,9ba779b5343d91187b5ee72cc630df5c4833a6f2fe313c93533f77e7bb981679
5a26bdd,548,2,22f79cb900dd9c13bd42c2fe1b66c3215712f31a12b4f2fe96052ec82ff46e03
b9425e5,548,3,4c5f942a861d6a60b2517ab251baa3b2b2b91418b808317d702f819d077c4e01
d31123b,548,2,d673028d55740942f5a5458594ea8ae758ab85c7ef6f742f22ab28269c46da2e
a83390c,548,3,463f0f49a186cd5d9d556c146e6b457121859d3e27a3db4c8758b29d60e861bd
a6aac56,548,2,ff799dcd39ab06a1544a8dc3a0dbbf9e83ebc12229d98f6f74d0f2917bf9f2b6
7eaab02,548,3,9f48b134003af346db48ffe0f15a9d74e80b43b41918e9ec0fc3ef864133e02b
6c7fc93,548,2,ab95cde000a5e440ed117815b6e169a5b5f2ffb9a5324433c289978287a73c0b
00da297,548,3,cdeefba78756f64f15f4c39e182d559c97a38e13fcc94ebb540ab3c4acdfc748
cabe99b,548,2,f4533e46565d72fe5ab2165f57f991683809bf816fdb63d70ff5e4420ed50d55
f7c3c56,548,3,4b1fc393cd95a7e5e4d80ee80cfd300356d7f099c86100ba718cba329ad2bd51
fca3e76,548,2,3fb4fc1f9aa49b6a3f14ec53ef76541b076b1d0a2b0083bd79ff3cf468b8ae8a
490a973,548,3,8b6aeebc1b7f2b7302ac49164ac7688e5d0710f60b83e5bf83f59826edde6afb
9e70c0b,548,2,dee70913bf78bc458dd6d7c1d7e8509b6ee0b0d7e3178520603ff15aef7735f4
fd3de20,548,3,34e0452fd933c2d3bd2c52a9c43c6b8fffaa2bc5ab290de6fc41c61ca8c035d3
6e3bc7a,548,2,3ba7905c0c417b0030e991f8a0a9c41d96482d1c3239b61a9a9cb3878764597f
d2c1065,549,3,4ae2b9ea8eae39e53437e36f77fe59131191c885b138cb6ae9650878951c1bf6
2c71277,549,2,2ed04c4bfdc1e42c601b7db06c781810e1408baac6106c337d30eccc724b2cb4
719e49f,549,3,75045204efac1b8a5f663f9d682c62679e064f2957c59e3fdbaa033e95a2b302
8bfa298,549,2,2844094bcb0fc70f6174c2acf93712d7eed3d9cac45aec55bfc142391c1c4391
0c1da05,549,3,94a9eb2c6104b7f376a1e7a6a6f4562daa89b847482da1e54aadf0b498cb9876
3bd10c2,549,2,e7d09332cf5ac9c759ef79996e8cf58d29a95a090acddc7560d151911ea8609b
97fc71d,549,3,14c63424de14031c61d0b912110e4fcd905870140d23bb111666df407d12f574
1409186,549,2,b515c83c2e4f87adb26ea2b7b394d1d10c33edfd32e1371d2368e4ebe68b00de
a057d58,549,3,4584c699900e7f0bd5d970fdd0c1ed9339b8230ea0ff29016fe78f353326d230
a511e5c,549,2,f028615b045316bf6d51afa5f53184040d21abf14a62aa93dc4d9099738cd437
10228eb,549,3,af9c3a129b1591a994bcf094f03a675ec7349c9fb27e34bf6c3e185cb4145b24
3e13ec4,549,2,47b5dd731f560063f52872fe7945c3a637b5f67712ff81e61c24e02cac01ac79
4a4b42e,549,3,9d221e719a202acbcbfeeb9d5ec2b9a54e7b15b59558d2a51b2f7e1788a52b11
1469a70,549,2,2e7b31a8ae252a3f74178af5e8475114cb3bd248f6619e3ceef0283a7b0381d7
a2f71d8,549,3,b3816a685d51c455a195d6e992334fd26386659e5ec724c890fd07bb1be3c654
0711276,549,2,9c039a775147e448f5b35093630a4c7dfa2b228e8de31f2f46053bbd34b9b0c1
80596c6,549,3,01e5a88406069366f7aa0c5092967a9c820c6f7eeb768ebfaf3b606c3c0c6b76
4ec1700,549,2,d3c90223ad98dd450d90ab8e617c9506986575ddaf4dce7089c89ee6a0e96180
df2acd5,550,3,30c60f57c9689696d75f110f571266ab2a8f1eef9d1ced482165a747a15d49ec
045fabf,550,2,27e70385820bc812c87e271a392bee8972b77853a6906c68cc7c38a0e5c73d66
5b800b1,550,3,5950c39d8771b29f3b938b2d9ec751a6eb8918274a55301cebc14e11a909def3
eec6b2d,550,2,66388f0e94d50ca73d06fc1915c3fd03a328896671d6f49615a941b48f9d1c35
890d02c,550,3,97c38db3da9e30d32c7ebe3491b798200e3328a16f8b89520128cc029fb1a738
3cbc0e6,550,2,215e4ae2c2813455c624697be9e215a07332d2aba03bc004705b764b94d4bd54
054e4c8,550,3,38e4293b36e3fc7dfa18eeeb4fb06b0868c1b652c0b07c7af918f8b08aff3fb7
a966992,550,2,e5c8b279e337ffc6d7d635225d234caca6c0ecbcda97517d4c8387cc540f2c3d
cb73756,550,3,2a2d4ed274f18ba69d08e59147cc27e9a21624d9dd01e214c9b32d809de063c1
8cf9d9a,550,2,92e81f05f5d4a3292e1d97b520239e5403ba8c00fa01096f34d16852572cd0b6
8bf170a,550,3,15f8fde2c9ac2cf5241bf8c8e22d9763aea6d84a275818b9072a2ec5b55c391d
a58fd7c,550,2,21ea1f70976572e370e1b413871515ece9b448b2f110c1f066524aaa7d8a06da
dcda789,550,3,6b788ccfcc6b14f772c1a9930fffac0091835e4bc9cda412efb45df2a27fbeb7
cbcf284,550,2,f30162c4b7faa3df5322ffba41a15c7e53ca2363d0a94310fa3c93e2f716ad94
878982d,550,3,674109bf3904db7bc9ae327bb834509c031f002a8d3aedcebd899231a074aa62
af057d8,550,2,b74283054ebd6bb1e424e6d4df6e80d09d221b947c79b902912e4368b4640eb3
3c2c934,550,3,cfc72235eb2318e7c2a59026068d99067b5c7981b42a9414f87b6a7de40674ca
71272ff,550,2,d82834a7df47b8cd7c041aa0b65043d61f464a808bb62c7ee1c5f84e872eea4a
821f6ff,551,3,d436b4f2ad3da631a99cb3f458119471da6152695cfee040a277b9797ceb7c65
0286af8,551,2,5d7a860241db3f689168e4de127f0509bd0af5985e86ab5d3c2e736ac7c80a6a
59b0500,551,3,431bed6f8b7ae423f6ae110075d2f2391acfa3d5a65f76d14648870628cbccf8
72718b7,551,2,1f728ca602eccdbfead479a5a3d44a6ffb06d2c69e833c64d7051fe55fe7a1f2
b701593,551,3,2ff380d5df50ee811f18b5c0711040c812d21139893fe44e6983812690014297
a06587f,551,2,4294d014bb3b7a3e1f40dc44dc8b28f3aa7e7352896db0194d23098ea08af407
f95baca,551,3,81ceb18f52d45740a92bacfb364668ac3d45d6944ab24bd554331ffd5ed1c922
c8a1bfd,551,2,4fb0c8d8f4b6f3ca2983145f70b75984ef50173fe4d809402580477e547782ba
aacf8d1,551,3,c976383145c5d8cedc484aa21da6534719af248972886107190f3f1df5e5f0b2
3267b54,551,2,986cff03342d0162feb62c27e94a8bfaab1b06a753ae9857e03f349380766023
25da2fa,551,3,b7ec5fa5bd2a9eadf37e611f963e0d52eab8da0d1ded6298f185f076b24db267
c36e623,551,2,40ca85b45d58d27afd57128ea3bf6d44c33b3df2af14edfd06683c0f85138ed3
75c1146,551,3,fa8da73702ef2d1c6cff30cbd9d8cbdc20cbbb04b738007241240060c5f59266
15a5d60,551,2,171613b8edd54256d0c4e4ccefca270523e749f56c6ce0eb11d9da9bfc92a2cf
93ab97b,551,3,019bfac0be4f8dfa49a461304d8b0348fe2f9ad22788b402e714dd5761feefa8
fff016d,551,2,9d227b7dac3afcc04cfa1b03ff990722ad1f5d4b1a78638684dbbdcafdd01e7b
5a4ec55,551,3,10bb1d1ab5c987be6d3ccba4913738f47486eebe9fb254da055955ea31d7f14c
494c3eb,551,2,1f0ae5f589b55d99d6c9fd9cfc4175bcaf4fbfdcc6c070dc7e7b69f258a3944a
608dab7,552,3,76cdd452c94d46e3ee585a183abefdde5ea71e76df790b2c540c534fd591d07e
0c61969,552,2,68e67a52838481d913d2f11fbf34f7846f55bf07cf2daa754675fd78e85de3fd
11aa299,552,3,f2967fdb24ed6a8b70d376f7accd2c9c3b0f0ff7dd6b3fbb50f505696b891131
929161a,552,2,a8b8acd482b675f3b2741ebedc3c510d60129e31d60d1b63c218252ef43e79da
07e96aa,552,3,4b28c82accebde14693cbd3030f9072c22f0b236c5132b75a4c59bdafb7c25f8
bffde1f,552,2,5361b3a06977a289949ad2c446db2a5eabfbc2ee18557758734e0a6b00266272
ae807e5,552,3,d5ec5b486005db0626a7ecc44a42a36c29a4eee5241fd711d68f23cdb6d366ec
5bb00d7,552,2,5e5d8638107d37bd593afd263f52d601fded98158babce97bb2a2cc1f059fa71
e04079b,552,3,49d1d4459df3ac5dbe3d0935dc101f7858b71218db5d8b1cbb397f6577050a64
aeea8fc,552,2,04d036ee983fec5ab6b93b0435276bbdcacd7ad212a96cbd40a89abb586f2001
c2e8d1a,552,3,bfe66274689640cbce7fc4b136556449776f06a66d532654c6430c0c77f69b4e
7cd47f9,552,2,f4efef965bc56e6183075c3fc1ac55597fecbc70e13e6281e18f14185e9f8de1
32e5340,552,3,d8ef5a105d7ddc42d78db0f49cfccfc3a43900c09574abf7e87c41de38510719
e99ab9d,552,2,fad65dcf6ff94869252c2bd511e05e97be6099a769fc587d012e73eb092f2217
2aaa8cf,552,3,737e0e11b6c511035adc5c2bbe6e9fb83260cb9084f99ce3c0e865193d4a1227
919c02d,552,2,d4d771780fd399124d430c8949e541c9c33496818280c7debcd2cfd3586f3fb4
9f93c72,552,3,75753532e95ef6429d178985b2454c4253dc12aec00a34f24ec030be4f9e3aaf
744cdf9,552,2,1b00b360c601a51337f7aac98ef55298b3d4bf41225b467ba7d9d896b97b8156
e73e482,553,3,86812b53356332d677531554c0d5c80e6b7c88b7d0f6fee10ebbb6dde891d2e3
5e00d56,553,2,01dbc465885d4baefde4cab82aa5fced749bbe63943ca4e127e407b70a6be1ba
995ea01,553,3,05466c57ee6b27ce3606f37e9fe763f14c4745c14f34f2248f9a0f40e6f96fd6
29fa226,553,3,5d09e55a8418e5623b41a56754a9a52b366cf239d461cc9a0457c4cd8b4a7c93
757343d,553,3,5c6ce9ce8c727b409e8ad2bae7d86fcc1931c216b0d7ded3e1c2a60d7f9119c3
eaeef02,553,3,e8b41b9ed7c12f8d9097d145dc77e63b6c6b511b2aff9dcbb5fdf193867ce028
974bdc5,553,3,2e548478a2274d1c7384b69ad0046d6d4d56cf6e3b9836d3eb643c43e2a51678
2773770,553,3,d914b748a85478b956d6ae3da8b014a4403bfa433a4bcb698ec5378123252184
99890ed,553,3,da7d3e84740d075087b2462a30ff3662504ae0bcbba6ee6368175a4affe09e06
fa8a790,553,3,4d05779c3bbb480a91195990eedbade1fca8b7357384807f16efc7dadc14de9a
0a98eef,553,3,7d34e046ab8117c9422e253e4e4fb6284636fed7edecf1c7c34ff86ac87c1c16
662abe5,553,3,f0e0e1decca84d2c6bb898bbfff8eb1a101d9a979d9b5cc93a04fef95ac5572a
2e8ae9f,553,3,4552d089e86f4096095e5840ef5098ce9ac30a271af20066ab873d99cc6fb71f
6c636c4,553,3,bb5766cf2b3425d380e662b6c381f2fd7401d4ed0e49b0c74d8c6f0418f458c1
c2a3c50,553,3,b7ddbd76686865cb61097c305cdd8dc15ac993e787ef61e944d1507024ad2976
eb387da,553,3,c46a5f9602b9c65d19806837d88c80eb847bbfeabea60d6e651d2180b2822bb7
93e2ad5,553,3,b01d5f0f265845cb8ecbf810b05a65942c22577cb2f5da8624e81253e0fe51c0
b98ed7f,553,3,51795ccc0d04e978b49ea9aa182bc360ba0e07a2bfc01f6d20af040fffd877e8
e99ce48,554,3,3bf0fdc0af6a28743a2b0e873e478b822ffed4b9f00ad9878b7756b70cad1155
5945c3f,554,3,e05d9ebea67c1e60d46cd91a5f13ec4341e4df74608d6a52fd4e198daeef49a4
9476b21,554,3,1248f0b6efcb582310d557fcfbbf0707e320f2759b6edaf01b844dd5ff92f809
c0bea40,554,3,7c5de0a2640f391138de04b9047316a91046900bef4631def661909aa9562485
c4220dd,554,3,635f3b5d25d2176a96d4805e77d66f84ad4dc9792c50ee8d01a1f7ff0797b195
2833cfd,554,3,4d6455493f4457dd405f509ba6f8b1ff6c7866ec9f7d6c2aa36feef9f9da3291
2a36c77,554,3,50e0744bef62fc5d84d63f8ab96604ead1734c1bf82595f06a6c3e555469eff2
b3ab1d1,554,3,9fc183d0d39e7166846db21bcac0c812ebae3435b60939721cc7c56c60efa831
3ea008d,554,3,31b74808edf77ac04f249e16f2e76f1537f697c7ae3550ff7c2a9e6a8d095842
d072354,554,3,a1fbb83793dbe204ecb27326bbd0ce328390e2baa1868c17e68cefa5571d40ab
55759f8,554,3,ce0b1a9f83bd4a3f4aa67af16d43d77c2f7e8e0ddc7354ed34d853520dbd1234
2f435d9,554,3,7eb7c191569818408605e8d0b990160cac2d17529ec09c44a1185a8683a919c1
ab5f7d5,554,3,e168a7452666955821c884c023cfe3815d1fafed22fcc922d0f0c5d0fa23f369
9cd5951,554,3,152509f64853e2ed1f90287ae495d1b49dddd6ba7f16639d71e2d6136a246857
f386e73,554,3,c10e4c94bc373340d1565e747424f3c8d7acbe4d80bce1c6c1679b6c70e84008
ec9466b,554,3,aad4aca54e8bb2da36d016f88fac68e990d9ec9cd125cbe9ee7ac4e227faf93d
ea860f6,554,3,4da72747a1ce2bcd993d18d94953f94a3c98285859d6dfc68fe0f898b7492011
aedc5c8,554,3,930e0a24f6dafaa3cc6cff5ef60f4f0b384d4212cdea0fadce17c0621fb1c9c8
7b8e1ca,555,3,ccc3ac5a3bc4be1a43ff8dc918cb30e7632936900a850ab3e9ff637f99569075
d57c7b5,555,3,cc3aeb2efc8e83ed38fbccc9e2bbd397443d015cac26d3d134882329605b71d2
8a6ba9e,555,3,b46d09191009ab666458aa9bca940197b83abe40e504e76cca35f360a657e0b4
0973664,555,3,e59b54a2922b780c25168bfda5aa79e3a5e0ca1eee994327e5517085107a9803
1f5d349,555,3,da01a4aedf79688b7a7910561bea344f2d7f1457b20fa370d484fa14acb62c82
2b075b4,555,3,deb46238e0bdc3b35195772b5044bcf84acf40ba0d9e65910200dc70fec122d1
31c5595,555,3,a7800b5d05906a7d3ad10399accc9e44c5dd2a43296bc80342cdfc78470556c8
9cf3e02,555,3,717e36b9ceca09655e48d12a0a450a6437fa10e95a34f07b83120474118accd8
abd1c6d,555,3,f3db40d664fdf0cadad634af3a21fd5ac17aac15041d2f758b9201e22742c4fd
2eef8db,555,3,9dae39af07303f96c6ad6043403125def720cd093ef04331f3200691dcaffa37
8521413,555,3,db1996497e317eaaf5aa37eb83416de8e2da45e5ce7f47e3db0df30af5818565
0640183,555,3,0818de903149c173ef105138bc752af98467cb26d8d896ab1c8c02d09495e0bb
170613b,555,3,e149c1b398d627a74d28ef920f9fa99b705e29de37fc7eb8c152ea24823398af
5aed1c1,555,3,a73f181fb0ebc4f4668e9dcb6b777d94ce62df129ab324d5b8d59d1131a74363
fe3d113,555,3,c163efc8d7388763711535a1e50fd1c8a22cb61dd4ac9aee468e32a2eea820b9
f43979d,555,3,3a9dff22834062de073c29bf0878ee319f98bd3d9230a8932ce4bfb73c54ed75
ae95733,555,3,b598bb318567ef0eb4a94179daa2a396acfe8354b15ab0431e16c6536d02abad
c384cc2,555,3,296357b4ee47cbd44324f8625c7f0484aeb016bd2aefff98f8d02bd08d12b705
ea722cd,556,3,5848e4fa684d64edf1062297e639aa50c1d6e8b502d971660c5b4ecdb645384f
8eb8fa9,556,3,904e2e3e1c4158926d740534c5e4b24f2c0fd3782543658d561c5e4b10bd1a57
3b32089,556,3,8f634532f8497878c0b5e1abade6e64345422b8272e71c4f054cbbc6faa0a431
1bc07ce,556,3,665dde92405f095b0f3eb0689164cb646a0d1159a8bbd84322653d74fb9d8434
32b617d,556,3,176a8f665dfb288457a36b33f446389ff525df669822a2bc737bdafd06373d29
e1f561b,556,3,286a88d88777a69c9a875559c289ba47b2efd24428cb560f7480a7c83a397bc5
73ad80b,556,3,b1dbf7a1608f0213a7c8b8deddf08f1627e5552b54b110ac3200eef5545dfa36
015ac93,556,3,0dba3f696d480fb644ea4939a1e87db05d505c5bbd9a37f207bce636f522e573
f8615f8,556,3,c90368d00283595d21ba023b6693a130b75e6e9d01b0209de9ffd2b9b6400143
da34069,556,3,dce5e99145207a2823a4927abfa1b59491ff5254c2b37ad2b1b2c3b0d98d2958
92436c5,556,3,1b85b7d80d2968c7793c869bb57de201856de80fa7a116333b60c3872c1c5a90
184d83c,556,3,39f84fdf8b4ae995f46b4569fce52923cd319ab64ad00fe326b432138f2db6ec
dbe00b1,556,3,47a08f09d3308ba9dc45fc2935b23c04041db06e231faa79d45d60576581bde2
4a210f9,556,3,8fd89ffb7c95384dd72c94a63e2d193ac174dae7a5448239377439158bd1dfd0
4599969,556,3,dad456a7c415700c74d461a97f86b721fbf5f3347bd936e29451a2f42367c153
1e6a5d8,556,3,62b0072496d99b4b65619dc2465f8d6fb5a8a296f6098044ce68e4359ae473bb
123dd58,556,3,e4c60a52ab6e0a5ba150183cbdb77fb38599482a3af7296b1ee2cfdc45b00379
bc84140,556,3,5e4682426e61b42cc54ff6a92f6c276b889f54b0173b16b601a3c8ce0b7ddfc9
5ae6fe3,557,3,0c1579069372a86e10bf33b84546fb1efa884ffd462906d6acc370229567e9e3
6354384,557,3,85743c0d95a7ca5f66e9c35e1010ef720787ca61f9d844e964e24e5f8d0d196a
0b8ed23,557,3,738d6ad28a1460407cec6d30c93d078162e5e8106a8ac81af567123eb6582147
defe6bd,557,3,b32514fbcf595d5d2d89510afb0af5fb7469be78c9cdce767e910e3f5ecb7f52
30f1b0b,557,3,98c591d6dbd50fd57be57cde6237ed192edac27964683c892bb4278794bd1966
eb68c0c,557,3,d9e307c0444eba03acaa25162f5345ca1b09d6f5e16c78b6ad6d3551edd199d5
45373dc,557,3,50b87f66f62c1c7f04617417250b7eedcc5db9d8c5f62a9fa8b155c7afdd99f9
205075e,557,3,3ed754385dfb113c6ff038f37e1b50dfd74d62ffe50278638cce03e0a6764b22
627ab92,557,3,9c61793c493d21136e31122c066f59f3a68e28e01ec31a324c19a79a0048e3f6
932f7ad,557,3,044e0238e2addc705464082862926fd1af57476a7f46485f311a1081d369764b
2b1fd83,557,3,47835d3e4dfea99cf0e3e64f8fbbb4954979aa38ed6a940b2a98a1123526bcf8
605e033,557,3,21e6a45d41a9db2bfbbc83f1efc0a0c655c92063e99ad250bfd506e18be02a45
997a282,557,3,4b6bff84449859012b15b815338c2d83752ecd9403d21a3f99a49cdf2d4a39d2
59ed27b,557,3,137bd56a1c4ac0e2d4940d49fe295cf3d097624782f66ab3942f9a1b75cbb7f9
9483182,557,3,9258742aa817704258b19bb5545411f53392a38df694350cf6954e05ade77b4c
5500c06,557,3,8e698e1de8d9bf3435f5c88de665ddfd0f52a5212cadfd3870d2300319bb2cb2
704bebe,557,3,64a6a60b94c066945fe62eeefa2371a1ba0943426e0e2950ede1b56c402d8181
fe1279d,557,3,8bff5240865e6d07a0c3e7ed6c72007ce7f88b193a722e7c898eb1d6dbaba45b
b0d4b82,558,3,cd39d7c5581da98a614c8f6ee5c59543dd0a39cb85dde9bf38302b299f15c375
6f1d082,558,3,6f33272270dda2a4ce4e168f42c49c25d92fe40a16c9a21cc5b8a6834a719131
26c804d,558,3,c9e804889490ce614e2b9454bc2c7f2d482942038ff485f016ccb080603faeb0
a8b26b9,558,3,63494e0d3207c6f1277f2214a4647299b6ccbabd7efea349d0e041d13521ccca
591c21a,558,3,f6718d933daa145fa0a71330bac7b8c8112e43aafb5daf68b7fcbfaab1109f90
627aaf9,558,3,828b6059d37bd6a35ce169bbd218fab0ca321e576b43b45fef403dda870f7d50
0e277d7,558,3,b1a835b0bb8209c42211f074c54876b98b2df98cbdc32b7109dea4ee956ca931
6fc0e42,558,3,2e8bcbf1e26ebfd952dbe866a1e799ec11c224d1824cb1dd4e8c7c3b935ac654
0eaa56c,558,3,9b4f7b73a44f47a492de71058cf01a900f1cc2df68e7667b41720c89da077436
f69ae83,558,3,01963efe5aeb26379b3f3110b37593edc84115f687c26b2695e64b39511334d9
57f6a70,558,3,3c19a80bddbd146f2755d89645d049953de0619c5805776efe4bb87317f1f162
45da3a8,558,3,f25175e1cef4eae1f1709e34d2b853ea618240fd33a3f22ff4ac82512b6f1ec6
e19825b,558,3,58e6d052d0aa5edf7af02619a7eb3942ff591295b23b82d43fb57450b47539e8
a652823,558,3,9828d4cbd66eaf63671ce3a827f4cb1999a1fdbbe7153876aa147ad726a2afba
cd151bf,558,3,c7c823719e2175e2a3a5a9b2ca63c8c33974cac4710e872d9949b9683b26b136
24ae08e,558,3,9d86321fa2a15186be6dc1d8de74fae56ac03fb010db1707a74581aa69beedf5
b19e4c2,558,3,834d4d4b3cba66aee18cf6894d75a5fd81d5d967d5fa4cc22ae0825638798106
a0154df,558,3,70f3e3bea583898c6af9a26a65faa0eca69f3e71a361b98ece649deded6017f1
f3d9d49,559,3,82551b740f6688f38853b5e16f828a408d12fde278ba453e9e86def1828a681c
966c0af,559,3,6e3f46060a157d0e904883728d51a45c4406166eb0b0c9de72855768a1a46b29
6b626c6,559,3,9f77f5e27b56aa8d55491201447d6a9b8e382f90cf7b444b19626054c59fc96e
8525a80,559,3,280f6fa5d51a953f1e3dcaba1abba678ca5a7e9a3b12ed6a4c4b768dd450b745
fc7710f,559,3,aa83c64a9207a82e050b4b346197d2a7bcb7a0883a5fdbe760ebebc918162efc
e90d60c,559,3,a4ea9964aebead5ea92797e83d54babf0af44cc3d4da15b844e28119e32bfe45
6128748,559,3,a1a6e68cdd472e3cd01b8fee2e29e348f6ca5b082cd5c448afaf6c87f858f3f9
d5945d1,559,3,44d4fff203592576d0283c5caf2e56e17ffb2f9cc3cf55289cb7d2467bb50066
fa1b185,559,3,7a1e54d53c26d70c5d0178e39bad0ad9f59a15925391be9f6a96650a69c8c3cd
78133cb,559,3,9badfcdf46482d196cd821fbce964c0b3565fa1ffed15f0a4deb16c6e4175953
497870f,559,3,e952780a209e8fdce961da49091d542139dd44c59ed8efc350873d9633aa61fd
83ede3e,559,3,1e159f16a01770e07a8cd7f205583810308955a55b033d2c4d0a0f734a380210
cdabeb5,559,3,7a588d23f83a0cd36329ccac724b0e095887593e1b5dac56f9f735cbb08ef55e
dbd15ac,559,3,f91d3c9b7855665507ed3099029f41789c9c4f41cc23a0e165bf9f249412f510
5a6ac21,559,3,79742a86a491a94fdd6f2925c4b8d32d316d93e0eca068a0e27d6725612f3304
569f6e7,559,3,068dfba6fd28ccbb403df9221fee4f19da5579392c9cf7cee3e0abca11611a37
3dbe4c6,559,3,227fcafa61902a81cf480c59e95fd521c4d697e865806329b403b38d62ab976a
dabc74a,559,3,ba411adb926167e7d6bb831ba2810985b4ba4c33722f92bdae355b281259c303
ef67317,560,3,d227e23fcd3b568702b58a914315a162821ba92a8d82145521469852eb6be721
6100b66,560,3,3075504feedeb295202937a3b75a90d58a4b4effb56c03b9a2d2cd68efc9dcf8
77e0ab1,560,3,78402daa9b00189c9b9600fd1136eae5d9d12b31942b685783a7855c95c3f059
21cd93f,560,3,b33585bc414e0db371f3ceaee95b568ae315f9800dc3b44ab2704f61a5d7c430
b2e60f1,560,3,c66ffda52c8da6d06c849be9237fc13eb4cb51ce9c5a41797059845e8da0cb29
93ef0d8,560,3,8068fceebb9c54194cb09ff67a531ba3b55b56a58016ef87010484ced42a68ee
b7a85c7,560,3,c4c7cdc5487d6b5e10d33e5cab3ce1e483409fe10b55e707235e9d898a98de17
6696a2f,560,3,b50daa7f5cfad39bebb60682ca76dc57ca216054558bbc93131d5f8c84ce9c4b
0ac26e9,560,3,8a3846f522c3f5bacc71b7f0136866b15a792934b049899c2c5340a87cbdd773
a54dbd6,560,3,6378ecf4a903c7cb4beb4d1192950b991c10d5eece4a2ae23af7fe53ae644244
467a47d,560,3,6f1b5c93673dc39b8902ed07375003e7bb23c91ccd00264f01dd366a4071cb80
fbc40bd,560,3,984c34723bfcd7d6ae79eca8912d2f77a0f084857f39809ea43a281c35facc4b
9e01a54,560,3,469a085b417d2f732c9a04c590ae9c65a9236d1a65f55fcd82c7937c59f87c87
d7f2966,560,3,78ace3d5dded827ff47327ff9981d260e9175eef985fd35fec7b7a754c2c7ecb
37ae74c,560,3,1c91984b6004f5f81513b8bb4354333d504f24b18532d11fa85b626e833fb307
7c2e2d2,560,3,2df309aa2959498ed7007dcfe19de053b6377006669c91e1bf595df84be985d6
fae8a55,560,3,cb27f3a44020487d0b74f4acaa9a3d2e6db6c65cc587cf2a5d897eb29b8a60f9
c90a358,560,3,34d032a78934526d708066e44c6bea76d33241de3104ac68971739e0017c384c
089a7f7,561,3,69dc11f37dfd06565059b92266ab3616f69c94a86233ee2bb23e55d2a074c210
df1e4f2,561,3,c3b9f77cf983150ab0be19e8dc963c3ef4abaf1a3fbdc98d78f79d8bbc9a8af4
8de1ffb,561,3,90cd2b01611d3df6da767eb0c754e941766f2525334625980f19e2b38d938204
6c7a79d,561,3,7b55a5c8738d1cbab412bc32dab4812de8cd316d4c175dd39db5cc35449559d5
9c43336,561,3,a81243c46afb80ca1a9ce7ae5bcb20eb55c0b366cc324e4a81062566325c4df1
6e33b3a,561,3,32d879c335b98768c0e2a262374d2ba6efa53209b3ce66049401b2af74efbb07
82c09a2,561,3,33bf3db6ac064f8d31179be47955ec65a0a52dc68ae5876c9fd98162286cf40d
0df054c,561,3,7c0d7cef78eb1625ddd15d48a5bb152c5e54ec68465636d392f67769bdf824d4
c0d1832,561,3,6cd1d5ad81147f33998e3b48f7d91ad517433b34992ce2efa013d7ed77317ecf
b1bd537,561,3,2f39be2576756c420976c2ceccdba7cc3934572dbf228bc101ef0b4e36aa6614
284d362,561,3,de97543aaf3b5b446c37c00603b3d4f5d3c83964aaaff9b7c26925f507a41afa
2ed6c19,561,3,7ba668887ad65e6314fc824bbd52560cc2e3a01ad27871f5d8186edc5edf3d0a
e2d253c,561,3,32e6cb62abc3583c2ed2c3d7212b4d9e58d9399eea123198968df00a48222c49
9443400,561,3,ee97d50505ad27ac688204b2ca87232d90cc0046432ed4265ef66a9bb5727c4d
da342ec,561,3,2cf70427d38f9d2b191527d30e5d09a51f3f3adc6dd5177891d6bdc67661c94c
a814db6,561,3,044653258afdf15ac17359ca6d2694dafe6ebd11c882472f3234da28b1c5e14d
6058b9a,561,3,fd4780c20aa4670b193e4922ca3a98184b2607428dd90ae2524b8e9b99006445
82eba96,561,3,aac912d6d364299394999afa2da0e3eee5b472b8c62ed6743014792532b7f636
4e38e77,562,3,66cb13203f4f486472cbc3286fc02c5d46ea648113b623b4733e05c1c023b06a
868ce52,562,3,80f3ffe972af576b249eedd8dbdbfb17f75b75dac733d9e174b92688733560d2
efa619f,562,3,be901cb4606726e8bee5f1106b95afd340948ce028be08bdf19922ea244a3d4d
b333fa7,562,3,564ca637a3548f017ee87b329f613e894c7493acf3d4c13f4c32a67c785be9f9
9fe8c87,562,3,d205590bf4dd7b15e8d93523664038d36db28168febf24407f8cf70ce64a9066
baf92ad,562,3,53347e9d7707e76c297968ce1d4526456ab120122aff4f76b8d8f60d89a4ada8
118557a,562,3,1589368c3316279f6fb78f3eca22c3e94a7b9c45faf11412b6676e8f4438107f
2de78c5,562,3,691e84520c1cf4756e49fec6a3053cc7502075e8784cb8624af896966c8aed8e
e0062db,562,3,3e05155f214c92c2bd0247c8923d7d3e99001fa67097a5ef4ba4005e2c4300ec
a621e0c,562,3,9172638bf94b42c254c51232ecdea823b007cea97325075dec98dd2176cc0e3d
dde38cc,562,3,b43eaea8f5ae5d1364e49255f1752b649082e5886ae50f8b9ca073ecfa9db71c
90d7a84,562,3,de452047bc10903f57b2d2af743d5d905f9efe4174bb23dd3b7d8c27bbf45014
92c37a0,562,3,7c5e8c89fecfc169942652becba37fcd2c49110fdc7d2c5da2eb78194305a8a4
14eaf97,562,3,c37cb4a7a521fe6b78ca321553feedd7f4b4ff6a4c801358b56cc466b37cb62f
4b705ea,562,3,2d933fa3abdd61b8bd71297796cb37030e50abe1ac50ffeaf6b8fc3610067431
27e6dd8,562,3,dd4092486ab41458c1412e97c57d34e4916ad979ba240ccd06d09fa4fc92acda
a468a26,562,3,2b200460e9bc411249c358fb98c6d047cca3567d43a23e22f514483d6cf0ae50
82a33e2,562,3,724b76aebc36eb9d16577d9d59e8a238475bb94a04f605ea271726246e6233ba
23ff7e3,563,3,7a1f4456724c155a253106393072081572761d151197d7b8f3730b71cb7a1987
d1cc50d,563,3,011659dbd7e286a217986337d1e5942596cee71b2f9ab5dea6462669350e648e
d379e1c,563,3,fc7f3640553ccd714c0b9f19ec75ff2d6f4f0aa659a21db6dac8f59c8702d16a
23b5db1,563,3,24c90fe5b1b2f7d98683773b929649f765d3cd6407e96d2b1251825d3d6825fb
3c9f409,563,3,a92e6c0e8f9cde8b10b84b8761f2f33268b316edc87378311d27a4fb37336086
7fd68b2,563,3,56af64321ed342b199ccac1d2f5177b9bd477ea95ba69433c7554d8a692b7134
9764f48,563,3,bdddd69f9c54bff1f51185f3f09baa8d047ac9d064529ad1add8503b56698faa
5800430,563,3,cd3f1d1ddec076fb207500779bd229f9a00d3850be50d4d0457d2dad7a1a78c0
c1ee065,563,3,f022e475cef64421fbf7dce35d402d6c3968960f070960e4fb22d572dcbc84c7
d258cb9,563,3,6c08474c9766387af9388bad677997274439c5ed21c7efba420fe086f5d0a46d
bc0267f,563,3,fd1f24ebc1b33df63704850c8cf4eb1e9934bd2f6972bac32f6a7c9fa8d078e1
c4f88c8,563,3,1a71bf3a336826d2ff60d4613cc3c97763a10ff475bf9e9f492d3713e0bf0e13
76268de,563,3,2ce898d72b9ea34859ea746dd2ec8409ee2f85ffb024f72a7afb8ed641e0124b
192c7f5,563,3,1733b168862f26a59afa47476ecf620fc3a36efb147d9b6120a0ece74de69021
f3ac428,563,3,b167c6bd8b05a2f249d624689bb95a68c355423f0f0a84e516bfb6d912cc464b
4a5db0a,563,3,ba951756d5ac3686749f2aa4c6a74bf63900086fecc56533d5999c2db2d3e7a9
8f99561,563,3,ef752091b79237a6ed9e0737604a88efb9f5bce2b4aebd692421d1af3ad72428
4b21cc0,563,3,9cba6fa6b23883a3dd351a8de1f8422b2a1fa68e7d5980bbb8fe9b2a20bf3290
2977ec6,564,3,e84639c2fd4a423441cb9e3faea980cd667e4fc3c5177d0a5e6c545b7d102f90
77b1295,564,3,1fc86abf058bbea905f453b1cb8f32d31c0599a4dbbfaeed3ae07e5b5e6f55a8
a389ab4,564,3,62f131cfef40d79f9ea50be48703ebca0c6b9fdeb7372a185e4f16805479c823
3e79213,564,3,d0fcd44f55c365f5d3257600dc090a7107e2151e37a2c4065bcb0feba6be4e8f
e731a0d,564,3,f88ea1cc093dd450c3d7f449debc5630350703f1a23f6fe8601c968892c78b02
06730ad,564,3,2d571c9553d514c56093f4305347623b82f75bfacf808481e69e5011eb37602e
64ee98f,564,3,988d3b41c4a038e4cc1990ea68b1eef600d6d0f3c982575b245deab3c26106e1
671da5e,564,3,85386436ff7aa1a30967eaf0fa8bfdca501dde1df80ef82266b9c7be9bb9e79a
cc1d174,564,3,c12745f7d180e6e89a71a9ea61a6d31d24d59a1043b0cb381c18cad5ee47d096
f985a3f,564,3,26ce1136277ce48c98569f50452a58d87e03a171519dd7126acb2bd47b5e4f10
c53c3de,564,3,f4865eb0e35a78b4fae9f7981ba3b0e60669b13e313f0939836e80631ed5cbf6
163e68c,564,3,c676569e04bd1fa047125170cf922de19efd88c7695a73de3c7d1f3d5bfe48e6
4f584fc,564,3,ac7212d8b52f0036760c9b0e5908a8f4b9381e23479e31dcaa31e4c48d19338b
c62bfaa,564,3,587b43c66da49f5721c17bef3388a52c0016a896bd738dfbbe9c6e1beea283b2
b6a5a2a,564,3,ecdbda8785e4164741d55e20d0a23d5189ed81bbe3f7a0b8698f1173fc1243b7
1e96953,564,3,30db9d7f1b739c79f00f82b041ddaa0607510d071579cea202795ce2c5741bf3
c84ddf6,564,3,368f340f5ac4fc465ab464c64a58a10d1c9b477891fa90fd7d4c21ea79fc821c
9932ed8,564,3,86ef21a06f8d26d20d6d18294584520f440d0411d2379c360320073328f8d71e
ef20989,565,3,c702c2fc6eaf712b2186e21dce83a823a585e2257c89aee5d2f2ce17361fc8e3
3dbb209,565,3,22f9d479e2b92e8ad10ad0b94b4d32dfc06197c72f12f4519f2c58bb18ecbdf2
c45f5ce,565,3,ba1ecdf65330f8af33d80aafb10d7ca14f5025ddcdeb3a6dd7855da23ae49edb
9e4dbb5,565,3,8d1b38ba24db32eb069a62acb870ef8ff89f6eb56cdf754eff924d1d33b250df
6b51c4c,565,3,aabb79963988a38540a01041647755e5cfbec01745994354d6ac915679a463e4
4ad859a,565,3,fa32c16dbf100386fceb5f5ef09aa39bc7753bacdd3bed7c88cadeead8f449be
5fe4eeb,565,3,d86a3cba420c780c4bdcdf9f61ff53d9a13c23604ab13f2b781567ebbd845529
6f97075,565,3,35d55ea6a571191922e21349f41c4b4aeaa810a95351cb6fc0331ecc5dd244be
a4ff59c,565,3,42b575595c0d1e7aec10810a8fe364db15b6b058068732cf9f816ed58c773297
a48576c,565,3,1c04a9d7e16598983e55b88cd373064568dc11693cc20e644ef8b0fd1c63e0a5
5b2a930,565,3,ace4efe379a071f22c1c75107e08df6375c424b4dda49e95e01fba4bd29ef899
bb05c80,565,3,15fc268eb7308869efec2cda3a4c0483ae4bab9f2cab423d530c9780f4e68cc6
3b564b2,565,3,7bb8ba775fd0d0eec6066ed177bccf9158355416c124a67a656eb7c3d1cf7465
ba45666,565,3,525d1996f1ce4423cf0a7adf55d54db846730df56d7b32455ee749810ef68e16
510944a,565,3,016ee9edd032554991fa14529c86adb615e6fbd18d7ac6a8ba3d9599997a425b
acecdfa,565,3,51a1cb1f0a1f4ccf2db008c11c242dff596a0ad8957d48f1f3922f9420a58c0e
558e033,565,3,4318da2eb39258474f4ff3fdd0dfcbb08debe19d28a23683dbde0c0ae2c211fa
059af98,565,3,207f4855023333ef5f4fd7cbb9385b1d905b1e383dca7edcac14df40448e533f
7c59798,566,3,eadd1f8c35a667e010ab03ea24a9d8c34b947b885d78bed521ebb27615e1e9a6
1efd3f9,566,3,e8640d551b3d8ec592311afaee6759ecc5963e8feee9c842437c5152e2083d2b
b60a3d8,566,3,ed5f137f76cba966ba0bcea5488af01b9b58c2db320fb9647c26f52c250c892d
d0b9036,566,3,a9a9125e34ac4ca60844750581f3735c9a0de091ef9d6564bb9f393ee992e4fc
cce806d,566,3,485bb5764a72881bcb21167cfc71ca147f54f749c4ba3b7c034817cfce89fc79
9a0a834,566,3,e11c0de3d76bfff8ce20dc2c1ff58a930855353c5939b4ab10a49286522b5b17
8de8114,566,3,b3d3a484f34ad0038555087d94b0079523da27743093fb1a4291d1b18a2b96b2
22ad0f0,566,3,ca0efa1a287ea1a04f0454f9cb7e8014480ecd18b441d054cf7926ee1aa572a7
a377301,566,3,520076203291cb5af514c25cdb1b0ac6421e92c9b35f59c4ccae5178df9ce56a
10dbcec,566,3,d860b749cac3f84318020c30856f79d0715ab5834b445b7484e51e6c7d953a2b
5e47d03,566,3,6fbdaec1feb73e101511f318a1542de110cd81e30be912fc2683601a46a59c4b
81eaec9,566,3,94744bbec7dfbf31aadf95cad74983146dec409de8da33e522500b43444fbedb
45a85a3,566,3,68dc449272aa6178a07bbf710c09d7b5ede922c890a2b72515649f8eeb4f3380
b5d9d54,566,3,976d1e2eb40643052e08a766fb65d211af5abb71e599ff76eb901184e6da8a46
14df8e2,566,3,3ce4c0c5c9382842c62e539f61a9fec8f3fec769434332d61e399aacd2293885
6865fed,566,3,de906680f3fb2d0217f874264c7d6aeeef9205cdee580b9e194bf9b647e69001
12ea160,566,3,fceadac3de4d0b068214995bf5dca54d21ca02353e812493a42b1bdee964d2ed
9016294,566,3,0e1f2f52f1217423cb79a3604d6108eb6f7efcb3bf33ad0dc30f50b6cf9e8b35
fc3927a,567,3,8b934c79ad0abffed7be50aa9674d10ba0f5cac5db675bd9e540478618bad60c
32de0f4,567,3,c6e7d5faa5b6215b0f1f842f4ff04795e3b593b3ce7e0b86c7f7490afdd2a415
edeec3e,567,3,7dab0d6f8242b545635f0a989b1763ad6cdef67c8e965c08b69e45bfc5e676c5
a361772,567,3,569aa6a253e070f372df5ae27fe18a967aa77bd1c5a1c4f1cac46ad70174ed7f
687f32e,567,3,9fa66253195b4163e9a17d36e8c21a99efe2839779f7cbb0e4c730b35141a94f
7b9c495,567,3,064b81cb3a95392d64a8ff231f90a82fa7baed6d8a0a9b69725387b532954868
4442f3c,567,3,fab8d53f0e8b07bd2a4a6c0db88420d56cbdede6e6b6062e6a0c4d71ead8ed2e
85f4d7b,567,3,0a6cbfbd868baf516276c1c5b717ef5d9fd0d56328615854eb26ee79d6fef6c9
5d30afd,567,3,5128f6192458c477b69c3fb0c95ced2ff2450c80f23e776c9f315078e2641f5d
693ed63,567,3,71edcb89536ad0d3b0149fc41a1489ffeb0a9d3894e0feca1fd39e316616ce76
e4185ae,567,3,e9e66929759e359fc5d2a9c260ad68d97c950337c30a574b28740ddfdf3a861b
4599770,567,3,7be2d66dbb63ab69857d7a14076b2cec8079f6518b6f5c316b97235335bb535a
7ec3069,567,3,4b62d63d32f3c6f5fb56a2ec136c5a6197350d8b5da87a3c3353a3322a0feaf4
965e44b,567,3,fd35b2fd2864738285cf02788627d3d457151ddaefbb5ff8524a897a06e3d99c
9862595,567,3,34c49befae168ea0237e110f8ecf1a79f54a29d4bf5864596b374e3c5bcbf598
b1612e0,567,3,e5b4af701d8a274eff2d29e4d865a34f2204ed2573cccd196717970041a1abe8
faaa141,567,3,ba85f736e6792cc86936be2f1f3895dfb661cb0f05ec4d396196af3c2bc460de
d4bda89,567,3,701e505ff917ddb29b143bc5a4dad1ac95be2d2ef4c540440998bd4ec8c0497a
dc927cf,568,3,1097698bb6bd1e6200234a331589a4e23e5d9d5c046b5f2f6e078a9a00da54c5
5104a0f,568,3,dec021d0ccbf3c4a3b2807b93ea2a640191478788214491e2ff8dc33f58aa776
13554fc,568,3,dacfbfa2f72611273f9504076f6004fb2ea5d9f9b6a4b98361b46e32f04d20a4
495da32,568,3,7ee37cdcb85d95644b7a3c97d1251da877baf36b2cf0731868141bb64abe1256
36d421c,568,3,2c208830291b6fb5de365929e8b159449b2785dd14cb03484792f1ef0a24a2b4
d448370,568,3,078a39ef9211db207134705e973644442333c77f99cdb374ed3fa16830e8b136
4f6d629,568,3,0125e9b459b6570c4ed677b186f8cdd5e0bb837378cf38be159c8d417ee9906f
04ef8ff,568,3,9dadbd8d1e7e3ac32ef75b417d9c77ae3cc8f01fa1b8b64d33f6d4e06d872123
b43185d,568,3,ca492f879d3045232e089b33979d563f6b18f1d6ac1e549b4856b1e37119df33
e66bb5f,568,3,4a6db54cd4bb083fb175d0055e92d62200043e6a3c2c1f98f39046f51c305a9a
71e3905,568,3,79ebaaa4f1d7bbe24a8d730725beb61b4fa17bae08537a79b0d050bd6755f65a
d9c42c4,568,3,7a2b4f3c4b58456748ee46cb3ba8556f8d50637ce157e9eeff3b109abf25ee17
06cbce6,568,3,37514353008b934d009ea1e7bfa604109f9f1f88c611d17e2f7ae10ac7bd14a5
639781e,568,3,c43f4cb56666fce98129b6c00fb0c9f50dd7e6a22838828d68ae3fd92e095ebd
4b920ac,568,3,315b4d4cf63d11ab8c10a2e3c669549b1ff6afcd61d0f37cfad6972b85b6359c
cc6e400,568,3,53798f94e93efe65e5d21d5b2df55fa8eb2d053fdefb19acdda8dd3f1f7f698e
2720b3c,568,3,6544c1584492b6b79641b0cd189cc597f0aeb1c84b31a042fe281fe6d39053e3
ec636ad,568,3,0df9ba14a873637845054fde69d4d2086a890413b78be89e374deb0f6c9fd6dd
39d96a1,569,3,2a09177ebe18d5fda39069962b34d95243a6cee72021f08d87c359f777e82aab
ac6a5bf,569,3,4c0d38777d9aaf57bae8317d3a4646c27a8eaaf102670703777274b43503cb6a
7694be2,569,3,b94ce8dd9c9f566ad43505cbe34a6f412fbef3f00aaddb1a7d5ecad0101db5ad
04ea96d,569,3,2319eaa64a60baeeb50ea40cbe677e8fc0ba4a8317b2363e7694e93f8bc90abc
177febf,569,3,ef3eaa73f03d28b5ecc695445d68a7c1043b8fd88cbb0a84b76e8d01e6b6c890
daad9d6,569,3,86f6c9fa366593f6e65e96060d1607d49de4185e33edc128a4ad5f37fe954135
879a4e7,569,3,62a4d80785fb53453d0d7097fcdd2715e4cfee47abd2b456c07e04f4b85778c7
dca96ef,569,3,60fee95fa003fad071f1035416da23ec3f17a8b207236dfdd69561e875173b28
c2fb070,569,3,d5a9dcfc0656b5f2a8d09b549ba8d00391addb6c02dbe67014b3405f18e25ae2
3905809,569,3,f40e8b50170b3494e4790f4febd86082f2ba296027c173ff7d62e2202a2e7ea2
7bd14db,569,3,3d0bfb4e03ef283d4bf72e9d321f1d5e2164dd2922efa5f817f1ec7ac2cb6fee
b937932,569,3,2a73f186697cef0a876a6bd3a882b0dc9f9123aeca049609907d1694d48cf514
9732ebf,569,3,aad5c15b9d2c3b264cc94efca03844ca8e160a7a1f6928ac6d127019760ae22a
1dedbfa,569,3,a8bcf365bfe561f0e1d08245eac61bc1c68a490909fe896878b0b32128fc27b4
cae7a1a,569,3,b7a0ebe5be15abf746bc6017376a38e81e59a666d5682d84e4ea73b684bc1529
1c8abcd,569,3,c86de4691d5b33688fbcbf411b925a068e94109d5add7a87347c1530d786931c
26a6b97,569,3,1cbd13f79d418418a217ba720b661bbd8e200cf218702ee258bd37a365c26f17
ecc8665,569,3,547370a16e05a97a25460e5e60048b2df07b3ee0f7fe76926a2ca793a2f71c56
7d34dd4,570,3,68a0486f9da621584df575009e3844e9ae0dbc3e7bdbd2168449b4d3d7cf3f33
ae9e460,570,3,3dcf5abfae10963dee237afafc27576b9abc269b47f9410f18c8ca8882eb3196
046efe7,570,3,02945c3cb353f4340324a18974536a4c874e37fcef554faf702bd53b7541e89e
83eb2af,570,3,ac8601cb580b51a64184ab82a6261d5186f250cd4cc9837dd24f55f27433d401
18faa4d,570,3,45089b133600240f226434b5138cf147979f94b8331fb1cb53f60dd691379db9
54f2887,570,3,6b25cf3b3439d2c579af62a598d9391e0e1154e17fd0cf725b21772b3ebdd885
83c9bbb,570,3,e1fdfda1eea9ebc3d696e9f84eb44380279e8c8d814095094626f4942b9332de
18834d3,570,3,acf0cd5cc26232593a74fc7f6f90d7476a86273681bd81cbfad716e62ef9d32a
1c8ac21,570,3,3a26066029b968b401f882c68c482d46a038a7800bc485ee010adc6c512a08c7
376021a,570,3,250e4bae1400dc414f8ac1b9c991e93aed2ee70c9e130ca8d537fb0a61388e8e
ebb91e2,570,3,a7f6b2323ef31b4d5cd85d834ff7727077e73547c24355570936a85eb9acc0d7
9729ecc,570,3,7fea55b42a6531b1980679a93b1daab57bc1f8c54dde069121d086055979ddc0
150d3d6,570,3,fb72ca0c2cdbc818686aaaca80727c821e5a3ce779ebd17800065f2508df3446
f733076,570,3,4ccca6036122a1fd4f6d42de3a3dd01b91f14befced557b4078951923defefa7
afd6035,570,3,918aed01e910ccd34652e06e21ffc991125f7e9c9cbdcb68c8ee60e22e43e9c0
f23d471,570,3,d82ed5d78b40f0a239c158ff5f0da02b84b39e251544c09a1c78ac0a16ef1610
20e88fd,570,3,c0c4604db204e1cc736e27ff91f3bbfb47c695b1bf5bcaa87119c23dd39adc1c
474e939,570,3,a8e9a0ce9c750606107f23d8418b4578055d732ec6ccc9b480f1b2478496fb41
8d9682b,571,3,e4730c7e1540fc2e7710622828f463c22ab982810ec525a37bef429266767add
1ef2f49,571,3,7055ea1a58d895b91bb1b4acbc34fe6289e1aa292a5fe919d9b809bfbfa99922
b67e056,571,3,53a8c950f401bd05cfc08633017b45f4a660061e4eb1b2f06c919e6e4bca10d1
1b07598,571,3,4ef5961ce208da3f4a6c98e89f484d57d3aec59d298198557b7dc28def0d91ff
969205c,571,3,a0d0ceb0ab5712ae0e92ba01052f468b0dd596de50467400573971453594ffed
3978930,571,3,b9e30d09c71da4ecc7c65a321e3c1976e6b5baf0ce14198496aa3999c68bb5e2
eb570a3,571,3,5d7301235405ea208441d8c6e8339f3fcd4fc209b0f3c5c7b0417cfe0301a405
b246ab3,571,3,e7a9a38fbdeb7843c6d49b6f02bfa760a78f57f942dac7bd80cc9dc0c265e7df
3f892e1,571,3,506562b9e5993fd414386c567f1974fd603a47d8cbff930ad05fc54dddb75ac7
3e3f686,571,3,974603f4285d9f34ed56df6d5be29d3d2c2e477c21d254201cd9aa50f37c1ca5
35190a9,571,3,2751188977fa3416ca6ced55bb78d5cd2c6a61cc65beb5f6b2b380365c794667
57dfbe2,571,3,149c5944d7481e09cf03a95f48160d8591e2083bee583a98f693ebe5a9fd9640
cc3a94c,571,3,3d3c6a24da10d09d7c3813385242ec9d082f99aa9bece352fd5c4006ee78119d
9e4fee7,571,3,e824f411a4333b6a39caa78d414abdff4b47e61e3dd969edf79e3694446290f4
093da21,571,3,252bda141f9f2ad89205967f6c8fe99ea38cfdc7a0c69c0390c515e6299de5a1
d0bb1cc,571,3,6eb49c08ba4946f1535cc3a0760bf279c3ec3af889783b12e7a98dea61aa5aee
f02836d,571,3,27e40d65d9a7390932015778f6dbe780adea930a9ae90c2c54c0087113657c9b
249867d,571,3,7a3f8fb8f7865bfb5fac23e3cb22df6eb0f3886b16dd04255a251a6720e56060
c2ebc90,572,3,d4eea2b8a843fa9ecf55c12d670465d4254550c16e2b567c6d10ea0c1339add8
31a4f01,572,3,91385f04540a86621e6bbc55317ef59d560ef076abac1dced261afe5da78fae3
13ce90a,572,3,ae3143ac09b4af0447c7faf3af94c0f22c6cbc996c45714bd80edf6a04a73003
54f35f7,572,3,b76b43fe92b9df81805a66c7db993f2f644f12a56cb1eafe17c077412a366eba
52ec23c,572,3,5c69ceb6afe932ebd853250660a73213e8a40a5c9984673fad14f588a790b6c5
68c3908,572,3,dece90e9db74196411d1bf0c61dea001d68c01b81b446336fe5d606ef270566c
a5cc40d,572,3,4bd897d2126781c505085341074a227ab6c18d3c64949295b0a2dcdd8f0e8cda
cd99d58,572,3,357dc3beedd50c9360c4bc7eac36014f2727a578aeab956b9900523a0c5ae98f
4469cc3,572,3,743d627e36757bbc276cbbc71cfa1193e83d306fab1cc8c6a4d845f2f650c331
27ec6d0,572,3,0d5dea55c35c33b44e601dd953fe5c6c9236cb739c80a36956738b9827e74f83
03ff4c1,572,3,45893c637b37e5c934cc0a8e7271dd7151bd89c2aeb1b452b135653542df02dc
95bd900,572,3,029564a759347e4dc31500c74376880d7a3f19f2d0dda0b61dab2878a05bd0c8
f0beb1f,572,3,a0a6c7ccce066f83f05eb074d71d90bbc54a4385d758a13811f8a06758aad7a8
e2c03e0,572,3,71b48e48d96c4ab3bb6ff84675cbc266986e6a1d7539e2e5eb1031bb48675eee
52aa85b,572,3,e37eaa409eb14b85b31be618d4e93d6c5ffd4b187eb28924809ac64a64a5c505
0e782a4,572,3,5eea9888700ca755d9e50e1e02ce5e0c488ecb7d83250554861bcad9850f173b
44eff2d,572,3,2d71a4af2d0a169d12fafebb274bc5d6aa65bc2187436daa71cab0751edd6c86
fed66e9,572,3,557c438f8f3a33130b3bb8e2ddce7b081a7a667e3285ee164eb265173e2d340a
2116512,573,3,9f16c3a128411400646a38f1c7642e1187c67d7be14c0216751b10b48cbe1bc7
0ad0588,573,3,b2d27513089a51ea7ff6a82caafce56ef4940050b7149111b0dc02b8dbfa83d8
8b5367f,573,3,fd1536cabdc7fa9c6630261898b360baf5f454cc7fc581fedae32828ac0c1c2a
366daac,573,3,93da5618609646c96fca8b4459b940f8cf7bc8956ccc2887dc0832b90de1acef
1cab2eb,573,3,c4297d16a4d1967ce195f51b1fa258399ee5239bc8431bea004b76bc1e02867f
4916699,573,3,22a3264358b4fe3f2216b8e8b0974ca1404fe9c5e8da7e3989941aa5f445c949
998c758,573,3,33869365597dab17c60b8045e3021067ab0e134fcfbb8b6610cf68ad5fb2b4f5
c376c72,573,3,1b81d5ed4fb9aceb181ea01c6472cbf546e68fad6bdec702d1954c2608c4d0c1
e6f0a4b,573,3,60f5582f5b4c4ece0efaf3a2776b1b03a46caad154130982c297000c125f3265
efb5ad4,573,3,63efa59d2828da435843fda2d65d571c6d077e26594d60142c3dbf7e53fd5939
0f4fadf,573,3,c4c21ba1dcbd29d293a2a0764733313cf6536415687a17eb2e49f2782c9d7a2c
26e68ea,573,3,e468f6a3eed644f41129f39d432a3a61a1f444868bd8d3935ee69dbcbfc002b8
0d8bfc5,573,3,e1135b56c5aa44495d9e31cc9b56ed1d37f1130a279f498bd27dd84c331b7770
164ffb9,573,3,8372d3a9972acb581b99156ee1c6312a302a94bd6c53695d6d4a18ed3b975064
e880962,573,3,a99e75ff4c7567d3758fb43e9fd318ba029a06762f578951acfb13ed2839009b
7e9eb24,573,3,29a6b0a99a25c8b871822d4dca3f440366156b258c025546547c46354dc7efd2
3b98314,573,3,d6df3952322a07a5f2004fc8fe90413d17f8e93b87f0b00616b70c3a3a15cf25
f73a4ae,573,3,3c531570ab70b8233007c1b3413c3abae1e1ba7a128551b6c5d9663264ee3f12
69cdfba,574,3,773e3c26d5985a756cd58e00a452f8131830b7d3979d0484243c90c5f26cc964
3c23544,574,3,5263feca79c40c8af967a676c1d1282d5aeb15b3ced4e0f2693da1a58fc16db6
4779250,574,3,9a087dbb198877ced9893b3a1450c20ea7921d1c49ffe64a0d14d4408055d3c6
b0b21a6,574,3,036946d9cb0ec1a1d4c10ef3d141782dec0cea61ed3a6e39eca0a86256942222
8fb3a5c,574,3,af243dafd408aa2b50f8bbe23dd932baa38bce9f50094272482a6cf9e2b32212
bc2c839,574,3,6f5b0e35a30be5c9e7ed23dcdf42d63b51c3f94cf19a1e7ff180aacb91b1d35b
c2b3c97,574,3,863c9bb94b4f750782757ab2c11955684427feb2cd11420b91a5de98960faed5
a0702c7,574,3,929cc403c1df87ac7d3c6e058658c630f4d433ef2758677636627bd3df7818d7
7d57aaf,574,3,5c19e8f37933c147c416c0f8037660ece620577c1ea8fd5faae61af26ce3ed08
9802055,574,3,fab8c0258b8b25cedb80960b2b99a3b698fe5c4b157de3c5586a289226293623
9f8a611,574,3,1386a016d54f251ed3066b88bbfb97f68f827af75efb11a9db1ff735f4401d69
fb27a3a,574,3,62b26506b996c98d2d869b405f14f8fdcc741c7b941bab0c18ebc1a27468c804
4586b43,574,3,adfaa0b6f757d8a904b3523994bea0651c3778d1ce25b4cba250a42433317b1a
ba1f7ed,574,3,dc5d8f99083b313112488d82e9f938e8316dd4e8122266e84d262d6a88fbfefe
b4bab3d,574,3,8643f57f8820e4f342403a5576d28a4f19c88f91a0f66669ed1c435159f57ec5
f03ad07,574,3,d3d0d2e679a85189117573e2c4a080e07db220c832d4dfb5f7709d0c73adf62c
09b1823,574,3,0c30d9996fbaf720142e24475e529ea7d1c825b998d3767d0f2af04f8971ee5d
4d4b577,574,3,625056816a9cd7a05ed0495a2184856d973cddf718f27c1994c91af0f27c3155
1b1d926,575,3,2e5f089deda6bda6a7a82de85e74be97b3971369171590657423013894fe90eb
ad3c2f1,575,3,c796c7dd36c7e8d350e339bba7100b0786cebad73cc4c7bdca12ac93018bd5ec
5d9d627,575,3,57445da5fdc4093d149a316d52e370a480fa5c641d32e1a0027747785b944856
6dc6b0a,575,3,1e6bfdea50bade4d5b15fa9f242300c4b7d77e13b72dc023545404abb334f961
5e2a283,575,3,c19a57390de85e0980674c76c47edf14f5110c2396d9f46981a609ff71f1a82a
270fe6b,575,3,80aac7702d7ce5799148fd4acef7f6beac9779650c69766c33db83e9e733e461
2c9e52a,575,3,8c9590eef6d5cd4f704f130f56835bfa3c90fe6a1ace1ff5091acc32ca7883b3
64abb4c,575,3,44fc696c0431a3deb84ab02bfef33491f83e235a7254e54b4c402918713eb264
e1461b0,575,3,7bcf3e29f3697ab4d59b42c78749aa1c777f204720039521a39487e1c7797286
13caa1f,575,3,37c42102879061840cfb973844b4c18a32cf5bffdc6fda0c2c841b5ba0cb10a9
a41ce12,575,3,3543cc4f2518485c6bf6523decb3ec8f6eb927ac4dbcb4fb0ddf2b730ab1d901
ddc1cdd,575,3,282e68e6f0147ec717f29ea07d10a2d9c6437a0a58b5686752318203fd810272
0065bd6,575,3,f484e838037281c26e4a7c08fd072bbf3ef4f349acecd88c3fc9db10031597e7
7f5780c,575,3,63d84b6c05d8fa956eaab5656f8c65a34c3b2235dd7e0d21d52ada5fbe728838
9a6bbd2,575,3,44e567b3b50e550247b272134365ed85ef70a4db91b0690f69f6d0ca34361b83
a6888d9,575,3,0e955890f17b37c4b8dfc50226f8ae7a96496628b1a9fd1ea08374270618e1d7
fa56b19,575,3,4e28f99b6c26fd884b54030132568bfca1226c8273eac7f5baba2c3019da1a69
1a87f1c,575,3,650f2af83e3b46231ac900b5d184c86594647aaa3a6ef14c8e998414acf24726
fa60946,576,3,b512e0866264d592e4eb7a49befffee210e7e6d064d363a755d6059d016609fd
ef4b096,576,3,020b1067fc25eaf9fafc2b1d3e039b1cb52ae4152c43f791d0083d1bc335da48
9375fe0,576,3,f81bb11921b54f7e373ed4047b0e46d401486184dbc200ba3b9981ea39072a6d
ceb15d0,576,3,be83ef460f516d75de8ec69de85346bc5d9231d531d9f6a502e551c9ab1517fa
6a13512,576,3,9345cefb47a43d6271d55fcbc561fb182c2081a03d0625ad9423be9448ef4742
2853974,576,3,045b4ee57e446d98944e94234002482690774076d4d2778e234f11fdc672893e
1545f83,576,3,b994de3858780a40afd57b39c7b4fd101a497240a1edef90b1981ac3054ab1b0
873636f,576,3,301c3e1d69361e36463cc773fead770f2f6ad0b362fc2418d64cf7f0b441e654
8e5c3ce,576,3,d3592cb3edaa43b5d1de2261b13453e7017394809c1fa05a2b9b5dc3f673f6f4
c04225a,576,3,3d8d686d079454398f589e4e006f0f6c574d9c7d7b74751c30afb42122ba2292
321758b,576,3,dbcfed093b32606988c58b03dbb6f323586ad4ef68b941bc462cd3c25e9a0aaa
6009def,576,3,b14f730e493f97276b2beab9b0b112160737f661ab4f213f6b8887cef96a8091
b51348e,576,3,443d71595641d7e5253ba6cca000cc46f125181191259754eabaedebc1f13cb5
68b8475,576,3,7e6b56fad9597295dbfec84425e80c2691e879a9ff2843164a3b508970883474
01c5073,576,3,ceb852bbf27aaab2b1177a6767159a0a8792bbe2cfb09f6d2970f297756c4fe6
fef1e50,576,3,b657cf067f9db85c6147e1adaa872446920693dda19180f467df5bcc070e2c41
777c76a,576,3,780154c2b9e7ebb3486330b1feeca86c45f2c7ffd338f868538c4df1c7c8a1a7
b3e4b16,576,3,bce5282499bd2504ba46971dcff43539e9095c11eb7a2bbb1f0a24450e465a14
0ad4908,577,3,f8f5a1c42e01590d50ccfcc03d1ac9c99215d77f337eb9ac26ca6acd0dfbcc93
67f1eb9,577,3,dffee42f9655a4f15faeca97f9c96b153aebe8ad7d346a8c73ab4300066d8f96
642fdbc,577,3,a270187e450506cc61f0e6f4e2e5b5c1fa627aa2c9c26e42ce080c7993988ee1
de18382,577,3,58c2736d6335335894e2d4c9b18291236a8a9c443660f7f082051a5f0d5d229f
f3e44e7,577,3,ac88c9d239a9d810f5ac4d1289cb491f45f6d9a65b2960031f14a3e0a1f424a7
37102dc,577,3,42b57b1af28cd247d582ae7502e4bcb0b8bee697f9bc11f807522772c25a886b
f0c47c7,577,3,62ad8803db19f2f365ac9f18658bdbf79e350588687d880c68da585502d11df8
758f833,577,3,ba96c41b3464c19cdb3b42583793bc0e526d5507980af0dda10545e245ffb6cc
c70b97c,577,3,0ec3cf6ec8b460d4f5097a6ffac1074b65d9e37df8d90d1dec3d9d07ebd75446
d869f96,577,3,0ef6dad6fe3f6cd8ba5f812a14501071465d12c9cd9c604d2eacde3805572f35
1a9cda1,577,3,e4ab199e241ea00d48c7e33cede8b3f33c2585e274552187bd42b238e27b7f8b
95100d2,577,3,0fb2dae76e7f94d551ee1e6ac08d52ce6b941f8c5614d633e79b809bc033782c
5123248,577,3,fdd8d3c483c51ae65e4d2d39389c3a3b15181464e83f10dfe01b3a3cfea7c5b6
71b9fec,577,3,1a26653fe83980b8be0d20431ef3ff40134187b00b273c5cca01c3b7868c2063
4c5ca34,577,3,bc30a4db5141d59a574e8d4abc52df8f49524e0fa8cbe1ca63763d876bf69f26
b1d4951,577,3,552d95754ff803145d45f34a96e1cf60d65b9e4837f9aaf321f1bbe8ebc318ce
068ad55,577,3,a2319933278add3fb55e1263ccbac22074113faba1e6b324248f3c59b218b36f
fb53a4e,577,3,e55b7590ce989cfa87bc7a731f6e4bde53079e386d40ecc84028f2f8012d86a8
3adbfc3,578,3,3fcd31c6554e4b569162e4b39e3d78aa9dee7c549bb7b68b28e38267dacd2680
9ffbcd2,578,3,e41430f45327a1c8aad939b8c6793a265e8c5034923c6bb2f61f2f706d4d8e90
5e76217,578,3,59be77144a798868b7fbb54568ebb77eeb934798684598b9decea6385546ee5c
7f078cf,578,3,1783aa995f2a329d5c926655ef7453d74b2ce943acb46098ffc98ba8039e49ad
4538ac3,578,3,90180c737d6b8e6381b581949225eea0e25528481a879f5d05a8aed843341ac7
f552c79,578,3,1e351abbfb1a310c6eac695db93411e9b25c1b469809ccaca66cc569aa1ca97c
9f83cbf,578,3,9e6d114c3b9d278d59e6ddc3b636673d8f7cfebb68d1b66009325f14fcb48922
72ac8f5,578,3,091f5395633fe5e8a8197bca673d45dc0a0d487c688b1c5f5b2a7168a7bf74c8
77b828a,578,3,856a56b43a0ae665dd54cd94aff843e8e75e8a30f36832b21b4dfccb61ed9a22
b37e80d,578,3,d6f8a12f8dde56732e98ea73a0c00731168581b95d856ca70878872353c6d314
683ad7f,578,3,db99742a264e9186e3406bf272d145ccbd24fddd19d4c17d65fa5e65a7574352
bce3407,578,3,e41448ab8c49a04e76a815d03936142e8c046b724c7d01f9c641c1bd62c46766
9f5b732,578,3,fd4509b0a786bbfb0ebded33bf79228b027e7b6801736d32fe70ce48da52e634
9a982b7,578,3,b845e8f1f9a23802294cb9145e380a0a0b57f48461ddb385afaaae995eca7ee7
5a4758c,578,3,9f0ca94448d14f4b84a9e1365cca06968d875fa2837a750338976f87a2265fa1
98bf153,578,3,ec3e6f8ca512a03a51c9677318418187374547a6a2f6c6420f9551d2e46bf4b7
47626ae,578,3,b577261a96e59cb162b510b40f4a4044e55fc1cb76d3dfc85e5d7be43f4605bb
139ec0a,578,3,b7690e1bfde96674b24bcb3a3f1802a4ff35541a9ee96ba1624e1d8136ada7e4
e49ef08,579,3,0cc02b5d577b839faebff936095c9e6b841ea265e21e2c6682776d29f15d3e11
819f0be,579,3,38b2450621e160be0be6bf259ab4f69fdb92f8ccd719445385eaa1f76b6e5a29
0667fd7,579,3,ff99fb01aea8ee988416a2d37acb24061791e98373cd9d659818d953710bc21c
f3ada19,579,3,9cbc0785cec52901df993858b5874bfedd79bf153eae64e71c15471ca940357e
b015474,579,3,5d968dcf061929923614347ed999205ebbf7d9f6a3469d2201dd41e3a8127ab8
a5e4cbf,579,3,e60f083cdcdd848ba505640e2d74c6f6ea7785cbe2197aa1f0e36c1510a138b8
1b734d9,579,3,8f91d7faaa77f0b5a23bf9969aaffbbf1311baab9bbf640c91a8143f4ac50606
1829b0f,579,3,4b73075714b587c123169f52b497a37676a52fadc7b177c40b593c161ca8d0ed
5ebc160,579,3,f0811c1433323f77ad5e5e06bf7da954a1b7341802a9232cfde7e747dbfcd602
092ff4e,579,3,354a51ac59b7a9e79587096d53d1d5b1f68e2629c2f0cabea2a4fcf65451f573
0079938,579,3,ef55af61b2843fe627b4b3722676b90ccb034feea5e550eb1e82d2c94e22f6a3
7573c96,579,3,59567789fd2a54714062fb6cac64ab2743d3e0ce88e27612003d7c7b1bf8c5e4
b09149d,579,3,a96a9941b6ad5c6f576b84f9b2464a92ec93c9c3dcf58c4f63fde434eb2825d9
54504f2,579,3,eded0343f780b57ffff9914d0e0a535694e5db950147b4f61c499007b85178c2
94950c1,579,3,a9294818208cf77c8f8d8f8a4d9145f1489855c87b42dc6063d9e2d75c961c11
e1e06f9,579,3,7d2e4f75ddbf3d1e92a4e0aa89a9b46610bc2c83d29737595f4738eb0fe76aaa
d84f0d1,579,3,72d79128bdc58ea9edfd62cdc0ef71f096612da227286846f87292d521bfd5cf
9f32834,579,3,eb4b50ff8afd53ada255c9f8f27c66765417e5b9d91404e82e6ffc435c279939
8a64697,580,3,5ef2469bc84fe8ee3a786764a1f964710285da4ef48654756543b51e7b6b9aeb
4bae377,580,3,686d7bf363c92d7e4a53b3b62395a8c25d98d38fa93eef6bab707a41e074657d
ef70e4c,580,3,5630344f33733ba37f0c3ad3fafcafe59a0ae08f71d93b145a68fb8e31fe7ce8
b116271,580,3,5d95a8539e4c84d177272e89e939d09b15be0e0849945c91f5582c401b0f392c
94e5039,580,3,0a8132aed90668154dab0a8f4af2858f307c2d7ed3c24aa6ba36cf13f4720302
2b5d872,580,3,529c981b80fa7caa3b2afdb0486f20af2c3bf0d56c1d23b015682fce389bdcf5
189e376,580,3,4a04cbfe6fb3d268cc156b7be5de9f7b8620c2292be0a6dbb39d9f99f765bab5
07d6f42,580,3,32d5d3ef328da8325a45b4d9f82b874db6cc956282bc15a0457ba69077eae762
94135e7,580,3,fe2841d9bcad6e37aba336e91834e516c48b8948206193c21857f9a7dc6b413a
822fb2e,580,3,50b93df8f031ebc6e1941e0b876c0713c7a443e8e56b27133d7535376ae74909
091e483,580,3,a4afdb77680c0426975fb45dd90294dd49ad3606d716a79ebbdc549ad5efc9db
f48c53a,580,3,3d74ec6f1583e9c38224a55311ea8775edd4afda01244170bc0dd90e5f6c80b7
69df60a,580,3,e0f58dbd77bff8b545c9c687bf9a74421815a1ff79fc4bf86697790d4868a490
624ad4d,580,3,1bdeb44fd38fc13fe19aa8b28ac6f75b255099a010c2fa694752b37153299080
1c4115c,580,3,e5a303befede737be4dca0f146df81b1fcce41129fc159808e96ed7eebb73f2a
c9eaef7,580,3,8ac4d8b051f3f73a7f6a378e1d87da655c64bf68b9dd2d5f7ec5e99d923f8137
99986d6,580,3,63ce46ea97029af42079b67a9a0b4675f6c15a6267652976c7dbe2ebfaa3cbdb
79a90a9,580,3,4fbaf00485acfdac083042b59b11be0172bffa57e29eafbfa7db39f9eaa9c974
799ccdb,581,3,0d0e4d126f6db762ea96011e8fd524912330e6cf66ba9df9c3dc1323a950cf9b
ce0fa56,581,3,ff96191acc7fb3ef45d2d15f69840ffdcf7b5b22bc48805e8d5dd94c7a61545d
594117c,581,3,ff2c49dcaff1b53f496e603b2fb7da65f53badacc31c97237b3c84957500a53d
5a72fcc,581,3,97c33221a4ed0699cde65223cabd0456841fce5976be086ae94f1393ebac6b22
097b864,581,3,b9e8ef58bd9df732199c0fa5b80fdcde65cbca68fb6b8aebce16aec3836aeb96
1bf4ba6,581,3,6f1f3d7c9d6e9e94cfe106fec69c83fb9d4fad285d0e64acf18cc2f8e60d7d09
0add2dc,581,3,38e5658ddc010f7b46528ae34d588c8614bed77f3aaffe0b955f1fc1ff80391a
ae317f3,581,3,7595cdcb69419ef8122bd1c4791114501dc17703f35ad5655337648e614a350b
d9d0ecc,581,3,1444817f78c3eff7eb54852acdae741b7164823f349127a160de8102d13d26ac
96cde53,581,3,5fafee59e6feb1dd323158ccc0357ba414287aae7191d86454347644e4af373a
d9f6fd6,581,3,e0dc2956613abf68ccaf1e764ac48a21ffa3d22b3a93f1f02d2729ca8146e5bd
32e72b8,581,3,85ddb67bcb5f31d84df549e2dc21783013c6762bf813b2a77c234a63f1c60022
1b4d2d6,581,3,1ec119e56ea9b6a37143969cee03a631c58b3b9262c6d5b5899795db37a44c3a
7b844a4,581,3,a120edc5369cd66b142cdf95266c98d981242d6bcba542785b62f439c9714f4c
1840279,581,3,2a7856edc4e81e2b34077f8aae2c53cb5919aff4eda81398ba2ae7f4d43a659b
e7309a3,581,3,c156cad7572c29a291b6bf8dcff96503c287b51de62ca50a8c91a2aec7fff3b7
7f8986b,581,3,dab070f72c44bbb4c91e08daa0dbdc9b42378fd88cccd209f8d786c7e63d0959
bc56baf,581,3,5ebaa1e7aac790ce43a055ab9d50419e9d53de80465cc417b9f963146fd0a5f3
fede8f3,582,3,1671e4aae302c7db315a2a8f58f373944624cace24f7d62308e9b2bf7255ae17
995ce5c,582,3,92a382aef5c88e8293b8a12175a5bfcf11e066230fa7437a79d46682c46a0bba
5ea741b,582,3,2df04eef89f90f795cac797d2a1c52ef92d29ff49c849981d4f0015b2a53146d
f007de5,582,3,3ecaf33324341c533f66dd538a4c633229b0d47e15287fb5715aea838878f63e
fe2a9ca,582,3,b609f449d36a162d28fd84b491fc3f9d63c1ba15fae0c6d31d364e0c3d7c6446
37f2d28,582,3,d4e9fa45bdace7615fea63cc69a40d397f37d1ec1a6fe46a3ec2f3d94cceeb15
7bcbced,582,3,28799b3e5cb932a6239af4cf3d8ab01fe20da775e65f1d3cee50707d4cf47103
2cccea4,582,3,5de0f3e186b3bad2c4cc37c098ffe0524f2d160707cddefe24f325c755417c5f
17d277f,582,3,6afb3cc1b293a9196fc8b6cbb43998fe6a46d3b388ac260a2c7df281f9ef89f3
13724f7,582,3,2cf9cef95e6e11ea3c0dd8d090769661953c64b9ad72f868af9af2196f105e61
e9ed658,582,3,e18ebf263d336c515d149289e05688800ddbb739f15a10b0f4c795c1ea4ab41b
283dd5f,582,3,5240d018dfce5b43a71acc5f2e4b383dde4558021fb1b926f08b3c4600e33f9d
c97e5b2,582,3,52891b5cbab31b54390b0528cfb39c9cf5f3453be64428594ce2c9e699168433
3ebc796,582,3,524709dee4aa185c3b653f726cd4fa77cff91754f32147fdd2881a8e35134411
852ed3c,582,3,02777ab2d54f03de5c5cd379d5f2413a44484430109c80a1153aabde02077ccb
e1ea8ee,582,3,5945499c35cab037e49058e1a576b227cc3b8e1a8d957b23650878bbd4efbea5
f694e28,582,3,2df96920b8dc6c7b8427c1bc77f65f17903f78d6dda1582b3bbdd2690acb4a4d
66d946a,582,3,c15a50f18a7a561b35c39d45576b28712a3cedaa90b6117cff6afcaf56bb503f
f24757e,583,3,6d8be0f0e7186fedeef6fc3b6f8df671c34c8a6157f6bce623f12e14cefbc8cb
b033285,583,3,35e8b87be0523c7f299cac023c4ee82063396ff07447af008c882c926f67e5fe
1ff00d8,583,3,4ff2dc8d2d268bb544032a66517e52aadbbf7da7b6ec74b3d4f29aafa6ef6dfd
e338a4c,583,3,aa3fd27ddb866627a3ad68588fe49c2036ac13f93f3a24b636ac9db4cadd5a4c
3e15f18,583,3,1203e0a3d26e3cc1e6b7c51c6f49fcfdf65f86b4b85f853f0a15a0a565c21bac
c80a861,583,3,0b21ae8ef1d8044ca328e79a234243dffacf6b15f7a10a4261aab059e2434275
f2e66b1,583,3,7b40a1ec7d04da8132541a15fb9df64170fd461a1ad6d4126a47b123d3a04624
7152619,583,3,61ad9d0430bc20b940ca3fed221e9492dcb654f1fe8c447f0b189fb01243e5b5
eb73df2,583,3,daeb0401fb27407356fc4fea2049cfe6e12ea87aba49798d831ed1c4506ad5b7
534e7dc,583,3,9687e100620e37e0591c833c380e08d1f8c83b6029304fed33a01bbe3fa640be
fa5d67a,583,3,62d4c0a4488e44e9c0ad8156f7854bad4a0f9d86ba4a0bf753bfabf89fa42f5c
4be72b3,583,3,7045dbd0b5ed08e80d6dabb935fd447544d5c134221dea72fcee7b6039ab7340
7b4925f,583,3,18217a4a58537d24cad9601049457c28f3c7d691a87e11172ab6fc4505d11c4f
d6fd8ff,583,3,e52a960d0c7d0fa1835b2d1732ee20ef8303622e5f3054e77a2f56f4486abffd
825c04c,583,3,72e0c2511fa82a31c1bada2305f0b8b5be62ace95265d96d4bbac0c14ce6a4f8
a3025f7,583,3,176c8936966e52adff1acb35bcd606cdf8cd992e98cf41dee47889a72e74e4ca
fd2de62,583,3,978a14ad78f7768a61f76ba07ac6ecf0aa4e49c6a7ed0c14f7be459647da3596
08dab5c,583,3,368610ae20f07ffc1c826f05c556c007ceb14f41b5ad3a81bfc0aecb5c5f87e4
5ada5db,584,3,0c448bb015c74f123ecdb294d0303a6ab46d87bb2baa9553d4b4ab86a1e67801
56c28f4,584,3,0e4c208887d4241d06a75e5ccfb9411de65e71a441163906edaed0d7b5bfd115
c09c0d0,584,3,bb7d6322745f34c6bc57a9e10a6caf2bfaf575e8f26fd078e99100e02d7005a9
d9c0590,584,3,09f9ac89ede111b2fe8f6e66ee3df6abb3dd9d04b9f86007c1e917b84f531c08
5056d44,584,3,a2b2ca0fc03878a02145d03e64b47f6a2726f436d00b992652c5917c0b7881ee
41c10b3,584,3,9a3747c3ba62406c6aedd623ea0a6ea075513377e351d1ffcb58859d6f18b23f
702ca03,584,3,ea57036c32cc9feb6c7ff6211e7daf5286316b0dbb1727d22f95f3dac029bf5e
a81b2f2,584,3,58c08a22f5e30d4ce27747ad74ce76a1abb2d995949bbefcc3a5dccfb6aaa158
ae8766b,584,3,8a18c4b0e88c5ad771241f63ebe7d068062c0533cecdc00ac9bccdcb3ad5159e
fefbda2,584,3,3938b62ec78ba836e1d5cf0dff7101f89b778cb6fd721f3d20c490f3ad5aad36
8aaee53,584,3,14b9ee897857183327e9fe17a90706aecac027817d8ec51c04b3e8516f97a725
6504c56,584,3,0951321483da756f8b9be3027bbc4b3eba30988752eb168d5452031294cc7d7d
839c4b1,584,3,47261910b9389f5bf1f5e87170cc29885979b8b333eb2e961f7dd51d2e65d3da
2579053,584,3,a4fea6366981f702c53eaebbaadbac6c01c3e636c77e68f53c9baad0f48de2a9
1a76116,584,3,8238db4a990517becf3abeeab616ee9ae557cc0a12908782cc9aec8163a920ea
a35725b,584,3,c9c48aff2b79209f18afb7880402ed832c10ef1576a748b6a573591cb438ce26
29e4c71,584,3,97b1dd307d4f4178e763971b13448ab78d0cec786b5e44ca4fd1b6bc806201be
bec344a,584,3,267ca940de7e9a4e2c9e310d2ccc83f58a965bbeb50da58fc576c345685f58cc
69f310c,585,3,d601c5e923ff30f1e93026d2486940e1b7d5d7da1ee833c53583ec5a17e9edff
65f5a36,585,3,51aa095e57c1e21b7db09874cdb2ec5bff23842935a8cbd3cdc23d840e158ffc
18e24eb,585,3,db474aae112243940ce721727dcd7fdedd212a14bf1fd315ad79247e9c74f9c4
f7c62d8,585,3,02e8cf4cbf60572c37a5ee14fa0ee270aec139cee3985b1f019c450faa979a68
769ffb8,585,3,005d0cf04726c9aaf09f2f52ca92dcf583dec38cebcd8604f8c21a862d32d73d
930d1c2,585,3,482f016b64599500b04184adeeab1b1300ca116c7dbe34e6d5f2312439c6812b
92ae69d,585,3,7742203b5a28b770cc41829018f60814903b4e7fb5dba17bd39c378e534f2f4c
688ce5d,585,3,1be0d43d802bad7e1ef16d0f207d779d5b259af900eee859ac736dd739735575
19e5a11,585,3,6c96b0e8ab30c5f7c3ddab2ae1f103ae5fbdce229289696feb002d95257d641b
79d3919,585,3,ba7bf6494f241f5137483d75fde76ac3ac3fa7d50827b80012b334234a954f64
bde5adf,585,3,2f1982e2ba8bf623e447b8520531dcec6f92804f95cd1570a4e6fe34587bec1c
246c469,585,3,88704eb521518035a40cde558e209aff732cce6f28d28e2eba33568ae07207c7
91f2d1b,585,3,12a51f4135aef2f341428ccab171b2dce4986457a22c13ec30443f2a35524401
1c03444,585,3,d9f4027567adedc3ce3b1eab89d3ed61f030a733f146db201a6f93285071a423
f65f855,585,3,a6f4c9ac9a8813e28a3c338f1341cab6fb883a95aebf50b12542a4de772f0f27
72243bf,585,3,17cfbb0cf096016d73901d6b8499cc8d3a0444caa1d94637ffca7ab8667e380f
a853f66,585,3,9d0b9a02b2b136b5fc647f5aedb46cc09cb5e63ecb259aaa35beecf80b4aa307
90925e4,585,3,e7f34b4d521d212fc8adba31712c36fb548a2576cef752469d20e1c7a394d9c9
854f4a6,586,3,90a58909badc82b703c4ea07df6b8d7c6a2bfc3d65673a5ac3e387f22943a857
47e73e8,586,3,92b016dc4a2c476abe1389c9b1e9bf685b8d6ff664cfd67ce84f1a6f3357d12a
ee20f18,586,3,6cbf891f2f79f99172423c66a67811e167eef70ed52b8e2116237e48d0b46447
b2ce49b,586,3,84a2168b1ba9a884ca24bf337b1210c9a751a6b8dc3cc221920fbb17ba4ad051
db5bba2,586,3,926884b07f83b038526d91270b1918d6d8da2296e9dde1b0465f2ff6bb50e3ee
503ef87,586,3,aa5f78e7c69a12b27dc3aa747900bb19093cc25f9a2dbe19e80b690a00261682
da6b44d,586,3,cb7a0a14cdd156fbafd3a31fb3817270726d9a667f6806cc8b0367a619b010ac
c701de7,586,3,a5bb7dcb177828920530b65413dd36aaf4d5d4e51d8f619f9d3b1d796b7df3df
f2dbee7,586,3,2241978689144cef654a23cce2cc6bc1ac28d7143a6acf71cf6209547a3c4f92
f176d2e,586,3,a586ff324ced649b128efbe1ffe6d1711a3977ccd6272a4a62e15810c0207a40
a84d37f,586,3,ddab4dc4afb6dc7d62b5a458aed44c6114224838cb42bc5f07046757736e187a
f48e2a1,586,3,012fcb5044cf2bada04659712425ac5ae02914075ff6610e5f716e9f1ad782cc
67981cb,586,3,3600874988dfaea52c35f6767b21290ca9e44c56cd2d71cc70d030c632bcb581
894fbc9,586,3,0fb2e4b580cc37cdf0160697d2c0d11ba4690867de5ed9bfb8b78b71bb577353
4309da2,586,3,d2a1fbb17c675364320870a489e37cb212ae1ce30841062d57156a171ebb7c2d
73193ea,586,3,1826ecfc21cb90ed50c8297179d89801a2ca6131927181f5624c544247351056
530d156,586,3,16d69de5d95603af8d8740936b37303d21c511637402b4e8a8a166f121c568ef
66ff4b7,586,3,7d50a504a2f177f0f6a72db5d4d98646f2c37d1efbea8b4733ec0b400fb506f2
8ad36ea,587,3,856d7da48d3c7914a7537d1f633a996ab6db3c64372ad3ec0b88b88746149b09
e5c857d,587,3,bd92cdbf0c97a308eeb28b8a650d113ec5573892d5f45bb84e216d641a0b98b1
e72915b,587,3,d61f130748b291095872e308c6a1484344b56f7d272d3715f31d71d68b32d12e
2e676b6,587,3,e0add10a9a11e9f77e167851108e11ff5ef398ed77a82e26a96e7292e0cb5c85
7ff8122,587,3,d36d18a4eb481849b580fedae5fbe8c2dd0311091400fd0c9e5c45e7c239a488
6b5cecd,587,3,e0717488e5c75c5a04093705a498c0c97dcb182d34ebbd62351a2c1f4579ce4e
656fd47,587,3,34cb3eaf5f1fb25029e6aae4ff002fc2cab93571ad503ade960e3d92ade9c9a1
d1d32ad,587,3,82a01a2dad919b754db73fd38f4046bfa8b82d8d85e6f5656abe8f7513f98fa7
6770d94,587,3,18c3069f17da5b1f548650f11f1d163ccec9eb36cf1dd85fc5ec9868f031de6d
4a35d90,587,3,506f2cd2f9a6b0d648b7a5cc2150f29cceb82cba66a6f7510bf2d8cf99a69f65
c7bc7d4,587,3,b0969e9035015c0b6689433485835dfd625a3c454197f4e31e286dcb43039e6a
67bbfa5,587,3,312c32d9234f80e7267b1e53e3699d6c8105c5b1bce7ae19baacf5a430a2eed8
e4df2a6,587,3,c1ab2b5eb6623cc931601c9045370e6481edcd898bd513c77ce332ed26af0ea8
5acc7e6,587,3,c65439e9dad7b18be6db5311c75d6779a5f66083813d732774812b1595ff45bb
c115173,587,3,86b322450701bbafbf2c8cb977ba9a85006341e49e7b4bf2dc7149c9b33ba509
764e06b,587,3,3392872a0e74dad8826552d188cbbd68a3681aee25453d1bf07ad7fbd96a6d97
26e8509,587,3,319503abd2dde91f9fec629f797f0275e6fc632981b660df7201471767a6a162
815397d,587,3,9fa077f951b9b3ca81ae5c5c0adc3139b16dedf83c33447e8b74d64f97abbf9c
71d19fc,588,3,686eac36abc9942b7097b0e1df1b07b13618871eafa7a8411c69f3e342d8eba2
da5a938,588,3,3f0377879a160f236b3bbe8c8098209b976cc1874218c38257191fd9283b7a7a
0b271eb,588,3,9ba5a6ea8aa09337c8a06a2bc04634f73a5ba5e1d7a4903c23f524d95a24d732
da436e3,588,3,15f3978ceec99b90dc59625e13cabe15805ca385643379c46de90b657909038c
a10b883,588,3,83bb0230ff2bf4bcf92712f45e78d88096a7d930f59d9f3f93365fdab58cb42e
b8d9df2,588,3,4e8da9b9beb14765cdcd5f3377645123ef4e91fa273be81e5d4ed92a1560dfa9
cff14e2,588,3,27f1002872c37419033a01a81c141254daa3f3bc77b4d120c65744ee9d9357ae
44c4dea,588,3,caed4463b6ffbba93916a081ebe18358f808d4d91558e96fcba00e83421f8e95
509edaa,588,3,1cde89d9c3140eddd5555fc16aaea7a045fabb77999eb9a06ca734c1478bf7a1
835a6a9,588,3,c93eaa5a5251173cf14ae7138db0890b204e7d655e47734761f73f0fc3408079
f21d872,588,3,aa555c00178ac9650547c096fa5bdde454f18dcd13e1322da4bc67867b693109
ff4bcd5,588,3,cd1e59059d7d01d27809008bd41a8014fa026fc38fcfb897260e7a2f80da513d
b240bfc,588,3,800813312471dd6d82bc581d982d06980f3ff455650b213d33eefe4934e886b5
78b0217,588,3,72bad12c9aafb0b8319fd6042a67f645c81223e0b86d9b85f4e465714a3781ea
85f8a7e,588,3,b6b47426fed1c281ff833a075eaf1141f6a52d6f7a292d41a1684fb58d3a3a30
719c6f1,588,3,a42ec4b51404da572f7ae4bfc954a5c5ecb15c4315d6cf795296179d7cd70e7b
d9eba6d,588,3,20dd42d6d3910267c9ebd8324b05ca5e9867c13c33f88550adc851c52f0b71bd
730a4ab,588,3,90fc0849e14b23559c031153129e8bd8d1869d1fd109d2e78c1cc3b06f9e4fcf
7617ff3,589,3,b4b0eb5a559077a9cd604e03b2e3ef78b97dfda0d5ed24ce1725e4116ea072d6
028d00e,589,3,ff6229f164fabcc3a2c4f6b2631029404254ff6e2b04c9c8b9fedfc77bc52cb0
bcbbc36,589,3,74070750345b2571f3d05e40431dffe6977405fe7fee9bb01719e78f822b033b
4e61f2a,589,3,89ff47fd246660db1a8e5adbc0e73c3417f4f33960668b8d7335171649513bec
4bca23d,589,3,65d75213dfcfe06429ffe967845ef28a4967d8aff3e63e4afa43c2b92a510989
9cff5ed,589,3,472117d1da91435340e849c1039795a50c4b896a47fc0a63b33611e710b9ac1c
80c7166,589,3,ce224260429a6abcd5d0d2829a62b69ec28ca6f79459e731a5c6f6930d9644b7
12a7aff,589,3,18d3a1d3454a156dd5b84d68cc331ad3a451a17d7e22dde662406b88abe714cf
0c9029c,589,3,bd8e1cf54f49455388f18c93b700df9ca0d4b25fabcc7a113db0f6bcbae61f7d
940e8d0,589,3,3a802d8d11587ada5e9d01abeab2211f7c74be5d91fee86c857e304a1908c5e5
81a1bfb,589,3,702707817a50466201fc49e50b6b8cf21290afd6fa31c82886e7de14b51835b1
1c18756,589,3,e88fda04365120f289e4b954f64c959b6381ed4eea6305e15e4b2c0cd718b4ee
97cb710,589,3,da8ca10af480006d250e32e89b5a12b24211dd6129cbf2fdc922409b44a9731f
54244e4,589,3,5cfd83c44fffce2927280b0cb7b24cef93b240acee0fa07dd3173586b0318b4e
50c43b3,589,3,27879f9f5083952b32fde8af00036f5379830e0de919e94de0bd6def1b80e7ff
734036e,589,3,dfd226d606c9f34dd6b34366a699b31738f5d52c0ff030d63263420d8ad7da38
a964bc0,589,3,bdbea4639b589e4489381c82e3868ab79d793ed8ca48f5070be2dd199ab702ff
d9d132a,589,3,e12d466c14ec76ac785282b1ef8ee78a30bf472f9eb43a2a0a8a69dbacba0272
069945c,590,3,e76530be1ab4f7d862e5b612ae2825f615a6c5ac5d772f04913d5c15c1accee7
787fa24,590,3,8bbd51a8854f0a5d86f43b6d3b9bbb12359b9adb21d8bfc2622a85c11faa6b17
bc8e32e,590,3,9eef5f8296298c14cbdc3f7e7519521f92a4db36a4aa83a3699acc862cea30b7
c6544e8,590,3,9263276955c794ac8aaaab7d7022fb0c2ae1f32d794385eff59004013e7c6f27
b80fb5a,590,3,457dd5435b9d293f0cf713ca1c32113d2b9915c36f722e193cc392fa83109f5f
c486ab6,590,3,1c9c6571c77684fe918bcabaa5b6eb857a3cd5cfadcd7915e7d2243b362c94d0
ed21cf1,590,3,676b6870527828f7c89fd08718ebe0d219951a8da9c58489e4a639d1b60ffaf3
e328a1a,590,3,5958868e2110fbda8e3ee1b92abf925faa08528e4dcfd4e7ef36728b30a4e214
65ca23d,590,3,195f1001adae6293cd278f6900c16a37d2e41bc092144022ab4076ce3455bf11
5fbd61b,590,3,ec8c61f97838380ad24ac8aaa84ac163feaa1316a246fca0f0ba9e54f0bbe7b7
2c95040,590,3,72104f0d88d43d4032bf4e0c10fc90e98829145ded39d05673acf48a27b8a7c0
15fc2ac,590,3,159c096df3cbc12fa1ba97bfeedb35e7fc3c0658623bf0ae6caad4c7caa0a3cf
7cef27a,590,3,00dc4e440036892812a2795a975c44e075e1ef01acfaf8c71c7072606969901f
5fc3237,590,3,9ef431167245c1499172609cc16e450d1d707ed163605c8a9cb3109ceb7774d9
e8d8944,590,3,8a84ae762e4a53c690cc4bf68090e13decc0defadf64acf59f10c7dec5c1cc6d
578e3c1,590,3,c55d718d60606f905cdcb314c58100ac8933abc2bbf5aec0717e15a320cf0ffb
4a2adc3,590,3,12286b91ddd3707d301bd0f47250c01726ab46b55593f37fa86abd8522d68e8e
969034d,590,3,16fe66af654e2131976e4263b99fa8211551f73475bb4e783ee84d3eb3f0d76f
a2c2911,591,3,ab09789a2176f84ed9ab32fc2c002a10b124733833e7dbbe11abfff1bcbd9e8f
d7800bf,591,3,ca42065aea653a71a393053917100613bde2f9879ed877731aa2823daae492f8
a65543a,591,3,c07e7aac9a095085cb843fe9e16f0d98b984998b73f4b9cf5cc6c142769d5604
246585a,591,3,594af3128f0a33e9e91bfcb2c56e973c143dd832f4b070a7229891a94bb3ed87
11f80aa,591,3,65c947fa726e81daa81b84cf0266f21615295a91bc73028826a5f5acccf52d4d
fe4a022,591,3,62bd2c58211c74261501c97862ffaad6d49ca40d0a02e39a4d8cd7b5eca4633a
5efaf31,591,3,3c1252aebfbcbb569c4506919d5492cdd25556b5cc4886001796ded0c5348b9b
6185c81,591,3,ebe14c4f5770a5b26a2eedf9d1c91a821b98d0935c7de8daad382025c67a609c
c3ec025,591,3,7db4a1ad47e8b2e1a959503dd2d5960b6162b321f1c852cc3d204d2655d71c33
582a549,591,3,8d549f748ff9a260af150bc03c73157f1c9cacdf22dcfba782cbf63fef4c865a
bddcbac,591,3,4b5ed1cd3b2d3cddc04d0d480bd693191e67979924254f92217cfd1367e176ec
bd13c87,591,3,04e1cafdee26613d5454887336d1a1ddfecf2ca5d6c93bd4aa8871b5010372d8
c31b9fc,591,3,a9f222387c0e860690bc5e25d11dde265d98873fb2dde8b1de6df2a0430511f5
c74f1c4,591,3,7996fdbe06479ec4f336be4fb7694d3e75618983f2765724174fa88d94929366
81826e1,591,3,1ae2a43e384b6a23e28002067017afedb363c40eade414e107deb57e24df92d8
7a92d80,591,3,e70e07f7366099c9af8dc1d9fd28f248ec3a443f4134b4026aed3c9d8cc1789e
dd1c507,591,3,f5393056faaec93bf3702c2ed66d3edcfbd16457d97fcee82c77605ac63ad528
aa9c596,591,3,9414d4b509b34c23a6ddf6f3be9f17f78bb22ba1c5b6e9cc9b5483953a6da838
4925668,592,3,f26906e3a6d25e733b17289e077de97328e7bd760c836a6f8b68101d4bb889df
7703b3c,592,3,d64266996fe6a3056e10d2a1861fee0ec18013c578b5bdae8cca1590f9deb856
d613c8e,592,3,38e344c2d85705d1ada083c1de2c654ddc94782c5b6aea74d80a32f93d888623
4a481e0,592,3,263eb7fd829eae740c21ac4a5c60faebe3d5a72ef60c065e75da60838b4f69ef
e83c954,592,3,a6d4258502df008cfb76cf304c12077381f14df208e90bb243fcf535d40227eb
ab87c93,592,3,b2e02955fca8e69a39d72dc8743b3e9a7b550b7e9ef8cb4cf59537b0ccf157c1
5316172,592,3,bbeb30671e9f8b78e45d38b8079dd2eec9b2ce5ea5defb3a81490975339afa87
90320ea,592,3,35fd70b84f79caa8259f20851e43cc028eaeb19cba7738c2cfb323a566753ced
c0f89a5,592,3,61cc26d5aa2902b4271877910ded117762dc4c57f761ceaa60492cb62af2788d
55d7f9a,592,3,ff4bb3f8ab04aff458918827e2646b0e529da25c4c1c7cb0edb959cdec82df13
61e8dfa,592,3,e4411f771a3a9306ce8deaa2f60a07305de670c2398cb86a40a7524d8533f6ed
d360054,592,3,a4163a024109bd7d1765b0e689a183f9371c1881b0ba67b587f0c39ea9629bd5
97692d2,592,3,6356b64325b1b24c51d6ea5cf973d23ee417c96ed829c5e6b302d0e7cd290d95
4f489df,592,3,768580e719d9f7b15a61e1e13d0767e7d02b6025d1271ff5f3e9b13a93fdd0e2
2ae8014,592,3,3155534cb2f41a8e2a54287466c849a2dc3951513916ba47de5352f544e21d06
4eb95b7,592,3,021c53d9d53841b0116258bb7a5c8cf151a0c2010934283c70a76e4d1193303a
91ed47e,592,3,a09c772ead33df7c4c8070ac50568f8e58abc19968ab47f53a9bd1cdff508e0b
33f68cf,592,3,cbf7bd2388abae9fe2fa679a4c5c10481230d9c99d1ce51b4a2c80373630191b
1bf8cee,593,3,301796ff14160ad11d1c80a87d72120c01878fe82129115a04fd32fc3c2762d4
39a1cc5,593,3,e36845c348bf7840926d9593f86a983cd4722990db3616f330b414aa77b769d1
62369a8,593,3,d9c789d7663f5b9ad501481c7c322ff32ddeedd9a70ccffc6f3ae6af32fe3b89
ad14587,593,3,2cf62c56cdbb398c5f33c2369416b5d28ce416d085bf3666632224be15bb0c9c
00f6ac7,593,3,585a222bba05d242019991d8fc4ecdf70d527aaa833f588e4f17bff795973691
e3f513b,593,3,bbb31185c3d9320d57209d5226faedcb89ae9e5fd9eae32c1b4e29f65e48589a
a7e49c9,593,3,6a4660369f7a5fff7e8e2a2f7ef6f10b3b162c62c0b20e3ca26450f869dc46a4
858bec6,593,3,50799e246506223ef21a81c63c7481cf346b2c2a207fdbe7e046ee2d74dc9c55
f9318b4,593,3,fed99c1f574125e6bafe7ba024bd27a6e78967794c0110665d720a204f453267
eeffdbf,593,3,5574824ca0e586ade4ceba98872b824c7c97ff21d85f0c4902848febb4d342fd
eaea4c1,593,3,6952264b22c23093ed6550813322ab0672da3ad215f6d5e3079b478d2e5cefd7
0f69e05,593,3,15cb6601cc4b8226e79b4955b96cd1bd3a467047d82134b9c708a1c0a9c00318
256ce94,593,3,3c5fb44e29e75360877de665105bd7dbdf6a77ff9d408d85838fd93708e94f29
716b63f,593,3,a235d0c3df5b098e488caca55b9c42bb6761bfbd9c6fc28b41ecad02feb10433
3ead430,593,3,e62334647efe48f9be581fdb92eeefe9070eca0027d3d327e7613549a4b8030f
681190f,593,3,a8ca2a447791cc58f5159529b8d940d949f8508f08cfdfb2a3b76125205a2dbb
71e37ee,593,3,c2d68aa7ea6fee281bd64ead9a3ef23e6ef64a616aec0dac6be02ae6bbd2d8bd
1a0ee12,593,3,4333102a3b1fe16f0e610f7b0e1c2638ed25396912fa9da46b985dcbbe3190e5
6c6efec,594,3,8dee8a3db0a49bd144c7cae72673a7e21bf2f15bcccb08618aadee438ea9b6f3
e02e34e,594,3,5a57e9897505d438f1a8fe068fad5202d4f817adfe7902e29ff9c037d5069407
089b9f0,594,3,d2cdc50c0d5b625711082603f009d04c803cc2a60c9b66bd191308a22aa7f49b
a337cff,594,3,fb4c72d68d50eca750d5d8e32dbeb286e3193c0f785e87ec08d6f639dd19dcd7
b82bf26,594,3,d75979132bdad70ece9446ad359cd992025819dba11634afe2f3ea8a534744d2
360aac0,594,3,ce63677c9cb732e8f4c9b9e7fbc6d9a649de2b66eee903e0fbd0fd4e5606b746
e146891,594,3,e122dd957b3320410e16de0579f2faab0e042890214c94742b4f6aad85394448
de28be3,594,3,e1ddf436e5c7a1990cc9b23d3099c1127baddc91ff4279f8dd0a6d3ffda8c5ac
15f9033,594,3,f7179cf50b37d61a4e5d869b9712698e655b9d1c68da942211b099ed5be9ee5a
df12ef4,594,3,7099c74cf8fb4e55ddf48c606789b755766a8c9389980bc946d65fa9cd01f022
9b7a85c,594,3,170b2d9ae7e2c8db6992ffe83dde458b681bc1b81398a67f4aa6eeaf5ca5439e
3c4777e,594,3,c5af71ae22ddb6f66aa27eefcea3cf9df57c97fae4620a993132e88410f9479a
387e0e5,594,3,6d641d6d43a2f9bca00639e1a62e86f2894a27d6b086c9487907877841f56d85
4e90694,594,3,5464be7a184d86966a67ba59a8e32e9f56bbb5df06684649b64a10006b572af6
157c8cb,594,3,df1a76d448f67d677dd76f4f90c749239aad0318946fee13fd2fcf16d415749f
b6a7a88,594,3,8dfb6b6d59009822da8e43ea15cebedd62b6260de5a8b2d32d148a2cabb8431f
f89ba28,594,3,6d0374520c61465d9f379af25363e2badf2bf5581d912667692ec5552a68a1fb
c77265c,594,3,f5e1a2907ee8a868b97a643d67c4b620202274dbdd44ff5b609d70a57f09aa06
83aa124,595,3,f40c08b72f38b96b22522a11449a5fec1fb30cf03d7a4f4e42ab64966e77dc74
196e078,595,3,94a6f8894426baa1d527782a4a379c38e3994779b13e39b4bd6922ebdda5c8a3
b5bd747,595,3,dd38b66b17791a44eb9b50171403102562097684858fdeeef25e6b7558b109e7
8a54108,595,3,0bcba0de91a7e0230469b47374c4402d42a408c67f70f535d90b3d970672310a
cea84d3,595,3,336a5ee4902c3fd5a20f268732ba09eef306a6e53880e81cf63d22f09a434ac1
3fc6349,595,3,6c4aa2aa316014255ac6f5e857f09e2e594240c623e25e806180dc50595b90b2
51a69ae,595,3,a3b541e3e05d30ea3c4d59994b86f123703e0f4fc8d15b1c7e551516a2b1385d
775ec96,595,3,526e952466a2937cab38595a25c5dd5a04ce0c60425f89adf8f2bddcd6ef6990
930ab5f,595,3,0b304e89a7d66865227c8b62bd886c4bcf85929b45ee3a88666af560bf05913c
c1500e3,595,3,748dbeb7c00c9f4500314dee30c0172b3cf0f2e7ceb7ce9322962a6dd7bb3687
5caa2b6,595,3,d3eff0cb82421c48238c48af924c73a8e345a927b8bf2339d163b06db5e821da
3dad742,595,3,0bfa3749aec4a9e8decc59a3f99595645d1b0ecf62afab3544da68bc496f2929
a111d6c,595,3,06701d323279b03fd686bba5f46af42a21c47f48c812f3e191c14a2b839bb069
57f4bb0,595,3,aad3ea9a7856c3049d0af1f0c79b1f81178ae0413ed7297da37f2fe280683b36
3294135,595,3,5b48593dd1c3031781b9f525fc06098fbb3dbaebe63ba2ab317138161e5a0160
9841c2a,595,3,2cebe79390224f10c15c48886abb82eb69862cac1b1ddfaddd585bb3e54782f5
e4ea808,595,3,292d8ebfdaa066cd925045743bae3a11825bf66411d657f58ef8b992f3b76caf
ed65a97,595,3,3c7e08893581c62af09fd4b9fef3b103679a5c9fbe18c929ab277fd030cce21b
f5861a4,596,3,362d09df39107f9661dbe94459fee49d303f0f5a9675333d7f1b53ddf0de1c26
8dd4edf,596,3,45242647088e17b2e1aacd87a70c7b1b149dfb2cb414b8952cef91680e1b497a
d4c95d1,596,3,290fa8d2249c45b2644c1d2864648974a23df45b7c18409e315a527c5d6233c3
9db4251,596,3,df61ffa5d8031b4c98f6c2d6ffa6084cf26e8e4bde7e7eb145cf7dc8b427aeac
8af8b09,596,3,a01c78b717a3d977ffea1e1b74633beaf014f06a92f8d16fe748c77f53411e34
2005423,596,3,60828e8a86e904de20fd05bef5ae8ddff19de94b0d9a38a4e9b0070c3a48c60f
e2f214c,596,3,8cb285019abdb66e96df05b0c88800bbd59decdf68130b6010afbf80adc13bda
cc30810,596,3,14f7b72af95032a1f44c68d79e6897ff630c61edced7bf4d7649e76d70cfa5d9
4cba575,596,3,2288c66d25a5711fb88d9b65e74c33636d24df5828e04d42f626e3958bb8f126
9e46632,596,3,2bbfa11b227069143aa457f70e162d8af48d83ce5d0719933c3945dbc804d63a
4d8bb17,596,3,39dd9f253bb61745d94debb8a2b10ea638db78b8effc7ba7936a5114a3e0ad14
a4a22a1,596,3,b802129c956f060d262bd55d506a7e2a7ae8e6fb09c2c3c5aa810b43f4e4bc38
ccfbac7,596,3,dad2d07edf3fee9590f5c4fe9be9d2cbb7db2d3c06b61ebab3491a369bdb2f43
e3f6385,596,3,5b8de733b82ade303fe8c19ec390741ebf55cf423d88ce28ae6042299f8b2885
3ccf356,596,3,d31baad4dd099845e389b05dcd83893ba520dbb69229e864bdde979c8c07445a
45a316a,596,3,42cdeab2e6fc139c566289d44867a8846f34dd992dd81d74b647b458192687af
c838d4c,596,3,04cbf78a7f1d1be4737a1d037d14758a7447d13d44c0a28526d72a25c76d695b
a620dab,596,3,91bf2ac2d1cec30fbcf48841da376c20cb47b468f5087514d32a810e3936bf8d
8ec8211,597,3,e0bc09db33e9de8d535cb0a055082785fc6c49eb2ca37d2b4fdaee7583dfcb92
ea7d445,597,3,1433f35de3d6fcdb80ed8b42fecb5c9c430cad54b2331b1186994fd49dd1c292
4c33872,597,3,3cd1c93ecec78112a209545405656aa07985802a059d3785ddfc0941726cbe18
2a14518,597,3,3a6a1e32038841efd8c54c26bd381e7eebb12498de15b19646e6c60b326cbb86
ab3211b,597,3,1f834bcdda2f384ec09c634a147d3da25b16906f2328c1bd351c8576701f8629
545ddff,597,3,9fe1e521f733d18f8911eb29e1d08574deaad50126fec88bb1103b84222426d9
3122de5,597,3,6fae1254c11f6a19cbce1c2d3bc882a14378e74121d4b685f635c4885c661fb6
30ee72d,597,3,4728ba9b5e200d492c1ffc98533c792058eafc93a9d8c9c45c432c7164f05e56
a93bfb5,597,3,8b6a611a41599fe5ab0e695aab96c6e5d1bdb78622c51daebf675f0706510911
d9c8d70,597,3,97c72fe6281cac1ca44c74e5fec9af3e822e69eb359f207d3031c8e0dad2357e
bb66f48,597,3,28e878ad0a8c9d6544e687a23a90773775cfbdedcea6161c82714cace242e964
1ef395a,597,3,ab4e8e6782a41a8283c21ae3b7b5a9e143a05c2ef2a6338faf537a0a6f1a2d24
5148d30,597,3,4a253503dea77b00e6aee2ea21d7a93cd1654a4b2f6e22dca1e9c6a05bd60da0
64e9501,597,3,4408f86f34fb749564c53f99d41ef65f6ffe457b47a45e6c14e00a7a5c5f8fe0
0a07f07,597,3,75793cf32f1088e079f95f519df6bac614e9a6ec7f3d8ce0af31707b0187c6b4
7123d48,597,3,134a21cdeb187e84a8c517e47131a54322e7f575d16b2acafe102ef740ede369
acfb858,597,3,58c6162ccacb8e4b053c86cbf8ac0086624dcaed0fa1d503d674219708623804
f225436,597,3,116a9c5dd1ad04510faff66d739d74ace589b74f2099e0d108d12c40ab3e3a2b
f5050a5,598,3,851ab16f02c2fbd6a8e3bbad1ddd9ce4c1646023f9bd09000d2098defb426391
eda2975,598,3,b7d79c0ab3a3132cb4958ddce5dedc681c4ad8f9228433413ae69e29af5abede
5ac14fa,598,3,f5a9b9013092e2a90a4b4042774c938c8aa3509be7ea2a931cfe93e6c9c70d5f
8c83d4f,598,3,13ca691e4e7b460a98e7ad4b9e012ef83e6cfdd2c268352c5ca2c0d81e4c2ce8
dd8656a,598,3,e0c09025bbeb6f33392816c8b0f08df9e2d5a3ce836a60dcf7f33426247d6e95
b75a43a,598,3,9cd7c0e0b651187ee1f58ed6b3cdb141b2d42120cbab8ddd409bdfc2f26baf6c
7617705,598,3,63671ef7b0622d4ab5f10bcea2e09663c1ad8b15c1f8a659d9508a58e491cd58
767cfeb,598,3,e08fd792a715ba598fb31100b662f4cba716684ff878e90d70a2bc37b9dba191
a7199db,598,3,a922f2295ffc17ea5539512ad86cf39b0db792e70e9892627f4d4f2ed9923ddf
3c12509,598,3,b467135ec3609a6e9006805b842f99bd086fd1b1a252a1d3d6e3830104da2503
eafc7f2,598,3,ea7c03279552d12dcaa4b38bff588fbe93b26ef91e8623c99c7bf6ee24678112
b6ebe79,598,3,578cebfe916d49954c6cf588ec7a6cb463bd6ac086b992af32618b88b96bc8c0
6b445e4,598,3,af921225835e6adc9a85fba4fb1c059f68667fba870cc0168c90877ca57a8943
43af0ee,598,3,c1f67ba4c35a6128f3243acb898789ed1bf7c93a1ca72ab7777e8651f79c0bc0
4f3b6dc,598,3,8e8ea62f067c9ed621685e55ba6e2d744cb337d8272f573991f7a3db1783998d
303c11b,598,3,2fbe88d95b756fe0930b67fe0e4fa1b20df0b8659e742b41b9ce5f72a8b892f5
5514a27,598,3,2e14719a472d870e45d6dc6d6255c46d5ba57cd057e79161b357208b55540324
c291bb7,598,3,615e9a0bf5a68bf73b5b8b4772effb0685ba9f81790d33ab245e9aeaced98727
3747fb6,599,3,1874978103088fd73dea7174a774c412fe49533e8f64017954c5730330ed312a
6027b51,599,3,9b0b0290e977ace25553ebc3df509629db7c9d0c7ecfc8936ddf3ee782af1fb1
5303733,599,3,215d9cecdb99a82bec4dada226cb97ef2a0db0d49c12071def49db069c62efca
98be7e6,599,3,e544ae44281f9434dae5ea21cd7cafb6e3b8e90619b04cd92986ce7ae361bbe7
b47249c,599,3,fe4980cd5690c14b67e29cdbe9f8ea20b906da09ebc316aef523263e173942ad
83c22e9,599,3,5b24250a412f68ca3c79e1df7a3ab6c4171a129011f6a0f8f90b8c6ad7c171b7
e55d0a9,599,3,b5beec5acfb111975c88e4964e8950e4e5b12f175d4ad7deb7121bf2bd2c3c98
b5d5729,599,3,ba3cbd96db725240e82fd677031b9722c97259a447946d84264ad11e3238ac2d
e12095f,599,3,02779d11e1769c1bb0ba20cc577c14a06938c363fc80dfa4dd5c25f7965d84fe
3ba26e9,599,3,c42238eff4f698c55eb824e59555f14cbe64b60d9271e3c4b5f5abfff94b7a75
2504d68,599,3,2dbf2e2bf027d88111b125774c4a8fc9c9aacc35f8e328acfc2439e8b9854725
cdef38a,599,3,e17a689ce0cf4948469171b24b6f52d8b312c5947a6cdbdc7be78e4a963be3c0
4fda769,599,3,d963750707e16caa4fd4abc7fe622c4df5410fbd146566edd9e85100b30b0d4b
d9e7c10,599,3,6e17fb8e69bd67743ecd9d47d0a5f20ec5fc4e51f7704b2d8b3c06180a78414d
e98f570,599,3,ff766f69236d759049c6fc10f7be0a0cfc51d0d891669aa6e6e93803d0636d1e
30d4a45,599,3,fa42f7c0eb1397b8ab38019d0e6072999191e35b3f92403bed52f480e55dfe99
79ff0f8,599,3,19282e19d7e5acab567efefe330d644d0d8fae4e94f7bfca4e8293398c9a7a54
6c9f26e,599,3,2bcbf4605625795dd6a7eeb6d7086bc4d4171415191c67a662e1d49541f519ee
966ecb4,600,3,bbe0440c316df7ed77924c44b0449116202f4d6da62c29a88897d4ff2df0bd98
02f131c,600,3,7b748333b4802ca40408d9c69a610f591935d5ac65bdbddd36534d1dc26e3843
1f4513c,600,3,099a811f2ffde3179f28fc21d3a3cd37b403670ce5d34038a22da43cc70fb958
9b4b239,600,3,d948a2fe7d1e8c50b5b30d89a5da99a3a5c0931df0f75955baf40fe15ce712cd
a875a8e,600,3,45028d3fc093915607bb10f6d2430f3923cbe52421c8a33417946410d427f7e9
1cc6247,600,3,9185d75bf07fb0d715921c4dfebacc67fc1d5e3cdc2e726c2da0249add99c6af
a655a6f,600,3,dc121aa7bff4f5b61aa873367e5059f4d8a51e6c69e90c55917278dcf4e26c9f
a752c11,600,3,526b95448722e0275b1ed25a0368c1f3c319d7a00d1c5a2cd82e3b825ae15b24
4af15c8,600,3,eb9a3ba9640e74b036e6b7068f03c9585e41ff3ee9f36a03d93be5bdb28052d0
9389e5b,600,3,1cd9fff0bb10bfaf70887e0bd15bb4d2ba7115e8d5ac7648ad30331dc452ac19
e5a7bcf,600,3,34edd3d7e9660286acf3d0c05b5ea7d7124cdd433819eaed4857b994ab393c7f
a546e10,600,3,c6c253469821b20caffc5d7e2faff9119962ee8c91dcd9de8f3441c95db660ed
86887d7,600,3,77da3f330726e30f1e1d5f30d26c5ce475d2136221e4422ef04154928ae6f0d1
2364b68,600,3,575e575da3a1e7f6d116c5814aa971b8572d9aa53be09f17bf0c1208e9fee9c1
8d8a13e,600,3,642282d210ad85b8966c90c757b96fe11d696a602af651744fdbb247efaceccf
9b2d996,600,3,9b7970a461e23913003a654964eee154e0ee5577c0ebbb9d4c847596ef9d5520
89c32d6,600,3,7726bd738dd2c6f29bb1f76698293073762a924441242fa4ac5f6e9541263ffc
2c0e0dc,600,3,4b33c4ff1b84bcc37ae3a9e36c227f088caba28cf1e1f49edb9713bd491a7fe8
f468ccf,601,3,d5e66667d04788d9a5aed29b8600097c666e3bae5239bb35f8b4858e6a6d51cd
1859a6b,601,3,9c70b96bb80e3192f09e6d16acf95745d0cbaea01af3ac7190343ffa62ed66e7
4fce0ed,601,3,bed4131d30955d9edacdf1976f68319b9d07b2720ea302234417db654d6aeca0
6b1490f,601,3,989d0373395879b1d3e021817c020cb8b1f8a22ec77f10ca413d402baa912c3d
f4c3bdb,601,3,963167aeb84dff4442035ea62332c2d05443e12377d2fb6e8ad6daa8092040ae
a3968b1,601,3,2e87ea0272bf6b47b939a00470fca312f4ac29574998aa785c19d338725aa6e6
fc4d2cb,601,3,674c59508d17742bce1c49ef0aa1e20d0777bdc3ff0e205ad6eea0fda877b5eb
1be148f,601,3,3cacfdf45b9f48b29e3e7f5d139e4f27a9d42f0721e6d0b7b64cd4005fbbcab4
8291f47,601,3,c3ea6c5e510790b8d51989da307e6eec747c93aa7208b4a71f5548f2ba6bcf4a
ce51886,601,3,64a9aee46efc8f49b64adaa73ace64fe68ce159bf58f26024b6771f1e81deec0
3decd13,601,3,b198d8a44d638a360666beb08f1653fe70bb72e8027ca0997d3bee6015f04452
837ac19,601,3,4d3b7dbcfc2cbfb147dfa0265a325a34e7b01c833fe95ada0fcbe33647e73f74
48ba8f5,601,3,0034181f8a831fa82f21e3923443de2d9fc6ddc0a4a66aa67c7db2fb4d44180b
56b9a21,601,3,b4baa642eae36cb16752c01f067345bd293bb64034fc2a2aa7f8baed0938c351
d349bb7,601,3,0dde8a673f4ba3d76db6055938210a8bc3eeaabeccfe23206bb04bfa9efbc049
6289b2c,601,3,3474956f692175b3a4adf65eda2509d397bb7be569c7e1a65de38e8a436a5cd2
f8a37b4,601,3,402fac00d6c68416a910324162e916158f9de4e7cc7551b1a263c55c6193c699
a194df9,601,3,7aaa3ec9738c88f43f8124851dae2055862b75e6ce309f6fc8639b5657275189
654b522,602,3,74aab752c3cf3b59fdbb3bd5f6b450e0ada0240a833b929150ee981d9057d346
6b816ad,602,3,cf5c52e3f7e6000f078931863f2be472f43e8966d62a5aa22dc6c4270eb01fcd
bffe0e1,602,3,e3274f5a7157457083396e10ab619bfac33cb4339db22e4643aed571cc61bd73
d1254f4,602,3,24992958eef52c48a5a6595b31659701575f889185b4c89832955d5455e6615b
d0776b6,602,3,5ecce609668aa6bf2e3dc1f57206482971c85d80bdda5ac72d8a7871133d5574
71ec6c2,602,3,45848cbfaa1e41c74c9681829bb27fc650283d3d20292ccbe8957a68a2b237f4
9241144,602,3,6ae51118d217c9e97bfd8cc6109a5ae2a729984de3dcc3d8281539b9fb8f9f2a
c1c3dc4,602,3,862cf3b22db1e6c014ea07a31c5326c9e03ccfe95b7098046b3027c069c121fe
13846d3,602,3,e8d44224cbbe19d098a1ba833964676190f8796b93faade54b587201d9a988fb
36523ec,602,3,ef27bd2a036534b5193a5f82cf90248d3196f48ce06854de96c3390af96fdfa9
d6b3e06,602,3,cc7b4dcc54f89f9dbba489cb5089c2a631fd48137856cacd7b29026785039112
44d8489,602,3,72adf379ced5939d756ca58fde97c774f8c02589e908468d75b86457124bb8b4
4455bef,602,3,51fe34fa3b6049eb733b18d0ed482c0c260e09169dfaee4a1cb12b2e8642dd75
130935b,602,3,455faf059782dc301ecd5da947ffbf3a363f43dffc50ad92f23263c2b34caed0
e8a05dd,602,3,04f1cf2df96c6aa0faac57a6d03112b41fa22ebe118e390d0429f6a2ecced981
9db3db7,602,3,189e8113ff7818b2df2dbf3e54e2eb40054f6d124eacaae0edca6cbc19003955
3832cfe,602,3,761c7a24c9ad80592e711743cb1995ab9cbbfb7424a636d406df1b395c8a621e
d3c0cb9,602,3,f410ec6161ba64531f4a7e1992b6a5855c6c11cdccc226dd4b793db4679003c2
13d8060,603,3,e402e421e28fc5b71f49d6489f0f4118b8b2627bba6dadb602fb4c306a44732d
716b03a,603,3,d1958f7b14f485d7d4a13782f52291ff23384d462bafd4478917459ca935ea05
6ebb9fa,603,3,c3b99b0fde95bd5fb9047202747f1c884899593e4e6915432edd3c6f532e5666
e6e7528,603,3,0c9c20cff41f43544659e3596b752e3c534aa3fbd02779d1d5825c3b0ff079d3
323bd4f,603,3,cb70f64e35528eae4483eb72a90fcdddb2074cecbb885cdba998fc6b9b788676
86828ea,603,3,49e108ec8bf17d545c51fd82ac82baa843688f066f5d944278f9f2295ac61b5f
55130fa,603,3,8038fe54b12b918ae8894273b20ba8ddb9f1c0ed40caee3ed5740590ccd7538d
6dc1f12,603,3,2a2153070930e2d16e1316877732ca4b4c78edf4279f0dea81a295bddc3f44d9
62551b3,603,3,4480f854c002ffa8a9b380f6e070ac3f1010a741919140d4b2367cac6405f043
c312f80,603,3,79180c9d631e80eb4b942c6d6f316c81cb67fc70c533002531343bfc45c2854a
16d8683,603,3,ef07b66a329de50945acef1060ea1d946b0276829e14556ed097442368d7aca7
e3a9afd,603,3,8f9eb0bf7b61b9a47c16bf5b655ef69cc83332568c3a3c3eeb4041792919bdbd
9055d9f,603,3,fc3e33cdff15c6de89e76cb636d9540d1400bdf153571df0a248a99549720647
f6d106f,603,3,0bd3694ed713a1fc2ec85d31de59d673d170733e336037b35441760b265b988c
583ae2d,603,3,c9412a7e790240bebf5d9408198884bf5564d399be050b6cc67086aa12c414e6
6cec5ed,603,3,119bbbca9b06a341e118f145d2e40ab3113e84f97798293634562daf39eb5eb1
5d286e5,603,3,9ef07678e6bb4e97e301a02122e77999e3ab9c6cb4cd098aac8ff375f7c5e478
f6cffab,603,3,05ab73dcb8c5306f80fd4404cfbfb51195e803e3c7ec116773647ef2d80553c7
b0bd147,604,3,f344e02e19863daac7204806b71c36085676bafcac057e4582760418661009ed
0cf9088,604,3,b0beebe660404f3e4c0fd5e783eb3fd0c99f06b1f0b7aa2f743997aae8eefc08
f808998,604,3,3fa95ddf00a4b7571ac3e8bcc0b563224656445633ab9a0ef5c2043007543dc9
bbf1f1d,604,3,425de9c7ddd0258a4f1441d875cb0cdcb1bcdf7216607281add892797a70096c
90d5310,604,3,2b514c7678bd6120848fdf619076da1866e43294d339e0735b5610536e1b138f
5912bde,604,3,b1290b4570ad43dde7e32ea940fd403f956355c8ccc3a73f187bca687dfb58e3
638d207,604,3,ed99bbbb3fa0ce5a751ab75c6d6d4b59aee15617d7205079d6f5d82747ad608a
0d077e2,604,3,7fec109798c58123f6ef69663b489eed5c0eb3974e7a82a43608cf9c9a3b6b78
8ea0a22,604,3,7431402f5d189f050604a79b14c29f8b162798bdeec7f66b9100c6a97659f8a3
16aed11,604,3,a146a839c0f8c45b44aaa573a047906d543274572d830b5d4a082bbf7cc8b533
1cbe327,604,3,04d98edd64aba309cd868bb18cbeb7e9a42e984b41eab6ed4645bdd80a006aba
06b51cb,604,3,c4521fe64a937ab4b7aa68a7846b9868a71afe2e1ec2b91f1d28cec35f993f3d
eabad33,604,3,b651734a73380f38a4dc78e175010ed3e2da163b7dc0e048fb22d98e048af684
7d48bb8,604,3,9d2c40a10fcbb4e4709b38763cbb21b6542999a1d337895bc6add358a0adb95d
86ae0eb,604,3,7222718aad6436ac89d4f5942fa9930ea4d8511dda3de20204d747ec985d0778
167f589,604,3,0e28fc350a568857686d8a9ed8a7bae138cbcddd51e1ef12b5eba6adf04c77d0
ebbe96c,604,3,3d441296833bc484f5187850ada4a9d946f605b5fde38ce0a43d4ebb0fcf8826
a82eb41,604,3,c5611089c19e7870743973400d8c6868c5d9fd0ce2ccb66c7046a71146fd10d8
0b15a66,605,3,b32cf971de2a177b2a23a779d6975b1dda5fde1fbcf885b57e9866b7c2c05023
0c47509,605,3,54915d36069ae99f488b5a728defe9a47fda4c4311fa3060b7945f94cabfb701
a8d7467,605,3,bb379f6db2f7e4d3fe09e1450176a62f0aa0a71d5d6266c6cff4a15ec539823c
ebc4033,605,3,1e22d5e3453a7b7c5dc1c4e32d29e40071ae69c1b23453237639be11a468add4
e53f0de,605,3,746242dbcfe34749c37e4b34f941514ef1a4d980a7b7d7e269478a869aefd788
e868006,605,3,82eb669d9acbbe1c35dc8f3983b0198711e513ea3d23027e60edc8cfbe53dabc
08a4217,605,3,5bb9c523d8d701d5c9376b0bf843d59513df5bd45a181963e8f33f8213452e51
9c14496,605,3,eb5fb7aceae2b67a6c219d822c761bdb32c165b112a905eeb0917e9dea21e846
96fa19f,605,3,7ad771a2d453d2671b33656cb3c40aed27f5349deb35916e65def5e22e62e361
ad62155,605,3,82b27424651230157d834c66185914289f977e4d5005e8426e95958d11de7907
fb307eb,605,3,0a749242e51d334d8a0fcf7f9588916adacf0a640836650b2d571c990e058e24
33fd8e1,605,3,1c4a4ae048b1e5d4ce8d78403167f0227819cce7fb80c9ff33a0beaa304032e3
19021fe,605,3,ba34555e3f26e16ea2c165c8e5de062f66264c9bcc88be8aef17d4642d2ae181
bd04e2e,605,3,0425a8d5cfe800a00798a56fc12c5c90f3a76a55c3fd555e1b9341e55bbdedc2
10698ad,605,3,c0da3a19c7e0e529b21351ac2c839691f07f78a4e86b9cd35983170c33f7175d
f55537c,605,3,a7df606d58c11fa921f794b36d26893217d4931d7d774adc5a4bc5041da8719b
51a4fb0,605,3,ac6f48d2f05affb8125d019ab69742263a12d3192e63e99f789c4acaed93ba22
7c47a9c,605,3,fdc091f4856c76383ba998f306775bb36feebf3d2bbb68d07e80138d351a1eaa
a645234,606,3,72d32b436c5ed6eff9ddd4df1d117e5665d892a2ba3695efe7a58e0396047f6b
88b0a4f,606,3,510b76caae3a9b403b950b26544b8116415b215442a6b80aa2d50e30be6f9347
8b82486,606,3,2d0bc8be92951793d109ddf44cbcdc976821a05a273fc65c5c70549faa4387d2
eb71b85,606,3,d769b056ff71111f8cfac5f1b73d8cf3f078bd2485bcdadabf9bdcfe75c54214
7dd5c0d,606,3,d9753a6b88f7dfcb454f8b406f972362d1d8b5a44860ea46743f8b1148e39797
e1e2a67,606,3,5dd13963277938e4e0d885db6b3bee65fd55a756effd00c0d0bf338ddf1e09d0
2e9d4a7,606,3,58c5ecddb1bc9e26d2e18218c0e39c9e2edca5612ca933525cfbdd61effec092
b45fd50,606,3,3a5e4832103809395a2811b441d5e69705e03363df2e6dac90d718761a95410a
09e2b3e,606,3,a99c4cec72e578c0b9cccd12c8d50abae43b3aeb0701869be096b124dc3543b2
8eb9955,606,3,684f5c008496a11e3b6b5b415086f02b88b4a49d909bc64c8edd5c3eb51c64fd
06fa3b6,606,3,eb4dc89f06e1de86d308f8bccceaad5887863482dc06798897052d8cebf7ad62
c255b1f,606,3,ba78a9a9f22ed8181b85d975748767678f45d4a5623b9af340e57418484d4b55
5fb1682,606,3,c637476ad29d6aa91b622ae56da3ac3de2bca03b927797552a44fccbc3a0bbc0
0cf0f8e,606,3,11450368520479e0d165ab7f561c488385b97cff99c2215a2b838bb3e1a223d2
08dac82,606,3,f53830466557105a0ab292ae7e78cf43b51a5f9e4416f57ffb01ce18fd4282a9
