essay_id,topic_heuristic
663d2cf,electoral
3a20bfb,venus
6adae64,facial_emotion
c81ccdf,driverless
9549d7f,venus
15992f4,driverless
1b7e42c,mars_face
e06d5d9,driverless
a779bc6,driverless
6a5eec3,mars_face
591c12a,driverless
7a59c2c,driverless
3dad742,seagoing
49e0d87,driverless
3e9eed3,seagoing
4b705ea,venus
ae6d438,facial_emotion
7d9d6fe,mars_face
48515c1,other
a7fe09a,driverless
e72915b,facial_emotion
b3ab1d1,driverless
2dc0b75,mars_face
9f5b732,electoral
ae9e460,other
f3c4832,mars_face
04dbd25,car_usage
4e0b72a,driverless
1f48e7a,electoral
3a737b0,venus
e7401c2,mars_face
a8eef6d,car_usage
c51614c,driverless
cd4462c,venus
138ecab,driverless
3ec8931,mars_face
b01c708,venus
72243bf,facial_emotion
31dfb5f,venus
628c245,driverless
2d454ec,facial_emotion
7e6ee52,car_usage
201fd9c,car_usage
4896b87,driverless
34f9d3c,mars_face
15365fa,venus
e9b0d70,driverless
f5875b9,venus
f83a610,driverless
ea2449f,electoral
4a1ccd9,venus
7a6088e,other
f458714,driverless
26a1960,electoral
c906156,venus
1da8f12,car_usage
eb74063,venus
50fbd98,venus
39f503f,mars_face
4bb4988,facial_emotion
0e2b2aa,seagoing
6f38e1a,venus
213f458,venus
2e01bf8,driverless
c0ff8e8,facial_emotion
b1ae3e4,driverless
5af1f7c,car_usage
c43fc51,driverless
d95597f,mars_face
e85ff31,driverless
10dbcec,facial_emotion
ad846b2,venus
b06b493,facial_emotion
0347bb4,facial_emotion
1cc6247,seagoing
5024f22,other
2706317,venus
8f50f17,driverless
752878d,driverless
87cd32d,mars_face
3d34e69,driverless
43c5cb6,car_usage
2645e39,electoral
94e8b11,other
7736261,seagoing
9d31789,venus
9baa424,venus
f267c3d,venus
29851d7,seagoing
2853974,mars_face
e209f98,car_usage
3294135,driverless
6d3ed36,electoral
2d7e6e9,other
6c557af,venus
09a04e4,venus
f831bab,electoral
0305a15,driverless
f932640,venus
bc6ca3b,other
f357d17,facial_emotion
9a12acf,facial_emotion
4d0c575,electoral
0d20e93,driverless
ccbecd2,venus
fa35821,venus
a125389,venus
9f3ee0d,driverless
1125efc,electoral
7ab444a,mars_face
821138b,venus
e60066e,driverless
031ab01,facial_emotion
2171ee8,seagoing
e99ab9d,facial_emotion
615020b,venus
9300f5b,venus
932fe56,electoral
4e1e89d,venus
94135e7,car_usage
ea1734a,mars_face
bb7cf0c,car_usage
f02d98f,facial_emotion
a14ed8f,facial_emotion
35f642a,electoral
c342e55,driverless
1c03444,car_usage
e094603,car_usage
4ebd88f,car_usage
33c632a,electoral
683ad7f,mars_face
f3ab2bc,driverless
b0d4bff,other
5a1d913,venus
7e123c1,car_usage
91ad483,car_usage
6d696a5,mars_face
4d605cc,other
2ec9e00,seagoing
efe2c12,venus
8a60615,mars_face
9be40af,electoral
d869f96,electoral
4c33872,facial_emotion
00cb5dc,venus
668973f,driverless
5687d29,seagoing
25bb264,electoral
bfd4a19,driverless
6c7fc93,seagoing
37e9bc5,facial_emotion
892efa3,car_usage
9504a2b,facial_emotion
6fb84c0,mars_face
294affa,facial_emotion
088fd5c,car_usage
4c1784e,electoral
7d8ddf0,electoral
f4c1321,venus
e1f561b,venus
e528ae4,venus
c7bc7d4,facial_emotion
b82eed9,seagoing
abd1c6d,driverless
e6cfc5d,venus
f176d2e,venus
e18c6e9,car_usage
d617cf4,driverless
1c3468c,other
61d3a3a,driverless
022b620,seagoing
59f3a62,venus
7ff0200,seagoing
5a87202,seagoing
8885181,seagoing
27427c9,driverless
c7e42ce,driverless
01b55c8,car_usage
8a526cd,electoral
91d5de5,facial_emotion
5df9875,car_usage
50ce20c,venus
e701cf8,other
6598ef5,facial_emotion
55a48e1,car_usage
bad6c34,mars_face
413fa86,venus
ad0a779,driverless
7cb938c,mars_face
3333188,electoral
23b0b0f,facial_emotion
b5962cc,car_usage
9e34d7d,driverless
93fee24,facial_emotion
2c5309d,facial_emotion
94271ab,driverless
0df054c,other
6657141,driverless
0264158,driverless
6770d94,mars_face
6231af7,mars_face
d321e59,car_usage
f6b60ee,venus
69f310c,facial_emotion
22955c4,facial_emotion
1482f42,mars_face
347f9d9,mars_face
e0d868d,facial_emotion
c23bb92,car_usage
2ae4810,venus
c0ada9f,driverless
3aed042,seagoing
be8ce73,venus
b937932,other
54605eb,facial_emotion
9ee0e40,venus
a901570,car_usage
1fcd324,facial_emotion
433b244,driverless
bc84140,driverless
c10455f,driverless
4df2f42,mars_face
d093ede,facial_emotion
4146edb,driverless
764530d,facial_emotion
4170511,other
e2f5624,facial_emotion
1c5a11c,facial_emotion
3886ce6,facial_emotion
a6733fa,car_usage
61c5216,seagoing
00b2fe2,driverless
37e497f,seagoing
bd846c7,car_usage
12095b2,electoral
d0776b6,driverless
ee957f3,facial_emotion
bef1ed0,car_usage
c930fa2,car_usage
15e8c3a,mars_face
2440f97,other
2199b5e,venus
1859a6b,mars_face
22ed5ef,electoral
0ad0588,facial_emotion
2ea91d5,venus
2e78299,driverless
d08a5ef,electoral
4ed1e03,driverless
0ded4da,electoral
1b1975b,electoral
8b7fcc4,driverless
0e82e35,mars_face
7e22c6c,seagoing
3cf0e6c,facial_emotion
f953262,driverless
4f661ce,electoral
768ecbe,electoral
85f4c1a,other
b90f1b5,electoral
7d69fe9,car_usage
129f4b5,driverless
e9e1f6a,facial_emotion
45a3758,car_usage
1bb0b2b,other
c6de3c2,seagoing
b1bd537,driverless
4c28b83,car_usage
a678979,driverless
815b88f,facial_emotion
c6490ff,driverless
fa29e92,mars_face
ceec53f,mars_face
2126db8,seagoing
81eaec9,driverless
a549027,venus
44bde0e,seagoing
9853a17,driverless
b4945b9,driverless
077acd9,car_usage
57649d1,electoral
09b7da8,facial_emotion
d9d981c,driverless
fef9131,car_usage
e2c2e20,venus
b80959a,seagoing
be9f270,driverless
6f38206,seagoing
ccf34f3,driverless
7136a44,facial_emotion
5d09d49,other
a3c0f35,venus
d836e6e,electoral
8a52d1e,driverless
591c21a,facial_emotion
80828df,other
4b21cc0,car_usage
137675c,venus
57bd6d9,electoral
4cea9bb,mars_face
0d2070c,venus
65aaead,mars_face
b387c56,other
bb18184,venus
24046b8,car_usage
8de2ee2,mars_face
7d48bb8,driverless
577fa76,car_usage
f61050c,electoral
c7f9f5e,driverless
3db2fd4,car_usage
596c46a,electoral
9aef82b,car_usage
3bb67ff,other
6ae483f,venus
ac756fd,seagoing
9ebd4a9,venus
55f64de,electoral
875b4d0,facial_emotion
0f87684,mars_face
0a0d3b4,mars_face
e5d2529,electoral
92b8c17,seagoing
3714edf,seagoing
c8ebe7a,car_usage
6b9b40e,car_usage
3b564b2,facial_emotion
8d80c00,other
72f8e27,driverless
05c4acd,mars_face
1eab2e8,seagoing
1e26ea8,driverless
86cc1c1,car_usage
ee28754,venus
69890f9,electoral
c90aba8,driverless
4f693d5,facial_emotion
3194f6f,venus
0613e60,driverless
5183644,electoral
ecb977a,mars_face
cbc7fbb,driverless
f064912,venus
6aeb5e8,driverless
a0d4f2b,mars_face
9ba4406,venus
b02e983,venus
6d23209,facial_emotion
1fd270c,venus
9851276,seagoing
ca42365,driverless
03d074f,electoral
2ab0ffc,car_usage
8802ec4,driverless
e0ebf63,driverless
eee850d,driverless
6264a57,facial_emotion
2d1a806,electoral
15a4102,mars_face
da6ba15,driverless
ca18c09,facial_emotion
7a80a79,other
2c5e0fd,driverless
bdaf17b,venus
f6dea82,seagoing
f2427df,seagoing
f4bd162,electoral
774e049,facial_emotion
894104e,facial_emotion
d669dab,seagoing
90d716e,car_usage
e3aad5f,venus
189a584,facial_emotion
bffe0e1,electoral
f8a37b4,venus
70cf70a,venus
1a30445,mars_face
d9503fa,mars_face
3ed4755,other
3e7e439,seagoing
a424880,car_usage
13554fc,facial_emotion
440261d,mars_face
fd4c8f9,facial_emotion
799dcff,facial_emotion
5f459f9,facial_emotion
22fa8b0,mars_face
f4f3ff2,electoral
18865e7,facial_emotion
0906ee2,facial_emotion
4e6c7ed,facial_emotion
64f557b,seagoing
4a481e0,facial_emotion
5e44275,venus
0786ec3,other
33a2f77,facial_emotion
14675ef,driverless
f3ac428,venus
350a223,venus
39ed025,facial_emotion
b3c5b67,driverless
bf046f8,electoral
e84514e,venus
3b755b3,venus
b9e2f51,other
450aa09,car_usage
c1500e3,driverless
3130ac1,electoral
1d38f14,driverless
194ce55,mars_face
77a962b,facial_emotion
d379e1c,seagoing
0f18dcd,driverless
a20d4fb,driverless
7a34bee,venus
fb23988,seagoing
0581013,mars_face
70ad9b7,facial_emotion
d48708a,venus
bd55f1f,venus
839c4b1,electoral
5e7814c,venus
56c8283,facial_emotion
75a5226,venus
721fac1,venus
25e0b3f,facial_emotion
86ca13f,driverless
8de1ffb,car_usage
3745735,seagoing
8592385,facial_emotion
21a4446,facial_emotion
4b96296,driverless
7b199f3,electoral
f6deba9,other
86e1ed1,venus
fa10fcc,driverless
e2f214c,driverless
4d6a8a9,venus
9cb54ea,other
cdf4b4f,venus
6d0b106,facial_emotion
b1d5362,mars_face
e0dc585,car_usage
ea1e99d,driverless
df12ef4,driverless
b185c75,venus
9f32834,facial_emotion
945518e,driverless
0226c11,mars_face
da6b44d,seagoing
c0aa325,venus
adeefca,venus
642fdbc,other
9547f0c,car_usage
d95518f,car_usage
ba2d03b,electoral
04cecb6,driverless
b81f18a,mars_face
a966992,venus
5dae838,facial_emotion
d1fd261,car_usage
f92f950,driverless
412350e,other
988f23b,electoral
1e3e3ac,venus
e797523,venus
21c91d4,venus
3d098ec,mars_face
2ee1a20,venus
a56bdf8,electoral
d780971,seagoing
dbb5b58,other
78c495d,facial_emotion
f412fcf,seagoing
9862595,driverless
3b882f2,venus
ac4848b,venus
ee3303c,driverless
45174e2,facial_emotion
aa23394,facial_emotion
1944939,electoral
165914d,venus
2d6f640,car_usage
93e44b2,mars_face
5b81dcf,facial_emotion
44cc40e,mars_face
8a9d6ce,seagoing
d20e3ae,mars_face
3f75229,facial_emotion
423a7ea,facial_emotion
2e622ff,facial_emotion
6ec8d64,facial_emotion
8be1708,facial_emotion
b12bf8c,venus
8ef6b25,other
16d22a1,car_usage
3072ba3,seagoing
9a726e0,venus
fca3e76,venus
c5e85f4,mars_face
5945c3f,other
629451d,venus
8323832,venus
7a1b4b5,facial_emotion
8e08170,mars_face
bb9e309,facial_emotion
bb515f8,electoral
1de8098,mars_face
d116833,mars_face
11aa299,other
977edb4,driverless
3562b27,venus
6d19518,venus
c00fcbf,car_usage
7dfccab,venus
6992ea6,driverless
bdef797,other
30618ce,venus
83cec1c,driverless
40b7257,other
2d9199c,facial_emotion
a3e37e8,other
47875cb,facial_emotion
d84a404,car_usage
5a4ec55,car_usage
c0d4f9b,venus
37d7bfc,car_usage
bab8e9f,car_usage
e1729b5,facial_emotion
97f6c27,electoral
ea9c6be,other
d8c4ec2,car_usage
6c991ab,car_usage
32303e8,electoral
d032c34,venus
d17b0a8,venus
619e69b,car_usage
8b61136,electoral
4c4f8f8,electoral
628797a,other
0ea84b1,seagoing
b1a6f2b,mars_face
a93bfb5,car_usage
17031a2,seagoing
8070941,electoral
4ee5427,venus
6702efe,driverless
09b7afb,car_usage
530d156,electoral
db9492b,facial_emotion
aad2362,facial_emotion
3c4f080,electoral
c317e8b,facial_emotion
0819c99,car_usage
237a974,mars_face
79006ee,driverless
299a5f3,facial_emotion
7ea3bbd,mars_face
385ea97,driverless
179cb57,driverless
87a0d31,venus
415c292,driverless
1c4115c,venus
ddf1b39,electoral
ac2cc41,mars_face
e4b7235,venus
0d57890,driverless
e50b0e4,venus
a738aaa,facial_emotion
bf09ba6,facial_emotion
6393898,electoral
fac4912,driverless
56b34c7,venus
bcd7375,facial_emotion
5cdd3f5,facial_emotion
0b708bc,venus
1bd9d8e,driverless
05aacdb,car_usage
8ca8865,facial_emotion
11bcb8c,venus
a96bbf7,mars_face
3ba26e9,car_usage
62551b3,electoral
250a96a,mars_face
8a54108,facial_emotion
68fa125,venus
ad0c87b,mars_face
fbc40bd,facial_emotion
a7e9a07,mars_face
be4c476,other
f312c21,mars_face
5919090,facial_emotion
904b3e6,venus
bb72d59,venus
8057932,electoral
5a93b8e,mars_face
d9c8d70,facial_emotion
201c1ab,driverless
4a6a1db,venus
d0c5173,electoral
9e01a54,other
5c45f3a,venus
5514a27,venus
1d117a7,venus
73ed5e5,facial_emotion
091eaf0,electoral
bdc38fe,driverless
937b82a,mars_face
e63e799,venus
7da8223,other
febd3b8,venus
69911a2,facial_emotion
7b6cbe9,driverless
904ff51,car_usage
c320e8d,facial_emotion
592c884,driverless
32eede7,car_usage
b8b5abe,driverless
f26c2c5,driverless
01c1169,facial_emotion
d8ba484,seagoing
1efd3f9,facial_emotion
8c7c4fd,car_usage
cc11483,driverless
24e42b3,venus
a011468,mars_face
caa3e02,mars_face
9b4b239,venus
e1e6310,electoral
3a17a01,venus
a4843bc,car_usage
df2d044,facial_emotion
511512f,facial_emotion
a3a8a5b,driverless
bd13c87,venus
7aac16c,driverless
2eaad6a,venus
eb73df2,driverless
a8444c3,venus
e7cb0c2,driverless
3a46a7c,driverless
bca66ad,facial_emotion
22bf7f2,driverless
cd6f974,seagoing
5176bba,seagoing
44e0bd4,car_usage
da9b194,facial_emotion
5e93c9c,other
7847f8f,mars_face
bcca4b1,driverless
5246ba5,mars_face
26b13f6,seagoing
f37ecdb,seagoing
13ce90a,other
c42027d,facial_emotion
9c048c8,seagoing
71905fe,car_usage
5c9a0e0,mars_face
39daa94,driverless
4c5ca34,other
444a92b,car_usage
9325925,venus
55481c2,mars_face
755b8ce,car_usage
a69b0d6,seagoing
15cf6e5,mars_face
9e383cf,electoral
d94f7e5,venus
7bf4c14,electoral
bbe2d2e,other
5c8f28d,car_usage
b558b1b,electoral
de5e023,facial_emotion
79d0b37,driverless
41549ae,venus
abd3595,facial_emotion
3cbc0e6,mars_face
c2570f6,venus
fda2857,electoral
5a86d53,car_usage
97f2221,venus
ca0c6aa,venus
ac698da,electoral
152258f,facial_emotion
b0d4b82,venus
96c17fa,venus
75e1d6c,driverless
1800723,venus
c42f4bd,mars_face
b2e60f1,facial_emotion
06aa059,facial_emotion
0c1da05,venus
522932f,electoral
a3012ff,facial_emotion
a1b74d6,electoral
c963397,mars_face
47f3a3d,other
04e6cd8,mars_face
b9732f5,seagoing
74253a3,venus
63f85c9,facial_emotion
7099582,venus
aa5c6ea,electoral
93187ee,driverless
700baa8,electoral
ab866a6,driverless
879d150,driverless
8a88121,venus
61a90d9,electoral
47b9921,mars_face
a8828c7,electoral
6d97a0c,mars_face
8638ed3,facial_emotion
a7dbcad,venus
52393de,mars_face
f193c87,facial_emotion
82a2ba7,seagoing
9b7a85c,driverless
1fc74a6,driverless
4ba41e0,facial_emotion
bb7ec27,facial_emotion
9de5f10,driverless
4c03596,car_usage
747407c,driverless
b79e76d,other
ac95919,facial_emotion
692b1f6,other
4601aa9,other
9e4b505,venus
4ec1700,driverless
91b2f7f,seagoing
8276527,seagoing
19712ee,car_usage
b2b1d1b,electoral
94e5039,other
9d1af92,mars_face
e214a1e,electoral
84cf019,venus
54f7632,driverless
e85f179,facial_emotion
fb97d68,driverless
ed209df,mars_face
1c1c470,facial_emotion
5a5ccda,driverless
2a519df,other
f0a11d5,driverless
0200fbc,venus
62e1061,mars_face
a34f3dc,venus
62d5e45,driverless
1061742,driverless
cba180a,driverless
bf360e6,electoral
e0f1d9e,driverless
cb07a2e,electoral
6b6ce58,other
ccc30f4,driverless
ae5a636,electoral
8b44b6b,seagoing
022a010,facial_emotion
bc9b957,seagoing
4371191,car_usage
e66bb5f,car_usage
7775977,other
7941894,facial_emotion
b7e7560,facial_emotion
a996a9e,car_usage
bb60c4e,mars_face
b030b4d,venus
aee6bc7,facial_emotion
fc9f684,mars_face
cabd0a3,driverless
6cf845a,venus
4469cc3,electoral
e16a336,driverless
769ffb8,driverless
f056e69,electoral
ca20238,venus
4b5df1d,facial_emotion
fab848b,facial_emotion
cd0d634,electoral
f5235b2,facial_emotion
2606118,car_usage
1d80630,driverless
9be2d6d,car_usage
46df9c0,mars_face
f50c46d,facial_emotion
309de20,venus
e3f6385,driverless
e2b69b6,seagoing
78bcc7f,facial_emotion
0a45f5b,driverless
953646a,electoral
85e497c,mars_face
308be53,facial_emotion
f477918,venus
0c47509,mars_face
c47258b,venus
21077ac,facial_emotion
949dfa3,facial_emotion
b808907,facial_emotion
db8b63b,mars_face
57f4bb0,venus
e4d23d9,facial_emotion
c3aa83f,driverless
e458750,mars_face
f788113,electoral
03448b6,venus
bf0ec0f,driverless
c6c4cc1,venus
2107730,mars_face
4eb8fa4,seagoing
610be98,electoral
9fdc1d4,driverless
4fa7dae,mars_face
cddb65e,facial_emotion
96b41cb,facial_emotion
6c49de7,facial_emotion
99fcac2,driverless
4fda769,driverless
87d747c,facial_emotion
7012c1c,facial_emotion
09e6583,facial_emotion
0f2455f,mars_face
d1cc50d,driverless
5007bb4,driverless
644a7fc,mars_face
3d2d66c,seagoing
fb868be,mars_face
2529033,seagoing
59b98b0,facial_emotion
3ca552e,driverless
1b07598,car_usage
c74f1c4,driverless
2079bbf,venus
f0719a6,venus
c2b3c97,seagoing
41e75d6,electoral
b9a4531,electoral
671da5e,car_usage
7696be8,driverless
d7a9add,electoral
3cc2f1c,venus
b849cb9,car_usage
a99a129,seagoing
ef04c29,driverless
a621e0c,other
c603bae,seagoing
799ccdb,car_usage
df36957,mars_face
6ac9dc2,facial_emotion
c4740ce,venus
07a82b9,car_usage
2af05b5,electoral
5c0836b,venus
82ff9ec,driverless
a1e5e62,driverless
7ec98f8,venus
e2926f9,driverless
6c6ca59,facial_emotion
7c74a71,venus
7c5291b,venus
625e070,driverless
2eee3a4,electoral
974bdc5,driverless
4b34809,electoral
b4d6682,facial_emotion
78b0217,mars_face
1c37396,car_usage
735c862,electoral
ede5e1e,facial_emotion
a10dd12,electoral
de1b341,electoral
5508737,facial_emotion
641a744,venus
499a9c1,facial_emotion
1e34c9d,driverless
c53fb5e,other
d9311a7,venus
a7f913e,driverless
3fb3a4e,electoral
3981208,driverless
7768a3c,seagoing
c7b9371,electoral
fa3f71a,facial_emotion
24ef783,facial_emotion
d9d5eaf,seagoing
33bf80b,facial_emotion
175da5d,facial_emotion
fabb833,venus
58e7768,electoral
f8a31fb,driverless
a3968b1,electoral
1a0ee90,driverless
c18eed9,other
7bbd917,venus
5bf57f0,driverless
69dbdef,electoral
d2fcaa1,facial_emotion
b841181,driverless
b97afcc,venus
4d49830,venus
1655699,other
2d1ecbe,driverless
db5f317,driverless
878982d,car_usage
3b32089,facial_emotion
2720d23,driverless
a47b308,facial_emotion
888121b,electoral
674351e,mars_face
c341a23,facial_emotion
60c16c2,seagoing
64505c8,facial_emotion
cf1bac9,mars_face
16aed11,venus
bf7245a,seagoing
a73365c,mars_face
9419fd7,mars_face
b0b21a6,seagoing
7015381,electoral
c5bb976,venus
638d207,seagoing
02d0224,seagoing
8891aa7,car_usage
edb1502,car_usage
85efa6e,seagoing
e164fba,electoral
ffae2b1,facial_emotion
0d70f3a,venus
2cb68c3,facial_emotion
e7e7ec1,car_usage
9809cd9,electoral
e7457b9,car_usage
91808c5,seagoing
d3913f7,driverless
74e1e4e,venus
79bdc9f,venus
8500192,driverless
96242ba,venus
08a4c92,seagoing
de18382,car_usage
f24f8e2,venus
7b6ab51,facial_emotion
14e0d1b,facial_emotion
6100b66,driverless
ae25a55,venus
cd279d1,venus
b5b01ce,venus
c7cbcd3,electoral
c0311d6,car_usage
0aaf5f1,venus
f6932e7,mars_face
a774f6a,car_usage
3ac8feb,other
8db7911,driverless
57d380e,venus
e98f570,driverless
13c085e,driverless
a5a575c,other
ffb588d,seagoing
944ba37,car_usage
97e89ad,mars_face
7d58797,venus
a5cc40d,facial_emotion
b87b1d8,driverless
d088b14,seagoing
105d8a4,venus
98e40a0,electoral
24fd1fd,seagoing
069945c,other
2aca278,driverless
9f7b7bc,mars_face
c4339b8,mars_face
2c5940a,facial_emotion
2f05f6d,seagoing
15c5d00,facial_emotion
594a437,venus
cb9d205,electoral
ec43b08,car_usage
22ba497,mars_face
825c04c,seagoing
13fd809,facial_emotion
7d129d6,venus
22064db,venus
c8ac4d3,facial_emotion
111b844,other
3952208,electoral
64e1918,venus
c10db9d,venus
5112af1,car_usage
8078df5,seagoing
36e6143,other
8dcd813,car_usage
b240bfc,car_usage
410ef58,mars_face
9b719d1,facial_emotion
52de683,venus
5112f8c,other
dba96f3,mars_face
3a57893,electoral
73cc4ce,venus
98241b3,venus
7fd4f07,venus
c893eb9,other
71e3905,seagoing
9ebbf14,venus
6caf0ab,facial_emotion
3ce3447,driverless
079a340,seagoing
4925668,other
bbd325d,mars_face
3d15bdf,facial_emotion
e4ab2f4,driverless
5acc7e6,other
43f253b,electoral
0237cbd,other
8be1cc9,seagoing
3e9f3ea,driverless
6b9b211,venus
c99572e,car_usage
bcec5a8,car_usage
17e1148,seagoing
a645a4b,car_usage
2a2f394,venus
24e9709,electoral
3ca4cae,electoral
d092163,car_usage
9db3108,venus
3b53486,facial_emotion
c614342,driverless
e7ee5ef,facial_emotion
5897e71,mars_face
7cd97af,venus
6c73400,facial_emotion
8c83d4f,facial_emotion
9f60771,car_usage
6c27a82,mars_face
718ee5b,seagoing
6dfe424,driverless
adfe724,driverless
5d14dde,venus
dfb34d0,seagoing
bd2797b,other
9f32820,seagoing
8336c95,car_usage
1469a70,driverless
7ef2fa6,venus
6f7ae5d,driverless
dddade0,seagoing
3010bb8,venus
c17cade,seagoing
081db56,facial_emotion
a1f2412,venus
08b1777,driverless
4eaf0a7,mars_face
b47efae,facial_emotion
3ba1dd3,driverless
2a26e9d,facial_emotion
4e9bf56,driverless
370d1af,other
7f17066,electoral
87bfbd7,mars_face
c1957cd,car_usage
a7f3634,car_usage
62e810c,other
f3fd856,facial_emotion
8a66f36,driverless
f63046e,other
9f1e1e7,venus
d8b1f47,mars_face
bd50f73,venus
bd040e5,venus
24b3411,car_usage
3b69214,other
1ca3291,venus
c77359d,facial_emotion
9128156,facial_emotion
856fe6e,electoral
95ee072,facial_emotion
1b3fba8,electoral
afbbbf8,facial_emotion
862c8a6,mars_face
456dad6,venus
1409186,electoral
2837087,electoral
fc3c94c,mars_face
a09fa5a,other
a1f25ca,mars_face
e688d2f,venus
ad9b8f0,seagoing
41e1988,car_usage
5931bf7,seagoing
b20bfad,driverless
90c9963,venus
98cf427,seagoing
6e59238,electoral
7152619,facial_emotion
dc77ef3,electoral
2dd0e30,venus
79c8844,driverless
3c0e026,other
470f64e,facial_emotion
803954d,car_usage
bc4b400,other
3b0bbb9,driverless
7faa7c0,car_usage
c7423a9,seagoing
16ed2eb,other
60852b4,facial_emotion
1c24c26,facial_emotion
ef20989,seagoing
bff3d0f,electoral
2ab58a5,electoral
455f8b8,other
9a08fed,seagoing
45a85a3,electoral
edd86e6,driverless
c8ecd5a,seagoing
571a8fb,car_usage
671b52e,car_usage
76ef15f,driverless
e8735f4,venus
5c66671,electoral
1032c21,mars_face
a556f77,mars_face
d3ec13a,facial_emotion
e054a42,driverless
3de3d97,venus
6504c56,mars_face
99d6eba,venus
51d1c42,facial_emotion
f02ce6a,facial_emotion
dbe4221,driverless
a529ecd,car_usage
1cbe327,car_usage
82f301b,electoral
29cf025,facial_emotion
7e0f98e,venus
51ddd6c,venus
71eaf6e,driverless
70348bd,electoral
a1138fe,facial_emotion
1f98766,seagoing
efd13c3,venus
1e14a01,driverless
b45fd50,other
b1cdbe9,other
f6173a5,seagoing
8bd04fe,venus
29c499d,facial_emotion
518142b,driverless
46369ce,venus
f46f588,venus
565993b,venus
e4a792f,facial_emotion
c09b50a,facial_emotion
b63917d,seagoing
e5e3801,electoral
5b8ecef,facial_emotion
e49f6c5,venus
c0dd69e,venus
6ad8ce5,venus
cb02c27,electoral
54922dc,driverless
d05321d,venus
fcf5ee8,seagoing
89c749c,electoral
f15b774,driverless
af97c77,facial_emotion
1750767,electoral
eb351dc,facial_emotion
bdde981,venus
b7a4bed,driverless
5c740dd,electoral
cb066eb,electoral
00ccc2d,venus
a3ab1a5,venus
d6b3e06,facial_emotion
dc81c67,mars_face
a5f215c,electoral
68dab53,mars_face
23649bd,driverless
7efc5dd,driverless
9224bf3,electoral
3d13edb,facial_emotion
6c9d025,electoral
0dc777f,venus
bde4c47,seagoing
0759934,driverless
04f47a5,venus
fd553c7,venus
ad0e063,facial_emotion
8745830,venus
19d3181,car_usage
6e1d6c1,driverless
8c97f35,venus
8ccc143,facial_emotion
71af4b4,driverless
5de8d76,other
3fbe68d,facial_emotion
4a18904,facial_emotion
5801bab,seagoing
84025bf,venus
8bf172b,driverless
f593565,electoral
f4a239c,seagoing
d3321fb,electoral
a735609,other
4c92a42,venus
f5302c6,electoral
ffa6b95,electoral
7bcbced,other
a7cb084,driverless
d66421a,seagoing
1ea12d7,facial_emotion
d107e54,electoral
78c496d,mars_face
112f03f,venus
2cf48ad,car_usage
2741513,facial_emotion
e2b1708,driverless
8bb7ea1,mars_face
57998bc,electoral
58a9eed,venus
270e38d,car_usage
2437079,facial_emotion
92ad3f6,car_usage
fc4d2cb,electoral
f24ba32,other
9706cf0,seagoing
e42224c,mars_face
9fbda7e,driverless
e5e911d,venus
d43da53,seagoing
9f3a294,facial_emotion
9932ed8,electoral
5e5287c,other
19d6dc5,venus
bb9da31,facial_emotion
72ac8f5,venus
481b61e,driverless
5303733,mars_face
96cde53,mars_face
75398bc,facial_emotion
9f8335a,seagoing
d4c6797,driverless
7d9fdd6,driverless
7af9f3a,facial_emotion
e73e482,driverless
f993e2f,facial_emotion
ada100d,electoral
2bb8a01,mars_face
df14366,car_usage
b93974a,mars_face
921f0da,electoral
c428258,venus
c4048b8,venus
e5a3667,driverless
3ab7697,facial_emotion
2b87338,electoral
21b32eb,mars_face
2e128b5,driverless
b7bc4eb,facial_emotion
95b808c,facial_emotion
5400dbe,facial_emotion
937992f,venus
7e9eb24,facial_emotion
6826aa8,venus
dc36026,venus
c20f48f,mars_face
997f730,driverless
3a611ed,mars_face
c623b02,other
ff98dbe,driverless
f124a38,seagoing
3f4c511,mars_face
1abc249,facial_emotion
d726fca,driverless
1bfcf1f,facial_emotion
3f8b27a,facial_emotion
58d709b,venus
9bce452,driverless
f0004f5,driverless
e0ec319,facial_emotion
295f8ea,other
a4711ba,electoral
0a45f39,venus
775ec96,seagoing
f22047d,seagoing
0f2299f,facial_emotion
58f273c,seagoing
f26bf7b,other
043d7ad,facial_emotion
8c77043,driverless
9c1a3b2,other
799b4e8,venus
83fb177,other
2a3cc3b,venus
a004e6d,driverless
b5a6e5f,car_usage
2b1618c,driverless
369bc0b,other
940e8d0,venus
63899c4,seagoing
a1474d7,venus
613006a,venus
c36a91a,seagoing
02ab5d2,driverless
4143c54,other
1226107,driverless
9867a99,electoral
4d5baca,venus
a9535dd,car_usage
e27d0c4,car_usage
c61cc1b,driverless
710b137,seagoing
a0f8530,venus
fec54e7,driverless
34229a5,mars_face
1bac87b,driverless
be0bf59,facial_emotion
3f7da0e,mars_face
7f06e27,car_usage
95a71d2,car_usage
4bda0ce,car_usage
60d3f68,car_usage
0307ec7,electoral
ca298de,facial_emotion
761fbe9,venus
9366611,driverless
185b9d3,mars_face
016010c,driverless
dff0c49,venus
2f242b8,driverless
fe0199f,facial_emotion
3a31b70,seagoing
27118ce,driverless
065c240,venus
e58d29b,car_usage
6c7537f,facial_emotion
41ec8bc,venus
b3912ed,seagoing
0e9b816,venus
a1b514a,electoral
b978e8f,venus
fee87e7,venus
2f3bda4,facial_emotion
dc91256,venus
e57f0b9,venus
fcc8652,seagoing
e253356,driverless
cdae844,venus
8515e83,car_usage
8186437,seagoing
7e7f4f7,driverless
32f6344,facial_emotion
2ebe52d,mars_face
5688842,driverless
a66267b,mars_face
678af37,car_usage
476dee5,driverless
1caaf3f,car_usage
09d065f,seagoing
c2ac052,other
9bcc548,mars_face
d0127a0,facial_emotion
235ab08,driverless
6309006,mars_face
3a8262e,electoral
1ea8387,driverless
c663629,driverless
8055d0f,electoral
a652823,mars_face
aed12e6,electoral
c31b06a,electoral
46f9e1c,electoral
a06ce47,facial_emotion
dcb2321,mars_face
dace458,mars_face
f5068d7,mars_face
b560a94,venus
b1ee739,venus
4e81112,car_usage
9df51e9,electoral
80ecb06,venus
9473a2c,mars_face
ef04147,venus
169fccf,driverless
cb989ad,driverless
2bdb51f,driverless
6852e97,seagoing
346645c,facial_emotion
f1b6d21,seagoing
aa9d793,driverless
2421da3,mars_face
559b949,electoral
d28faa7,mars_face
41d05c2,car_usage
c3ce525,venus
f723eae,facial_emotion
bd5e3de,car_usage
986ea58,venus
93206fe,venus
efc5b01,seagoing
08d9638,driverless
af44cce,venus
0dbd926,driverless
fc3e730,venus
54f2887,seagoing
71a67d7,driverless
6a4ff38,venus
92daef9,venus
81826e1,driverless
ffbd0b4,venus
a95ef0d,seagoing
13f1744,car_usage
88a1205,facial_emotion
2472175,other
1cb6294,seagoing
4a45fcd,venus
9cbb3ed,venus
074ba84,seagoing
8cc3b1e,seagoing
fa5bdee,car_usage
5dfd5db,venus
033aa4b,venus
ef67317,car_usage
528d63f,venus
d84f0d1,electoral
1afbef5,other
d6bbc8c,driverless
417a337,other
43d915d,car_usage
61e9465,mars_face
2404f31,venus
46c6e90,other
2597102,electoral
19d0d84,car_usage
129f0da,electoral
d300174,mars_face
fa60946,electoral
12bbf33,mars_face
2720b3c,seagoing
377afe7,electoral
a411b28,driverless
b5a5183,car_usage
69df60a,electoral
cf89e5a,seagoing
242cec4,driverless
ea16a1a,facial_emotion
e666cd6,venus
13846d3,facial_emotion
c3967d2,electoral
2f1110c,car_usage
672c071,facial_emotion
724ec02,venus
f88af91,seagoing
ce5391a,driverless
6d7892f,other
b03c95d,electoral
2f0294a,facial_emotion
6318d10,facial_emotion
5829766,mars_face
a6888d9,facial_emotion
874f274,venus
ff8882e,venus
59993ff,driverless
165ec3d,mars_face
44a1d3c,mars_face
db14072,mars_face
8d20032,facial_emotion
6fbb921,mars_face
2956d34,electoral
1833139,venus
2123c43,mars_face
7e3cc3a,other
9e1c9be,mars_face
77f101a,facial_emotion
ff9bb09,car_usage
3021d47,venus
22564a5,driverless
bb1fd4d,other
db966ad,other
e163ad5,mars_face
da478ea,electoral
0854673,seagoing
ca830b6,electoral
ef20b17,other
9ec345f,driverless
99f6a46,mars_face
82c32c5,driverless
5eea485,driverless
52280f0,driverless
b49dc5f,seagoing
b5cc81e,seagoing
955ddac,car_usage
f6a5e07,electoral
aff76f4,mars_face
1900da1,mars_face
4f99bd9,venus
195345f,mars_face
4649f4f,facial_emotion
f3ef9dd,mars_face
5144819,driverless
4c08e39,seagoing
57797cd,mars_face
eb0ff13,driverless
a2b9bbb,other
2254969,venus
6e42888,venus
053fa01,mars_face
74ec2b2,car_usage
8dd9681,driverless
46eb091,car_usage
73b7cf1,venus
9c1a9ab,driverless
6abc1ea,mars_face
fba8915,facial_emotion
0d0b940,venus
a0a89c2,electoral
ff08987,mars_face
0a30626,driverless
5668a5f,car_usage
0ba78ec,mars_face
04af4e1,other
d2ce31c,driverless
be02925,other
7a65a07,facial_emotion
0804daa,other
9dcac24,driverless
571b844,car_usage
596b93d,electoral
a9ec2f7,car_usage
d56cdfa,other
6191a13,car_usage
66bca8e,venus
e03038c,facial_emotion
026355a,seagoing
163e61d,venus
abb62a3,venus
df2cd7e,facial_emotion
add07c0,facial_emotion
283e586,driverless
767cfeb,car_usage
6a52154,venus
eefbdf2,facial_emotion
110eebe,mars_face
398e51b,electoral
37f2d28,seagoing
77fe7b6,driverless
9e5d535,other
33313a8,seagoing
d5591f4,mars_face
5efed92,electoral
20cdd57,venus
8d3c254,mars_face
6dee91b,electoral
6426f32,driverless
a5c90b9,mars_face
e5a9937,car_usage
7ee16a7,car_usage
d4bda89,electoral
eb82391,car_usage
1f65a7f,facial_emotion
9fe2c49,facial_emotion
39a6d61,seagoing
a4f89e4,other
489ea07,venus
09c4d28,mars_face
b7f249d,driverless
45fe812,car_usage
4183f2e,facial_emotion
a4a7cae,other
635eab5,electoral
47fc3e1,mars_face
09ce958,electoral
643ef90,seagoing
02c1ebd,other
1effa08,venus
27c472a,venus
e288f20,electoral
9a7bab7,driverless
5baa53b,driverless
6b49ba5,seagoing
10b9524,driverless
b99b705,mars_face
551b327,venus
a0412dd,driverless
b5a3a7b,venus
773b6f8,driverless
cf741b4,seagoing
7bfc758,seagoing
d64cc33,electoral
c5345d9,mars_face
62880ae,mars_face
d8361b9,facial_emotion
8bdc6d6,driverless
6dd6055,venus
c5bd38a,venus
6828721,electoral
0eca72b,venus
c519dc1,car_usage
3b1a669,car_usage
74f8a54,driverless
51f5a92,car_usage
3056c98,other
0040e27,seagoing
044b201,electoral
089aae3,seagoing
c07bfe6,venus
ad62155,driverless
87652b9,venus
d96a3ea,mars_face
871b8f7,seagoing
148f1e2,facial_emotion
808e21c,seagoing
c1fbd89,seagoing
73ad80b,other
ef95422,electoral
66ff4b7,driverless
cde0de4,electoral
4145491,mars_face
991bb8e,venus
35580f9,driverless
22ad0f0,venus
8188cea,driverless
e962f04,mars_face
54fd7fc,other
ed3d24e,car_usage
f7c4b33,facial_emotion
346ef5b,car_usage
266b6fb,seagoing
41d63b7,mars_face
a4c252e,venus
d4d5074,electoral
6b10b3b,venus
c3cdc02,venus
fba7e12,facial_emotion
633e700,facial_emotion
8d8a93d,venus
cb1082b,venus
873636f,mars_face
d759791,car_usage
5d9d627,electoral
ed767ef,car_usage
45da3a8,driverless
ceb1c5f,car_usage
367b888,other
e297193,driverless
815397d,mars_face
82a9372,other
4867bc2,driverless
b2c56c9,other
220280e,seagoing
569f6e7,facial_emotion
79a90a9,electoral
f28233c,venus
a41ce12,facial_emotion
3494df9,venus
81636c9,seagoing
a06b9af,facial_emotion
7870511,driverless
6be0f72,driverless
c236426,mars_face
5c3d868,venus
57d55a8,car_usage
cc30810,seagoing
c111d3a,driverless
1de153e,mars_face
79db7bd,venus
4611da2,seagoing
17f590a,venus
a64b3b8,car_usage
8048efc,facial_emotion
d1525ce,driverless
d125d72,venus
53cd66e,car_usage
143fb6e,other
bd04e2e,car_usage
d19e4cc,facial_emotion
d61ed97,venus
f7414ec,venus
11bc37a,driverless
de21737,facial_emotion
5e82aa2,driverless
29a6e58,facial_emotion
de27b5d,venus
67ce637,seagoing
6e41e6f,driverless
5a7d31b,car_usage
bb54676,mars_face
7fc6b23,electoral
9ecd3e3,driverless
52f78a2,seagoing
6237ce1,car_usage
8db3141,car_usage
20a8ce1,electoral
8787e12,facial_emotion
e90d60c,seagoing
ff998c8,mars_face
5b437eb,venus
6936381,driverless
ad4d5c6,mars_face
a47a22c,car_usage
84e4ecf,seagoing
3e43f50,venus
047f2c6,driverless
5b080e5,driverless
5306280,other
ab32abd,other
117597e,venus
e413e1a,electoral
90643c9,seagoing
709e39a,driverless
12ff706,car_usage
a65e1f2,venus
835a789,facial_emotion
3978930,facial_emotion
a2a5042,facial_emotion
4205550,other
da342ec,mars_face
1ced533,facial_emotion
b7248bb,electoral
2c8f20b,other
c6781db,seagoing
3a1f04d,electoral
b1fc8c9,venus
6988e04,car_usage
fa1b185,facial_emotion
a412148,driverless
f983854,seagoing
a2f9ade,seagoing
cd6586d,seagoing
678631b,other
a620dab,venus
2bca925,seagoing
9ed9135,venus
1157fa5,seagoing
7477a07,driverless
366c019,facial_emotion
78133cb,other
719c6f1,seagoing
1c84003,other
d19c417,electoral
0cb54b1,electoral
90af7bd,car_usage
060694e,other
eaacc19,facial_emotion
d3eae26,electoral
53b7354,venus
536462b,mars_face
9291bf4,driverless
67f1404,facial_emotion
22085d8,driverless
e3f11a5,driverless
bfc4eda,other
acfb858,mars_face
577ff61,seagoing
ef56699,mars_face
62c323b,other
310dca5,driverless
5d0602f,seagoing
44eff2d,driverless
5bf8a20,venus
978be22,driverless
82dcd90,venus
632de98,car_usage
a8a8f9e,venus
310b8bc,venus
15c487f,facial_emotion
e941b58,driverless
d393d4b,mars_face
b1104f5,facial_emotion
31fffb2,mars_face
a196efc,electoral
a7d384e,electoral
5143f3e,other
9ecb756,car_usage
dc60914,seagoing
2782b6f,seagoing
7a94c66,seagoing
5dfdf3a,venus
3c7a135,driverless
d0be8dc,driverless
a4dd622,mars_face
cae7a1a,mars_face
9b6a4d6,mars_face
a347f11,venus
4aa9f4e,venus
516aee9,venus
3e79213,driverless
a2cce9b,venus
99036bf,venus
481d724,driverless
1a3f98d,driverless
49b9771,driverless
e028b12,venus
3154945,seagoing
f40b5d8,facial_emotion
746e361,mars_face
c8cbdb6,car_usage
562a5b2,car_usage
de93f41,car_usage
d9c42c4,venus
91ed47e,driverless
197f299,car_usage
4e5e23c,venus
4afb85e,seagoing
adde2f0,electoral
246057b,seagoing
fe55509,facial_emotion
6e3bc7a,seagoing
a18c42c,mars_face
1398913,venus
a3aa340,driverless
b16f679,venus
130935b,mars_face
cdabeb5,venus
140846f,electoral
e6f8532,venus
279e329,mars_face
791322a,venus
527009f,facial_emotion
04d3f9c,venus
da5a938,driverless
8641cda,driverless
08ab023,mars_face
0b8588b,electoral
81d2ec4,driverless
c6c4bd8,driverless
59cec78,seagoing
a84d1dc,venus
e11ee45,seagoing
84548c2,electoral
b47da44,other
a9e6fc3,electoral
0033bf4,seagoing
4d361cf,driverless
637b998,venus
9409a54,venus
ecafa7f,facial_emotion
38d8f6c,car_usage
68b8475,car_usage
7f21cc4,seagoing
02f131c,mars_face
0c34cc0,car_usage
e41c360,venus
911c11b,driverless
2e8cee4,venus
df0746c,venus
78a2c82,car_usage
2be5e7f,driverless
5c00e80,electoral
ae0e9f6,driverless
bf00ad9,mars_face
b766957,facial_emotion
051429c,venus
4d5dd3b,venus
852ed3c,car_usage
f1547e9,driverless
2ed047c,driverless
732c234,venus
67990fd,facial_emotion
e224edd,driverless
0eb0013,driverless
c1a0bd9,mars_face
144a332,car_usage
a875d6a,electoral
6f05de3,facial_emotion
864d7af,facial_emotion
0b9d88d,driverless
673ec30,electoral
72d3939,car_usage
05bcd1b,venus
90ab0d6,venus
54d39cc,seagoing
ab65c05,driverless
3aedf9d,electoral
ca5deab,electoral
d11cfd4,driverless
9517e45,driverless
5398e83,driverless
20fe8b8,venus
f61869e,facial_emotion
224e7d7,facial_emotion
82c3a96,venus
f8efea4,driverless
21b56d3,venus
f70824b,mars_face
e941ff8,mars_face
d978161,electoral
f73964f,venus
e43638a,driverless
027a1f9,mars_face
9c11243,car_usage
046d467,other
18834d3,driverless
00da297,venus
faed228,mars_face
02cd88d,facial_emotion
821cbea,other
7082c02,venus
fb7c7a9,facial_emotion
58f1cae,other
f542473,mars_face
63d44e3,electoral
13917a4,facial_emotion
d20bd7a,car_usage
b0e8c53,venus
25cb93b,driverless
51975ae,facial_emotion
e27d6ff,electoral
5206f07,driverless
dc5d479,driverless
98ea16a,other
92101ff,seagoing
42e2c21,mars_face
2efa049,driverless
95d58df,electoral
31c5595,electoral
ef6aca8,seagoing
e068a9b,car_usage
cff1391,facial_emotion
30d6bfe,seagoing
e987a81,electoral
68427ee,driverless
d29cf7f,facial_emotion
92cf776,driverless
76648c5,venus
44c4dea,facial_emotion
ccacd9a,driverless
f49f29e,mars_face
80e8016,electoral
3328793,car_usage
fd851aa,electoral
7596c98,venus
3a4e8d9,car_usage
6546491,facial_emotion
6e46ca3,facial_emotion
f8e6cf7,venus
42ff84e,driverless
ad4257d,seagoing
2c9e6a6,mars_face
7dd795f,mars_face
878db26,seagoing
85197aa,facial_emotion
a81eb53,seagoing
98245fe,facial_emotion
2a14518,seagoing
8bfc1f0,facial_emotion
0030e86,electoral
54255da,mars_face
1b1d926,electoral
71077d8,mars_face
d37a1d4,mars_face
bec7613,facial_emotion
3779f66,other
d3da047,driverless
668e9d1,other
f73175b,venus
9d7fb51,driverless
b330def,mars_face
5e48746,facial_emotion
f5861a4,electoral
393fc11,car_usage
ca340eb,driverless
4a7605d,mars_face
bd83954,venus
8d682cd,facial_emotion
7119d0f,electoral
68c21d6,venus
971445d,driverless
5ccfab5,electoral
f6299c6,facial_emotion
117a386,venus
c0c3bef,car_usage
7456322,driverless
7f37c85,car_usage
78ed400,car_usage
4795d3e,facial_emotion
246b556,mars_face
0e00dde,driverless
e51f18f,car_usage
42a21d9,seagoing
93580a8,seagoing
7dab4be,venus
f43c475,seagoing
f321edd,venus
8bbadfe,driverless
3bb8ecb,seagoing
a111d6c,venus
ad4e3d6,venus
bc5bf52,driverless
b5d5592,driverless
da8c829,car_usage
feba238,electoral
7459fff,driverless
7bf3cb1,driverless
5d5f23d,driverless
9eea4e6,car_usage
48b90fe,seagoing
77c71c3,car_usage
2ec8ca9,venus
c624421,venus
04e1177,driverless
e698739,electoral
3c2c83a,seagoing
0767c85,electoral
c1c3dc4,mars_face
778b1c3,driverless
7d4b44d,venus
a1a03f4,mars_face
f518c1a,mars_face
997679c,facial_emotion
243124b,seagoing
2444c8a,facial_emotion
c547463,facial_emotion
4301d19,mars_face
f137caa,mars_face
a45d6d9,mars_face
50a970f,venus
9d25095,facial_emotion
a95ab46,facial_emotion
a698a32,mars_face
9898612,seagoing
1498b6e,mars_face
cff14e2,venus
c396ded,venus
321758b,mars_face
a81dab5,other
c825e74,venus
23e63ae,driverless
ea14ad6,mars_face
c870af2,car_usage
fc68dd9,car_usage
b116271,seagoing
6e79fe9,seagoing
dd43d5b,venus
211d058,venus
c9feb22,venus
fa6b1b2,other
320475b,electoral
8a2b6fe,seagoing
834163b,car_usage
e9d46e3,driverless
4eed718,driverless
409efc0,venus
3bea149,seagoing
c45e3c0,facial_emotion
06a9fdf,mars_face
2e922a8,mars_face
af8c1c9,seagoing
af2a216,venus
28382e5,venus
7363097,driverless
5225bf0,driverless
ea84dea,electoral
c3b868c,driverless
77b828a,facial_emotion
4b346ce,seagoing
7006ed1,facial_emotion
8d98a49,car_usage
6b81b9d,car_usage
d0e706d,electoral
23bc2c4,facial_emotion
8101828,venus
b78887e,venus
392b094,driverless
8b0c0ce,mars_face
e47a407,venus
1f3ac05,venus
b2bef39,other
f39431c,venus
8004817,driverless
7cd2bae,mars_face
77c9d3f,seagoing
3785422,venus
cd03571,venus
bddecb4,facial_emotion
648f50e,car_usage
98569e1,car_usage
8bb5e74,driverless
ee9a6d2,mars_face
3623b07,mars_face
590d353,mars_face
5ed55fb,venus
cfa680e,facial_emotion
744cdf9,mars_face
6b08f37,driverless
7d2ffee,venus
17d277f,venus
55c94b9,venus
af057d8,mars_face
5430e30,facial_emotion
3c2b8aa,venus
9106d85,driverless
82ff441,mars_face
b254e4e,driverless
76268de,venus
4d2c117,facial_emotion
91c6024,seagoing
0b095ea,venus
9c8d646,facial_emotion
a704ae6,facial_emotion
55c1225,venus
eba1dfa,venus
a5f3eba,car_usage
8a5aed7,electoral
638b1ef,seagoing
c2962e6,seagoing
8f99561,mars_face
7148bb6,electoral
b996081,driverless
7fa2c6b,facial_emotion
50b9edc,driverless
90a8004,venus
a0154df,mars_face
9b523f3,facial_emotion
a1d96a1,other
85b5320,driverless
9914633,mars_face
6e29e23,mars_face
a7e1ea2,mars_face
cad1883,driverless
ab0d3ab,venus
c0ee4fa,electoral
c2d42a7,facial_emotion
58edf73,facial_emotion
aab8548,electoral
cd44a5a,seagoing
25e76b0,electoral
c3974d3,advice
6139fd7,facial_emotion
2c5df89,venus
f546cf5,venus
41d957f,car_usage
5b078b2,mars_face
b75e1ba,venus
ecda55c,electoral
e9269d6,mars_face
eefdc66,venus
135eb15,electoral
60d538c,mars_face
409951c,car_usage
309bd04,facial_emotion
8927e9d,seagoing
cc1d174,facial_emotion
e88653e,car_usage
47e73e8,driverless
b51cad7,other
8f57187,driverless
595ebd3,mars_face
2aaa8cf,other
8d8ac7f,electoral
cffa6fb,venus
cf8d30d,driverless
205075e,car_usage
28de5fe,car_usage
e2d253c,mars_face
ec8212f,facial_emotion
cc28ac9,facial_emotion
b9a006f,facial_emotion
05fa0f0,venus
9b815d8,seagoing
890d02c,driverless
fd6e5a7,car_usage
57e1bf2,electoral
ff88e0d,facial_emotion
cad0481,other
a25d09e,car_usage
ee6126b,other
a987cd3,driverless
7c4e31f,driverless
dd226a9,facial_emotion
b8c4484,electoral
d9936bc,car_usage
f1c81a1,venus
4b77414,driverless
688fdbb,car_usage
cae51a8,venus
01bb061,car_usage
eafd71b,driverless
a1a8e7b,driverless
71ec6c2,venus
6fc833f,car_usage
d0bb1cc,car_usage
ca26a6a,other
c2a3c50,venus
0e289bb,seagoing
4681db6,venus
3d74cf4,venus
6efab09,venus
afd6035,driverless
ec10c42,seagoing
ba2fb55,venus
151a470,mars_face
20e88fd,venus
23ee95d,electoral
64ee98f,facial_emotion
1781f4e,venus
9ba7436,other
cf64f64,driverless
d1d95ea,venus
5fe4eeb,facial_emotion
c13993d,other
0760ba5,driverless
c11476d,venus
aef34f4,car_usage
36e31bf,facial_emotion
2e2e458,driverless
f527045,driverless
85f8a7e,car_usage
bd18a8b,venus
6747056,seagoing
0e54b40,venus
da9e82a,driverless
3393759,venus
3a0a581,electoral
69715eb,driverless
0dcf2f6,venus
b72a081,car_usage
d2d7ffb,mars_face
4f6d629,car_usage
efe002a,mars_face
52a9b4f,car_usage
72d135f,driverless
71e74d8,driverless
a1c0187,venus
dbf7e1e,seagoing
6978f8c,seagoing
5e47d03,driverless
c1f0eab,venus
b333fa7,driverless
69084e9,driverless
10787dc,venus
706a54e,facial_emotion
e0eb3ac,driverless
b94c2b6,venus
c107670,venus
660cbde,venus
83c22e9,venus
648593b,venus
40ab3ee,car_usage
3a275eb,other
77bed99,other
9f244ee,facial_emotion
57d9535,seagoing
5e08943,other
0f393ae,car_usage
b4c0303,electoral
0ada1e2,electoral
c1fb803,mars_face
cea013b,electoral
adb6a5a,other
f2faede,other
29273d7,other
20b7318,electoral
342724a,car_usage
668e16e,facial_emotion
a8cf68c,mars_face
f6929a1,seagoing
76afaf5,seagoing
c85ac45,seagoing
3f1888d,mars_face
7c7715f,venus
d5e312e,electoral
49fc55b,facial_emotion
bc1be26,seagoing
2eef8db,venus
f260d4e,venus
4f11a26,electoral
d013dc7,electoral
d138a75,mars_face
9375fe0,car_usage
cd644de,electoral
a3ad983,venus
bcde80b,driverless
b6a5a2a,other
9e6c4ac,driverless
980a15b,venus
41bb18f,driverless
ebce6a4,electoral
519100a,venus
b5365be,venus
047a377,facial_emotion
1b3b11e,mars_face
47626ae,driverless
9b11f52,facial_emotion
be496ae,driverless
1eb708e,seagoing
9953c19,car_usage
0065bd6,driverless
77d9cb5,other
98bb413,driverless
1b5c960,seagoing
dee7e18,electoral
b2f1196,seagoing
ac919b8,car_usage
8831d7a,venus
30be42a,driverless
44f2536,venus
774757d,electoral
046e84a,mars_face
e1e06f9,venus
75e727b,facial_emotion
a7ba001,mars_face
8c7090b,electoral
331e7e8,car_usage
5e99300,driverless
f932e4c,venus
66ca8f3,other
e0a82f7,facial_emotion
a9ae33c,seagoing
f487f7b,seagoing
858fb4a,facial_emotion
868ba1d,driverless
2af44aa,facial_emotion
06743f8,driverless
dc10eb8,driverless
58a3037,other
0ad4908,venus
2b6bf6c,electoral
b701593,driverless
f016ca9,electoral
498a10e,mars_face
3af84f4,facial_emotion
896afa6,venus
62729e1,venus
84a35db,car_usage
e9ed658,driverless
75abb10,electoral
61fe513,facial_emotion
79c21a0,seagoing
b247721,seagoing
b7f8862,mars_face
7cdf8b2,electoral
4f5b050,mars_face
7587078,driverless
d76d97f,facial_emotion
dc8e9f9,venus
5278bcd,car_usage
06ef6d4,mars_face
9cff5ed,venus
4d48ec6,driverless
f16ceb2,mars_face
0ff64dd,facial_emotion
e85205c,electoral
9a84d5f,driverless
434b035,electoral
9c91080,driverless
8b1c3fc,other
f084460,seagoing
b25a820,facial_emotion
66b8eaa,other
e0e7925,driverless
50ecce9,facial_emotion
6d5dadc,venus
db18689,venus
ec9a0b2,driverless
b9d2914,venus
670483d,venus
62720f4,seagoing
d22af96,venus
c2dc1f0,electoral
b6f3190,mars_face
7d860aa,driverless
d798cd9,other
4a406d9,facial_emotion
5e08e98,seagoing
de1fddb,venus
f17679c,seagoing
e354650,driverless
07d1a3b,venus
777c76a,car_usage
5ef2247,venus
b4070da,facial_emotion
61f29a7,electoral
13f9359,electoral
2d9b9c4,driverless
a9c51ed,facial_emotion
3594209,car_usage
dacfa3e,venus
b6b3010,mars_face
6432cad,seagoing
7715f1d,venus
399c926,other
8ad36ea,car_usage
75f4205,car_usage
7fa4d7b,venus
bd79de4,driverless
3dd0ee7,facial_emotion
8951a7f,mars_face
a5e7068,electoral
ad31adf,other
01a0d33,driverless
e2202d5,driverless
cffc8aa,venus
0f91158,facial_emotion
d36602f,seagoing
36a8309,electoral
82f4346,venus
eb7bbaa,facial_emotion
1111bf7,electoral
54504f2,electoral
bcbbc36,facial_emotion
c6beb17,seagoing
b946dc0,venus
59b6075,electoral
429eccc,venus
0b88519,car_usage
c1efcae,mars_face
13e7ace,car_usage
18f8ef2,mars_face
dd83c62,venus
68c37d4,mars_face
b2fa3a3,other
88b0a4f,facial_emotion
3cabc05,venus
2b41246,facial_emotion
bdbc14e,mars_face
cc8319c,facial_emotion
200ea48,other
721e694,car_usage
474e939,electoral
c94b689,driverless
e76e2af,facial_emotion
6cc5bef,facial_emotion
f721caf,facial_emotion
6b9e3c2,driverless
fa87d4a,mars_face
9443400,car_usage
aa4f2ff,electoral
bb8683b,venus
ef3ba7e,facial_emotion
5c54427,driverless
5b0af71,driverless
26e68ea,driverless
0a54018,driverless
4c86695,seagoing
118557a,driverless
73fece8,facial_emotion
8779507,electoral
eb828b6,venus
719e49f,electoral
9ecc83f,venus
1ca4609,seagoing
c58321c,driverless
17c5f94,electoral
0a35ec7,electoral
9ff1dec,electoral
ae2834e,driverless
a4f63d6,venus
33cb44b,car_usage
00d027f,facial_emotion
658794c,other
ccaa072,other
dde6f61,electoral
e250c3b,mars_face
7d7dd16,venus
34622c1,driverless
e989f07,electoral
1193d27,car_usage
5c0e7d0,driverless
2116512,venus
ce9e198,other
6498348,other
9e091e4,driverless
4d6bbea,facial_emotion
16ead3d,facial_emotion
035a4d2,electoral
35190a9,driverless
3651ff6,facial_emotion
c486ab6,electoral
793c4ff,venus
9f6d017,driverless
ae4bf83,facial_emotion
faf55f3,car_usage
adb7b2b,mars_face
8b5367f,mars_face
6e33b3a,driverless
322025b,mars_face
fef2540,mars_face
edbe3d7,venus
ec1381c,venus
6aeffd6,driverless
7f04a47,electoral
a9b8802,car_usage
7dad651,seagoing
834c55a,venus
795d85a,car_usage
1f94329,other
0ebb30a,car_usage
0502b23,other
10d1d31,seagoing
a7dd51f,venus
68b12db,venus
c11c0f6,mars_face
4c6248a,driverless
49080ed,venus
b3491a6,other
f4ab62f,driverless
e83337e,car_usage
d3f995f,driverless
53b7652,driverless
01a53e1,venus
e5efc6c,mars_face
b6c2cb5,venus
1b45c61,facial_emotion
cfa72bf,mars_face
3355650,electoral
f0beb1f,facial_emotion
ca8d53f,car_usage
704009b,electoral
b006918,facial_emotion
7338a0f,facial_emotion
cea84d3,mars_face
5b27764,facial_emotion
4ad7a7d,driverless
1412e31,electoral
9aa7059,facial_emotion
e05bf58,venus
b0cfdcf,other
eef9cfb,mars_face
d17e95c,venus
d211ba8,facial_emotion
a9fbd0a,venus
ca2218d,venus
a6aac56,electoral
1d74982,seagoing
79ff0f8,mars_face
4d44646,mars_face
8f24354,mars_face
05e1eae,venus
f8d19cf,driverless
774fcce,driverless
7524971,venus
fa7c1f8,electoral
b77c339,facial_emotion
2348e16,driverless
5c3d2e8,venus
5a2a58f,driverless
07f4106,facial_emotion
ec8c280,seagoing
972cdff,car_usage
ed0f076,venus
705d0a0,electoral
89fac32,driverless
453ecf1,mars_face
807917d,facial_emotion
7a24b91,driverless
11bdb65,seagoing
bc21d5d,mars_face
46b483f,car_usage
78e8b03,other
77f3342,venus
05cb18a,seagoing
4923deb,driverless
d31123b,facial_emotion
eafc7f2,electoral
97b1b67,venus
29a6a6b,driverless
4dafc9e,mars_face
8d67ce2,seagoing
66a8d72,car_usage
1509b39,facial_emotion
f0c559c,venus
2be098e,car_usage
35f9eda,facial_emotion
6bf0065,other
635537a,driverless
66d946a,facial_emotion
df1e4f2,mars_face
8e9493f,driverless
56ead59,driverless
4215a86,venus
31b203a,electoral
d15e743,facial_emotion
31fe4d7,seagoing
b3d4cd0,venus
0ea0f0d,seagoing
829dcfb,driverless
97fc71d,other
fdeac71,mars_face
5f53317,driverless
a1439be,car_usage
f06c330,venus
20f1f55,mars_face
e57467e,mars_face
c783ce5,venus
18acc14,seagoing
6e2aa67,mars_face
23f2def,facial_emotion
b08b18e,car_usage
ff2c0ba,venus
53c32da,driverless
9991cf0,seagoing
a32a4c1,other
e265aa8,seagoing
a82d5e7,mars_face
ca164e9,mars_face
1423619,mars_face
72b76b5,seagoing
53b8c98,driverless
e036b6a,facial_emotion
e91beca,venus
da53428,venus
341cf30,mars_face
1f7cf56,facial_emotion
768dd33,seagoing
1792c42,facial_emotion
fafaa91,driverless
9d104b5,venus
887d39d,car_usage
70a17a9,driverless
6fe9ea7,car_usage
8d3822e,venus
ac7467b,electoral
f3e38db,facial_emotion
d825770,driverless
8dbbb38,mars_face
286282f,electoral
6093fe0,venus
1429ab3,car_usage
79f7075,facial_emotion
c75f7b4,other
af4b7f5,car_usage
7bf7800,venus
2c0db08,venus
b31ef08,venus
c7fa2e7,driverless
9d5d994,other
18397b4,facial_emotion
5587aec,seagoing
3532621,other
19b293c,car_usage
7d62b53,seagoing
1c84510,other
30f0911,facial_emotion
31a4f01,other
f6f4429,facial_emotion
ef42b06,venus
e4cde6a,electoral
77b1295,electoral
4b131e2,electoral
b033285,seagoing
6c4019a,driverless
1763449,mars_face
be4c667,seagoing
722827a,facial_emotion
6c96e47,mars_face
3e2ab80,seagoing
0595f5d,facial_emotion
d3cc1d2,other
b137988,car_usage
6988509,facial_emotion
b575740,electoral
cf8b2df,venus
1d50ef4,mars_face
f374aad,venus
f6e5cd0,driverless
2cccea4,driverless
3e4589a,venus
b5ffb8f,mars_face
36ff4b3,driverless
093da21,facial_emotion
03f8d0e,other
f1a7395,other
8cfbbc9,electoral
5992b7b,seagoing
6e1111f,driverless
c26de91,car_usage
c85a60e,car_usage
43baa23,electoral
23d7e8f,seagoing
963aa9d,mars_face
ccc1098,mars_face
19a2117,mars_face
a7cc31c,facial_emotion
d020bab,venus
eefd389,facial_emotion
dddc521,facial_emotion
c559d42,car_usage
22f1552,venus
afe48e0,facial_emotion
7546cf9,mars_face
ec228d8,seagoing
efc14af,driverless
cb2b378,venus
0c6cdfe,mars_face
84f61b7,mars_face
ebd0e73,mars_face
9a0a834,venus
417ecc3,venus
f265ba4,car_usage
a7bde28,seagoing
37b999d,mars_face
74706c5,mars_face
c90a358,facial_emotion
038fd62,facial_emotion
c48368f,venus
9940cc1,venus
44e4879,facial_emotion
c85920b,driverless
a188416,facial_emotion
a3d4bfd,seagoing
0f50ec4,facial_emotion
652479e,mars_face
d2b9b8d,other
25e7fcb,car_usage
50d9fe2,facial_emotion
0e54efc,driverless
373fb48,driverless
b092ece,venus
37b0331,venus
81ee842,facial_emotion
79a09b9,car_usage
c07ddfb,other
4a8be70,electoral
a27c3a7,seagoing
8bfa298,driverless
08fa0b3,facial_emotion
390ba85,facial_emotion
461b4ab,venus
e70d68a,seagoing
afc9a75,driverless
b6e3a7c,seagoing
38562a0,venus
042b0cd,electoral
4c20541,electoral
aeb4515,facial_emotion
1723e93,driverless
0608495,other
a034266,car_usage
0890d0b,driverless
dd841ba,seagoing
fa94664,car_usage
573c091,electoral
373b14e,venus
376021a,facial_emotion
c881343,venus
7648ff4,venus
25e3cc1,mars_face
fc19ca6,facial_emotion
47dc56f,electoral
2c90891,car_usage
d80032d,facial_emotion
5f3aa4a,driverless
66948f1,electoral
0155be4,driverless
41eb4a6,driverless
30f1b0b,venus
721a732,driverless
3b80a89,car_usage
bde5adf,seagoing
2bd6f85,driverless
822846d,electoral
699c331,driverless
a6526c3,car_usage
e53f0de,electoral
940c51e,venus
3ead430,facial_emotion
c6a39e7,driverless
1c5210a,car_usage
51b839f,electoral
aedc5c8,driverless
2aeff1e,seagoing
29fe49b,seagoing
6696a2f,venus
4d8bb17,mars_face
bcf6955,venus
2fff491,venus
5819ded,other
139293a,other
46970c2,driverless
c9147bd,electoral
a10c56b,electoral
dd8802c,electoral
95f7700,facial_emotion
11c06e0,mars_face
f477e87,driverless
f042fc9,venus
47ac3aa,other
2feed4e,other
7044865,car_usage
fb59909,seagoing
27da61e,mars_face
13d1196,other
907365b,other
3ab8183,seagoing
be08bc8,driverless
92a3030,venus
549c5cc,electoral
26d67e1,mars_face
3310eaf,venus
fd9c2e1,mars_face
47887b6,venus
584ba4a,driverless
b05fcf7,venus
ea5dcff,seagoing
447ba4f,mars_face
6744a28,facial_emotion
f5e13c2,venus
65a3906,venus
dfcd14b,driverless
7e09846,mars_face
c250ef0,other
80bb922,venus
c312f80,facial_emotion
1e96953,driverless
3781369,electoral
cab5c96,electoral
31d8391,venus
18a1958,electoral
66967ca,electoral
d5d6065,other
6b207f2,facial_emotion
930ab5f,mars_face
69ef9eb,other
66a1a71,other
6fc0e42,driverless
fc7b015,mars_face
966c0af,facial_emotion
eaab74e,seagoing
1e54a02,facial_emotion
d1c17f7,seagoing
e573505,facial_emotion
a226459,driverless
e011069,electoral
0459116,electoral
8bc26eb,driverless
7f318e4,mars_face
37a6cf0,venus
9454d53,driverless
4963bde,electoral
ba4d6d2,facial_emotion
b3e4c3a,driverless
b8f5028,electoral
6954731,car_usage
3b163b8,driverless
2db61c7,facial_emotion
b11462a,electoral
0329d02,driverless
8823cc2,car_usage
77cb526,facial_emotion
e7418e4,electoral
b7e84c0,facial_emotion
c98a9ba,venus
bc66a2f,venus
b33c427,venus
3cdb2c8,venus
6751494,venus
b3cc7c1,facial_emotion
a806bc5,electoral
b246ab3,facial_emotion
920d8da,car_usage
87705ae,driverless
68c3908,mars_face
28d7776,venus
4078d46,mars_face
57733f5,facial_emotion
fa09542,venus
a0f4aea,seagoing
b6c8874,facial_emotion
9389e5b,facial_emotion
7a9cd44,electoral
eb68c0c,seagoing
cbe244c,facial_emotion
91273c3,electoral
58f5eb3,driverless
b5608ce,venus
5970470,facial_emotion
4794787,driverless
aa66e68,seagoing
8c4fbfd,car_usage
06730ad,seagoing
e5a2fc0,venus
535617f,seagoing
e2aaf65,electoral
3c88c11,venus
2cf189d,car_usage
cc2b68c,venus
4469515,driverless
710f583,driverless
5904738,other
5dcd034,electoral
0687af4,driverless
29def82,driverless
2c71277,driverless
7103cd4,driverless
d1568dc,mars_face
dfcaa20,seagoing
a351a3f,electoral
fe2a9ca,seagoing
00aa6de,other
b7fd893,electoral
e502553,electoral
5a4758c,driverless
a814db6,seagoing
8e90a33,mars_face
fed7163,mars_face
1576626,driverless
0e0ef1b,venus
c710937,driverless
11fa7e9,facial_emotion
eda6cd8,mars_face
de28be3,facial_emotion
b98ed7f,venus
e49ef08,seagoing
f454eaa,venus
2280d47,venus
6b51c4c,driverless
7b65be9,mars_face
fb2d7ce,electoral
45ba8eb,car_usage
1a714d1,facial_emotion
883dcf7,seagoing
cc1b64a,mars_face
e731a0d,facial_emotion
1c388f0,car_usage
9dc468e,venus
8626564,mars_face
4795aab,electoral
8d8a13e,venus
07ca280,electoral
230cf75,driverless
8549366,mars_face
83b079f,driverless
781b2d3,other
1952ebf,facial_emotion
c155b60,driverless
6564a7c,mars_face
c10b82e,venus
b602165,seagoing
1180164,venus
e1554c4,seagoing
ac0d6e4,car_usage
2579053,venus
35b8026,venus
cd4a80f,driverless
a2082ba,facial_emotion
495da32,mars_face
6f74878,driverless
a441149,other
dbfb38b,other
d61ba63,venus
adbaac9,driverless
09e971b,facial_emotion
57c0651,driverless
e07e781,venus
f552c79,car_usage
7883641,venus
c6ba9b3,driverless
2b082c1,driverless
308e4ca,driverless
7036074,facial_emotion
11c28e1,driverless
9c28fb0,seagoing
74a0072,seagoing
02a7cff,facial_emotion
cce77c3,facial_emotion
dd9ca3f,seagoing
775ee7f,venus
32d8fd8,venus
218e1e6,seagoing
26479a8,driverless
4bb8c9c,car_usage
cf521a2,electoral
184d83c,driverless
1e18757,seagoing
3986e5a,electoral
758f833,venus
054b8f9,venus
b8a49b0,mars_face
9713de0,facial_emotion
af388ed,seagoing
0b47a00,electoral
96d4e62,facial_emotion
0e92d4a,car_usage
aebd3a5,seagoing
58206bb,seagoing
c7430fd,electoral
7c5cc40,venus
6e41a57,facial_emotion
9f4170d,facial_emotion
2823575,other
89c32d6,driverless
c579dd1,driverless
90bba6c,driverless
89db6cc,mars_face
1f4513c,driverless
e272e4a,venus
90d5310,other
0286af8,other
2530fb7,facial_emotion
c8ad17b,mars_face
ccb13fd,venus
9f16331,mars_face
ae807e5,mars_face
8ceea76,seagoing
cd0deb2,driverless
649bc2d,seagoing
8531c68,other
6c309ce,seagoing
15b2b88,other
2cc2a54,facial_emotion
36d9eea,driverless
ba30fe9,venus
5810ac1,driverless
86f42c8,car_usage
5edd221,electoral
3793f1a,venus
fb4bfd8,mars_face
f7c3c56,seagoing
eebc4eb,mars_face
b14f68a,facial_emotion
3fc6349,driverless
77c5de3,facial_emotion
a55b2d1,venus
86facf7,seagoing
393b2fb,driverless
6eb71fc,venus
15c0b38,facial_emotion
8b7362b,electoral
62665d9,driverless
0639535,electoral
8bf170a,venus
d51d3e0,driverless
c1ee065,car_usage
1216143,seagoing
f8cf83c,car_usage
6e89a9f,venus
866e250,driverless
2ed15ef,driverless
9b876bf,driverless
408e427,electoral
9d05411,driverless
715a7f6,seagoing
7203d3b,driverless
6fd2b7b,facial_emotion
ad04e66,facial_emotion
57fa317,venus
c651ee9,facial_emotion
bfec395,driverless
effde3e,venus
0e47da5,other
b5de127,seagoing
99f3568,mars_face
87a9020,venus
d1254f4,driverless
25df534,facial_emotion
0bea5df,driverless
903f1ba,seagoing
dfde4fc,electoral
e9b83ee,venus
2ba1e02,driverless
7b7e5ba,facial_emotion
54b7156,driverless
a10dc66,other
d5a1bcc,electoral
86d1cf4,driverless
2baa048,driverless
2062bda,seagoing
a727549,venus
928433e,electoral
2f82ef0,mars_face
3c22d23,seagoing
7e86c35,facial_emotion
8fb3a5c,electoral
287ed5e,electoral
ee1d27b,venus
c0bea40,car_usage
64573a3,driverless
c19ee85,venus
4d87a5d,facial_emotion
8b885de,electoral
498d8cc,car_usage
e74222f,facial_emotion
dc84e92,seagoing
2630ecd,driverless
530a4d7,seagoing
1a0971f,driverless
94dfe02,facial_emotion
894060d,facial_emotion
50aa92e,driverless
64b2315,car_usage
150d3d6,driverless
6bd8e65,seagoing
22d9b4a,driverless
1a229bc,mars_face
c9e31fe,facial_emotion
51ea10a,electoral
43c598e,venus
65f10df,facial_emotion
7373a64,venus
80596c6,mars_face
dca00b7,venus
2d9517a,driverless
4eb357c,seagoing
dcf06e8,electoral
e9a2fca,mars_face
28070d2,venus
9c72dba,driverless
77e0ab1,mars_face
bd4b534,facial_emotion
2009f18,facial_emotion
d9f6fd6,facial_emotion
15487ff,electoral
e1486c8,other
8c28801,seagoing
a444be0,venus
95285d8,mars_face
9b94476,car_usage
45310cd,venus
99cacc1,seagoing
3bd47c0,car_usage
75b5154,venus
f2ba5e3,venus
cb73756,driverless
b256b1b,driverless
3bc685b,car_usage
a329f9d,driverless
2fa5e2a,mars_face
85ec1a2,seagoing
750d989,venus
15ee7ec,driverless
a83ba4f,facial_emotion
1d14fc4,facial_emotion
e614122,electoral
26bc38a,facial_emotion
bf2b842,car_usage
970d9ec,driverless
079b107,car_usage
a44c5ec,facial_emotion
9a54873,seagoing
75b73b8,driverless
24fc7ae,seagoing
602c8bb,electoral
8c07a5f,driverless
04d0713,electoral
5bf3e0d,venus
09e2b3e,seagoing
acb9243,facial_emotion
acf38f8,car_usage
08dcd91,facial_emotion
1649f13,driverless
e0688dd,electoral
f4dce53,facial_emotion
a43fd9e,facial_emotion
3f8ee4b,mars_face
3306441,venus
0e86176,driverless
2705967,car_usage
e02fb94,facial_emotion
32f658f,venus
52ebac3,other
284d362,seagoing
c5f6c71,mars_face
f23d471,car_usage
6b9febe,car_usage
1c36085,electoral
24c8a88,facial_emotion
29aa983,venus
557a81f,mars_face
078120d,venus
a7d63d1,other
91f2d1b,venus
256a191,seagoing
f151226,electoral
c838d4c,driverless
85dedad,facial_emotion
00e3edb,venus
54a4e88,mars_face
eebeb6e,electoral
ea4f708,driverless
954fc01,venus
0d7b70d,facial_emotion
29705a1,venus
6ca9542,electoral
5ab7db3,car_usage
124b5f9,car_usage
9fe42f3,facial_emotion
af5819f,venus
786b550,mars_face
ddd1900,driverless
1710770,car_usage
3df3c06,driverless
e922094,facial_emotion
da1c207,car_usage
c262f42,driverless
dd43138,driverless
a54fa0a,mars_face
71208a0,venus
9c306ee,electoral
0966167,facial_emotion
9db3db7,seagoing
d809e7a,mars_face
b9df9cd,driverless
bbea6c5,facial_emotion
c28e6b8,mars_face
73599a7,seagoing
dc6cc6d,car_usage
2836ae3,driverless
87e6129,mars_face
4f4cefa,other
f452054,facial_emotion
f12d457,mars_face
c4220dd,facial_emotion
2f5cf60,seagoing
45630fd,venus
4e5c010,car_usage
bce3407,driverless
0d96d4e,facial_emotion
24ce1cb,driverless
a79494d,driverless
322a5bf,car_usage
ec74743,seagoing
27e6dd8,driverless
cc54cd6,driverless
2187f01,seagoing
81c3e64,car_usage
4c2c258,seagoing
dacd0d3,venus
0105e2e,mars_face
36f6d67,driverless
8ab659a,facial_emotion
d0fdfd2,driverless
08cd1b8,mars_face
1f4fabd,venus
cb3376d,mars_face
b34c604,driverless
f0dbf6b,driverless
a56d095,driverless
532e10b,facial_emotion
191f567,car_usage
6c9fb6f,electoral
10ebd3c,mars_face
9f5fa28,seagoing
f6e4a7f,electoral
693ed63,driverless
7360fc3,other
49023dc,seagoing
5f16b8a,venus
cbdb095,facial_emotion
910482c,other
ac1cb0c,driverless
db6bf94,seagoing
7f9b49f,venus
6a30fc8,driverless
5a3d282,venus
6c6efec,electoral
995d95c,venus
7660c7a,other
ebb5004,venus
f292c00,driverless
f47f7fb,venus
fe39a48,other
ea26dc4,electoral
df46087,car_usage
5ab9d2e,mars_face
512b12f,electoral
6357fcf,other
4d6ebc9,seagoing
dcd9634,venus
7209743,mars_face
76f7d05,mars_face
54a4c00,venus
a65543a,electoral
bf5428a,car_usage
1d4f21d,electoral
a377301,car_usage
a86412f,venus
99d4eb9,mars_face
096aa1c,other
8a90194,car_usage
92388d3,venus
aef0757,seagoing
43c6f9b,facial_emotion
82eec16,venus
8a932e3,car_usage
7d1c31d,other
87df675,venus
66bc323,venus
928e5bf,car_usage
283dd5f,other
7959082,venus
93732d2,driverless
b8cc468,driverless
8b7d41f,electoral
969205c,driverless
c8bf3bc,seagoing
0151c0f,mars_face
256ce94,seagoing
7a9384c,seagoing
23d44f9,facial_emotion
ba4f724,venus
a236f49,electoral
ec8005a,car_usage
79966fb,mars_face
ad66e8e,mars_face
e48707a,mars_face
3dbe4c6,venus
94280f2,driverless
a02b877,driverless
8d625bf,mars_face
8166d77,facial_emotion
beaaa47,venus
4dd14fc,facial_emotion
2d2e355,venus
3f300cc,facial_emotion
ef0a7a3,venus
330675b,electoral
f0a7a09,electoral
a3727fc,facial_emotion
112723e,car_usage
d23d911,mars_face
8994e37,other
67151ff,venus
6d2adc4,mars_face
71845df,other
750b478,seagoing
d4c78e7,mars_face
c67fbd3,other
8b9aea0,car_usage
2fefa3b,driverless
71956aa,venus
5b1dea8,driverless
ac90f1b,seagoing
8ea0a22,seagoing
2365387,electoral
4061085,driverless
d08b141,car_usage
ad644f3,venus
14afb00,electoral
25811d9,driverless
cc266ee,facial_emotion
0912e51,seagoing
b6945f7,venus
b6352d7,facial_emotion
e68f64d,car_usage
509edaa,venus
da85290,venus
d42a4ac,mars_face
7e0b6af,car_usage
7a0b369,driverless
f285fe2,seagoing
add5865,seagoing
0516f28,car_usage
0226250,driverless
c2b5ab0,electoral
9019f5b,driverless
bb66f48,electoral
defa1cc,electoral
f437d49,facial_emotion
a8675e4,facial_emotion
d46aa2a,mars_face
7617705,venus
609b8b9,other
e22df36,seagoing
bd91400,driverless
54154e6,driverless
3b02e51,other
7035dc2,seagoing
acc5ef8,venus
b88c3b5,venus
a57fd78,mars_face
6cd8a38,venus
319d75e,car_usage
d5ea90f,venus
c893ec0,car_usage
1b43b9e,facial_emotion
ae0e8ef,facial_emotion
eec45e2,venus
021271e,venus
12489e3,mars_face
91506ed,electoral
7036f2d,venus
090c52d,electoral
44eb982,mars_face
443672b,other
8435ac2,venus
c68a3c9,driverless
72f0594,electoral
c69f642,venus
104ebd4,venus
fa3ffaf,driverless
b209a7f,facial_emotion
93ef0d8,car_usage
5700ff4,facial_emotion
a332888,other
c92dce5,other
4337759,driverless
0e233ca,mars_face
fe78ad2,driverless
bcb1ec7,venus
abd70b9,seagoing
e8d2ce4,driverless
dd9b0f0,electoral
c33893b,seagoing
9e83f64,driverless
299a003,electoral
c183c9c,electoral
d11f475,venus
5852b0c,car_usage
6b20789,venus
c38cf59,venus
65b060f,driverless
80c6855,mars_face
919a690,other
56fcc78,facial_emotion
10be9c6,seagoing
26c493a,mars_face
37e110f,facial_emotion
db7ce90,facial_emotion
d0fac48,car_usage
32d6a9c,car_usage
77298de,car_usage
c9eaef7,other
22ba4b2,electoral
7d11870,electoral
3a8b10d,driverless
b8ee42c,driverless
b5bd747,venus
ae7dc92,driverless
8521413,electoral
8c35402,electoral
14bec6e,driverless
212f1e9,facial_emotion
0f247b7,driverless
d507ed3,other
8d1c468,facial_emotion
4408754,mars_face
d53934b,facial_emotion
8fd287f,venus
2cb191e,venus
7b0bb8f,car_usage
c487f64,electoral
c04225a,electoral
f99f8c7,driverless
d7fd73d,car_usage
9638825,car_usage
5649ce7,seagoing
f2e0731,facial_emotion
9f988da,car_usage
1d8869d,seagoing
ad11bff,other
1bf4ba6,facial_emotion
42c06b3,driverless
7ad05e0,driverless
8109b66,seagoing
e112df6,venus
7813ea7,driverless
e897b21,mars_face
af9e3fd,driverless
9469de5,car_usage
72daa06,facial_emotion
e8c4fce,mars_face
ff44d61,venus
20bf31c,venus
abd3b0b,facial_emotion
5196465,mars_face
783f267,car_usage
a752c11,facial_emotion
6640d05,facial_emotion
a28f423,seagoing
04d409d,driverless
71d8782,venus
f89a159,mars_face
05fa43a,facial_emotion
9a6daae,driverless
e1b50d7,seagoing
17d3737,venus
b821bd2,electoral
b06624a,seagoing
b8bff70,driverless
f7860d2,other
7f0cbfd,other
af0b4d5,other
eb828bd,venus
46be9c7,venus
cd3902f,seagoing
b5b8a2a,mars_face
31c49e5,driverless
2b491f4,electoral
c7238b0,driverless
9dde278,facial_emotion
51fd470,other
4f63fb6,venus
03ffbb2,car_usage
bfb039b,venus
d7e4bda,car_usage
863da41,driverless
098d10a,venus
8ae14a9,car_usage
4fce0ed,car_usage
1829b0f,driverless
a19d424,driverless
68f7f6e,mars_face
93d44b9,driverless
3ffd355,seagoing
21133d1,venus
b299795,car_usage
6cfd94f,driverless
716b63f,mars_face
7bc3482,electoral
eb75b33,facial_emotion
a7875a6,facial_emotion
7617ff3,venus
9a40be1,mars_face
7561d85,other
33fd8e1,other
391f6fa,electoral
5efaf31,venus
9cd5951,electoral
ea436e2,seagoing
19518a6,venus
b9425e5,facial_emotion
fee4774,car_usage
d683a92,facial_emotion
ad0262a,driverless
b5a1979,driverless
45373dc,facial_emotion
bc02829,electoral
7ab9574,venus
0cf8c55,seagoing
7874eeb,car_usage
9b7b295,mars_face
ec37599,electoral
e82deeb,electoral
fdd251e,driverless
52f452e,electoral
e5206d7,seagoing
c1aec49,mars_face
897cac7,venus
8a242ae,other
1a14e33,driverless
dbad9f3,car_usage
8769deb,seagoing
ff4bcd5,driverless
f1a54d4,mars_face
3a7a186,venus
36523ec,driverless
eea5e34,seagoing
2e6c099,mars_face
b1612e0,seagoing
f4f2f12,mars_face
301c5a5,mars_face
3f892e1,driverless
bbd6f66,seagoing
d5081a7,mars_face
c62d306,electoral
4e85bd3,mars_face
a12cb0a,driverless
3d100f8,driverless
1a57ee0,mars_face
b52cc68,driverless
7b823fe,electoral
62bc176,mars_face
bf24abd,electoral
48f4678,venus
4458086,electoral
7af26d3,electoral
7e05e3b,other
fe0aea3,driverless
a688b7a,driverless
5a3eba0,car_usage
0c9029c,seagoing
fe52b79,venus
811c907,driverless
47d6008,car_usage
b16cd75,electoral
4a2334e,electoral
0da70c3,venus
9d48bc5,facial_emotion
3bcd4b3,facial_emotion
3a79c7f,car_usage
e2d0be6,electoral
67395cf,facial_emotion
80e35ee,electoral
662abe5,driverless
4057621,facial_emotion
19c4c74,seagoing
9b2d996,seagoing
7beb5b6,facial_emotion
d2d0ad7,driverless
ec32da2,car_usage
9b47d83,facial_emotion
c5a5c3b,seagoing
6a5d75d,facial_emotion
323cdd6,venus
e471f5a,driverless
d119e87,car_usage
6a7a8ef,car_usage
94d6290,driverless
40aaa0e,electoral
f0e0674,seagoing
18c3c09,mars_face
9d79792,facial_emotion
4649053,electoral
d66cdbe,seagoing
23f176c,facial_emotion
5290f9d,car_usage
7ec3069,car_usage
610d03b,facial_emotion
b882670,other
dd1c507,driverless
51d14d3,electoral
f389a4c,other
bfaad32,facial_emotion
3074cde,seagoing
e4f6f94,driverless
01ec06b,electoral
b42fc25,mars_face
43fc657,car_usage
7c76079,seagoing
349f3b8,electoral
1ac3740,venus
0c02064,driverless
44e88b0,mars_face
ae8766b,driverless
e8faa39,seagoing
bdd54af,facial_emotion
9d1a448,electoral
3f02e1c,venus
fef1e50,facial_emotion
acf3b94,driverless
4bcd05d,driverless
d50b813,venus
d61378e,mars_face
27e155e,venus
df0a3ec,electoral
7061185,driverless
f281512,other
1d7c97a,driverless
93c1334,electoral
bf84e83,venus
9c64a04,electoral
e9115fb,venus
53b8ebf,venus
9301f78,mars_face
6db3435,venus
1418cf5,electoral
e1c7ab2,car_usage
87d2a83,facial_emotion
06d32ab,seagoing
3644611,facial_emotion
1c80539,seagoing
3c87dc2,venus
d2e169d,venus
39d96a1,electoral
96addd4,driverless
52504c7,driverless
c2ebc90,facial_emotion
1f5d349,venus
d25d977,mars_face
f7c62d8,venus
d991ec4,seagoing
e338a4c,driverless
f0178dd,driverless
04ef8ff,driverless
b815e6f,facial_emotion
305bda4,other
9ea622e,car_usage
d93507a,seagoing
445fe77,mars_face
c680658,seagoing
f8b68e8,car_usage
a1cd4ce,car_usage
4180c40,mars_face
95eb489,electoral
e8ce1b0,electoral
f23935a,electoral
587411b,driverless
cb5293e,venus
037ac1f,driverless
3b3df14,venus
561e47d,mars_face
031bbb0,other
3c8bd10,seagoing
9406d8d,mars_face
e9c55a9,electoral
a1b24c3,electoral
247f18e,driverless
e63e0bf,electoral
716b03a,facial_emotion
c221707,venus
177d6f6,driverless
4d4b577,venus
323c0b8,facial_emotion
37c61d1,mars_face
f7c06a5,seagoing
ebff20e,electoral
4446626,venus
5f49ea6,car_usage
0f8c08a,electoral
223b86d,mars_face
7664b2d,facial_emotion
23b5db1,other
a057d58,mars_face
1ed0f53,facial_emotion
2792d0f,driverless
fea267a,driverless
b9f8f54,car_usage
04defeb,mars_face
bbbd46b,seagoing
6579a27,venus
7d72685,other
4df7e4e,car_usage
ddc1cdd,mars_face
e4df2a6,driverless
0e78aef,mars_face
9d3da12,seagoing
da0a649,mars_face
d2373ef,seagoing
22b89af,car_usage
e476e48,mars_face
fc17862,seagoing
29edcfa,other
03afc1e,facial_emotion
dffdcdd,seagoing
4f3b6dc,electoral
336f368,driverless
ad789c5,driverless
81a1bfb,electoral
1bd9707,electoral
535dda0,venus
a3f2c8f,seagoing
e3f99d1,facial_emotion
fece07e,driverless
2676d1f,driverless
4834d5d,seagoing
43c6947,driverless
33f68cf,facial_emotion
d298559,venus
f02836d,facial_emotion
7a2b44a,car_usage
94848c8,seagoing
c3b3b4b,electoral
90d7a84,driverless
736f95b,other
9e2113a,mars_face
05b0858,venus
a9296c5,venus
3d441b0,facial_emotion
da34069,facial_emotion
16cfecb,other
9b84ec0,driverless
85af2b9,car_usage
25d53c6,venus
f7c9ffb,venus
1259ea4,seagoing
4fed77e,facial_emotion
8ea97f1,car_usage
6a92849,venus
5148d30,facial_emotion
b4e02d9,car_usage
35fd114,facial_emotion
83929a3,driverless
ba93660,facial_emotion
222659a,other
c89eda8,driverless
0fa92b4,mars_face
070faae,facial_emotion
67c0531,car_usage
2a7701b,driverless
bd6185f,venus
1b92860,seagoing
03dc26a,facial_emotion
d358b72,driverless
7c47a9c,driverless
8882d49,mars_face
624a904,driverless
9dc6cd2,facial_emotion
99120c9,driverless
0ae3894,driverless
2bc341e,other
a955a53,electoral
4f86aed,electoral
8ede676,other
2edae7a,seagoing
95bd900,venus
426ddb6,electoral
d7203b6,facial_emotion
d5dc915,mars_face
c03c5de,driverless
e5f3160,driverless
6ba40d5,facial_emotion
3ccf356,facial_emotion
6f65423,venus
a875a8e,electoral
cf44547,electoral
fd86eb2,facial_emotion
f2640ea,venus
eda4388,seagoing
71a1944,facial_emotion
7d34dd4,facial_emotion
6b07f61,seagoing
bc89849,venus
47812b1,venus
8d0350d,driverless
f4f6bf2,car_usage
1c139c1,car_usage
6289b2c,car_usage
0760f30,driverless
eac6509,car_usage
26de96d,facial_emotion
f59c21c,seagoing
bd25752,facial_emotion
95e6b7a,driverless
a7f685b,mars_face
cdd506f,driverless
811be0e,car_usage
54697bd,venus
1d12e5e,driverless
24adfc3,electoral
4677e9c,venus
9885293,car_usage
e4cd5f0,seagoing
e5c3b9b,car_usage
9301dc5,driverless
9606866,driverless
9df4209,car_usage
a3fb7e1,facial_emotion
1a8f6e7,venus
75ef893,car_usage
4779250,facial_emotion
144515c,facial_emotion
3b42d54,electoral
f47a3af,other
c09d765,electoral
84195f6,facial_emotion
9b15bd0,driverless
dac3832,driverless
4728682,seagoing
36da545,venus
6d87001,driverless
5a5cd94,facial_emotion
19db546,facial_emotion
6cafb50,seagoing
cbbc4a8,driverless
9793146,car_usage
a0520ae,driverless
37deeb5,mars_face
bb8453c,driverless
9f79642,other
a58d8b9,driverless
4dc320a,venus
190716b,facial_emotion
30516cb,mars_face
ea7d445,mars_face
9cc5892,venus
8aa59a6,electoral
1ff00d8,car_usage
d6def17,other
2a4ca7b,mars_face
e4131fa,electoral
5912bde,seagoing
230f9dc,venus
2a785b1,venus
8eb8fa9,seagoing
6a3ad47,driverless
00e5687,venus
a90f403,driverless
7354440,driverless
c966d0a,venus
a2de144,facial_emotion
d7a5814,car_usage
43e2c1f,driverless
d0b5ffb,facial_emotion
48b152e,electoral
a67771e,driverless
b44db48,driverless
c3c6f38,venus
5ff1058,venus
2def8af,mars_face
2eb32bb,car_usage
fbe8b9e,venus
c2a99a4,facial_emotion
cb4bb86,venus
c0679f5,venus
d292135,electoral
81f7222,seagoing
c1ab5cb,facial_emotion
7a8028c,venus
aacf8d1,driverless
76324c1,facial_emotion
a7e49c9,venus
471bc23,seagoing
35e09c5,other
5987254,mars_face
518c141,seagoing
7bbc704,electoral
84c9a84,mars_face
2b237a3,driverless
dd5a7fc,mars_face
9402ac5,mars_face
2556150,driverless
f1ce560,electoral
a5c16f9,seagoing
4667092,driverless
bc09367,car_usage
11eda40,electoral
871c045,car_usage
da4b065,driverless
c2e8d1a,driverless
3bd062d,venus
8fa257f,venus
8e63734,seagoing
48679e4,venus
c660bab,electoral
854f4a6,car_usage
5c94970,driverless
55759f8,facial_emotion
e9d29ff,electoral
27382f8,facial_emotion
529dccc,venus
d73f3f4,venus
32e5340,car_usage
e90de0d,electoral
1d9389b,car_usage
58969ec,mars_face
8c1e2db,facial_emotion
d9929eb,mars_face
a423c92,facial_emotion
44497d4,venus
70542b0,other
87cf25a,driverless
0f89327,driverless
a041c53,seagoing
7694be2,electoral
7fa6c4e,seagoing
53a31e8,mars_face
107348c,seagoing
5b4da4a,facial_emotion
c252897,seagoing
cd56bc6,driverless
723a7df,driverless
40ac432,car_usage
2e1756a,facial_emotion
b5af145,seagoing
375c9a7,seagoing
43dea20,mars_face
940d9dd,venus
beaf095,venus
25e14a4,other
2078da0,driverless
287950c,venus
eb1d4a6,venus
f7c3307,driverless
313de19,venus
f2dbee7,mars_face
1c745e9,electoral
debbe70,car_usage
a6bcef5,facial_emotion
e90721b,venus
c636e4e,car_usage
a367504,mars_face
1221dcf,facial_emotion
395e093,facial_emotion
f37af89,electoral
b8a4245,driverless
1dd6a58,facial_emotion
4ff04b6,driverless
3584839,car_usage
7f6d300,driverless
e165a2c,driverless
934510c,car_usage
a1c5818,mars_face
99eb2f4,driverless
a7d3e8a,mars_face
1bf8cee,other
fbf29c5,facial_emotion
8f3c920,electoral
3e0799a,facial_emotion
ef98af3,driverless
f7f1ffa,venus
7bf1945,mars_face
1feabe5,driverless
2dab24c,driverless
f8a150c,facial_emotion
72bafca,electoral
7703b3c,facial_emotion
fc31f23,facial_emotion
8248967,car_usage
913c55c,venus
547172d,car_usage
0a99d52,driverless
c6a6763,electoral
cd151bf,mars_face
e164e8c,driverless
044a23f,electoral
66fc2ac,seagoing
e4eb42f,electoral
7fe7bcd,car_usage
4cdd49b,facial_emotion
d214529,other
ac0ce23,venus
d053807,seagoing
088c6ac,car_usage
2274cbb,venus
543e550,driverless
bf215a7,driverless
8462dd5,car_usage
9387d88,facial_emotion
88efd41,venus
d3b40cd,electoral
9f76a8f,car_usage
4599770,driverless
0d077e2,driverless
f4e9538,electoral
ae00902,facial_emotion
0973664,electoral
94f3beb,venus
307c738,facial_emotion
8465a70,venus
e6bea39,seagoing
e1de598,electoral
131a75b,facial_emotion
79240bb,driverless
7ba3171,seagoing
4fabf67,facial_emotion
1e1b741,driverless
d35288c,driverless
fe094f8,electoral
249867d,mars_face
60f98e5,driverless
dc86d27,venus
99890ed,driverless
834ec54,driverless
0b35fa9,mars_face
b5403e4,driverless
8d0fdf7,venus
3a2b8f0,electoral
068aea7,driverless
b79920d,mars_face
7f1ca89,driverless
7bae5dc,mars_face
66e3b69,mars_face
1a76a83,facial_emotion
87bd6c1,venus
598318b,electoral
b1c3c6d,driverless
11acec7,other
c40bfc3,car_usage
269a23e,driverless
f0e3d25,facial_emotion
4b79d77,driverless
e89eaf8,driverless
bd8eae9,seagoing
9740146,venus
6861f05,seagoing
a4c3f8e,mars_face
83d10b5,facial_emotion
4359c17,venus
a28d58a,mars_face
fc433b2,driverless
de0bb1e,venus
2565613,facial_emotion
835a6a9,driverless
246252f,electoral
290d458,venus
7d7b8ca,seagoing
79f5ecd,seagoing
722a9ce,other
9be0af0,venus
bec344a,other
f9318b4,venus
4faefe0,car_usage
0ea87c4,electoral
adc51a2,car_usage
f1f03de,driverless
a8171b6,driverless
405f294,other
fe98796,venus
77f3262,venus
5fbd61b,seagoing
326c204,seagoing
b602291,electoral
00a541a,venus
0a31858,venus
a994c35,mars_face
882fdc3,mars_face
ef4fa08,other
4bc17fe,electoral
8131b15,seagoing
3d03dc5,other
cf315d3,facial_emotion
86bb83d,driverless
25b1560,car_usage
07d41ed,facial_emotion
5316172,other
ab87c93,mars_face
88a7b3e,seagoing
5c39595,facial_emotion
70e51aa,driverless
2444a41,driverless
879a4e7,electoral
ec636ad,venus
64bc610,mars_face
97ba927,seagoing
e711992,electoral
76e4447,seagoing
537ade6,venus
ae95733,driverless
79f7f20,other
ee04cf8,car_usage
1d6c98e,electoral
e5a9b76,mars_face
2cad978,facial_emotion
28028e0,mars_face
efe6199,venus
f621c2e,venus
7cd47c4,mars_face
7557f5c,seagoing
897681e,car_usage
3515161,car_usage
31b903a,electoral
f787aa6,seagoing
da452c5,electoral
7cd47f9,venus
a250110,venus
9b3341c,other
fc7760b,driverless
3baea30,car_usage
6d3a41b,venus
9a8c8da,electoral
ee20f18,venus
7fd68b2,driverless
7126e0c,facial_emotion
a0e57ff,facial_emotion
ba02db4,venus
d850373,mars_face
ea3f4cc,venus
6ef1237,seagoing
643143a,other
b6aa357,other
a8895c0,mars_face
a389ab4,driverless
ae5bbc2,car_usage
813a77a,driverless
b580903,seagoing
b65e4ea,driverless
8f9adaf,mars_face
989bfc1,car_usage
e37ca46,electoral
86bc70c,car_usage
490a973,facial_emotion
12309f9,venus
4591576,facial_emotion
b5d5729,mars_face
122ba79,mars_face
03f2d76,facial_emotion
6a83431,car_usage
6fc893c,other
685cd71,facial_emotion
2a838f9,seagoing
a4fc9c0,venus
041804e,other
33d95e1,driverless
6fe2f23,driverless
b4e5144,venus
ee9b83d,facial_emotion
00c3589,venus
af1daa8,venus
83b6723,car_usage
6514350,seagoing
805203f,mars_face
e1f6e33,car_usage
681190f,venus
b388756,mars_face
6fecbec,venus
c4b4df0,seagoing
2f28033,driverless
d625185,mars_face
fd70ce5,mars_face
eec6b2d,mars_face
589fd79,venus
dcf0c21,venus
651a65c,car_usage
8401528,venus
cd726da,other
4c3e4c6,venus
522892b,venus
176fde9,facial_emotion
1e8d2f8,electoral
511bedd,mars_face
e00a88d,venus
d8eb63c,electoral
ce18845,mars_face
d5b6ed5,driverless
bd0abd2,mars_face
5ea32c7,driverless
6b71179,other
76c44e4,venus
9652adf,driverless
ec0bc1f,facial_emotion
c9f673e,driverless
db5caa0,mars_face
11dca95,venus
da4f24a,car_usage
5c38fae,venus
d6e067b,venus
c1feb27,electoral
d07ec0b,other
867d224,venus
fef8172,electoral
c863729,driverless
37af59a,mars_face
2504d68,seagoing
660de82,other
a08552e,driverless
28f131b,driverless
9074727,driverless
cbc28c7,venus
42c494d,driverless
8fc5a7f,mars_face
5e76217,facial_emotion
23ed908,other
dcc7aa6,car_usage
e498c83,driverless
05508b4,venus
14a193b,venus
042167f,car_usage
9540590,electoral
23a874d,venus
b984bfa,electoral
1072f17,seagoing
d26fc28,driverless
eda2975,mars_face
84cf4d5,venus
2ee34f0,venus
a1c6553,driverless
3d1a0fa,venus
3993eb1,venus
3f58f82,mars_face
b1460ba,venus
cfceaa3,mars_face
2833cfd,mars_face
72e7f44,driverless
83b5ab4,driverless
db5bba2,seagoing
eb570a3,facial_emotion
d40f0dd,mars_face
dc8f531,driverless
7fcc28f,electoral
14cb817,mars_face
18df808,electoral
cbee6a1,driverless
e36e85a,driverless
2802c3d,driverless
8b02a08,facial_emotion
12b0d0a,car_usage
6000f26,electoral
6eafe43,other
555645e,electoral
212f8b4,other
9060375,venus
20db990,mars_face
06cbce6,seagoing
e16b27c,mars_face
847b5c3,facial_emotion
62a744f,electoral
3c9f409,facial_emotion
73c5c3d,seagoing
a2f716b,venus
2f76f40,facial_emotion
a5e4cbf,facial_emotion
6e86c83,venus
5d286e5,facial_emotion
655cb15,seagoing
dc31c99,facial_emotion
f2123ce,other
6010267,venus
9062d8c,driverless
db19681,electoral
9569b39,driverless
f1c3e51,car_usage
dba5c50,seagoing
2972937,other
571ac5d,facial_emotion
3f3d61b,seagoing
d254bc7,facial_emotion
dc06527,facial_emotion
da97203,driverless
a924b9d,mars_face
59a4420,venus
e0680f7,driverless
9b8bb52,electoral
5fec381,mars_face
491120f,driverless
08f5a36,driverless
6f7f3f7,seagoing
07309cb,venus
eede6b5,facial_emotion
a346bdd,driverless
5e6ebf8,electoral
8f6429a,mars_face
0cecb68,electoral
6a0460e,seagoing
51865e0,seagoing
64867ac,driverless
5bf3f75,driverless
d4cbdec,venus
762cf74,driverless
bed66bb,car_usage
d39dbc5,venus
f5aee10,facial_emotion
9139e3e,seagoing
60add36,facial_emotion
2787866,facial_emotion
1343a02,other
f346b06,car_usage
45b937e,mars_face
71c9986,facial_emotion
75221d7,facial_emotion
44730c2,venus
d5fd4d3,venus
4332440,driverless
5ab40d6,seagoing
9ca1c60,facial_emotion
d7e7480,electoral
3e19af4,facial_emotion
4dd2e34,electoral
b592a97,venus
31530b2,venus
daf7282,venus
4711ef3,seagoing
f757267,venus
377cdc4,venus
3a153f0,car_usage
c82d4bc,driverless
9bef913,driverless
9802055,electoral
e88da5f,electoral
9e6ccfe,venus
3f0f953,electoral
154f5c1,facial_emotion
618a932,driverless
d5945d1,venus
a45719a,venus
38844bc,driverless
2e56afa,car_usage
0e9a9d3,venus
32644d5,mars_face
8ec3d6f,electoral
7a0e845,facial_emotion
3d10946,driverless
b4b9ff0,seagoing
fc98949,driverless
15b1360,driverless
a9bd3cc,driverless
837e94c,car_usage
23eb690,mars_face
764e06b,venus
f07b408,facial_emotion
3d1f831,venus
fcf0ded,facial_emotion
d35875f,facial_emotion
980f643,mars_face
fe78d5b,electoral
c0c9b8d,venus
e3ea792,other
18a40e7,car_usage
1f0e22b,venus
092ff4e,car_usage
2c3f197,venus
4e90694,mars_face
a54dbd6,facial_emotion
6051407,facial_emotion
0b3ab03,facial_emotion
2357683,mars_face
d47f566,mars_face
a8a46d4,facial_emotion
c3bdabe,venus
80d54a1,car_usage
a62419e,venus
790efcf,mars_face
892da1a,driverless
ac4a293,electoral
c4359fe,driverless
ed5a05c,driverless
79192bf,driverless
fbccbda,other
a67a151,seagoing
1798ecb,venus
8dfe413,car_usage
d24d888,venus
58f3ec0,venus
1c1d128,car_usage
101b994,facial_emotion
e9fd355,driverless
6215c79,facial_emotion
4a7ce79,other
7a4f314,driverless
b835460,facial_emotion
7e7ed1d,seagoing
f03d8a5,facial_emotion
b768e96,facial_emotion
d4c76ab,driverless
e1db186,driverless
854619a,venus
2c2a9be,facial_emotion
25b184e,mars_face
d9d0ecc,electoral
4049cd4,venus
9fa048b,facial_emotion
314040c,venus
195da78,mars_face
52cd2c8,car_usage
6b29e4e,mars_face
c70b97c,driverless
f48e2a1,car_usage
969034d,venus
e9fd6d0,car_usage
ffddf1f,facial_emotion
ee4f643,car_usage
8d7747d,electoral
dee5040,facial_emotion
f690002,other
cda1813,mars_face
7a163c8,venus
0c9e34e,facial_emotion
b82f899,electoral
65c3dcd,venus
86f19d9,seagoing
015ac93,venus
bddf5ed,venus
3ef5d91,other
030b9ea,mars_face
6df9eae,driverless
41c10b3,electoral
b970805,seagoing
903ab17,electoral
8289969,seagoing
68eb7fd,venus
165bbd7,car_usage
da8033f,driverless
87a9424,facial_emotion
1bdcde3,venus
af2214c,driverless
8306a62,mars_face
3feb2e6,venus
0bb0bc1,car_usage
8d7c140,car_usage
bc3cab8,driverless
de9464a,seagoing
39a8344,driverless
23ac622,driverless
4c41929,electoral
1ff3b4f,facial_emotion
87f2c68,driverless
c6b5ee2,facial_emotion
f4023d7,electoral
c6114f7,venus
69e9bd2,electoral
5800430,electoral
8618ef2,driverless
d0dfc29,car_usage
de78366,driverless
d24acda,car_usage
663ab69,venus
8197f4a,venus
06e25aa,seagoing
de241d6,facial_emotion
ea860f6,driverless
61fc0e5,car_usage
eceead9,facial_emotion
7a699e0,mars_face
2e619b0,car_usage
8ecb00d,driverless
691a37f,driverless
ade13bf,driverless
df8563d,venus
5cf885b,facial_emotion
0bb5c8c,seagoing
a63b06d,venus
61d1b5f,car_usage
b67f605,driverless
fbb93e4,electoral
e7a28b3,facial_emotion
535295e,facial_emotion
b09149d,venus
6c1d134,mars_face
a82cc2a,driverless
2917d93,driverless
f0f058a,driverless
3380b17,facial_emotion
945612a,driverless
905684d,driverless
870b4ba,other
1872f71,driverless
42ea1c5,venus
f1885bc,facial_emotion
f5ba92e,facial_emotion
bf09b3d,venus
9016294,mars_face
280a8d8,car_usage
2efbb29,electoral
744e5b8,mars_face
40d1fe4,mars_face
1747469,electoral
6d869af,mars_face
f1c44eb,facial_emotion
ec7f48b,other
cbbcc9f,venus
c4d54a6,car_usage
34296bb,mars_face
40ff095,seagoing
583ae2d,venus
04575a9,facial_emotion
e51434c,venus
29fa226,facial_emotion
12ec7bb,venus
f03ad07,driverless
7f5f56d,venus
d786da7,facial_emotion
1ef816d,venus
acffe17,seagoing
dbd027f,mars_face
0e3c6eb,mars_face
bc15825,mars_face
fdd0ddc,driverless
b2fea62,venus
6706804,facial_emotion
9f13fa5,facial_emotion
541fe37,driverless
88bcf3f,other
b27ae7c,driverless
c6bcaaa,mars_face
d20dfa2,seagoing
966de07,mars_face
854c999,venus
6125d49,car_usage
1eff034,other
b5d0ba1,mars_face
1097d92,other
9abea88,venus
9245d63,electoral
2fc7982,driverless
9a150e3,driverless
a7a891d,electoral
5f51576,facial_emotion
592eec0,seagoing
b8330aa,mars_face
8c89d5d,other
5a72fcc,driverless
5071ba9,seagoing
3085037,driverless
e8976d7,mars_face
f9ec677,facial_emotion
ab8f0aa,facial_emotion
164ffb9,other
9d4a923,car_usage
ab7926e,mars_face
6d738b8,other
7c4d4fa,driverless
3e0eb38,electoral
ab500d0,venus
55d6e17,car_usage
4530e97,driverless
6c22e4f,electoral
5a7d2db,venus
c0b989a,other
a0d3aa1,facial_emotion
2bca0d3,electoral
e2d9a03,driverless
754265b,venus
b5b6164,venus
a5456c7,driverless
c954cd3,electoral
7e89431,facial_emotion
cf67ce2,seagoing
e067824,driverless
b75a43a,car_usage
5b54ba3,driverless
a7ec7ab,seagoing
c30d020,car_usage
15a509c,facial_emotion
0066c7c,other
3157b9b,facial_emotion
3c4f799,electoral
abbcf44,driverless
22c55c4,electoral
eb336b4,other
4e0ef8e,facial_emotion
5018d4f,mars_face
5a867c7,mars_face
46ab8e9,electoral
1326f2f,venus
4d00492,electoral
c625628,venus
9588686,venus
e85e962,car_usage
198070f,venus
b574b32,car_usage
c24566f,mars_face
5fc3237,electoral
f850485,seagoing
ebce1a1,other
077377d,electoral
38740e0,car_usage
9583fe3,facial_emotion
f9b5eb6,other
fa3ca97,facial_emotion
7a17b43,venus
a977730,electoral
d10e15c,facial_emotion
338612b,mars_face
6aec058,electoral
e796771,driverless
62b65c4,driverless
a9fc13b,mars_face
f6d106f,venus
b57b6c9,facial_emotion
efd30c6,car_usage
9ad9ce8,mars_face
a8d35fd,driverless
e52a741,facial_emotion
b4683aa,other
3db22d6,electoral
713dfda,driverless
2c1e68d,mars_face
4880189,venus
4866853,seagoing
25f55c7,driverless
5a99050,venus
9526e66,facial_emotion
a1de23c,facial_emotion
409ca29,venus
8615067,driverless
3acd644,mars_face
d3b13b0,other
5359db5,venus
29399d5,seagoing
ee674d3,driverless
6953953,facial_emotion
161a6b4,other
ab616aa,car_usage
cd4cff6,electoral
96a93ed,mars_face
74f76a7,venus
101ff6a,venus
71272ff,seagoing
f3d9d49,seagoing
de69117,car_usage
8141a69,electoral
d5a54e6,car_usage
919c02d,facial_emotion
ac6a5bf,mars_face
a840d69,driverless
274d9d2,other
985e46a,driverless
7628f84,mars_face
63e3792,venus
eea7072,driverless
c63b3bc,driverless
fc1fe3c,seagoing
62369a8,mars_face
067d842,electoral
5e2a283,venus
09df111,venus
51dc8d8,venus
0262618,mars_face
1a9cda1,driverless
ad5a5d8,electoral
096b178,car_usage
e8af119,mars_face
49db5d5,car_usage
837b949,venus
cb7833a,car_usage
65ea1b1,electoral
c85eac3,facial_emotion
4efc996,electoral
8ba4781,facial_emotion
35852a8,facial_emotion
2809bd6,driverless
b92304e,electoral
d51b27c,seagoing
8a48d1b,mars_face
02d1c60,driverless
6d7f8fa,other
59ed27b,venus
cc0bb04,electoral
c540400,venus
cae9df8,driverless
1baa473,venus
1853495,car_usage
caf6bec,venus
bd55fc0,car_usage
8950f29,seagoing
581e044,venus
d69aff4,other
46a61ed,facial_emotion
27ec6d0,seagoing
88a0020,seagoing
b44e1e5,other
1623c9f,driverless
c37ca8b,venus
2a1adef,facial_emotion
dd90072,electoral
ceed91e,venus
68b898b,venus
a14214f,venus
cbcf284,electoral
04a4c98,seagoing
1b7279b,car_usage
c18d19c,other
d5530ac,mars_face
87e9e35,facial_emotion
b50562f,seagoing
949e0f0,facial_emotion
7b00fb7,electoral
b74cb35,car_usage
e9be80d,seagoing
ba5ac94,other
9b76b36,venus
27f5975,venus
a28a827,venus
6f29499,driverless
8893ad1,venus
934d876,car_usage
ef5fa8f,driverless
75cc5b9,seagoing
078f997,other
13e2ae4,facial_emotion
1d24933,venus
ccefbd7,driverless
50cf267,venus
ced362b,other
3641b74,driverless
bef8651,car_usage
9941ca3,facial_emotion
52fe408,venus
f27cd14,facial_emotion
881860a,driverless
d763419,facial_emotion
6a13512,car_usage
1319f06,driverless
71e37ee,car_usage
d682dd8,car_usage
c94198e,facial_emotion
361d73f,seagoing
408b7f2,venus
14c87c2,driverless
416fcdf,car_usage
b1d8c2e,driverless
10cd7ba,other
c7d948c,venus
d90758e,seagoing
e840ce7,driverless
e02e34e,seagoing
f8db3e1,mars_face
db8d3d5,seagoing
359321d,mars_face
758b89c,facial_emotion
6b6e638,other
88c5fdb,venus
1f04460,mars_face
00ef89f,other
37102dc,driverless
9c16b65,seagoing
db90b66,facial_emotion
927c364,driverless
730846b,venus
a3651c1,driverless
ed339e2,electoral
7549990,driverless
ecdf554,car_usage
6b3ba23,venus
81a634b,other
ffc11a8,seagoing
fb27a3a,seagoing
03237a6,car_usage
b6e35e4,venus
7ac5274,driverless
0670d67,driverless
7b3945a,electoral
ba4f6db,electoral
f4cd58b,seagoing
5285dca,driverless
6244328,facial_emotion
cfce9c8,venus
f9c92af,facial_emotion
076f000,mars_face
74b1690,driverless
b35f2a2,driverless
fda6f30,venus
2b4375b,driverless
6ed1d58,driverless
36d421c,facial_emotion
6f1773b,mars_face
5c5ba80,venus
4e91ceb,car_usage
b13ce0e,facial_emotion
f9fde81,car_usage
08a4217,other
3a0f754,driverless
4334c97,seagoing
0aba46b,mars_face
5ea741b,electoral
5bbf0ed,electoral
b4a2dd2,facial_emotion
44a5724,facial_emotion
9040279,venus
c9d4074,driverless
e877365,other
5147145,driverless
78c3ec3,venus
b80fb5a,driverless
0e495a2,car_usage
cc3a94c,car_usage
64abb4c,seagoing
5711c2b,seagoing
58ec073,mars_face
0d18ff3,facial_emotion
fc7710f,venus
651a702,mars_face
11ffe5f,electoral
7f840dc,mars_face
d9cb2a4,facial_emotion
fd0ccb2,car_usage
98be7e6,seagoing
ce714ad,seagoing
0dff325,electoral
dd8656a,venus
b64c616,other
59e32c9,venus
b80669b,venus
a396a59,other
0296469,driverless
7739354,car_usage
535d764,venus
9f4432e,venus
d7d13df,electoral
e7e0308,other
bbc0087,driverless
6c6eecf,facial_emotion
6435496,electoral
0ee0e5c,venus
961baf8,venus
24ae08e,facial_emotion
ec6e134,driverless
107c77b,electoral
0bb7157,driverless
cfe9cbf,other
7c47fed,facial_emotion
dbf00cf,mars_face
bfac718,seagoing
6b9a6c6,mars_face
8641177,driverless
678d7d6,mars_face
70e622a,driverless
bb0f3b1,other
6073945,driverless
72c14dc,electoral
af8ac7c,facial_emotion
5ac9060,driverless
5020b8d,mars_face
cda310b,electoral
d4913bb,car_usage
82a598a,facial_emotion
b16a4ce,mars_face
0616815,seagoing
eda1180,facial_emotion
f4c3bdb,seagoing
9f91572,facial_emotion
9fe8c87,mars_face
cb44d67,mars_face
a194df9,facial_emotion
9450130,electoral
4fe1732,driverless
c25501c,car_usage
627aaf9,facial_emotion
2f4c5e7,seagoing
0a07f07,car_usage
fb89c7e,facial_emotion
80c7166,car_usage
860fd6e,electoral
9483182,driverless
0d28420,mars_face
7cef27a,facial_emotion
8a6ba9e,driverless
780f29a,electoral
228188e,facial_emotion
3aba100,facial_emotion
b0da884,driverless
cf6c1cf,venus
9701060,venus
4a71171,venus
d712c51,driverless
ff25a21,mars_face
d820a1b,venus
977e010,venus
056f9ed,electoral
24e71c9,car_usage
0279487,other
f17b67f,car_usage
bc3a92e,driverless
feafaea,driverless
680d445,venus
d09b772,driverless
a36cf12,venus
e3f3a45,driverless
0689c67,mars_face
50ed966,other
bbe4b84,driverless
8291f47,electoral
83c8872,electoral
e93b8c1,other
0dd2328,other
58c1bd1,facial_emotion
c4a89ac,driverless
e61eb19,electoral
a673a39,electoral
78ac23e,car_usage
55130fa,facial_emotion
860b60b,venus
7c3270a,electoral
5cc9f66,other
c647936,venus
7cf67d3,facial_emotion
b4322b4,venus
6692341,car_usage
f3cbad7,driverless
22bde71,seagoing
bcec1b9,driverless
39115ab,driverless
ca5a97d,driverless
fb7e5d8,car_usage
e66f424,electoral
bb7429d,other
d4e0802,mars_face
b7ed507,seagoing
dbe3115,seagoing
36c3a79,seagoing
3b493e0,car_usage
e5ec49d,seagoing
390f734,venus
2a38aa5,mars_face
9db4251,driverless
8e87556,facial_emotion
1b56257,seagoing
608dab7,venus
25a717b,mars_face
44d8489,other
6e0d125,mars_face
3739677,other
bd4bdbf,other
e1f841c,driverless
6aac645,venus
11a8058,seagoing
b0ea0e8,driverless
072c8a3,driverless
d7d0216,venus
0338170,seagoing
4e9354c,seagoing
55d7f9a,driverless
dcc56a5,facial_emotion
80148ab,mars_face
2b5d872,mars_face
1f4aec1,facial_emotion
e430494,driverless
b8299a4,mars_face
a45ebe3,venus
7243ba1,car_usage
2d9dbe2,venus
2ba276d,facial_emotion
7f5780c,facial_emotion
ec9ef19,car_usage
08fb0fb,seagoing
22299e4,electoral
2129e90,facial_emotion
c9459a1,mars_face
f6e43bc,mars_face
7e9871d,driverless
2db3e5d,other
f48c53a,electoral
e1c6d96,driverless
ac845ca,venus
d38aa66,seagoing
dc927cf,other
790697f,venus
57c88d2,driverless
6a52cf6,seagoing
3af343a,car_usage
9be4687,venus
6508359,mars_face
a2cb039,seagoing
f3fd32c,driverless
1a86ceb,mars_face
2a847b0,facial_emotion
17930b3,venus
534e7dc,driverless
af927c0,driverless
0dd48cd,seagoing
fa492e4,driverless
9b51fc0,venus
3b9e818,other
962163b,driverless
af0e18e,mars_face
11aee92,facial_emotion
c737af8,car_usage
3bbd49a,electoral
fc72567,facial_emotion
3e837e8,facial_emotion
cd9cf36,driverless
9e31ec8,facial_emotion
0e51031,venus
3ca0f42,electoral
2de78c5,other
ebd19e1,electoral
eeffdbf,car_usage
1a87f1c,facial_emotion
7b8e1ca,driverless
e4b5afb,driverless
cc2d280,facial_emotion
8a513f7,driverless
ecc8665,electoral
13caa1f,seagoing
a81b2e1,electoral
69cdfba,mars_face
c711ade,driverless
479c18d,mars_face
6555b9f,mars_face
93ecd40,venus
51e9c41,mars_face
18621a8,driverless
e0fd054,car_usage
1d5cd11,seagoing
56c1dfe,facial_emotion
e4373b5,venus
e06815a,seagoing
7802637,mars_face
479771b,mars_face
af34318,venus
c6db974,mars_face
7fec8f4,driverless
9acd11d,car_usage
089a7f7,mars_face
5c1f480,facial_emotion
3734dc3,driverless
acda8eb,mars_face
4938e41,other
9b852ba,other
6cb0aab,mars_face
96e0a80,seagoing
f8502ab,car_usage
5abf3c2,facial_emotion
99e00e2,venus
95b26a0,electoral
a63a502,seagoing
8fa86e4,driverless
b436485,driverless
73aa6a7,venus
282e565,venus
bfb3334,mars_face
91323e2,electoral
b36d202,driverless
cce0c08,electoral
60d442a,electoral
e6ce72d,driverless
5f920c0,driverless
2444077,car_usage
acb6361,car_usage
80d9532,car_usage
9eb908c,car_usage
a201549,driverless
3fe0efe,car_usage
c89cf64,seagoing
80b1f21,mars_face
2d75dd5,electoral
efd13e6,driverless
7855f61,driverless
ad3c2f1,facial_emotion
30d2268,electoral
4408d03,driverless
3e34984,venus
3581478,car_usage
f0cae6d,driverless
515891f,other
7146020,facial_emotion
74aab02,car_usage
ee992fd,driverless
802db86,car_usage
9fc4dab,mars_face
4afe849,driverless
07c7556,driverless
3abb6ee,car_usage
c35a9db,car_usage
b98dd39,driverless
1b26302,electoral
ad78cf2,driverless
218c97f,other
f60d685,facial_emotion
6980a5a,venus
1999c5d,car_usage
1fe9c77,facial_emotion
9a4d82b,car_usage
b463b68,mars_face
83f3017,venus
1bfefc4,venus
2941225,electoral
4cacca6,facial_emotion
dcc69b7,electoral
aee6430,mars_face
1ccb947,venus
bc034fb,electoral
2c9eca0,venus
3a77919,mars_face
471269c,car_usage
61c8ddd,driverless
3ea008d,facial_emotion
817914a,mars_face
56690c7,venus
2c81e5c,driverless
2590aa5,seagoing
4b920ac,mars_face
7fec7af,mars_face
7c2dd03,other
3605e2a,seagoing
bd72301,mars_face
ad81c8e,venus
15dc957,facial_emotion
192d275,mars_face
21deec8,car_usage
06c7ba1,driverless
3118039,venus
a9e2391,driverless
14a1792,facial_emotion
17e47df,mars_face
fee0693,seagoing
db6a373,mars_face
29743cd,venus
007db64,facial_emotion
f882376,car_usage
ea57a9c,electoral
1be4323,seagoing
f6cffab,car_usage
3818643,driverless
7173c41,mars_face
19e5a11,electoral
3bf4a7e,venus
c117260,venus
4eb8e93,driverless
04e00f8,other
9b02a20,car_usage
3d0abd2,driverless
07e7133,electoral
302c03d,other
02dabc0,mars_face
189e376,other
788982e,other
bf264d4,facial_emotion
da89a81,facial_emotion
a511e5c,seagoing
aedb3b2,electoral
e564726,car_usage
fdfda85,venus
fbd405f,venus
a6eb57e,venus
52dea19,electoral
a0ba91c,driverless
17a53e0,facial_emotion
af570fc,facial_emotion
2027926,electoral
2fd5e11,mars_face
6df56fa,seagoing
f8d4a7b,driverless
9241144,car_usage
cbfd6dd,car_usage
4e2154b,venus
617c836,seagoing
20dda58,electoral
2b6d2b7,facial_emotion
0087059,venus
21100ac,facial_emotion
032db9e,car_usage
7a92d80,electoral
14b486e,venus
e02219b,seagoing
2d95b14,electoral
1ff02e8,venus
a8eb961,driverless
edab83a,facial_emotion
2e4bd8f,driverless
ec5396d,mars_face
21679eb,car_usage
5041370,driverless
399c5b4,electoral
e7f5218,venus
baeebc5,driverless
c5c1b30,facial_emotion
fc2d2e7,mars_face
ec84765,venus
6241fb7,mars_face
8ff1420,venus
60a7049,car_usage
08dac82,driverless
685b699,driverless
f5fde5b,venus
c38c5d4,other
eeb480d,venus
d630b1f,mars_face
5f5e59d,driverless
0aec0b5,venus
bcd7018,car_usage
07cde52,other
d79dfff,venus
a22327b,mars_face
4a2adc3,venus
3868a3c,other
d2fb7aa,car_usage
caba837,electoral
0d67d1f,mars_face
8048856,seagoing
1d62313,venus
a82e4d8,facial_emotion
929161a,seagoing
d92b4de,car_usage
b739003,electoral
05adbff,electoral
b2c3f69,facial_emotion
b38b576,venus
1aa4ccf,driverless
2eecc01,driverless
83ece0c,seagoing
215999a,mars_face
b4e721a,other
ebb75d5,facial_emotion
56d4f26,mars_face
49942e7,venus
35e422a,facial_emotion
9fa7764,electoral
86828ea,facial_emotion
5caa2b6,driverless
25a9af8,other
9901256,venus
7cdc02d,venus
414784d,car_usage
4ee39a8,seagoing
a5b3af7,electoral
e44552c,car_usage
89ccf66,other
2f8022d,other
813c0d2,driverless
0c88bb6,electoral
47ccf06,car_usage
a58a003,mars_face
102d4b2,facial_emotion
e4eec93,electoral
d2b8d68,seagoing
7c66fba,car_usage
0dba702,driverless
e9dc2b4,driverless
fd2de62,venus
aaea0e6,seagoing
a909770,electoral
7bb751c,mars_face
9fac427,facial_emotion
0913268,mars_face
0e88742,electoral
a5301b8,facial_emotion
9e1909b,electoral
127b51e,driverless
2e8fd2b,mars_face
98330f5,venus
323bd4f,electoral
5e6a643,driverless
d6ca3a3,facial_emotion
62441fa,seagoing
8cf9d9a,other
81748a3,electoral
39b8a74,electoral
660de37,car_usage
6f8a68e,electoral
bb05c80,seagoing
e4b94b2,seagoing
a3e01b5,driverless
1cf90a1,facial_emotion
dada74b,facial_emotion
8fe730c,electoral
e0ddf22,venus
866c9af,facial_emotion
7063170,mars_face
c137306,facial_emotion
8bd955a,seagoing
ada370c,other
e12095f,electoral
c5ffba9,venus
158d50f,venus
de106b0,other
1fc5bd7,driverless
790af05,electoral
bbdf689,other
3933960,driverless
2ece958,driverless
0571af0,car_usage
0b4ecc7,driverless
a84d37f,venus
f37b2e6,mars_face
a7199db,driverless
f1bd22f,facial_emotion
cf1e807,electoral
29c2c2d,other
084e848,driverless
8a5813c,mars_face
abcd1c4,driverless
d85ca40,seagoing
0d64085,seagoing
7b4925f,venus
ac8c2d6,facial_emotion
fc95fdd,seagoing
2929f3b,facial_emotion
95100d2,driverless
8e99fb4,venus
702a56c,facial_emotion
0f560cf,venus
4a210f9,seagoing
d9d166b,driverless
de8f65b,driverless
c4f88c8,venus
e28f77c,seagoing
78c4efe,venus
d513e3a,mars_face
d15a4ad,venus
b95f77e,seagoing
21b9c41,venus
fd6d95a,car_usage
75e6161,venus
32e72b8,car_usage
265c64f,venus
b6dec37,driverless
d5ff1e5,venus
23f9c2e,driverless
50c43b3,facial_emotion
f99cbc4,venus
e83c954,car_usage
e74919c,venus
2bb7f66,seagoing
91b555c,facial_emotion
5948fc6,facial_emotion
4536037,car_usage
2784f18,facial_emotion
b1b3814,venus
1ec6478,facial_emotion
f03682c,facial_emotion
5fcfe02,venus
6230b27,driverless
657782c,driverless
5e5dab1,facial_emotion
919db95,electoral
54d26d4,other
b465af2,mars_face
fd1db26,driverless
4bc1b8b,seagoing
85f4d7b,driverless
89cbdf8,mars_face
58212c0,venus
cfcc66d,electoral
eafc6cc,electoral
7c4e27f,car_usage
69769d8,driverless
b2c6f69,other
6c409c4,driverless
85333dd,mars_face
9e1a696,facial_emotion
a36a079,mars_face
8ec9dfa,driverless
03ec474,seagoing
44c8550,facial_emotion
a79a19f,driverless
bcf9b57,car_usage
742bc2d,driverless
62f4634,other
2747e79,other
ae95a0c,driverless
380aeda,venus
4fe9973,car_usage
299d0f0,driverless
895b8a3,electoral
88403b0,venus
0b2a399,other
9c50ac5,seagoing
6285f83,electoral
c1337a6,seagoing
ab12904,facial_emotion
b47249c,venus
601be40,venus
3b20650,mars_face
a10b883,other
f9bfb1e,venus
5b06e68,driverless
656fd47,driverless
40daf82,mars_face
38a36e7,mars_face
a361a02,driverless
e4446a2,driverless
6c4842f,driverless
29388ff,driverless
191f22e,car_usage
3c81830,mars_face
c3ec025,driverless
d7e01ba,seagoing
2fd49c6,other
eafb16c,other
106d4c6,venus
2ee795c,electoral
167f589,venus
bbc22db,electoral
1db605b,mars_face
f5860f8,driverless
dfa0ecd,car_usage
b11b1af,driverless
d0747b6,electoral
0870d64,seagoing
9de090c,driverless
14174ed,facial_emotion
63caf95,facial_emotion
01bb2f3,driverless
7683eee,venus
c6baf8a,venus
2f2ac3d,driverless
4fe07b6,electoral
d2d423b,facial_emotion
2c7d7f3,other
41fa076,other
acaec30,driverless
089b9f0,seagoing
bf967d9,electoral
21662c7,other
80f0b1c,driverless
3324df9,other
0dc6aae,venus
cbfb6ff,venus
4546ec3,other
6282dfe,facial_emotion
1b58c10,driverless
2d8bc0e,driverless
24e61ae,facial_emotion
03705ca,car_usage
45a316a,electoral
795e183,driverless
7b48329,venus
136fadf,venus
ae0c1d5,driverless
a38da1b,driverless
74b7fb1,mars_face
e2915cd,venus
1315576,car_usage
b6a4f1d,facial_emotion
7f6ca15,driverless
5874c46,electoral
495a06b,facial_emotion
a8b26b9,venus
5ff1aa5,facial_emotion
c3da063,venus
1c56823,venus
ddc4ddf,other
4442f3c,facial_emotion
734354a,venus
7c28fb0,mars_face
09c0506,electoral
7663e9d,driverless
daad9d6,facial_emotion
e1b3de4,mars_face
a6db438,electoral
0607ed1,electoral
bffde1f,other
13d0391,facial_emotion
138da74,mars_face
2e676b6,electoral
f61a159,venus
7e01920,seagoing
e03ff2a,car_usage
47da28b,facial_emotion
178f445,driverless
fa3ec06,venus
f0b0ed0,facial_emotion
4ba65c3,facial_emotion
07cd836,car_usage
12ad17a,mars_face
9163d1f,facial_emotion
75bb61f,venus
db325fc,facial_emotion
dd03fb4,facial_emotion
dc1426e,other
e97a9f5,car_usage
1e5bfd5,seagoing
2cfa990,electoral
9e1754d,mars_face
a28c0ab,mars_face
77e5e0d,car_usage
33071db,electoral
de61739,facial_emotion
6584f28,seagoing
d5e9a58,driverless
10aea63,mars_face
c9299e8,mars_face
f7ca7e4,driverless
f6ccd35,mars_face
4151723,mars_face
5bb00d7,venus
3c23544,car_usage
61d399c,other
cd7ffd1,car_usage
333d99e,facial_emotion
cca4654,facial_emotion
c0d358b,mars_face
34f8227,driverless
77de1a5,electoral
f5a3527,venus
91d444b,facial_emotion
5579f11,seagoing
dc0c0e4,venus
9040045,driverless
6b816ad,car_usage
8db93a2,facial_emotion
f96293b,electoral
a99524d,car_usage
f035da5,facial_emotion
eaea4c1,seagoing
6b02148,venus
ece25d4,electoral
4b50f50,facial_emotion
e4185ae,venus
f710362,seagoing
ed29ba5,mars_face
6324de9,driverless
df8ac51,venus
e8deb0e,mars_face
8df4b84,car_usage
4270df5,venus
ed327ab,venus
47f4d37,venus
4d4f171,other
3c29492,facial_emotion
54f8ee6,facial_emotion
7132e94,venus
9a6aefa,venus
49b0696,car_usage
c433787,facial_emotion
5517825,driverless
c83eee5,other
fb8de51,driverless
0edb7ff,electoral
a257c6b,seagoing
290c870,other
ad07e4b,mars_face
dde38cc,car_usage
caf6416,seagoing
f1a13ac,venus
e04cf83,car_usage
5b65fad,driverless
43a5fd6,mars_face
f391354,mars_face
20db8b2,driverless
c331692,driverless
1083f35,venus
489e52a,facial_emotion
c0d1832,car_usage
7b00389,driverless
b1515f1,driverless
1a26c65,mars_face
b81815a,mars_face
8784f93,mars_face
1ba50c1,electoral
d136a52,facial_emotion
ea9b94d,driverless
1ef2f49,mars_face
1af7afc,electoral
8a56381,driverless
d6d654f,car_usage
0e02ecd,car_usage
a9f0b6b,car_usage
8af588a,driverless
2bbf923,driverless
4837056,car_usage
e572cf7,seagoing
898e566,car_usage
1f06856,driverless
5531c2d,seagoing
e7b77a5,seagoing
f2b3076,other
b0c2363,electoral
faf6ad9,facial_emotion
fea6ee2,mars_face
8a50bce,seagoing
e7829cd,car_usage
363d99c,facial_emotion
84d7c0e,driverless
9cd87c2,facial_emotion
7b83f05,other
3def10f,facial_emotion
94950c1,driverless
cf6eebc,car_usage
c11f2f6,driverless
271dcfb,facial_emotion
232fafd,driverless
85cd3d9,mars_face
4a1a43f,facial_emotion
5bdedc7,mars_face
256734b,venus
bb15869,venus
1b68c4b,venus
b2ce49b,car_usage
f810a4f,other
1d3853c,facial_emotion
b606f8d,car_usage
54772a9,mars_face
67f1eb9,facial_emotion
3a41205,seagoing
e5d23e9,mars_face
ddd2a8a,facial_emotion
11fb07e,facial_emotion
243e03f,venus
874375a,electoral
f41e6d1,facial_emotion
bf041d5,electoral
7924343,venus
9fc5125,venus
6372aa0,driverless
9f83cbf,driverless
9457870,mars_face
4f7fcd0,electoral
64084ea,venus
20ec8b0,driverless
0af2d2d,driverless
35edf9f,venus
b5f6a6e,mars_face
76506c9,venus
aa8946d,other
c34b128,facial_emotion
cbd49f8,venus
0aa8caf,driverless
48ba8f5,car_usage
d467bb2,mars_face
d1914a2,electoral
62b0410,facial_emotion
7bb3a15,venus
e3bcbd1,electoral
6c9aebf,mars_face
d46b685,venus
9c43336,other
831d17e,mars_face
0c61969,electoral
8aadd66,seagoing
be4fdc7,car_usage
2cf8c75,seagoing
1af0ccd,mars_face
06cb1df,venus
d356dc9,facial_emotion
4b10de1,electoral
7f540a5,driverless
6f65bbb,car_usage
176fce7,venus
682b513,venus
89e732c,facial_emotion
ef7fe09,mars_face
79504b3,car_usage
81d143e,driverless
8e7cce2,other
3dcd7e8,mars_face
c3208b3,driverless
862b7d7,driverless
fecaec0,venus
f6e0319,mars_face
b83cb77,driverless
3bc1052,electoral
75d4b67,driverless
127e739,mars_face
2389ddc,facial_emotion
17a6ac5,car_usage
29b9ef3,facial_emotion
f705868,mars_face
c6392b4,facial_emotion
ad10d41,car_usage
99dedf4,electoral
a17bd04,venus
706d693,mars_face
d4aaa2a,facial_emotion
34e6274,seagoing
39a0218,facial_emotion
9680a60,driverless
9b6c2ce,venus
d286ab2,electoral
cf0e733,facial_emotion
7736d47,facial_emotion
4104399,driverless
f628167,facial_emotion
07dd0fd,venus
66209d0,facial_emotion
a99ca12,venus
deaf9d5,other
9dcd73c,mars_face
40aedc0,car_usage
66de556,driverless
c8948b3,mars_face
5edf56a,venus
f05fbc1,electoral
8e5c3ce,other
383e230,driverless
f53d743,driverless
3f15b98,venus
50abc78,venus
b1dea4b,electoral
27c0af1,mars_face
845ae54,seagoing
df22b27,driverless
f8fe1ca,facial_emotion
f897850,car_usage
439e4a1,facial_emotion
03ae0c4,electoral
c4adfd0,seagoing
f3c5fdd,electoral
4f584fc,mars_face
f733076,driverless
43d40a3,mars_face
3a481f7,facial_emotion
a82eb41,driverless
504d063,seagoing
45a5be8,seagoing
bc2c839,car_usage
82ffec5,car_usage
db1689b,driverless
07e96aa,mars_face
5730f65,venus
2b057fb,driverless
f7c1419,electoral
e05e602,seagoing
bca97ce,car_usage
56ecb8f,driverless
b051cda,driverless
b5dda6c,facial_emotion
c7e5b0f,driverless
f3b8391,facial_emotion
4b2ae1b,electoral
1bd1109,venus
8a64697,venus
a510e35,venus
6c80131,driverless
8a26294,driverless
d878b34,mars_face
8cd41e6,venus
4a1beff,venus
2736215,car_usage
b27e01b,mars_face
ee1e9a5,car_usage
8de8114,facial_emotion
94d4c0f,electoral
3d68e8b,driverless
5446002,electoral
ce81872,seagoing
ab4898e,other
72d06e4,driverless
85efad1,driverless
ca5625f,facial_emotion
4fdc11e,facial_emotion
88eed90,driverless
6fe4eb5,car_usage
3fd3ab7,driverless
6ead7d4,venus
7b5cdd2,driverless
eaf9b82,driverless
e3fa7fd,electoral
64e3c99,other
77e4a63,seagoing
0f3483e,driverless
a468634,venus
687f32e,driverless
ae3994d,facial_emotion
f33de44,seagoing
9e404d4,facial_emotion
24af377,car_usage
2059452,facial_emotion
358bc70,driverless
2b83b27,driverless
4da0062,facial_emotion
d8a2b0d,mars_face
4653b67,facial_emotion
717fb16,mars_face
273ea57,venus
d65c27e,venus
305a4e4,seagoing
11f89ce,car_usage
3786747,driverless
7d1829d,driverless
289b64b,venus
e939170,facial_emotion
a8c0065,other
9489333,facial_emotion
32f232d,facial_emotion
32f9b1d,car_usage
02da02a,seagoing
ab2b805,venus
5be63fc,electoral
085f158,electoral
62b94ff,car_usage
35666d3,driverless
bc5e602,driverless
c4d222a,seagoing
e57c038,venus
849dd76,venus
50cf7e6,mars_face
75a6339,facial_emotion
ac53aed,driverless
4d6b8ea,driverless
4ceefe6,driverless
a83b54b,seagoing
d88f3fc,electoral
d656985,facial_emotion
d67d2c2,venus
98f995a,car_usage
58ca596,driverless
6cc889f,driverless
7cb7c5e,electoral
01a39ed,driverless
795e021,car_usage
e5d4c5d,facial_emotion
877914b,venus
1a5babf,venus
a82df4d,car_usage
953f9ef,other
4889825,mars_face
6951784,electoral
8500af6,driverless
621d3f0,mars_face
adf8adf,venus
8096d1d,driverless
ad8b905,seagoing
3d0cbc9,venus
ab490fb,facial_emotion
6b97c5f,venus
d552343,facial_emotion
a815b01,facial_emotion
79ecfd6,driverless
2a36c77,seagoing
a6c22d2,electoral
e9f6b71,driverless
2b7513d,driverless
c62bfaa,electoral
3906f96,mars_face
5993357,seagoing
3fe4901,driverless
3832cfe,seagoing
d2d6be7,electoral
930d1c2,venus
f59a340,driverless
1f28e13,other
7b6d1f8,car_usage
4c1ae2c,facial_emotion
e203c24,driverless
be12d44,mars_face
d1b5929,driverless
c8019ba,mars_face
98bf596,mars_face
9a57298,driverless
f30ae24,venus
183678c,seagoing
68a22c3,car_usage
1f78438,driverless
c83f4c0,seagoing
c753797,venus
8a3c5fd,facial_emotion
f808998,venus
5a8d9b6,facial_emotion
288c02f,seagoing
e96d264,other
868ce52,facial_emotion
b4bab3d,electoral
50fa26f,mars_face
a4801ba,electoral
63ca7f6,venus
7a87575,other
9140a3a,venus
fda9df8,facial_emotion
435a100,driverless
1f06ef4,electoral
8193171,facial_emotion
36fd5ae,venus
14a8933,car_usage
688b494,mars_face
6d69401,facial_emotion
60ebb07,facial_emotion
e849943,car_usage
a93459e,driverless
f5a6bfe,mars_face
2ae8014,seagoing
ade71b5,facial_emotion
b7c4c75,electoral
56ae3e1,venus
9d7bddd,mars_face
a068742,seagoing
6e29395,electoral
07c48b4,facial_emotion
436c83d,electoral
3f57bee,facial_emotion
5e9ef47,driverless
f5e157f,driverless
e0c94eb,driverless
ce34d62,electoral
63e0593,electoral
e6631d0,driverless
0f967f0,venus
400b44f,venus
e4ba378,other
f0cf383,venus
04ea96d,electoral
83b20db,driverless
52bab68,driverless
a361772,facial_emotion
4af15c8,venus
df2acd5,seagoing
3c13b79,mars_face
603df6a,other
a06da16,car_usage
b71d27f,seagoing
a7407bc,facial_emotion
c29eca8,seagoing
85f8412,electoral
1e23fee,venus
ad980d6,car_usage
f6aceb4,driverless
10698ad,driverless
867bdc0,electoral
9aaf6d5,venus
ce2ef24,car_usage
a431cea,facial_emotion
b36ff44,facial_emotion
3e9dcd5,venus
ed8e7cc,driverless
56b9a21,driverless
1fa1932,electoral
cbd5c1b,other
a157ef0,driverless
7a20045,driverless
f81b391,venus
66e9092,facial_emotion
bc56baf,electoral
7242039,driverless
57f53f2,venus
a55a0fd,driverless
9c2e29d,venus
35e2bbc,driverless
451c89c,facial_emotion
23e30c0,seagoing
3dd7796,car_usage
9476b21,facial_emotion
7bd14db,electoral
3272cf9,facial_emotion
3f488c7,driverless
494c3eb,mars_face
a8c1526,mars_face
dcda789,facial_emotion
ab47cd1,mars_face
d54478f,mars_face
21f5006,facial_emotion
04f1fc3,other
9d66f87,mars_face
798836c,seagoing
1085eef,driverless
b6994cb,electoral
3256f36,mars_face
e6605dc,seagoing
c9b67ff,facial_emotion
e5a7bcf,driverless
039e817,electoral
268cbfc,facial_emotion
34ee1a0,electoral
7fd2d14,venus
b5f3117,electoral
d4bee32,driverless
97da44f,venus
8a844ca,venus
da3c348,seagoing
b595104,electoral
8c820ae,driverless
492ece5,electoral
b9c57fb,driverless
32090e3,driverless
e5e6810,venus
b670f65,facial_emotion
a657a2a,other
62c1262,car_usage
3905809,driverless
6db09d8,facial_emotion
1abf7b9,driverless
5b3b31a,facial_emotion
5f7439b,facial_emotion
10e0b91,car_usage
929dbaa,seagoing
e7f598c,other
607cd44,venus
7162eb1,venus
dd43506,driverless
52ec23c,driverless
791384e,facial_emotion
cd7941c,facial_emotion
d5a2731,electoral
9382923,car_usage
a25d61b,venus
ebe5148,venus
5d843d0,facial_emotion
c801518,facial_emotion
b106e35,other
1af5f9b,driverless
784933d,car_usage
d8d429b,facial_emotion
5acd760,mars_face
64e9501,driverless
a698bb4,driverless
1f07cb9,car_usage
471ba4e,car_usage
8525a80,electoral
5a9f2f4,venus
dae56ee,car_usage
2f7eae5,electoral
8552d2d,facial_emotion
772bf01,venus
af44b3f,seagoing
32ad275,car_usage
5ed59c1,venus
471f8d3,facial_emotion
2a70d56,driverless
38321da,driverless
1d287cc,other
538f361,venus
00b3311,venus
255a2a4,mars_face
96d1a1b,facial_emotion
1731db0,facial_emotion
134b993,electoral
6fb25b4,venus
2336577,mars_face
13b6591,other
2e10f49,venus
7edcf9f,venus
89a47b1,seagoing
dbc3874,driverless
f273998,venus
1c030ff,driverless
ca5cb31,seagoing
9a18591,seagoing
bc873a6,venus
71c4a6d,car_usage
0d190c0,venus
e146891,driverless
6c353b6,facial_emotion
1ddd510,other
90cc6f8,facial_emotion
e6ec16d,venus
22a5954,facial_emotion
d258cb9,facial_emotion
38ca5e0,facial_emotion
aab740b,electoral
9c1ed5d,venus
e15385d,driverless
433d0c2,mars_face
9acc5ac,facial_emotion
8236b4f,venus
bc412ca,facial_emotion
974d35e,electoral
b5d9d54,venus
da5a58b,venus
db27efe,driverless
2e99f1e,other
0bf03a7,electoral
6bd3ac7,venus
e036358,car_usage
5ba51c8,seagoing
1374736,seagoing
c370ff5,electoral
31f70db,seagoing
2e8c47c,venus
0b059bd,car_usage
6539b8d,venus
aebe3cb,other
6edf6de,venus
19382b5,car_usage
51c9e95,venus
19d2d0a,car_usage
2cf20ff,venus
d41c23e,facial_emotion
1cd0bbb,venus
4f28605,driverless
d3c0cb9,mars_face
0a834e9,facial_emotion
758520e,driverless
b09dfdd,electoral
7edd874,venus
5ffa1fa,electoral
e50e799,venus
8439c0e,facial_emotion
833c539,venus
5225ffc,car_usage
a1f1050,car_usage
a962a05,venus
80ea52e,mars_face
a2c2911,other
fad3429,car_usage
fbc6a12,car_usage
c6b85ec,other
84119fd,electoral
d4ba980,facial_emotion
95b6395,venus
87dfa93,seagoing
441ba57,facial_emotion
9465a3e,seagoing
b4dfa5c,driverless
22e1e7a,driverless
24ff191,driverless
5500c06,venus
0b53b04,driverless
bfc96fc,mars_face
f7dd4d8,electoral
7fac76e,venus
6ebfedc,driverless
4378d9a,other
ebf9d50,mars_face
932f7ad,car_usage
7f42751,car_usage
89a8630,facial_emotion
8af880c,facial_emotion
357ce9b,driverless
b6f6276,facial_emotion
2344268,venus
b18df38,mars_face
8c44632,facial_emotion
b425a2a,venus
e42198c,venus
d9d132a,driverless
995e34c,venus
3fc04bb,other
6f7f125,venus
44cce77,car_usage
91e224d,car_usage
429f1e2,driverless
e8d8944,car_usage
9a5b643,venus
0435f85,venus
0b271eb,facial_emotion
6c94afd,seagoing
7c01ea5,driverless
594ab7d,driverless
c933387,facial_emotion
3cdaa47,facial_emotion
b89cdae,venus
30a39cd,driverless
402c653,car_usage
7d671b9,facial_emotion
0b700a7,facial_emotion
f3e44e7,facial_emotion
0e46514,car_usage
1473f9c,electoral
557aedb,facial_emotion
467a47d,facial_emotion
484f0b3,car_usage
d6d04cd,car_usage
bf5aec4,electoral
943b1a9,venus
9adc8c8,seagoing
71a568d,seagoing
60d63dd,facial_emotion
19ea9ea,venus
b82b067,driverless
62179d1,other
32b617d,facial_emotion
9d45eaf,mars_face
0b15a66,driverless
63504d6,driverless
85d6bbe,driverless
c027ba2,driverless
4dfe465,venus
64e6b50,driverless
ae92436,car_usage
e8919c1,electoral
7bccaa9,facial_emotion
8a9d35f,driverless
0cffbfb,mars_face
52c8f85,venus
f01b436,driverless
8f6da1c,car_usage
0210900,other
65f3733,car_usage
ed8f1b7,electoral
3ddc72e,facial_emotion
a82dbe9,driverless
c039048,facial_emotion
a644369,car_usage
77bc471,facial_emotion
a645234,driverless
b7b815f,electoral
303c11b,venus
38589ae,seagoing
cc818e9,driverless
21f7c6a,electoral
aa7225b,facial_emotion
018fbeb,driverless
97692d2,seagoing
2a41ece,venus
3f761e1,driverless
eb2dd89,seagoing
4b30666,facial_emotion
4caa6f2,driverless
8fe2c25,driverless
bd205b0,venus
6b1490f,facial_emotion
6c7a79d,driverless
bdaa1b9,driverless
7a7e7bb,mars_face
904e0b5,mars_face
4cefbe8,electoral
073d5b0,facial_emotion
34ad424,facial_emotion
963705b,driverless
a287310,electoral
1ca2b1e,driverless
5493121,facial_emotion
62b5df5,mars_face
bf39c86,driverless
0f51dbd,venus
f4e8fd1,driverless
8d87606,driverless
ac16db3,facial_emotion
7b7b6b3,car_usage
196e078,facial_emotion
edb2ade,facial_emotion
9637baf,driverless
490a3ed,seagoing
fd2bd08,mars_face
b75e3d6,facial_emotion
e98fbee,electoral
124fff0,facial_emotion
9691df5,car_usage
49e51c4,seagoing
0f384b3,seagoing
ce835ba,electoral
8c0e66a,car_usage
3e4ba35,seagoing
3698f22,car_usage
a4eba1b,venus
9b2d95f,venus
3f5213f,venus
4db6acb,venus
c3576dc,driverless
471fb53,other
9cf7dd7,venus
6bb7c62,facial_emotion
3c883cd,venus
26434a0,driverless
191623d,electoral
6ebb9fa,driverless
c8a4759,seagoing
7a6d548,electoral
459951c,car_usage
289dbd1,mars_face
510944a,electoral
2689ce0,venus
1a401ae,car_usage
6cec5ed,venus
e6149d1,facial_emotion
236bdd3,mars_face
087f29f,electoral
d40c1ad,other
cbb9876,driverless
9ece952,other
e880962,seagoing
0fc04b5,electoral
9b45163,driverless
c9ef046,electoral
b55f366,facial_emotion
5c0cf35,facial_emotion
faee97d,driverless
cece966,electoral
356a199,driverless
39c8524,driverless
4f9f184,car_usage
28b808f,venus
dd41e75,facial_emotion
4316541,venus
8fb2390,mars_face
7d11ab9,facial_emotion
0af56e8,other
56f5293,venus
d914e6f,venus
3b98314,car_usage
9985008,electoral
876000b,facial_emotion
e0d239c,other
7f41025,facial_emotion
d360054,facial_emotion
cfb8cd5,other
b87929d,electoral
42f073f,driverless
caf5ac3,facial_emotion
2fb426c,venus
514afa4,electoral
3a7ccc8,mars_face
eb387da,mars_face
7df7949,other
06d752e,electoral
5204283,mars_face
32f477a,electoral
b101f70,venus
19676b0,driverless
12ea160,mars_face
7b59f1a,mars_face
7979641,seagoing
3fe12c4,car_usage
66b5046,facial_emotion
6f33e1d,facial_emotion
91f9dd8,venus
d0d5c01,car_usage
59860b0,venus
7f2b3e2,electoral
da1c048,driverless
06cf397,car_usage
f7c7aeb,mars_face
e13d2f6,facial_emotion
442a914,facial_emotion
0539a44,other
2ad0a98,other
92f46f7,facial_emotion
587f42e,facial_emotion
b7b3b53,seagoing
8be9ba7,car_usage
235ca29,venus
de5f4a9,electoral
e596f8b,driverless
3fe76e7,other
52bd729,facial_emotion
0ba0895,facial_emotion
d648e2f,facial_emotion
b6a7244,driverless
8dd7df0,driverless
f7706af,seagoing
e7b19e4,seagoing
87e034c,driverless
bdfe5c7,car_usage
86687d9,venus
d81ea74,electoral
708eea4,other
6a638b1,venus
3122de5,venus
3953491,driverless
866f4b5,car_usage
6745144,facial_emotion
2431df1,venus
5737c3e,electoral
9e291ab,car_usage
b0dc5e4,venus
81a7cb4,venus
b160aea,seagoing
ebcf800,driverless
3b223d8,driverless
8a4e789,driverless
edd6430,seagoing
d2ef605,mars_face
0916c73,venus
991002b,car_usage
d497eb1,driverless
6ed0346,electoral
c302026,seagoing
8035bd1,facial_emotion
581e39d,venus
5b94668,electoral
eef8c2c,driverless
40abe90,facial_emotion
58a74f7,car_usage
4e14b2f,seagoing
2a3f826,mars_face
6185c81,mars_face
73274a3,venus
a5dceeb,facial_emotion
fe05dee,electoral
ddc656c,venus
69e41e7,venus
39cecd2,mars_face
814c2ae,driverless
6f1d082,other
28d3646,car_usage
4a8d31e,driverless
9f55d5a,venus
545ddff,electoral
6755b68,mars_face
89b52db,venus
7929404,car_usage
0544d67,driverless
4309da2,facial_emotion
8cb44f5,seagoing
a73ac54,other
04b6e9b,facial_emotion
82defb4,mars_face
c1c1d81,mars_face
b483c82,driverless
b672d4e,facial_emotion
126046a,mars_face
c6544e8,facial_emotion
955a73f,mars_face
318dac4,seagoing
da4f161,car_usage
db8c22e,mars_face
e5b6aff,driverless
c044d1a,driverless
b90d8f4,facial_emotion
f69ae83,driverless
786771d,electoral
3a2ffd1,driverless
ec9a106,electoral
f22a833,venus
5913470,seagoing
b1eeba2,mars_face
0c72406,mars_face
769f7db,mars_face
7e84242,driverless
a17c573,other
d4efac8,electoral
e18a71c,driverless
1aed39d,venus
85b6c46,seagoing
f2b1720,mars_face
2c3b302,facial_emotion
a88a91c,electoral
179fd6b,electoral
9145057,facial_emotion
9c06337,car_usage
ad9c9d2,venus
1c8ac21,mars_face
70ae3fd,mars_face
e9d4e22,venus
2b85ea9,other
2312fc6,seagoing
06e2db4,facial_emotion
7b8a8d4,seagoing
e40a58f,electoral
990a4a3,driverless
4163451,seagoing
dba8941,seagoing
8d5be25,facial_emotion
04a4399,facial_emotion
4916699,other
e66d620,seagoing
a2e21d8,venus
c0ced28,venus
17fd420,driverless
0084f6c,facial_emotion
0afe6a6,facial_emotion
e2a9ae6,car_usage
2578c02,seagoing
22507ef,mars_face
ca49967,facial_emotion
7d7bf6b,electoral
83ede3e,seagoing
241385f,electoral
9b3744a,venus
63ef83b,electoral
6549f7f,car_usage
8ca924c,facial_emotion
5061c20,venus
ea722cd,electoral
e608ad1,electoral
f352687,electoral
dbd15ac,mars_face
c45f5ce,car_usage
76f504c,venus
7a43765,car_usage
1740c90,seagoing
1a69914,other
ebe791f,electoral
e328a1a,car_usage
31dd5a1,car_usage
8a469e5,car_usage
945f7ba,other
adf1541,facial_emotion
cadee56,mars_face
e5b83a8,driverless
22a129c,facial_emotion
d03f666,driverless
86ad5a8,electoral
e2bcd8c,other
1a19cfb,other
9560f32,driverless
bd5978b,driverless
6962895,other
b3bd895,mars_face
a381f89,mars_face
71aaa97,other
8a7446c,mars_face
08c3b51,venus
ef34e97,car_usage
5e39f74,other
8ef018e,driverless
7ff8122,facial_emotion
c597562,seagoing
2748f2a,mars_face
58d338b,venus
59ba1a1,driverless
f70c0fc,car_usage
41867ee,venus
ae1326b,mars_face
48c8d1f,car_usage
a6b5976,venus
97112c1,electoral
c3015a5,car_usage
702ca03,venus
d6a3753,electoral
8e0862d,electoral
b37e80d,venus
b2e0ad5,facial_emotion
a6fe2a9,facial_emotion
5a0b24e,facial_emotion
040ba87,electoral
9a24bd9,driverless
20f1b82,driverless
acc0f9d,venus
8ab16db,mars_face
31c2e4e,electoral
ad28e86,venus
6b9b583,driverless
3623362,mars_face
0bcac40,venus
da302f5,driverless
32ae080,facial_emotion
94a8456,driverless
433ec6b,seagoing
7fbdc67,facial_emotion
ea5e6cd,facial_emotion
e33c88f,venus
6e990ee,facial_emotion
a0ecb4b,venus
74a6173,seagoing
cc07126,mars_face
1f7ff01,facial_emotion
691f21e,driverless
074fd98,car_usage
e65ae5a,other
db45d38,facial_emotion
eac90b3,seagoing
4c17fcf,venus
466e970,venus
52b89ea,other
f08cc3e,car_usage
3572e50,other
93d5e79,seagoing
6badd4e,mars_face
6410f68,venus
192cc79,car_usage
2240658,electoral
d9b142b,car_usage
0e782a4,driverless
dd10951,facial_emotion
248e116,facial_emotion
25c8837,venus
4a46db3,facial_emotion
bb5d9b1,car_usage
6578feb,facial_emotion
1707c2e,other
06b51cb,mars_face
9bd57f9,electoral
13f1eb5,driverless
8e23aab,electoral
47d7ad3,venus
7d6d30a,driverless
1a0ff6e,mars_face
35b9791,mars_face
8358b15,driverless
9e4fee7,driverless
d31f217,driverless
268d81a,venus
dbad79f,car_usage
fd51489,car_usage
ef93daa,driverless
3dd3f00,car_usage
933c51d,driverless
6c90c1d,other
615011e,driverless
0ac26e9,facial_emotion
7b84689,seagoing
af12c8a,electoral
3decd13,driverless
3df555a,mars_face
035fd2d,mars_face
839485b,mars_face
55e8f8c,driverless
c5d69ce,electoral
19df6c7,venus
99b452f,driverless
97b86bc,venus
1926426,driverless
6a506f2,electoral
1c3ad49,driverless
2c4ce2c,electoral
4bb1fa5,mars_face
08def35,venus
f7c8057,car_usage
fe6ef52,other
99be5d5,car_usage
823960d,mars_face
3f46dfc,seagoing
668213d,mars_face
564fda9,venus
c801796,other
31e5878,electoral
ef70f74,other
06c3953,mars_face
6d24baf,other
e284ce9,car_usage
d70fe0c,driverless
a6ad743,venus
1a252f8,other
0de82fe,seagoing
85f5495,electoral
58ef980,other
75c1146,electoral
9ac0f34,other
fe0abe4,driverless
fb768c2,seagoing
7b43ed3,seagoing
f26eb1e,driverless
21d3475,venus
38b22fd,mars_face
374f667,seagoing
8c803bb,venus
554ae4e,seagoing
a572f95,car_usage
c4877f9,car_usage
1868e57,driverless
bbd6e51,electoral
c8a1bfd,other
1013fcd,facial_emotion
823a2a2,driverless
639781e,driverless
b85b50c,facial_emotion
c8b7e84,mars_face
0ef994a,seagoing
cd32f6d,mars_face
1ef395a,facial_emotion
33b606a,venus
ef602ce,mars_face
ab3211b,mars_face
c411407,electoral
4fec4c2,seagoing
7f66ed8,electoral
bce4b7f,seagoing
129237b,venus
6a56c51,driverless
837ac19,facial_emotion
8d9682b,seagoing
4784274,car_usage
5ce6e6e,car_usage
7d10a79,venus
5652951,mars_face
c998974,venus
d463cd2,facial_emotion
2ad190b,driverless
b5bd8b8,venus
adae5e9,venus
0cf0f8e,facial_emotion
0630503,facial_emotion
725701a,venus
6959d73,mars_face
9371007,seagoing
a2ffd16,mars_face
08e2ae1,seagoing
ca552f6,electoral
e55d0a9,facial_emotion
8100b68,facial_emotion
5f06a48,driverless
87719e2,car_usage
e1fcb27,electoral
c72c7ff,facial_emotion
3d2985e,mars_face
44bca10,mars_face
e32b3f7,driverless
7200dfd,mars_face
ee8161c,mars_face
fc59dc3,driverless
3fdaaec,car_usage
0047cb3,car_usage
077eeea,venus
14c37b2,other
0224c63,seagoing
49f49a3,other
908493d,facial_emotion
83eb2af,seagoing
7108253,facial_emotion
4393d81,venus
0b72cc9,venus
8b4327d,electoral
ff988c9,car_usage
1e98d70,facial_emotion
07a7832,other
e9bdad6,seagoing
29e4c71,seagoing
b649349,mars_face
33b6860,other
b73b97e,car_usage
fa56b19,facial_emotion
99f273c,other
6c84f16,electoral
b160f34,venus
fd53f42,driverless
e2714d3,electoral
cdef38a,driverless
5c0dcf4,facial_emotion
ea18a54,mars_face
566528a,car_usage
bd80d69,venus
e2f6e1d,seagoing
39ca929,venus
6d8b37d,facial_emotion
4314782,mars_face
69e8f9e,electoral
5f95578,facial_emotion
bc40edd,driverless
06041d8,venus
3fa6785,driverless
b51348e,electoral
b03d8d2,driverless
0dec069,facial_emotion
6dd916e,facial_emotion
30ee72d,seagoing
fe10f02,other
ac8e39c,driverless
d55925e,venus
86a9f0d,other
a2919c3,venus
768f1ef,car_usage
eb8f967,mars_face
d1bb139,driverless
fe936f8,facial_emotion
e221e9b,electoral
c8ced2c,seagoing
c31b9fc,facial_emotion
0add2dc,venus
e7309a3,venus
859107e,driverless
52b037c,facial_emotion
4f0e1e0,venus
49c3efc,driverless
f527b86,mars_face
0999761,driverless
232ae04,car_usage
2bfdedf,mars_face
9ffbcd2,mars_face
c09f013,venus
c255b1f,facial_emotion
3af6a4a,venus
da508af,driverless
729d99e,venus
5bdbe50,venus
b09306b,facial_emotion
8d985e2,electoral
1c935d2,venus
c163697,seagoing
6dc1f12,facial_emotion
3889cc7,mars_face
d8b2798,driverless
88784a0,driverless
2169b0a,car_usage
6136e73,venus
714a2c3,electoral
ebc0784,mars_face
49597fd,driverless
a3de134,electoral
5ab9aee,other
3984590,venus
98702c4,seagoing
1dee883,venus
99491b5,facial_emotion
0c8039c,seagoing
c77265c,car_usage
b64812e,venus
99a411a,electoral
09330dc,car_usage
d71408c,mars_face
e379e7a,facial_emotion
cfec3bc,driverless
704db62,driverless
4a04ad6,electoral
d9a2d87,electoral
b98a8e7,venus
0540b80,driverless
28645f2,car_usage
d1e43ab,driverless
3eaecf8,other
c2216d9,other
d0178e8,facial_emotion
8fc6d64,seagoing
6f15dae,mars_face
9e8effb,electoral
1c2e15b,facial_emotion
6561024,facial_emotion
664f9f3,mars_face
b9c3e06,driverless
d855308,venus
f4f1df7,driverless
e2aa3a0,driverless
874ca36,venus
d641974,electoral
d0cb8fd,electoral
163ac0f,electoral
c6ec467,mars_face
62edb06,facial_emotion
37ffbbd,car_usage
ca986e1,venus
fb71126,venus
d45a14a,seagoing
9e8ccf4,driverless
123dd58,car_usage
2850024,car_usage
1179156,electoral
342ac7e,venus
d8cf53c,driverless
73a8c12,car_usage
4f1ec05,venus
ed284d6,mars_face
88ff1f2,venus
cba7a80,venus
acc9711,car_usage
a72cfc0,seagoing
374b731,driverless
d03e92e,mars_face
8bfb48a,facial_emotion
a608acf,mars_face
aa59c89,car_usage
d5e0122,electoral
60782e9,driverless
5fe2abc,venus
4a0930a,electoral
cbdf284,mars_face
5f640dd,driverless
373dc3f,facial_emotion
ead8b47,venus
a4adf34,venus
5a22a42,facial_emotion
c9da758,electoral
4714ef3,seagoing
eb63b28,electoral
1ad3bee,driverless
f11dbe5,seagoing
9e6c4ed,venus
152c2e4,facial_emotion
0dabca9,venus
59b254f,facial_emotion
9e26c1d,other
fabcca0,electoral
8dfaea5,seagoing
df7b1fe,facial_emotion
6d5d422,mars_face
5661a04,seagoing
a11ce4d,venus
615bf7d,driverless
daea975,facial_emotion
8049c2f,seagoing
d0eb5ad,car_usage
8cad5af,car_usage
de54c1e,seagoing
2b59589,other
d9eba6d,car_usage
04df837,venus
d331726,seagoing
ad3e1c9,venus
bf85b45,facial_emotion
cc737b5,facial_emotion
81f64b1,driverless
ff96497,car_usage
7885a7d,driverless
1dbaa5f,electoral
f447b67,venus
7c45326,car_usage
14b1d67,mars_face
36823af,other
aadeafa,electoral
28c14d7,driverless
77b81d0,other
33f66fc,electoral
fd7dbfb,seagoing
384b5dd,venus
547205a,venus
ada7e66,electoral
c5d4de9,facial_emotion
ef7a3b2,other
5bcf37f,electoral
d072354,venus
b815ec0,seagoing
53fb427,driverless
2f31205,car_usage
6022057,mars_face
fb67f03,other
531f610,driverless
5e6b559,venus
381900c,driverless
e85e20c,venus
65f5a36,mars_face
eb3d3d6,seagoing
de65f82,other
06ed983,facial_emotion
136edb6,car_usage
4b34887,facial_emotion
5f6ec57,car_usage
823226d,electoral
5e87948,car_usage
9380797,venus
3c12509,driverless
13154fa,electoral
fb27aa3,driverless
0eaa4e4,electoral
1cfab57,electoral
0d96a6c,car_usage
4c2ae3a,venus
a6de1db,venus
a48576c,mars_face
f86b855,facial_emotion
da436e3,mars_face
e81bc41,car_usage
3f852f7,venus
218778e,mars_face
caf4c50,driverless
f8cdfe5,mars_face
10461dd,venus
045fabf,facial_emotion
1cf3716,facial_emotion
0644f5b,car_usage
2c0e0dc,car_usage
b754ee5,car_usage
c760686,facial_emotion
664fb12,other
e7b013f,electoral
c282fd3,car_usage
da750c7,driverless
9953a42,driverless
ac199a9,facial_emotion
4eea7c5,facial_emotion
ebf5671,venus
bf89237,seagoing
dd4cacc,mars_face
997a282,driverless
b1d4951,mars_face
54e97f5,venus
8f490b8,facial_emotion
bf55e77,driverless
3dc3432,venus
3a53b74,driverless
9129562,facial_emotion
81fbfc0,other
036f820,car_usage
b4b47b2,venus
8e47f79,venus
f4f2c49,electoral
4246dc0,driverless
b9d6f74,other
01267d1,mars_face
552af61,venus
41ebc9a,venus
01d0836,venus
8fbf117,venus
30e7e7a,venus
2899c5a,venus
9d04ae1,mars_face
36b2a34,driverless
14f90b2,car_usage
d2aaa14,venus
5de1aa5,venus
47a87ad,venus
3c7f3f6,facial_emotion
6969618,seagoing
a2cc5e2,other
204b964,car_usage
48d0510,other
e960524,facial_emotion
51771c8,car_usage
3c4777e,venus
720e373,mars_face
c68a503,electoral
81d8662,venus
46d27e2,venus
002ba53,electoral
a0bd23c,venus
94d40ea,facial_emotion
71bc28b,venus
40a2276,electoral
5a89201,mars_face
346a63c,driverless
dc07e0c,electoral
6ea3842,mars_face
7953bda,facial_emotion
ee7ed2f,electoral
e80ce3f,mars_face
0c9c20d,driverless
4799bc4,electoral
3865c55,seagoing
17c3a14,seagoing
7eff42e,driverless
495585f,facial_emotion
b9cb7ac,driverless
a673f73,other
f07d210,car_usage
126187d,facial_emotion
12cfb98,venus
a60ed5f,venus
292ff9c,car_usage
b73d319,facial_emotion
68b6530,other
e3820ea,car_usage
aa96539,car_usage
a5274af,facial_emotion
fae8a55,driverless
d1057e0,electoral
ae27b85,venus
dce42d4,car_usage
5fb1682,driverless
4eddf0f,seagoing
cca24a0,car_usage
5b3f4c8,seagoing
34e37d0,driverless
dff1a03,driverless
9fa501b,venus
577e7c0,other
1a28f21,driverless
7cc95dc,venus
0fc7b60,facial_emotion
2080bea,seagoing
b629788,electoral
cf8bb28,venus
141315e,facial_emotion
b386564,electoral
2fd642e,electoral
d60df74,mars_face
2e1a485,venus
857f300,driverless
7ea5cd7,driverless
7906564,car_usage
47625b4,driverless
7f0e5fd,other
fb53a4e,venus
e7596d4,electoral
0ec99dd,facial_emotion
7597add,facial_emotion
18e24eb,facial_emotion
07d6f42,facial_emotion
5ccd665,mars_face
0775ccb,seagoing
48d2e18,mars_face
ef4858f,venus
ae317f3,mars_face
140eb3b,electoral
2dfce3b,facial_emotion
6f470e8,mars_face
627ab92,facial_emotion
240c2b5,driverless
ebbc97b,electoral
8e0ce6d,driverless
928d593,other
131b17a,electoral
97d7afa,car_usage
645bd80,facial_emotion
9a9f450,venus
fb7c1ee,other
42d5993,electoral
7a50491,venus
f166cf1,driverless
59fb41f,electoral
7b6d0b1,electoral
d4df1ab,facial_emotion
d7367ba,car_usage
59f4b9a,other
bedb191,car_usage
d5f2964,mars_face
4148241,venus
50677b9,seagoing
9f5f865,driverless
08207e4,driverless
977383b,mars_face
b43185d,venus
b43f1b8,facial_emotion
42933d4,driverless
e9c5831,facial_emotion
2e1c6a8,driverless
2a912c5,driverless
b16e55a,driverless
b33822c,seagoing
944301c,other
862c467,facial_emotion
6cf5ae1,driverless
88c9fcb,driverless
a915d97,mars_face
1fa24bd,venus
b06ed7d,mars_face
bcff958,venus
b74c950,car_usage
79d5f4a,facial_emotion
c0f5c76,driverless
3c6d6fb,seagoing
d93bf92,driverless
2fcb0d2,venus
d9319e2,electoral
163e68c,seagoing
c4c74ea,driverless
726d43a,facial_emotion
fede8f3,mars_face
3077554,other
587cddc,electoral
2047852,driverless
be2d121,driverless
092a3b6,facial_emotion
acc3c33,driverless
9a6133a,car_usage
b9d83b6,driverless
bed37c5,driverless
2895919,electoral
91b046e,facial_emotion
8e7c556,electoral
9f804bd,venus
6f371e5,venus
1039122,venus
7490c48,seagoing
18bc87c,venus
273fb7d,venus
54e201a,venus
174eb65,venus
996c81d,facial_emotion
e759873,mars_face
8e54f8c,driverless
356939e,venus
82f3bb7,venus
ac4f2e1,facial_emotion
2a188a7,venus
b8f26c1,car_usage
0beb053,driverless
e79ee7d,driverless
ba36ab2,driverless
0785120,driverless
2dacefb,car_usage
603dc9d,driverless
b52e1cd,venus
2b260d4,mars_face
773c30a,venus
3302250,venus
b50adb7,venus
ff63da1,venus
30f8ef9,car_usage
157c8cb,mars_face
5d7b1e1,electoral
59ebcf6,driverless
135d4e6,car_usage
c1d1fa7,electoral
fcf80b2,facial_emotion
e31884d,venus
305dfe1,advice
c032847,other
15da71c,driverless
f3b965c,venus
97d0bfd,electoral
5e52c35,venus
8b8137e,car_usage
121762e,mars_face
d38cbdf,venus
4f07c28,electoral
fefab6e,driverless
48781d3,venus
aa52b3b,other
4e61f2a,seagoing
82a43db,facial_emotion
e4808ce,mars_face
614d93c,mars_face
014eba6,mars_face
1c18756,seagoing
bb1ec86,seagoing
8daba5f,car_usage
f0eb9be,venus
d7b2856,other
1f58110,other
2aa79b2,driverless
8ba2d9d,car_usage
2e312fd,seagoing
c1f420e,seagoing
7d79b75,facial_emotion
190c3fe,electoral
d5888bd,car_usage
936edef,other
030cf8b,car_usage
5f4a09b,driverless
ec9d365,facial_emotion
37b12d1,facial_emotion
3a7aa19,car_usage
9f7fd3d,driverless
37ae74c,facial_emotion
399db9f,facial_emotion
3327a87,other
44567d5,facial_emotion
21ea962,seagoing
c3b8c6c,facial_emotion
326414d,venus
bf2e7ce,electoral
abaa5bb,car_usage
43f5d42,car_usage
fb0e011,venus
26e091d,venus
f29d052,mars_face
5aed1c1,seagoing
c25ce3f,facial_emotion
1b4d2d6,venus
3523623,facial_emotion
7da697d,seagoing
8b9296d,mars_face
e71e75f,mars_face
52fff42,electoral
36bc161,car_usage
aa3caf0,other
028d00e,other
964c2c6,car_usage
4f1d495,venus
d4ebb9f,venus
a20e756,seagoing
aaa4906,car_usage
cd99d58,other
54a0093,driverless
3fdf204,mars_face
fc156e4,car_usage
a44fbb2,seagoing
32f2382,other
688ce5d,mars_face
7534bbd,facial_emotion
18bfb7e,other
822fb2e,venus
aa4589f,mars_face
79d3919,facial_emotion
4ffc993,car_usage
843c2aa,car_usage
41b88e2,electoral
966ecb4,driverless
58e1214,driverless
8945fee,car_usage
31d3659,driverless
c559e18,facial_emotion
78ac219,car_usage
c909c7d,electoral
cc1f63b,driverless
da50585,venus
7ff7dd9,venus
8b19ef6,other
bddb02d,facial_emotion
0b8fea3,driverless
e59d33b,driverless
208eb37,car_usage
118d5fb,seagoing
bff17b5,facial_emotion
71b9fec,facial_emotion
b1131cd,driverless
da71454,car_usage
ade79ec,driverless
ab12472,car_usage
2c9e52a,mars_face
c83d850,mars_face
1d5fd7e,car_usage
c03a24b,venus
328a78f,electoral
e29e6af,car_usage
e1df4f0,other
9650eb6,venus
48f6ee6,electoral
5006634,other
01c3e09,venus
a76077f,car_usage
99073b3,venus
a61ff31,facial_emotion
a75401c,driverless
be96267,seagoing
43e4564,electoral
abdde55,venus
7491084,facial_emotion
7e56af4,mars_face
f75538f,facial_emotion
190ca77,mars_face
92436c5,car_usage
9c6f763,venus
2085ad3,electoral
954f9af,venus
589c1d1,driverless
df2b290,seagoing
47dc813,mars_face
ba45666,venus
170613b,electoral
4fa9d9c,driverless
dd89be1,seagoing
b0d37fa,seagoing
3e285b1,electoral
ba0c44f,facial_emotion
57b9fad,venus
47ba414,venus
3c3267f,electoral
8ee682c,facial_emotion
c701de7,venus
c0058ca,electoral
654b522,venus
b0bb62b,electoral
1e88fb2,driverless
4d0b93b,electoral
fefbda2,venus
6ddc70c,facial_emotion
57ebb53,electoral
680c26b,driverless
818fef2,mars_face
0a7ef89,seagoing
5ee3045,other
6cbfa0b,other
15dd182,venus
8ee388b,venus
10f7298,mars_face
4247306,seagoing
0c488ee,seagoing
1b01352,driverless
0376bcb,mars_face
2750fc1,venus
6ed9bb3,electoral
3698a15,seagoing
ad2e904,electoral
01d6e7e,mars_face
ccafc96,car_usage
d7fcf4b,venus
2312dc6,other
0fb1945,venus
82d48f6,driverless
50deda0,facial_emotion
513352f,electoral
0a31cd0,seagoing
9d48040,venus
7d52275,mars_face
a2274de,electoral
94c1d7b,car_usage
e9529d2,mars_face
4094224,driverless
9c6dd12,driverless
f58b8fd,car_usage
a5d516b,facial_emotion
e88bae9,other
5e50b4e,car_usage
57dfbe2,facial_emotion
281c018,seagoing
c5fc2d8,seagoing
b77b3a1,venus
78ab3a1,venus
0b8ed23,car_usage
fd1716f,facial_emotion
56c28f4,electoral
3c7212e,driverless
a884517,mars_face
dc53609,venus
1f7704a,venus
5f922b4,seagoing
5984580,driverless
e65aa9e,facial_emotion
b6c3642,mars_face
2dbac81,mars_face
c3f8d1e,electoral
ba2d4ec,car_usage
bbf1f1d,electoral
3bd10c2,mars_face
eb7bd34,electoral
98837a5,venus
c0debaf,other
4972301,facial_emotion
66e9710,car_usage
feebd5a,car_usage
2565957,driverless
936d03a,car_usage
d09759b,electoral
e8754f8,mars_face
b14c3ac,venus
7d57aaf,mars_face
5fedaa4,mars_face
7dee746,venus
d24c185,driverless
80a82c7,driverless
ffc9095,venus
4afda89,driverless
b55418f,facial_emotion
80c0894,seagoing
3dfc80d,venus
75798aa,venus
5ec4bb9,venus
57b1a71,electoral
16d8683,other
f60205d,facial_emotion
82c09a2,seagoing
93f529f,other
09a62eb,driverless
9763ea8,venus
b3f2446,car_usage
0a7fbd0,electoral
4718f97,electoral
9077883,seagoing
bd2967a,electoral
6e6eead,electoral
0cc9cb5,electoral
46d9c7d,driverless
2eddc0b,seagoing
c161eb7,facial_emotion
81563a6,mars_face
e11d005,venus
452c84b,facial_emotion
cb9a225,driverless
e03613b,electoral
751c429,car_usage
f2cc14d,driverless
a468a26,venus
8b68d5d,driverless
c8c7f71,facial_emotion
f468ccf,driverless
61c3e9a,other
144074a,car_usage
c905591,driverless
f8615f8,mars_face
f87f7f7,facial_emotion
d7b02d4,venus
acecdfa,driverless
e233bf6,venus
3f730ba,facial_emotion
9136091,driverless
2289b45,seagoing
227d74d,seagoing
d2a690d,seagoing
2977ec6,electoral
301ae02,venus
a681064,car_usage
a94515c,driverless
54244e4,driverless
5a0f5fb,venus
9209bae,car_usage
d9cb9cc,facial_emotion
db372d7,driverless
9563943,other
526454d,driverless
fad438e,car_usage
1d587b8,venus
40a9cd9,mars_face
2235d96,mars_face
51a3194,other
ce4e3d3,car_usage
926786c,venus
438648b,mars_face
5cd143c,venus
9dd3136,facial_emotion
466a255,venus
142fbeb,facial_emotion
fe36a9d,electoral
7c2e2d2,electoral
c1e1f15,electoral
0bc0443,car_usage
0635458,other
d349bb7,mars_face
645077f,car_usage
4e9d2aa,venus
34efe4d,facial_emotion
6368413,electoral
a1cde0f,seagoing
246c469,mars_face
93139ad,electoral
300286f,electoral
ac2295e,driverless
9bac66a,venus
b82bf26,driverless
73193ea,driverless
23ff7e3,venus
c69ec85,electoral
46939cc,mars_face
a830f55,electoral
7634cdc,other
242eb2a,venus
8ef955b,other
4a2249a,facial_emotion
2e3ae1a,venus
a5afdd7,electoral
296daf4,venus
be705c4,car_usage
d596c5a,mars_face
eec4b50,other
d9e7c10,facial_emotion
e6d2d03,venus
0a67e11,electoral
f43f4f1,venus
99603ab,driverless
670daa2,seagoing
e268cd1,other
0e8c167,electoral
9a8210e,driverless
dedd8ba,venus
989e354,facial_emotion
823c49c,driverless
0c76a09,venus
c93560a,car_usage
fb003ce,venus
f3d1d93,car_usage
875543a,driverless
39d6bfb,venus
7b7b596,driverless
1b0037e,venus
4455bef,mars_face
25e2100,electoral
8cc630f,venus
23acd87,electoral
a658683,venus
c337f6a,electoral
766bc64,electoral
dbbc5e5,driverless
4f78439,venus
177409b,other
67cf4cf,other
c3afb02,facial_emotion
bb87e68,seagoing
904367b,driverless
1e8cded,mars_face
ca093d9,electoral
ebbe275,car_usage
8084fa4,facial_emotion
b8e1a6c,electoral
38ea253,facial_emotion
f73a4ae,car_usage
fc5aa1b,mars_face
f9a3b13,seagoing
9e46632,facial_emotion
fc4bf51,facial_emotion
40ad316,venus
a723b09,electoral
eea10e5,car_usage
c09c0d0,driverless
a4a22a1,electoral
4bd15b7,seagoing
528fde0,car_usage
10228eb,facial_emotion
1a28c7f,electoral
a540d37,driverless
cb7f6a0,driverless
f17fb05,mars_face
6571282,driverless
f524cf4,car_usage
73b0af7,venus
0269b85,other
50b3ff8,electoral
cf6d57c,mars_face
79b53f9,venus
545d121,driverless
0b62ebe,driverless
8bf13d5,facial_emotion
c18c680,electoral
ffb4baa,venus
17e6981,seagoing
95ff8f8,facial_emotion
bd7fb96,seagoing
c8d4629,venus
02f6c8a,mars_face
5dfa3a4,mars_face
76c50bd,facial_emotion
2024044,venus
10bc1b7,venus
b3ef813,facial_emotion
c312a83,driverless
30acda7,other
b511f30,other
509d767,driverless
c18f44f,seagoing
82b38aa,venus
abeef31,mars_face
f16643f,seagoing
29f0b19,venus
19dee01,mars_face
34807cc,car_usage
64947c0,venus
4f5a72e,other
60cd095,other
e22dbf3,driverless
4fa782f,mars_face
e065df0,mars_face
b2cd6f4,venus
951eb47,facial_emotion
7582764,mars_face
0abf87b,driverless
4b98b72,driverless
26e8509,facial_emotion
3167320,seagoing
c6bd099,venus
2b9dc98,car_usage
8eec829,facial_emotion
78c57a0,venus
d9040ef,mars_face
f61db0d,facial_emotion
c5b7d0c,driverless
2688e0d,electoral
d6fd8ff,car_usage
26a2e7d,driverless
5be5515,other
952a7af,electoral
340938d,facial_emotion
b2d9c8e,facial_emotion
9f7787b,mars_face
3c2c934,facial_emotion
a0a15e3,facial_emotion
a125890,electoral
ace2bd7,venus
a6b4308,facial_emotion
545470a,venus
8f1c6b3,venus
c0524f6,venus
55e920d,car_usage
1f1e073,driverless
34e8646,seagoing
9bd28f8,electoral
888d8f7,venus
5d0887b,venus
141df49,facial_emotion
7826c05,other
d9c0590,mars_face
812f71f,seagoing
a35f336,venus
1755744,facial_emotion
406731a,electoral
758fd71,facial_emotion
fbc2ba4,car_usage
9c08744,car_usage
b992d5c,mars_face
defe6bd,mars_face
1445aea,seagoing
d598a49,mars_face
b902f23,other
77b2dc7,seagoing
ca6daed,electoral
cbedebe,facial_emotion
7bea671,electoral
ed4e14e,facial_emotion
2aa5a24,venus
e6e7528,mars_face
100decf,venus
bae29d5,venus
1cbab90,venus
12a7aff,other
a55c186,seagoing
e5c6f04,other
bd4db26,electoral
5c657d7,driverless
a58fd7c,mars_face
c3380a3,venus
f609fe8,driverless
e6ec61e,driverless
9594ee4,seagoing
be7a989,venus
e0ee50c,facial_emotion
dbcb8e2,mars_face
869ffcc,electoral
5a41f05,facial_emotion
c5f1310,electoral
7ac3dde,driverless
e5752c8,car_usage
8c00849,other
c53c3de,venus
cafe815,facial_emotion
df3edd3,facial_emotion
e94eabb,venus
c192588,seagoing
c2f9e43,other
d9cc4d7,facial_emotion
83aa124,venus
a4c05da,driverless
3e3f686,venus
562a16f,seagoing
edd1435,facial_emotion
545be4c,seagoing
d047d46,facial_emotion
2ec03c1,venus
d5f4814,facial_emotion
9f8a611,facial_emotion
5373630,venus
508ef80,facial_emotion
de232b2,venus
fb35b95,car_usage
9847730,electoral
f13f21c,other
888b77e,driverless
95030a6,other
fee447d,seagoing
8628ef4,driverless
bfff92e,driverless
7bcbcd8,mars_face
621f6fc,venus
2b34eff,venus
bd0efb4,driverless
92728de,facial_emotion
161da84,other
01247bc,seagoing
e39f9e8,other
36d2cfc,other
f55537c,car_usage
cd0a006,mars_face
51224cb,facial_emotion
c0e3cd8,facial_emotion
4bae377,electoral
15fc2ac,mars_face
7440bf9,electoral
8bb3873,electoral
0227e67,car_usage
14a0088,seagoing
e35f6ff,venus
8c1c38a,venus
847199c,mars_face
a8d1c30,electoral
8f33bf3,venus
eb4ead3,car_usage
627ee5d,other
c64bdd6,electoral
9a83f8f,car_usage
0f4a9a2,driverless
998557d,electoral
1210874,mars_face
a69f5d6,facial_emotion
6ef257d,facial_emotion
7d4d397,other
3751711,driverless
0931a6e,seagoing
9bcd8ba,electoral
53b4b52,venus
e97e384,driverless
a4b3e4e,venus
b969335,mars_face
8dd4edf,mars_face
17476df,driverless
3b5ac80,venus
6009def,driverless
bc78068,car_usage
e881a82,venus
ecedd1e,car_usage
56482fc,car_usage
a5e97e6,electoral
c766a61,other
d448370,venus
0926d5e,electoral
ffd378d,venus
85473b6,mars_face
ceb15d0,venus
abf0922,electoral
837a95a,electoral
22d825e,driverless
69ddf90,driverless
c51810c,facial_emotion
e1864a3,electoral
81f1656,other
a655a6f,driverless
f3fbc5b,electoral
b612d98,driverless
1084b79,mars_face
344665a,seagoing
5760f67,car_usage
07b6ce2,other
afb061d,electoral
16729f5,electoral
6942868,mars_face
5920041,facial_emotion
0640183,facial_emotion
b81213d,venus
b0066a7,other
8235368,facial_emotion
2d39640,venus
e89c701,electoral
bc8e32e,venus
6226875,venus
2774edc,mars_face
5719951,car_usage
e3d327c,facial_emotion
0764c35,venus
425a4b9,venus
1eacbaf,venus
a789744,venus
d6f2c78,electoral
d6b6b70,mars_face
46453d7,facial_emotion
09da56a,car_usage
5736882,facial_emotion
acbaf3c,driverless
96b0039,facial_emotion
ffb595e,car_usage
fb9e259,other
c4014f8,mars_face
607c2ee,car_usage
95f5a82,driverless
c496be4,mars_face
8ba94ea,venus
1da634a,driverless
931145e,driverless
e6dcd5f,venus
38eba82,driverless
3b82d2b,driverless
3a0fd12,driverless
fe2d3c8,facial_emotion
8eee8c8,mars_face
918e455,seagoing
fba4121,facial_emotion
6044442,driverless
8b82486,facial_emotion
ab84f00,electoral
f5f94ad,venus
7690141,driverless
1181dec,electoral
72c35ac,venus
58ba0d2,driverless
a106244,seagoing
bda11b5,mars_face
caa8993,mars_face
33e61e9,seagoing
400105a,venus
15c7911,driverless
4b2c8fb,car_usage
df380ff,facial_emotion
16f7c42,car_usage
7d5fca7,venus
91d5205,car_usage
c41860a,venus
2e1bf25,electoral
3fc2fb9,venus
485dbac,car_usage
591a352,electoral
7ccaeed,venus
d129f6b,driverless
3def02e,driverless
ec6c140,venus
1580723,other
870d543,facial_emotion
1744fe2,other
edd052e,driverless
580b491,mars_face
5efcc16,venus
6600e74,car_usage
f507d40,electoral
46dc7f2,seagoing
a72499e,other
797044e,mars_face
7f33796,electoral
2833102,car_usage
a42c72f,car_usage
bd56425,mars_face
8e57d69,seagoing
6aeda00,driverless
4fa4ee8,driverless
a10dbe9,mars_face
65b96c3,venus
2bb20b8,seagoing
06c92ec,mars_face
d272aa9,facial_emotion
245484c,facial_emotion
c71d08f,driverless
1bd9027,driverless
dd96c5f,driverless
2de0ff3,driverless
ef4ea80,driverless
a50ad20,electoral
588a24b,other
843f86a,car_usage
4a4b42e,driverless
f273644,venus
b1c7a02,venus
db9c634,electoral
39c239f,facial_emotion
b40473e,electoral
4d7d425,venus
67547f2,facial_emotion
7414f02,car_usage
b136a25,venus
0608fab,car_usage
dd0c245,car_usage
d442169,other
31101d2,electoral
7ecef29,facial_emotion
3cd6a2d,venus
4def97d,mars_face
078c66d,driverless
cfa2cd5,facial_emotion
0b4df74,driverless
fe1279d,mars_face
175775c,venus
f847d94,mars_face
b4885af,driverless
28d24e7,facial_emotion
270fe6b,other
c74a14f,mars_face
15f2066,other
b3857bb,driverless
48de104,facial_emotion
03c75d3,facial_emotion
dc9c919,mars_face
788f31f,mars_face
794bb5f,car_usage
7cd59eb,venus
10b6508,driverless
7972b02,venus
8a76b69,venus
ca341c5,facial_emotion
5104a0f,driverless
353f9af,car_usage
2eb5af4,seagoing
9e9556c,car_usage
d7cf2df,venus
8f7be0a,facial_emotion
3ec9ea2,driverless
55b53b3,other
62b96b6,facial_emotion
fcf223a,electoral
667ab9c,driverless
cfff1cf,venus
54c06cf,car_usage
65af31e,venus
330d7fe,facial_emotion
139ec0a,seagoing
a2c3b4e,venus
b43c903,driverless
9e4dbb5,other
ceead0f,driverless
cf7d5ce,facial_emotion
4808158,driverless
6a736aa,electoral
236de48,venus
5fe80c4,driverless
0a41d42,mars_face
ce9e15e,mars_face
b7a91ae,mars_face
3756c10,driverless
954bbdf,other
66ddadc,electoral
83147ff,facial_emotion
906472f,electoral
f02843e,driverless
9407484,electoral
2c00a1c,other
21c32de,other
80b646c,venus
4369929,venus
c383da1,driverless
49b386d,facial_emotion
36e8507,mars_face
1fda3aa,facial_emotion
864e49e,other
9c8b1e6,electoral
894d76a,mars_face
7094f7e,mars_face
75efe1e,driverless
724b563,facial_emotion
00fca9b,venus
4ab52d8,facial_emotion
5266ddf,electoral
b152931,mars_face
a3049c6,mars_face
952c47b,car_usage
ea897d8,driverless
1a76116,venus
6ae08c7,facial_emotion
7e494c8,facial_emotion
81886f2,driverless
71e979c,seagoing
060a4e7,venus
ce1060a,driverless
aa9c596,facial_emotion
6be1abe,venus
bcb1b3d,facial_emotion
fff016d,seagoing
1cebc9e,driverless
67bbfa5,facial_emotion
4f13751,facial_emotion
06aa705,venus
8262ddf,venus
8c59dec,electoral
f8636fa,seagoing
f9a69a2,facial_emotion
9326b22,seagoing
61c5578,venus
d325701,seagoing
d7c5fc6,electoral
9d04b4e,mars_face
be29f81,driverless
7035b02,electoral
7476964,facial_emotion
244db43,driverless
32b179b,facial_emotion
e6a8dea,driverless
4302fcc,mars_face
b48701e,venus
1ea87c7,electoral
e3aad31,facial_emotion
ed893b8,electoral
d636677,driverless
fd421e7,mars_face
b0dbbbe,car_usage
96880be,venus
c7f6c0e,mars_face
c8189de,car_usage
2d39dbb,venus
1fe666e,seagoing
926c21a,seagoing
29efbea,venus
4e143c4,driverless
fdfacd8,driverless
25da2fa,car_usage
704bebe,electoral
f566fc9,driverless
fe07656,mars_face
3d98d24,mars_face
1579cb7,electoral
4232755,venus
af908be,electoral
d7c93c3,mars_face
d5cb150,electoral
045c7fb,other
dda3ee5,mars_face
14d1bfc,mars_face
83910f0,mars_face
fc3d67e,other
ec3c926,driverless
ea817ee,mars_face
0cd7e90,venus
3545061,driverless
83b21b1,other
082e9df,car_usage
77fa317,electoral
e6c98dc,seagoing
ad28a5d,venus
2bda011,car_usage
10d4feb,mars_face
5520857,facial_emotion
e2b3740,car_usage
ba95cd3,seagoing
a036d3b,facial_emotion
194eb61,driverless
3854d27,car_usage
7231133,car_usage
87c8652,driverless
d7ad755,driverless
7ff4ccc,venus
6e9ba8b,venus
ed65a97,facial_emotion
a9ea066,venus
37729a0,driverless
12f27c0,other
863925d,facial_emotion
9426302,venus
9df167d,driverless
474ec4c,venus
b7ba1f1,venus
4827309,seagoing
3fe1ffb,facial_emotion
6bf18d4,mars_face
0ffc18d,car_usage
1b99396,mars_face
160bab7,mars_face
97cb710,mars_face
71aefb8,driverless
73ba914,mars_face
acbe7d6,driverless
d6d9605,electoral
15bcc7b,driverless
70ae282,other
e1ca329,venus
8b9fe60,venus
4c300a4,driverless
d169ba3,driverless
dbb2296,car_usage
f37a266,driverless
33c34e1,driverless
4f85ac3,venus
5b800b1,mars_face
a8a3a35,driverless
3addf83,mars_face
4973b27,electoral
1659bfc,driverless
65eb0c4,seagoing
c62bbd0,mars_face
943f41d,other
7c87818,facial_emotion
2a73724,facial_emotion
f5247a7,facial_emotion
ca4bd9f,driverless
bf2560f,electoral
162a9db,facial_emotion
00a4469,facial_emotion
e04079b,facial_emotion
2e9d4a7,facial_emotion
f5050a5,electoral
582cc56,driverless
2c45808,mars_face
2c83487,electoral
1b2c90e,driverless
e7b14b0,facial_emotion
43d5bb4,facial_emotion
061ba37,car_usage
ecf6c8a,driverless
dda8663,facial_emotion
978a1d7,car_usage
864ba12,electoral
86ae7bb,electoral
2c64ebc,driverless
82e8b69,mars_face
3664812,other
dd852e1,mars_face
1aaae24,facial_emotion
838936a,driverless
94bae27,seagoing
74b3cad,seagoing
4586b43,facial_emotion
29ff531,mars_face
67f2d57,seagoing
351b4e8,seagoing
34ad8eb,electoral
abcc9c9,driverless
d34958c,venus
54081d1,driverless
0711276,driverless
54baae1,car_usage
baf354c,driverless
abba911,mars_face
8452953,seagoing
6865fed,seagoing
82ff8fe,mars_face
af642c8,facial_emotion
d4b11eb,car_usage
ac76dc6,electoral
55e517e,venus
c47b3d5,electoral
39f7e07,mars_face
2b075b4,mars_face
2b37663,electoral
d34e7d3,driverless
84ce7de,venus
0db7e99,facial_emotion
eb546c7,other
39f9997,mars_face
6fa2b46,car_usage
c20d79b,venus
2e3312c,seagoing
5e0add0,mars_face
4e616fd,other
f9da9bf,venus
45bfb80,car_usage
65c3b4d,facial_emotion
edbc542,driverless
ed619fc,seagoing
27e68cc,other
e005357,venus
a941dc2,other
f510a4b,mars_face
fd56afe,mars_face
36d1d91,mars_face
d5b5a5c,seagoing
c9729fa,facial_emotion
8893ec6,car_usage
2c5957b,other
ccfc77d,electoral
73f5cf4,electoral
8fc1fe9,driverless
bee6b7f,electoral
a763494,mars_face
72c7745,other
95abb30,electoral
0364075,electoral
669d1dc,electoral
f59fa4d,venus
0acad9f,mars_face
26a6b97,facial_emotion
9adfa36,venus
8afd92b,venus
3aaa9c1,other
2fe59b4,venus
d6d1058,mars_face
9f792bd,car_usage
2ef8816,venus
39a0c64,car_usage
dc9d5eb,driverless
c98ba96,other
d150ef9,venus
6e64d71,driverless
65fc941,driverless
6b5cecd,venus
b300e9b,other
3497854,facial_emotion
821f6ff,driverless
8fe0875,driverless
939d35a,driverless
78569ca,car_usage
0da2967,other
3b2cfcb,driverless
e2b3e6e,facial_emotion
994f286,other
502014f,mars_face
965e44b,venus
824e4ae,seagoing
7692a92,other
14b9c3f,driverless
9f4e1b8,venus
824682f,electoral
a7deac0,facial_emotion
29bfa76,other
865ce43,car_usage
327dc64,mars_face
85fc7c9,facial_emotion
52a8741,driverless
e1461b0,driverless
aadf956,venus
8249055,venus
2324a33,mars_face
4cba575,driverless
d1718e6,facial_emotion
05b37db,facial_emotion
a5e12ea,venus
c04c9a4,driverless
34c5bdc,other
bf680d2,driverless
3688184,car_usage
cabe99b,car_usage
1ea7607,facial_emotion
097b864,electoral
1741756,driverless
7c1bec9,electoral
78f88f5,driverless
596359b,car_usage
1bd30e5,driverless
cfb0905,driverless
efb6c37,venus
b631510,facial_emotion
b02a203,seagoing
e9513d5,other
65ca23d,venus
087c663,mars_face
69527a4,driverless
2d0b80a,electoral
78f21f5,mars_face
4eb95b7,car_usage
7689f1a,driverless
77697a7,seagoing
f1c54fc,driverless
5638723,electoral
32097dc,mars_face
f56cbbb,facial_emotion
9d44f80,driverless
475e950,mars_face
47697bd,mars_face
146aae7,car_usage
411a4c6,facial_emotion
8734c44,facial_emotion
cad19f2,driverless
6e9e53e,venus
3c03d31,facial_emotion
8090923,electoral
ec9466b,seagoing
7f35d9e,venus
2e94a27,facial_emotion
dd45719,car_usage
059af98,venus
495e8d0,car_usage
1d031f0,venus
db0f994,car_usage
0edee1b,seagoing
882db97,facial_emotion
a60e958,driverless
2469fc0,venus
ae4a601,electoral
bd2920f,facial_emotion
820ece4,mars_face
aaecbd6,car_usage
89cee1d,venus
4e3760b,mars_face
dff3179,venus
dafc727,driverless
b8c1a5f,facial_emotion
1e6a5d8,driverless
f24757e,venus
75e8016,seagoing
d787938,car_usage
2364b68,other
bd6ce41,other
81c231f,driverless
51a4fb0,car_usage
d73b983,facial_emotion
82c6d34,seagoing
29ebaab,electoral
d7f2966,seagoing
96fa19f,venus
0079938,other
c274451,electoral
eb87cc5,other
3f948e1,venus
3e7dd0b,venus
d3c355b,facial_emotion
6626793,car_usage
418f0dc,car_usage
372ad46,driverless
5fcd46c,mars_face
64c9bbc,electoral
c1c5139,electoral
c5a517d,car_usage
dd7c658,facial_emotion
8b54528,venus
400076e,car_usage
889d909,car_usage
b06a1a8,other
c2fb070,electoral
d4d2562,facial_emotion
45b6208,mars_face
e5c857d,driverless
1c8b117,mars_face
b68aa48,other
c136710,driverless
cbd7ec6,electoral
12c365a,venus
0f1081a,mars_face
aee28d3,driverless
74b2fe5,other
397608e,car_usage
fe3cccb,car_usage
b393f44,other
9b4d62a,facial_emotion
6435caa,mars_face
a3f182d,electoral
a850453,electoral
e265ef2,facial_emotion
8336072,electoral
4bbcd54,facial_emotion
10be2a0,electoral
8705667,driverless
65d28db,seagoing
64595eb,driverless
5f4c06e,driverless
261d0e3,mars_face
01ad79e,other
3570c77,seagoing
5bb3e5f,venus
335fa4f,driverless
9da6a6d,venus
809fa66,electoral
595980e,venus
9f552a6,driverless
503ef87,car_usage
bb7db64,mars_face
64a167b,facial_emotion
764b686,mars_face
eec3ad0,driverless
9a99c0a,driverless
c5e49a2,venus
7e65183,car_usage
65b5d44,facial_emotion
59eaef5,venus
8db1244,venus
82d3796,mars_face
6429e74,driverless
e3e1455,seagoing
a169df3,facial_emotion
539508c,facial_emotion
5fbfe66,mars_face
fdd9bbe,electoral
2b63205,car_usage
d024295,other
eaf9c96,venus
b88f0c4,car_usage
2c9f598,electoral
896d775,driverless
40b78eb,mars_face
8943100,mars_face
c16df7d,facial_emotion
dba50d5,driverless
ce8c005,mars_face
34bcca0,facial_emotion
925db3c,mars_face
3e13ec4,mars_face
0c5e863,driverless
fb0a7af,facial_emotion
8e878d8,venus
5f1ad58,driverless
3f19c05,venus
79a4025,other
ca4ee70,electoral
396197e,mars_face
9da2c13,car_usage
954de7d,venus
9055d9f,mars_face
1ed83f4,mars_face
582a549,mars_face
82342be,car_usage
c1aab47,mars_face
0f549ce,facial_emotion
807c627,driverless
73ec0b9,driverless
8230435,venus
8b96e59,mars_face
fe133db,mars_face
0a9df6a,driverless
4508da1,electoral
292cb9f,venus
ad85676,venus
edc099d,mars_face
7e0aebb,driverless
e1de5e0,electoral
7ebd70b,other
be34c50,venus
ddb4b6a,electoral
7d2a00a,venus
068ad55,other
341c5e2,car_usage
6fe17cd,electoral
98e52e7,facial_emotion
7123d48,seagoing
2dd6f1d,venus
2b14412,electoral
2d818b2,other
502e0b9,facial_emotion
625611e,facial_emotion
1a928ae,mars_face
be89c37,other
a58a879,car_usage
6c67d75,car_usage
ee6e626,venus
459922f,car_usage
614d33a,other
a0bec96,other
742c60f,facial_emotion
190a8d4,driverless
6aebd9d,driverless
6b85385,facial_emotion
fcf5f9e,car_usage
2975d96,seagoing
4bc1460,facial_emotion
7e2f7ab,seagoing
004229b,driverless
9764f48,driverless
1635650,venus
5e00d56,mars_face
9744a3c,driverless
ca58ee7,car_usage
9d52dd5,mars_face
f0df78a,venus
4538ac3,driverless
441e12f,other
94e8b73,mars_face
02d8dd2,car_usage
805b24c,other
2f435d9,mars_face
ed247f1,mars_face
d987eaf,driverless
80f3e2e,mars_face
6024733,car_usage
2c24e6b,facial_emotion
b8d9df2,driverless
6226f71,mars_face
eae48fd,driverless
96634ac,other
7077598,facial_emotion
b9606a9,driverless
888c2f1,driverless
df3f185,electoral
36255e8,facial_emotion
b3d943c,car_usage
5c72d6d,driverless
9841c2a,electoral
93a1ae8,driverless
b8179cf,venus
3312b86,electoral
db6668b,seagoing
fb5e093,driverless
a948dbe,facial_emotion
b02d2d6,car_usage
d644ad3,driverless
d11c131,car_usage
4856bd0,venus
5a40c03,other
82c9864,mars_face
5c27966,seagoing
d3d80b9,car_usage
480c834,electoral
c3363a9,mars_face
0461df3,mars_face
a853f66,car_usage
9331963,seagoing
61a9010,facial_emotion
efb5ad4,electoral
76166f9,other
ac6cc44,facial_emotion
2e2a0e8,facial_emotion
0693237,seagoing
4575e69,facial_emotion
7e6f8db,electoral
1284ac4,venus
445c11a,venus
9ba7a34,facial_emotion
e58330e,venus
ce5eebd,other
b0bd147,driverless
36c5b6e,mars_face
d4b87f4,driverless
165492b,mars_face
3d33aaa,driverless
c291598,facial_emotion
18f90f1,electoral
f68f5cb,venus
2af2552,driverless
bda130b,seagoing
e52f321,venus
d72438a,mars_face
7392331,electoral
7fa9598,seagoing
389b212,other
6b0d22e,electoral
4547adf,electoral
f93c8fd,driverless
7aa58e8,facial_emotion
132ccff,electoral
0a94ac7,car_usage
78569cc,seagoing
e72a879,electoral
b135cfc,electoral
2be7c8e,mars_face
13637e9,driverless
f2d525a,venus
5de3eb1,electoral
4303cbd,car_usage
1696647,mars_face
9211106,mars_face
423d789,mars_face
05c94e5,venus
4ea4f0f,venus
88eaec8,driverless
eca8129,driverless
a22e219,seagoing
cffc4a6,car_usage
643b19d,driverless
a7cb7bb,driverless
cda556e,seagoing
bb879d0,venus
a1a0e21,electoral
f007de5,mars_face
929b955,car_usage
50e3c8f,mars_face
d613c8e,car_usage
30a5a3d,venus
4a8da90,facial_emotion
f00c26a,driverless
142f458,other
1e48979,car_usage
9063dd3,driverless
3baaf6b,facial_emotion
84468af,seagoing
518a8e3,car_usage
8725350,venus
3a664f7,mars_face
7c59798,driverless
5d83c70,electoral
c278844,electoral
e3a9afd,seagoing
f694e28,electoral
1cdccc2,seagoing
d9f4644,facial_emotion
01c5073,other
7797857,venus
9729ecc,mars_face
12a72bd,car_usage
37c0154,seagoing
74a9dbc,venus
4a9461d,seagoing
cb82dc0,facial_emotion
d1a6973,facial_emotion
e135f7a,venus
8af8b09,other
11428cc,driverless
a56b9af,venus
622d034,electoral
056a4a4,car_usage
9231594,other
7bede28,driverless
1b5891f,seagoing
a02fadf,venus
8f4a4e2,seagoing
3ac8dc9,other
b669ecd,facial_emotion
91dadd2,venus
05182bf,mars_face
9946d02,venus
2fdbf31,venus
4667066,car_usage
77581db,car_usage
4a16419,venus
7853ba5,electoral
d7056aa,electoral
757343d,venus
3484e9f,seagoing
e16657c,venus
e5ea0d5,seagoing
6fe9ea8,facial_emotion
f0803b8,facial_emotion
8377d52,driverless
11c96ef,driverless
cfdf3f2,car_usage
fd0351b,driverless
3fcff84,car_usage
f856bc8,mars_face
ef1438f,car_usage
bea4ce7,venus
28cf870,mars_face
af9cca5,facial_emotion
9185c9b,car_usage
abd24bc,facial_emotion
b26c443,mars_face
74318fd,venus
24e64ad,venus
ec82b99,driverless
88e1bf9,seagoing
5e4b977,mars_face
89ba46c,car_usage
7af41ea,electoral
5a92ac6,driverless
231b95b,facial_emotion
44c494d,electoral
694d203,car_usage
6f331fc,facial_emotion
84cb271,venus
8319ef9,venus
f8a1c0a,car_usage
a4c474c,driverless
7f078cf,other
268cd47,driverless
de87a1c,facial_emotion
0ee7d80,driverless
7efe0c4,other
578147d,driverless
ba8c337,mars_face
8eb9955,venus
7494af5,venus
2e8ae9f,facial_emotion
e3b78ff,driverless
071dba8,seagoing
0bc541d,driverless
0aefcef,mars_face
0ad1f49,mars_face
403b7f6,venus
6b626c6,seagoing
9292e8f,mars_face
4f951b4,electoral
52d7570,facial_emotion
7ec2f7e,electoral
fab4fe8,facial_emotion
d4a1bcf,car_usage
c39fd2a,electoral
1686625,driverless
2830462,other
372c68e,electoral
4a9a74b,driverless
e8aa91d,driverless
eafac49,mars_face
07952db,driverless
ebbe96c,driverless
5f46401,car_usage
0eaa56c,electoral
ef70e4c,driverless
fa1fdf3,facial_emotion
e36bb08,venus
324d38b,mars_face
60e0c46,venus
f006607,seagoing
45a26a2,electoral
e9928b5,electoral
47b45a7,venus
88d8d80,facial_emotion
606be34,mars_face
202006a,facial_emotion
414ff8a,driverless
aff4169,mars_face
fb140b4,mars_face
7af72ba,venus
ead988a,seagoing
019e8c3,driverless
2daf910,electoral
a286208,facial_emotion
2cc98cb,seagoing
104c9c2,other
ef6569d,driverless
817dbc6,venus
5387290,mars_face
1866c81,venus
3128486,facial_emotion
605e033,driverless
f2e66b1,venus
d2196a3,driverless
2dee5f4,car_usage
e80f2b4,driverless
9cf3e02,facial_emotion
387e0e5,driverless
2f095a0,electoral
4ad512b,seagoing
7bed253,facial_emotion
11f80aa,mars_face
bf2e2df,other
90246bc,venus
c9f83ef,electoral
a356c7c,venus
0e2b7d1,car_usage
a17d5f7,driverless
f51f0fa,seagoing
faa610e,electoral
08133fe,other
6ca477c,mars_face
c48c366,electoral
a8d7467,driverless
3d9c7b9,venus
c7a8763,venus
cc0dde2,mars_face
557d939,venus
3e15f18,venus
e3e72ce,venus
8fefb41,facial_emotion
7c6e35e,driverless
0f8d16d,venus
ed18cb2,car_usage
4953269,driverless
61e8dfa,venus
371c937,mars_face
9ddf1bf,electoral
8b5f1fd,venus
3e78c7c,facial_emotion
c19d89d,mars_face
a6dafc7,electoral
0c1322b,facial_emotion
4a3ef9f,driverless
18c9ed8,driverless
3192920,electoral
001ab80,driverless
fc3927a,other
84acc1d,seagoing
ca061e6,mars_face
0acfeeb,electoral
e75bdf8,driverless
93ab97b,seagoing
7aee2ae,venus
29daf40,car_usage
403b099,other
f43979d,venus
0728321,mars_face
c20344e,mars_face
b875b20,facial_emotion
72f273b,driverless
fd46aef,mars_face
a67bf65,mars_face
c5bc641,seagoing
3167722,facial_emotion
8345960,venus
4fce83a,driverless
7c4b9e5,facial_emotion
4e38e77,seagoing
8d6be06,driverless
22ed7ef,car_usage
94cf58f,car_usage
371081f,car_usage
65c8c94,car_usage
9216557,car_usage
2c91690,driverless
ef3b33d,facial_emotion
4f55fbe,electoral
6bd29f5,venus
02ecf18,seagoing
a39eecf,electoral
04a99cb,electoral
3a1dd7e,driverless
a9cbc46,car_usage
7f759d2,car_usage
37c450b,driverless
cfdfdfa,electoral
1f3890c,seagoing
b92bdee,driverless
cf482bb,other
89a35da,venus
fe4a022,venus
40d42ad,mars_face
2402f2d,facial_emotion
e43f082,other
6f51437,mars_face
1cc8f9d,car_usage
e426299,electoral
103ff95,venus
98a1e0f,driverless
a253d76,facial_emotion
8936c5c,facial_emotion
c18808b,venus
4a84090,venus
83c9bbb,driverless
62f4cd8,mars_face
77418ee,driverless
0f69e05,other
e1f5327,electoral
24a099b,driverless
52f2649,car_usage
d8dc3f8,venus
427013e,other
01dabde,car_usage
2522c5d,driverless
0fcadb2,seagoing
f197341,driverless
c80a861,venus
97ab7f3,venus
6f62ee5,electoral
72718b7,seagoing
a16a21f,car_usage
5b8791b,car_usage
efd7312,venus
8393995,facial_emotion
52aa85b,venus
18d08e8,mars_face
d507c82,driverless
68eaf9f,other
f386e73,driverless
f8b885d,facial_emotion
6dc6b0a,driverless
1446c35,other
442479e,mars_face
5b1893b,seagoing
790576f,electoral
c257539,venus
4f70228,mars_face
0156ea6,venus
dd03d5e,car_usage
1f113e1,facial_emotion
2ab69a7,driverless
9b35b9f,electoral
d0a6d84,facial_emotion
19953a8,electoral
d63fc88,seagoing
a3f3377,driverless
1807be3,facial_emotion
614de08,facial_emotion
632cacb,venus
72bb125,driverless
35c806d,electoral
0187e96,car_usage
3911a88,car_usage
1849da9,venus
5d911ab,other
94f5165,seagoing
71d19fc,seagoing
a4fcdca,venus
c123b4c,venus
a3762d8,car_usage
dcc75d7,electoral
4fc4cab,venus
92ae69d,mars_face
8947d0c,facial_emotion
f95baca,venus
e1ea8ee,venus
975442b,other
7a86c92,car_usage
46692fb,car_usage
8c1c7fc,facial_emotion
477bbba,driverless
201523b,venus
5c73459,electoral
1d0a8db,venus
31610f5,electoral
fe546d8,mars_face
0d8bfc5,driverless
ef3ddc1,facial_emotion
5fbec4d,venus
0519419,electoral
6ccda33,seagoing
28d472e,electoral
6f4d54b,other
cdff3b2,electoral
b5b5033,facial_emotion
4a0a356,mars_face
9fae4ef,electoral
22d7047,driverless
982f413,facial_emotion
ea7d77b,driverless
70abb34,seagoing
c0b9852,venus
4fc2548,car_usage
6c636c4,mars_face
060d2bb,mars_face
fd2ebe0,driverless
59d98c3,driverless
10fe8cc,driverless
c115173,venus
03ff4c1,mars_face
5c80df3,seagoing
c09b401,driverless
452641d,other
33e6120,facial_emotion
366daac,driverless
4cc0953,facial_emotion
402835b,facial_emotion
77caafd,electoral
aeaa1eb,venus
a7caf1d,facial_emotion
5b27416,electoral
d31dc56,driverless
8cd1c55,facial_emotion
cf6e8bb,venus
d4c95d1,facial_emotion
e1870ae,other
a1b39aa,venus
ba47e27,electoral
e813e51,car_usage
2c35c89,facial_emotion
7144371,car_usage
2b0bc6d,venus
58379d1,seagoing
d2cbf09,facial_emotion
49bc040,venus
5a0a6e7,facial_emotion
dd93e56,electoral
1d5b94f,mars_face
e9c5ea9,electoral
d7d09c0,electoral
d64d128,other
6f1f88c,venus
6dc736a,facial_emotion
da08297,electoral
23709d9,electoral
0f7dda8,electoral
da6aebe,seagoing
06fa3b6,driverless
a82b5ef,electoral
7fd1119,facial_emotion
b103ef4,venus
2223f85,electoral
4a7e08f,venus
84b8678,mars_face
624ad4d,driverless
56ce1c1,venus
9186571,seagoing
7902cba,electoral
0a98eef,facial_emotion
5bc5aff,other
0892cb5,other
b28b2d9,driverless
214b662,other
563d1cf,other
3434f04,venus
a395c34,venus
b9d0a53,other
42ad70e,car_usage
1494422,venus
feab32e,venus
0b1ab1d,driverless
d69dd40,car_usage
9fe31ac,seagoing
6e0482c,other
b4bdae2,other
3de9f62,facial_emotion
00d4911,electoral
941e431,driverless
b0dc830,venus
e837edd,venus
5d99b40,mars_face
43cb52e,facial_emotion
7a07c96,other
468f06d,venus
da0e8fb,venus
20cb752,other
61f7a9c,mars_face
f0f3cba,driverless
fe3d113,seagoing
70a84ef,electoral
d57c7b5,facial_emotion
b015474,seagoing
76eddd4,mars_face
9cf3904,seagoing
4d8de47,seagoing
9f62f3a,venus
f11d525,mars_face
15de5b1,venus
edf5017,driverless
46eaa8b,mars_face
d8a6d62,mars_face
d7800bf,venus
896506f,car_usage
6ad5505,electoral
dab2346,venus
c0f89a5,electoral
2e86520,driverless
ad14bcb,mars_face
bc7c899,mars_face
813954b,electoral
99a0329,venus
3d37941,driverless
a0c461b,electoral
51cff10,electoral
430de71,car_usage
a8bcbe0,facial_emotion
0ef4f4f,driverless
e671912,venus
c5efa97,driverless
e254feb,driverless
0bfe967,seagoing
e67b702,facial_emotion
dcfe25f,electoral
595e8d2,electoral
0b551ad,seagoing
82b2ffc,venus
3dca01c,facial_emotion
091e483,facial_emotion
7ec2cc3,venus
5c964d3,facial_emotion
0be5034,venus
46fa387,facial_emotion
b3e4b16,seagoing
41a6642,venus
67b0ded,electoral
876217e,car_usage
e19825b,facial_emotion
89bcb5b,seagoing
48aee07,electoral
7ff464e,facial_emotion
f8514e5,facial_emotion
64747e6,driverless
e2b1ad6,car_usage
468b07c,other
68c44da,facial_emotion
11c2627,facial_emotion
152609d,electoral
d9fd23e,car_usage
acdebde,mars_face
335556a,driverless
d8dfcbc,mars_face
50af254,venus
fa5d67a,venus
9e1614b,driverless
8863d36,driverless
13fe30a,facial_emotion
14b8fbb,electoral
3e3c20a,electoral
8486e0e,driverless
704ca8c,electoral
bfb525f,electoral
933fdf9,car_usage
ee13521,electoral
fe92183,driverless
a35725b,mars_face
7d6ac01,mars_face
fa29121,mars_face
3f4a9c6,driverless
71c12b0,other
44cb3be,venus
3be8782,driverless
f8d91ef,other
b0a7822,car_usage
84ddd05,car_usage
d404a6c,facial_emotion
59901f2,driverless
abe938a,seagoing
2b743c0,driverless
5b2a930,electoral
9a4aba9,facial_emotion
632e88e,driverless
349e486,driverless
9e940ef,mars_face
b6a7a88,venus
8e01a15,mars_face
0870f09,electoral
3020500,venus
c620a79,car_usage
20f7124,driverless
d7023dd,electoral
dc6dfac,car_usage
a534657,driverless
f13e69b,driverless
75bb63f,driverless
ad7c1bb,seagoing
d640a12,facial_emotion
c0f7dfe,car_usage
a39770e,venus
30d4a45,facial_emotion
320ae92,mars_face
c61a6eb,seagoing
a7f296e,venus
0f79e39,other
a52d490,venus
75e3824,driverless
608ace7,facial_emotion
1542a67,driverless
8ec6280,car_usage
d535c1b,electoral
93fd504,driverless
5272eb0,mars_face
d1e5244,electoral
a9ea38e,mars_face
0e277d7,facial_emotion
bb0ee48,venus
61ff5ed,electoral
7b9c495,driverless
b655356,car_usage
a208781,driverless
bc3c595,other
bbecc99,electoral
1cc616f,venus
0c0eeb7,driverless
d268560,venus
214bad3,facial_emotion
c781ab6,car_usage
2313cd7,driverless
b512b19,venus
89bd257,seagoing
b035579,other
5015b67,facial_emotion
80c7f25,driverless
472298b,driverless
65a3145,driverless
9597653,electoral
96caa63,venus
af45e2b,electoral
c6c979c,seagoing
0975e3f,driverless
47824ea,facial_emotion
75403ca,driverless
613f390,driverless
27c2c70,mars_face
be9cecb,mars_face
732b189,facial_emotion
b02736f,car_usage
23b4894,venus
3e30e6c,electoral
2203c6a,facial_emotion
34b120d,electoral
7b28c77,driverless
46dd6fb,venus
e05e8dc,venus
b8c4981,car_usage
a82fa5f,facial_emotion
76ad1db,mars_face
ec3323b,electoral
f985a3f,venus
a354d9b,facial_emotion
d1d32ad,mars_face
4f8575d,facial_emotion
389db01,seagoing
06939ab,driverless
00a3575,venus
84150e8,driverless
93e2ad5,facial_emotion
80a1c47,seagoing
eabad33,facial_emotion
71b6e79,facial_emotion
dd5e511,electoral
1374701,driverless
0e85504,facial_emotion
6c02528,mars_face
3c30a03,electoral
de9b166,driverless
1840279,mars_face
650f016,driverless
70daa75,venus
4bfbfae,seagoing
f4fc1ab,car_usage
9d90fe3,electoral
22ae235,electoral
98bd2f3,mars_face
7646cd6,driverless
32de0f4,facial_emotion
233ca6e,driverless
dc225ea,driverless
4f53e1c,facial_emotion
7a2d72e,seagoing
e8f52e7,seagoing
4a842cc,other
e7900f2,other
3dc4b34,other
670088c,mars_face
5091e12,venus
47c2307,driverless
5d30afd,driverless
9d26da6,venus
e0c11f4,driverless
d46c951,facial_emotion
4603408,venus
aa2c133,facial_emotion
c3f8479,driverless
595fec4,facial_emotion
cb7624a,driverless
2fdb1d6,driverless
f0c47c7,driverless
0848273,mars_face
0a919e7,electoral
e481600,driverless
c9f4cf0,electoral
feb63da,electoral
b5abb88,driverless
b9cc240,driverless
0ea1c1f,venus
54f35f7,driverless
aa59ea3,venus
18f621f,electoral
29a7d43,mars_face
1d9e356,driverless
a6a80ed,car_usage
a3f1de6,electoral
d6c45e6,venus
1a07cfb,seagoing
b057e26,seagoing
0cdf1ff,facial_emotion
e2ba02d,driverless
a880da5,car_usage
8abcbbc,car_usage
d88e664,other
811355b,facial_emotion
0a22908,venus
a5bb8c7,driverless
1aac26b,venus
12f28ff,facial_emotion
30e3b93,venus
7819a73,mars_face
1591b94,seagoing
4ea552d,electoral
a456bb6,other
ed7fbc3,seagoing
2b1fd83,facial_emotion
04b4ad6,venus
4cd668a,seagoing
497870f,driverless
01e64c4,venus
336c6ad,facial_emotion
e0112c9,driverless
2e68380,seagoing
e3f513b,other
2986cad,driverless
d21fbb8,car_usage
5f6ce63,seagoing
2fd6657,mars_face
ef23637,mars_face
82853da,venus
527b007,facial_emotion
09b1823,venus
abb588c,other
bd6f060,seagoing
9232640,venus
491d01e,seagoing
ca0ed2e,venus
8a171f9,other
26598f5,driverless
dd7ad18,electoral
c1eb255,driverless
5ed0a74,venus
da5ee3f,other
e4ea808,electoral
dea361a,facial_emotion
9ab59e3,car_usage
b39b8bb,venus
09c5771,car_usage
2a97d85,driverless
a81b2f2,mars_face
3ebc796,seagoing
f3de91a,venus
889d496,electoral
ed21cf1,electoral
153e8fe,driverless
2e66941,driverless
4bca23d,seagoing
d99d5b0,venus
9b20905,facial_emotion
90cbd8a,mars_face
f356a4c,driverless
69dfcda,seagoing
353bc5b,driverless
c766758,facial_emotion
93dcffc,other
08139fb,seagoing
e046d2a,other
bbf3192,seagoing
2c6c2bf,seagoing
952e8a3,facial_emotion
053f99e,driverless
f26597a,other
0ad08bd,driverless
90320ea,electoral
3b16819,facial_emotion
a22d402,car_usage
b4d17d4,facial_emotion
995ce5c,other
89b156e,facial_emotion
d4147f2,other
71c1f3d,car_usage
40cba9a,venus
182536b,car_usage
13f81b1,mars_face
59d8128,electoral
c149d08,facial_emotion
635a4b4,car_usage
87161f0,mars_face
7486d70,mars_face
e0b63de,driverless
f004f21,mars_face
cc37102,mars_face
05f81ce,driverless
61b3999,driverless
6a970f5,venus
a65cf4d,mars_face
86bb2c9,facial_emotion
e62c876,venus
7d65d93,facial_emotion
ba59149,driverless
7dd5c0d,facial_emotion
8ec8211,driverless
35ba672,driverless
22f55dc,mars_face
734036e,seagoing
9a982b7,mars_face
1d2f823,seagoing
823b228,mars_face
8a38ff3,electoral
6578734,driverless
a4bfcac,venus
b62d43b,electoral
5d01e15,car_usage
759d361,driverless
2d284ae,mars_face
1de7a3e,mars_face
3007923,electoral
dc29de3,facial_emotion
307b540,electoral
e99ce48,electoral
e0b351e,electoral
383af6e,seagoing
d9a15bb,electoral
bcaeafd,other
6162c3a,venus
1c74f89,driverless
5cfcdf9,venus
5c04c45,facial_emotion
3911f96,mars_face
2836518,mars_face
0c63220,facial_emotion
9629fff,venus
e4a732b,mars_face
6365f7a,driverless
31b73d2,facial_emotion
8aaee53,venus
c435fff,facial_emotion
4c262b2,venus
79dfcd7,electoral
8dbbcc8,electoral
575d609,car_usage
e883e8d,facial_emotion
a7bb990,car_usage
8b423cb,electoral
7d3aad9,venus
ced3bda,electoral
b6fdfe8,facial_emotion
b509ef3,car_usage
d8f3bd7,electoral
08d4d59,venus
019b862,venus
5ada5db,other
5e5f641,venus
290cf6b,seagoing
9a371d4,driverless
4db2098,driverless
c97e5b2,mars_face
cff9d2d,venus
5bc984d,driverless
41cfc2c,mars_face
06235e1,facial_emotion
fcc285f,venus
80b8f92,facial_emotion
8a62e5b,electoral
3e60172,venus
bd0fd0d,driverless
9caac09,mars_face
647cd96,venus
d77eb24,car_usage
18f7fc7,mars_face
21ae86b,driverless
c3fd587,car_usage
f7b0d7d,venus
47225d8,seagoing
2e1b5e4,facial_emotion
920a499,driverless
30869db,seagoing
f6ccf5b,facial_emotion
0f7535d,driverless
cf96a90,facial_emotion
43af0ee,facial_emotion
537f360,driverless
79bbd9b,car_usage
be316f2,car_usage
1d20cae,driverless
5ad7706,seagoing
359b8ee,driverless
3395115,facial_emotion
2e5b73c,venus
06be122,mars_face
283ae2f,venus
568497d,electoral
29194fa,electoral
7c244f3,driverless
7969ad0,facial_emotion
2bcd7b2,venus
442da01,mars_face
11b1db5,facial_emotion
47a5dff,other
9792fe8,driverless
f4ca3ba,driverless
9749d96,mars_face
77421ce,driverless
37b659c,facial_emotion
77d1a04,other
eaeef02,car_usage
158ddca,venus
5de5793,venus
9d733ea,driverless
663fde6,other
60000b4,other
9b3b928,other
7f8986b,driverless
5f35e66,car_usage
c6a49f8,car_usage
a63a862,other
7b190b5,mars_face
abde127,driverless
44d698b,mars_face
93632c3,venus
dd5dacd,electoral
0098ef4,car_usage
61d41c5,electoral
1ce9669,driverless
4be72b3,facial_emotion
f29d95b,mars_face
c50f5ae,venus
0b6df5c,other
ce356c9,driverless
103d884,driverless
9cbf6a3,venus
45d4220,mars_face
d0113ae,driverless
7b20057,venus
4adb263,seagoing
c1dabba,venus
4cf846a,other
e1e2a67,mars_face
578e3c1,facial_emotion
265499b,venus
1178b7e,venus
c44be67,mars_face
99038ba,electoral
ce0fa56,facial_emotion
85bf4eb,mars_face
5867764,car_usage
6bde4bc,venus
0cf9088,electoral
a53d268,venus
0bee92d,electoral
1d34992,driverless
8055ec2,other
00f6ac7,venus
58b61cc,facial_emotion
3cc72ff,mars_face
b7c2646,venus
4f55690,driverless
976c6f8,facial_emotion
4d63446,driverless
8ac535b,facial_emotion
2305032,car_usage
725dd07,facial_emotion
00feec3,venus
748d54a,seagoing
2dc718b,venus
9f93c72,mars_face
2cd5385,mars_face
1fdcd75,seagoing
fbb4b88,venus
ff4c9d0,facial_emotion
92c37a0,venus
93e1019,electoral
5ac14fa,mars_face
81fde2a,seagoing
ad31471,mars_face
09b1b24,other
df4a236,driverless
576b6b8,mars_face
8a54ace,venus
4a23085,mars_face
beed224,facial_emotion
48847db,car_usage
90b9070,other
4406d5e,facial_emotion
3647ee0,seagoing
89daab8,driverless
1a0ee12,driverless
6bf2b8d,seagoing
7813094,venus
34339c4,venus
a96f4f5,venus
ad6312d,electoral
4d8d72c,seagoing
e96aaaf,car_usage
7be790c,venus
c3cdc0c,facial_emotion
0c85030,car_usage
b090319,car_usage
e195a3b,electoral
82a33e2,seagoing
e6bbf25,other
f53fbe6,facial_emotion
ff5c95f,facial_emotion
0eb2865,electoral
72c9aa8,seagoing
4c772de,venus
202b78d,seagoing
461515a,electoral
9b80a7f,other
4d90b3e,mars_face
710f5d9,driverless
5ef8f8e,other
90a4d07,facial_emotion
2c95040,facial_emotion
caf4f81,car_usage
95cfb46,facial_emotion
5ae6fe3,seagoing
6b02476,electoral
787fa24,electoral
f40883e,driverless
b3d012d,facial_emotion
33f367a,venus
d35e751,electoral
1962ad7,venus
e5bb1c0,electoral
41f185b,venus
fe2a572,car_usage
3217d6b,seagoing
bbce450,electoral
65a47e3,seagoing
215b5af,other
f132fc4,driverless
cc6e400,facial_emotion
13d8060,venus
9a10719,driverless
c37d021,venus
b535764,venus
b08a814,facial_emotion
e8dfb46,facial_emotion
5ef300e,car_usage
33dcf9a,mars_face
be32742,venus
d6ea1d3,seagoing
d144944,other
846448e,driverless
b5aa1d8,mars_face
0f20721,driverless
b3c9e9b,driverless
a3025f7,facial_emotion
da81c33,mars_face
7d9484d,driverless
f1438af,driverless
a83390c,other
2822b94,venus
ca2c8f2,electoral
960e817,venus
e26c4cb,venus
7341159,car_usage
1b5f4fa,driverless
667bf45,facial_emotion
f69ba8e,driverless
a433686,facial_emotion
6bf05a5,other
dc978d4,mars_face
915c0f7,seagoing
57f6a70,facial_emotion
ef9a2ba,driverless
c3bc0f7,seagoing
8b57e29,venus
6b3f030,electoral
100527c,other
25024a4,electoral
2db6925,venus
22dd848,mars_face
a06587f,seagoing
13ed689,other
dd0b4c0,other
9b7d16d,venus
023c138,car_usage
3a2c718,other
10a41ed,venus
e871835,other
01ec1a3,mars_face
c493091,car_usage
dfa4956,seagoing
d1354e5,electoral
7893cfe,facial_emotion
a2ad3dd,venus
70207b5,mars_face
d8d10fa,driverless
96d3c6d,seagoing
722a7a7,electoral
15eb254,facial_emotion
d3570a8,driverless
679b451,driverless
9cc61ec,driverless
d88b728,electoral
bbdb0ca,electoral
effed23,seagoing
2c46fcc,venus
36eaa58,mars_face
1464c1a,other
d49d8db,facial_emotion
317173f,driverless
921202b,electoral
ab31ce4,driverless
6dcc16c,facial_emotion
3ce7d44,seagoing
13f75ec,electoral
48f464b,driverless
9dea2ae,driverless
6e4cd94,seagoing
6b445e4,mars_face
2005423,car_usage
adaef95,driverless
e34416f,facial_emotion
883dff5,venus
d730f64,seagoing
fb307eb,car_usage
5d47f5c,facial_emotion
9459254,mars_face
78236b1,facial_emotion
cd9d88d,mars_face
6b5cb41,seagoing
d5abea3,venus
f17398f,driverless
9005ce5,venus
26fd6e8,facial_emotion
22cb8da,venus
fb46850,venus
3c40328,driverless
6adb60a,venus
0e22bc3,driverless
6d719a6,facial_emotion
fa3640b,mars_face
d3aaf6d,mars_face
0d0a0cb,mars_face
0811694,driverless
79c9ad0,driverless
d3eed9a,seagoing
36050fb,other
998c758,seagoing
0281195,seagoing
e9538f2,car_usage
274b414,mars_face
58a5feb,mars_face
adfb0fa,venus
7d62d5d,venus
ba1f7ed,other
4fb5770,driverless
a2820da,driverless
ac8e95d,venus
3b57e6a,facial_emotion
9c14496,driverless
48d852b,driverless
0fcc1b3,driverless
7777397,other
2773770,venus
bbcbf39,venus
2b0d36b,facial_emotion
31e0361,venus
fbd60ab,driverless
26c804d,mars_face
c369266,facial_emotion
4a8af26,driverless
b05a09a,electoral
70b24ac,driverless
00daaa2,car_usage
0778075,venus
98685fe,venus
04bc9b6,mars_face
40b5365,facial_emotion
fb5d9e3,driverless
08629e7,facial_emotion
bc3b592,seagoing
bce4012,driverless
60acb0c,driverless
a337e4d,car_usage
e964d63,facial_emotion
40ae87d,facial_emotion
f697b8f,driverless
4015682,other
8bd7089,car_usage
d737262,venus
fe971cf,driverless
5c2e1c3,facial_emotion
410ce9c,driverless
2e91de9,venus
0863447,venus
76ed4ba,venus
fa67286,mars_face
f230850,other
5b02768,facial_emotion
c3f44d5,facial_emotion
9207878,seagoing
c0dfe25,driverless
3107452,driverless
fe25490,driverless
89d88b5,facial_emotion
6f3bcc5,mars_face
7573c96,mars_face
9acbdd6,car_usage
e4dcbca,facial_emotion
9c3f6e4,car_usage
f471d19,seagoing
398af51,facial_emotion
39bd4eb,driverless
6bb33f3,driverless
d08d158,mars_face
331ec21,facial_emotion
78eb6b8,facial_emotion
2b7e769,facial_emotion
df999d9,other
480146f,driverless
6583a7e,venus
a8a2337,mars_face
df97546,facial_emotion
3d73915,seagoing
8955592,facial_emotion
7c64ee2,facial_emotion
7be7aa5,car_usage
b7d0710,seagoing
b1624e2,facial_emotion
51a69ae,driverless
b124b2d,seagoing
7e41fa2,facial_emotion
ee6b139,venus
c2e46f1,electoral
1e32b1d,venus
45fcc6d,driverless
1b734d9,mars_face
d2c1065,car_usage
8ff3842,other
3bcfc9e,other
6c9f26e,seagoing
8ff1820,driverless
c193287,facial_emotion
e348947,driverless
53ece1b,driverless
6b57a15,driverless
c503e41,facial_emotion
dad862d,car_usage
945f221,electoral
fddf51f,facial_emotion
24c6ae0,car_usage
f148238,facial_emotion
3dbb209,other
73679f2,facial_emotion
c91d08f,venus
33ee6ce,electoral
7cc1623,car_usage
83b0019,mars_face
99cb3da,venus
b1f6d1f,other
0d23181,other
3a976b4,facial_emotion
32630a9,mars_face
b15efce,driverless
96b7cea,car_usage
e2b3961,driverless
bab2753,seagoing
def86fc,other
800225b,seagoing
4b1290d,mars_face
df2161b,venus
304e41c,facial_emotion
910d63d,facial_emotion
01e0bb8,facial_emotion
eb71b85,driverless
137152d,driverless
25d7df0,mars_face
a7afa62,driverless
246585a,electoral
d9b3f52,venus
34ff09f,car_usage
08669b6,seagoing
1ab9b01,driverless
b63e6e4,electoral
f3a876f,mars_face
569a513,car_usage
ed38d2a,mars_face
4699ca6,other
e133934,seagoing
282c1bd,venus
36ed198,car_usage
12997a5,car_usage
1dedbfa,seagoing
14eaf97,car_usage
f10818c,driverless
60fec92,seagoing
594117c,venus
58daaa3,electoral
e3a9504,other
b119e43,venus
c9d93a1,venus
5b1041d,venus
054e4c8,mars_face
a1e35a3,electoral
5ebc160,mars_face
8c5c541,driverless
aec7837,mars_face
3747fb6,mars_face
cf3b381,venus
dcf3a1e,electoral
d635ef5,seagoing
2505b2a,facial_emotion
dac6521,driverless
e7e826b,facial_emotion
2426a90,electoral
189c65f,facial_emotion
6040a53,car_usage
ce51886,electoral
4d83c24,driverless
4a70bc3,car_usage
46ca26b,mars_face
360aac0,electoral
f65f855,seagoing
8bdeb9d,driverless
f89ba28,other
24971db,driverless
86887d7,venus
dac4eee,mars_face
40a9a69,mars_face
3984fa7,driverless
fc3e67a,car_usage
e74239f,other
2315ee0,electoral
3715486,mars_face
3c60501,venus
b390f9a,driverless
630114f,driverless
2e5c179,facial_emotion
1df4871,seagoing
01846d8,other
e9a1fe2,venus
fb83aad,other
29d4a8c,facial_emotion
bf30bb3,electoral
dbe526f,venus
a7df23b,facial_emotion
5921b89,electoral
fa8a790,car_usage
5b2f5a3,other
3bc01dc,electoral
303710c,driverless
f28d102,venus
621dec3,mars_face
9c4fcad,electoral
2fa5ce8,other
280c9d5,electoral
8131512,other
0fa8295,venus
9c9c75e,venus
d32dbeb,electoral
173dcbd,car_usage
098d6c6,facial_emotion
f9989ca,driverless
4b07312,electoral
1cf2302,electoral
13e2e99,driverless
56aa173,other
830d3bf,venus
52de2f6,facial_emotion
bc95e84,mars_face
562ca6d,seagoing
982dfcd,electoral
1287951,driverless
2598037,mars_face
0f22798,facial_emotion
6354384,driverless
61c7b5a,venus
2c44bf1,venus
dae3018,driverless
d413b38,seagoing
ffab5f8,driverless
b431623,car_usage
cf043c2,car_usage
0d34dea,seagoing
06673c8,driverless
4e51f74,venus
5ed754b,mars_face
8c1fec4,venus
5e235b1,venus
720d191,driverless
7a2207b,venus
7e517f2,venus
f26cf95,facial_emotion
6ee0571,mars_face
9c60ce6,facial_emotion
4465d4c,mars_face
6fd79d3,driverless
5180207,electoral
b5cd4cc,electoral
5b74243,car_usage
328c079,facial_emotion
3ed7d45,car_usage
e907a55,venus
6a533ce,other
1d106d5,car_usage
90e8059,car_usage
c15c769,venus
15a5d60,other
e2dc569,car_usage
55e620e,driverless
5c90619,other
3d3a721,facial_emotion
19e85b7,driverless
f4b6426,seagoing
dabc74a,facial_emotion
5083ea0,seagoing
f7ae3a3,driverless
8c8c4c0,other
5f73006,mars_face
6535778,seagoing
7832599,car_usage
cceb8d1,venus
046efe7,mars_face
3834cd0,driverless
c72e753,electoral
5d6b525,electoral
77bf743,seagoing
4a8528f,driverless
da48df7,driverless
b15e94d,driverless
b1ea813,facial_emotion
7eaab02,mars_face
316c1b7,electoral
9bdaaa5,mars_face
39dca7f,mars_face
d16b46c,mars_face
ec4505d,other
ad14587,driverless
47b0dbe,seagoing
b19e4c2,driverless
8b5116e,mars_face
29b872f,car_usage
b6ebe79,driverless
1cbe5ec,electoral
1174cd2,mars_face
c384cc2,mars_face
e32743b,facial_emotion
e044cc8,venus
a3d5702,driverless
8e8e950,venus
bd5b950,other
1c4d399,facial_emotion
01bb07c,electoral
4ad859a,facial_emotion
20cce9b,facial_emotion
e3d4dea,facial_emotion
7ba0526,driverless
947e3c9,electoral
12e08a3,venus
94c3802,car_usage
1614a93,seagoing
232c60c,venus
21cd93f,venus
039fed8,facial_emotion
4f06c54,facial_emotion
ee9a7bb,seagoing
0ff5475,car_usage
7a8d7c3,driverless
a7c39cb,seagoing
da4204b,driverless
14a6a23,mars_face
7b084d9,car_usage
e523f16,driverless
3508b1d,venus
4d6ac79,electoral
1cab2eb,electoral
2308e61,car_usage
7c2b775,car_usage
2f06170,facial_emotion
d48d0fa,mars_face
840ac5b,car_usage
01b9b63,facial_emotion
4e123c6,driverless
20383c7,car_usage
214e706,other
80b3474,driverless
970116e,venus
69fd284,facial_emotion
8cd77b3,car_usage
cb72ed0,venus
d018ccb,facial_emotion
151a2ea,mars_face
f5180f3,car_usage
b83f457,car_usage
fc2dcf5,electoral
290970a,driverless
1215ca0,driverless
d64db4d,facial_emotion
7cb248a,driverless
ef79a47,driverless
5060536,car_usage
e6f0a4b,venus
88de2df,driverless
dee76ef,car_usage
396b504,other
7473c7f,facial_emotion
c8e4d24,mars_face
8d82dec,venus
9ba5419,mars_face
d59dfb4,seagoing
3bd08c8,venus
296c49a,car_usage
4dce904,venus
73b4f4b,driverless
4b8ee35,venus
b019bb7,electoral
ebf137e,venus
32c653a,driverless
d4f2d1f,venus
91c35c5,other
757a6c3,seagoing
1237e4d,car_usage
37af7c5,venus
174b49c,seagoing
c0b222f,facial_emotion
6cff6ec,electoral
26c61e1,seagoing
6ed94f5,facial_emotion
bc3fd9e,seagoing
13724f7,facial_emotion
6e14611,facial_emotion
6bd66b3,electoral
5268f5e,mars_face
f72ac2a,electoral
3283240,car_usage
719648c,seagoing
d8f9c47,car_usage
a930223,other
e2c03e0,car_usage
12ec9ce,driverless
4b0827c,driverless
fc028a8,facial_emotion
1e0fde2,driverless
074b43d,electoral
f457fec,mars_face
5f2c330,electoral
f072fe3,mars_face
983df9c,facial_emotion
3833fd2,driverless
67e5706,driverless
ae173ca,mars_face
a3c0561,other
d699778,mars_face
651ed18,electoral
23129f8,other
56a82bf,venus
bd20056,driverless
9805145,venus
7f80bb9,electoral
53be578,electoral
e8a05dd,driverless
e801b3a,facial_emotion
a2f71d8,driverless
9c24e42,car_usage
a7b81d5,seagoing
dbcd1d3,car_usage
5586de5,other
36d39c8,mars_face
9ab4613,car_usage
ecd26ea,facial_emotion
c3c95ba,driverless
e402d72,car_usage
82af6a6,seagoing
4cd774a,mars_face
99d659c,car_usage
85225fe,seagoing
730a4ab,mars_face
4f93f72,venus
dca96ef,facial_emotion
d0b9036,other
2ed6c19,facial_emotion
bfdc096,facial_emotion
53ca0ab,mars_face
0b4b11b,seagoing
3eaa152,venus
84ac016,driverless
9732ebf,mars_face
a0702c7,driverless
59669b6,other
98d7bd2,car_usage
a323e3f,mars_face
032153a,car_usage
3f3ff43,mars_face
7fd135f,car_usage
9b9c990,electoral
7fdbd44,venus
aa95fab,facial_emotion
eee5716,car_usage
5056d44,other
c975bdf,driverless
fbd86c9,seagoing
3033717,facial_emotion
ba867f0,venus
aa5b031,electoral
c9759b7,driverless
99986d6,other
9647eef,facial_emotion
231a04e,other
68b3d6f,car_usage
24b2241,seagoing
4f57f96,driverless
a281c2e,venus
f5aa828,venus
7250fdd,mars_face
5cc4dcc,driverless
fd3de20,electoral
2c60d12,driverless
a7253b6,electoral
f687164,venus
9b8cfd9,seagoing
9959c22,other
1ce2f50,driverless
43bbaee,driverless
c8fb95a,facial_emotion
46983df,electoral
c9ba6e8,seagoing
96fc8c1,other
8a3e1c0,driverless
59421c0,facial_emotion
a4ff59c,venus
ad72f66,car_usage
93bb1d4,electoral
3676aa1,venus
3f4fcbb,driverless
44671da,facial_emotion
b3cbafb,facial_emotion
bc51914,facial_emotion
da5a8fd,mars_face
ec00b60,seagoing
ecf39d3,facial_emotion
ad394ea,car_usage
019e2c4,car_usage
fe153f2,other
4ea0b14,driverless
56c0a2c,facial_emotion
14f5af7,seagoing
e53ed3d,driverless
3241fbf,driverless
42e95b4,venus
0c059b2,venus
99c2931,driverless
1545f83,driverless
de6630e,mars_face
74a2b0a,driverless
fdb8a2f,car_usage
2e03c89,mars_face
90b6340,venus
4bc8914,other
1fd8cbc,facial_emotion
6f8372d,mars_face
4ffba77,driverless
c1bec39,car_usage
8ecf655,electoral
724f18c,electoral
05806ed,mars_face
b7a85c7,driverless
0d92fb8,driverless
0f1ab9c,driverless
29a0567,facial_emotion
497e049,mars_face
3adb427,other
426b7ff,other
bcedb66,venus
4e6d530,venus
ebb91e2,facial_emotion
84cf99b,facial_emotion
5ee3109,mars_face
59e7f71,mars_face
c506c89,other
ea918ff,mars_face
ab5f7d5,electoral
b8039a4,mars_face
6161472,driverless
25b80f6,electoral
3d89f86,facial_emotion
c140041,driverless
0667fd7,facial_emotion
ee5102a,venus
043e1a0,mars_face
2208f3d,electoral
c4fcfd3,venus
342eb36,facial_emotion
e25a788,venus
f5f7161,facial_emotion
ba1da6e,venus
d8d8de9,venus
c167aef,mars_face
177a7d7,facial_emotion
f4e06fb,seagoing
06633fa,other
e145336,driverless
dad855f,car_usage
6a20b37,facial_emotion
4a35d90,venus
f765c8c,mars_face
b67e056,venus
41dfd07,venus
f5a52d1,car_usage
14bc18a,driverless
6128748,car_usage
187ef81,venus
f21d872,venus
fa9b6e1,facial_emotion
899e64b,mars_face
af3fbe6,facial_emotion
3faada7,mars_face
9ebb468,driverless
984e996,car_usage
79d4a24,seagoing
4e0d459,driverless
72886e1,facial_emotion
c8d81fe,electoral
69f6608,venus
587c2e5,venus
9de4b03,driverless
2012c2f,electoral
a935042,venus
c30ef3f,other
0e03564,driverless
bf9e85d,mars_face
4009e22,mars_face
7f5acee,car_usage
a3a9ebd,driverless
0746d1a,other
e8c970f,venus
c84ddf6,driverless
6b00aa5,electoral
6058b9a,venus
ab8bca9,seagoing
c8a1b23,seagoing
dbd114e,facial_emotion
3f4103d,electoral
373a9dc,venus
3958fcf,venus
6eeaebf,venus
8505e01,seagoing
9a5435b,driverless
b47a3a8,car_usage
5f263a7,facial_emotion
c26a074,driverless
d2d5d91,driverless
3e23640,venus
e3f5cb0,driverless
6fdced4,venus
32ef59e,electoral
7a9a64c,driverless
5b8f591,venus
2b33dcc,facial_emotion
6db71d6,venus
d15c0e4,driverless
042dc86,other
cc24973,other
6ae7907,mars_face
1bc07ce,driverless
08dab5c,driverless
67981cb,facial_emotion
a11cb5b,seagoing
9d0d0ae,seagoing
16c2f13,facial_emotion
ccfbac7,venus
b127d0f,venus
1cf4ea5,other
45428e8,driverless
06333c3,driverless
bd0e1a1,facial_emotion
6ab7d0a,facial_emotion
1fbf8b4,mars_face
2c7af05,driverless
b60a3d8,facial_emotion
f225436,facial_emotion
cdc1cff,driverless
f5c3dd8,electoral
421ed60,facial_emotion
754690b,mars_face
3572116,seagoing
3adbfc3,mars_face
1fb0846,electoral
d9192d6,mars_face
a2db68b,venus
656b240,driverless
bd1167a,car_usage
2ca9101,venus
bef41bf,venus
12a1427,mars_face
6745748,driverless
46dd129,facial_emotion
e5491a4,venus
bb76300,other
dbcfa50,mars_face
642c585,mars_face
8fecc8c,other
edeec3e,facial_emotion
9ae8066,other
3111562,venus
14706c7,car_usage
2c8ea49,mars_face
556383d,facial_emotion
375c3d7,electoral
9e70c0b,electoral
995ea01,mars_face
1c8abcd,mars_face
409fa65,other
0c2f000,facial_emotion
dc5279a,driverless
6265245,car_usage
90a9318,driverless
0f4fadf,seagoing
7056339,car_usage
600df53,driverless
7b132ff,driverless
1651722,venus
3a7d684,driverless
e44fdbd,mars_face
706657b,driverless
c352a0a,other
f08abdb,mars_face
f22d50a,electoral
ebe2ce0,electoral
8a950d3,seagoing
cce806d,driverless
83cd86f,driverless
9e09cc5,seagoing
26fcefe,electoral
c561760,electoral
3c3e5dd,mars_face
ecbfb50,other
6abe373,facial_emotion
3df743d,venus
c602ff9,electoral
dbe4ae8,driverless
c376c72,venus
30b779e,facial_emotion
c7a806f,facial_emotion
0fe6787,car_usage
537fce7,venus
3a9c6cf,electoral
7c9b4fb,facial_emotion
192c7f5,facial_emotion
558e033,driverless
cc08072,driverless
dc436b2,venus
f81f43e,electoral
a708c0a,other
fad71e0,seagoing
43fb35c,electoral
cf6dc8a,mars_face
29d00ed,mars_face
d17dfc0,other
cd7d4a3,mars_face
ac84bac,mars_face
5f79786,other
703515b,facial_emotion
1991cce,other
bdb73d9,venus
8bee04f,car_usage
237beac,driverless
cf095da,facial_emotion
3af3bfb,driverless
e026924,electoral
09c97ba,venus
a81bb80,car_usage
65e7345,mars_face
5d1930b,driverless
150d761,venus
6a33f83,mars_face
8acf0ad,driverless
8f5a33a,seagoing
6bf664d,facial_emotion
762d2ae,other
4b037f4,car_usage
ed12c28,venus
719aa38,venus
8104655,other
18f9457,facial_emotion
f3ada19,driverless
55478b1,mars_face
f2bc006,driverless
f54a011,seagoing
4170883,driverless
f53b37e,facial_emotion
c7871eb,electoral
3267b54,electoral
ad3380a,car_usage
867ad09,driverless
8355126,venus
43fc6ff,venus
e0062db,facial_emotion
89f2ea4,mars_face
b06b61a,driverless
4c75b0f,venus
ab4d119,other
529c0eb,mars_face
09915db,venus
11d450b,venus
a952a62,mars_face
fe0dc2e,car_usage
4993cfc,driverless
18faa4d,electoral
31d9589,mars_face
025d46f,facial_emotion
2de9ae4,car_usage
d1ea482,mars_face
b05a300,other
c7930e4,driverless
afb761e,facial_emotion
d164714,mars_face
cde8ee7,venus
6c4d482,seagoing
894fbc9,driverless
16114c4,other
02f14c6,mars_face
30ff0f0,mars_face
7457ea1,car_usage
ecfadac,mars_face
4f489df,car_usage
e61599f,venus
26527d8,other
323b601,venus
57ba363,mars_face
7fa0ea9,facial_emotion
0a01969,driverless
47762a4,other
86f807f,venus
0c0b284,driverless
aac8ca7,electoral
a14c860,driverless
efa619f,venus
8e7dc34,mars_face
3baeae9,driverless
0a62a7a,car_usage
bb94c1d,driverless
1cc3ce2,electoral
8869eff,other
3d33d7b,electoral
dbe00b1,other
5190863,venus
4e05e94,facial_emotion
cb4c1e1,electoral
6aff675,mars_face
5d68fc2,driverless
b465df5,venus
3e1969d,mars_face
eb9c14e,car_usage
5719378,facial_emotion
b3340d9,facial_emotion
b414e20,seagoing
143ad9a,seagoing
6d73882,driverless
b4b79a0,electoral
8bddab9,facial_emotion
af5df6e,venus
09344c3,driverless
31f7cbe,venus
f5a96d1,mars_face
5415b21,car_usage
64cac95,other
b863a21,electoral
a889edc,driverless
40e6f7f,seagoing
e0f2b3c,seagoing
2c2bb64,venus
2e43333,driverless
d65808c,mars_face
e45d84b,driverless
f8c72b6,venus
1196de9,mars_face
15f9033,facial_emotion
68ea765,seagoing
9a6bbd2,driverless
747e866,seagoing
d67e3c1,venus
260eeff,driverless
d4407cd,mars_face
14b3ac5,driverless
8b08fad,driverless
54bd71d,other
69065dc,facial_emotion
2882fdb,driverless
5aa4f1a,venus
4a4fd10,electoral
0c13438,mars_face
15fa958,mars_face
f980746,facial_emotion
a964bc0,facial_emotion
801b999,facial_emotion
4333103,facial_emotion
bddcbac,car_usage
eee237d,electoral
691550e,venus
dadac5e,venus
0a0388e,electoral
19021fe,driverless
1ccde24,venus
84b7e1c,facial_emotion
632a0e8,seagoing
ee32183,driverless
1c8d415,driverless
bc650b8,venus
795b70b,seagoing
76edc07,electoral
8ef8fe2,venus
9504e97,electoral
a7efa1a,other
4599969,driverless
1ee7159,mars_face
b303cb0,electoral
b0be550,venus
e7c958f,driverless
93a78d3,car_usage
177febf,mars_face
fcbcc24,electoral
1ee7cb0,facial_emotion
60ffbdb,facial_emotion
eee7aca,electoral
012f8f0,venus
6027b51,facial_emotion
d842247,electoral
b63e093,driverless
ebc4033,mars_face
c291bb7,venus
d55811c,venus
6dea6b8,facial_emotion
bdb1446,facial_emotion
ad06321,driverless
a8c10ca,driverless
98bf153,facial_emotion
f4d0ca7,car_usage
d82e5cd,electoral
f37b69b,driverless
2290a15,electoral
705b7fb,other
a613efa,venus
04af97d,driverless
3ab54cd,facial_emotion
1d56a2d,venus
db2b98a,mars_face
1be148f,other
76019e0,venus
b65bc0a,venus
53b3fb9,other
bdea510,car_usage
1f7a4d9,venus
49ff6fb,electoral
1fe34e0,mars_face
9dadb53,mars_face
d0a986e,venus
57ed4ff,venus
a337cff,facial_emotion
ed14a8a,venus
f59c3a3,facial_emotion
cccaefb,car_usage
a90cacb,seagoing
739fc35,mars_face
2388754,mars_face
86a3a28,seagoing
a9c4db6,venus
86ae0eb,driverless
9016f48,electoral
3dd84ba,seagoing
09cc092,electoral
c8f48f9,driverless
c131d2e,facial_emotion
303e5c2,seagoing
16502ea,driverless
f20afb0,seagoing
4d0565e,electoral
308f712,mars_face
59f5500,driverless
aa514e3,venus
7b69af5,electoral
509f872,driverless
abe7f2a,mars_face
ef43d23,driverless
9f6d671,seagoing
96904d6,mars_face
5d86b93,facial_emotion
8fae37d,venus
603e4ec,driverless
88c60a7,other
2840b73,driverless
9fa1a58,mars_face
55214d4,driverless
bdd887b,driverless
9e6d437,driverless
559611b,venus
77539b9,driverless
a097c8b,facial_emotion
6d7e9e0,seagoing
bc0267f,driverless
1d5fe2b,car_usage
0acae1e,electoral
a1028ad,facial_emotion
3402605,mars_face
8a97609,facial_emotion
3f198e7,facial_emotion
82eba96,venus
f6ba968,mars_face
8386f57,seagoing
1d31ebd,facial_emotion
cdc6945,venus
1361418,venus
4e5f9f7,seagoing
f751be9,venus
3496a0a,mars_face
14df8e2,facial_emotion
eaf75d4,mars_face
853426d,mars_face
6c878f6,other
32b9fb3,electoral
61cd11c,mars_face
9251b3f,facial_emotion
5b3d385,car_usage
8c04088,facial_emotion
e5f23c3,electoral
5a7063a,car_usage
01c8f7a,facial_emotion
c4fd319,driverless
36b3126,other
4967255,other
4a5db0a,mars_face
396898a,facial_emotion
756b2c2,facial_emotion
a397eb1,electoral
75a30b4,driverless
b218810,venus
6688c12,facial_emotion
8a27323,driverless
2103089,driverless
858bec6,driverless
48ace7b,electoral
74d22bc,venus
72d5fea,venus
9a7288b,venus
7ea777f,facial_emotion
a3a4c11,facial_emotion
5713a82,driverless
2c75ee1,venus
c7f45ff,venus
fed66e9,venus
5295209,electoral
542ea94,venus
4632334,electoral
334d4b0,driverless
46bffef,seagoing
184b77b,electoral
96155d7,car_usage
30aed5f,mars_face
648d46e,electoral
83d9c89,car_usage
f95ae00,driverless
a1849d8,electoral
ec6fc82,driverless
0668f09,car_usage
4afbbfa,electoral
2510330,seagoing
c93db0d,driverless
01bd69c,facial_emotion
0d1dfcb,facial_emotion
59b0500,other
6278215,facial_emotion
5c7531b,car_usage
688f7ae,car_usage
2835045,seagoing
0b0644a,driverless
7a5185a,facial_emotion
90779cd,electoral
96c09c8,seagoing
fcc6203,driverless
aeea8fc,other
4faf2cc,facial_emotion
b888c7c,seagoing
19d7b55,electoral
c229648,other
fce1e83,mars_face
425325f,venus
3ce331d,other
c97615c,seagoing
4fbb5ee,other
f5b7bcf,electoral
d8a1d51,other
6ef2063,mars_face
565a109,mars_face
c6c30d3,driverless
32f4d4e,venus
3aea134,electoral
3aff9ea,electoral
cb90005,seagoing
15b7ad2,driverless
4032f7c,electoral
512072d,venus
81e4082,seagoing
6b2b7d4,driverless
6603499,venus
49b6cee,car_usage
a4e2b00,mars_face
282e717,electoral
39a1cc5,mars_face
10a3665,car_usage
bb44e30,venus
73dcfb0,venus
238702a,facial_emotion
27feddd,facial_emotion
10416ad,facial_emotion
6929797,driverless
f0cb9b2,electoral
8ef65cd,other
b086742,car_usage
e24bee7,driverless
0e73ffd,driverless
91e7a88,seagoing
377c773,car_usage
1c8c585,driverless
7cc82fb,seagoing
ada9687,mars_face
850fee6,electoral
aa59609,electoral
0f01b9a,car_usage
f843f05,driverless
eafa419,car_usage
0bb7573,mars_face
a32b014,other
71d3076,mars_face
cff51e5,driverless
096eae9,driverless
4200326,mars_face
62225f9,driverless
883a718,seagoing
4e9a19c,car_usage
a8b30ba,electoral
54260a3,venus
6597280,driverless
faaa141,mars_face
6f97075,facial_emotion
8c1c2c0,mars_face
b106837,car_usage
c092a11,electoral
df59066,facial_emotion
951728e,venus
4e4dd85,venus
45c449d,seagoing
5a04f5d,other
b6da4bf,facial_emotion
8acfd18,car_usage
6540816,driverless
735de2e,facial_emotion
5d7fc91,facial_emotion
106ec05,other
f1527d7,venus
f666b1d,seagoing
d2a3539,car_usage
b218e90,electoral
07492fd,facial_emotion
85c1eef,mars_face
40bdb19,car_usage
0719241,seagoing
266c5f9,mars_face
7c131fd,seagoing
df04de6,venus
59f0d46,driverless
f417b6e,car_usage
32ba187,venus
c8dd865,venus
5dfaa6a,driverless
e38f2ec,driverless
0e4855c,seagoing
d76797b,venus
486bd0c,mars_face
5c7a06d,seagoing
4dc8a00,venus
a2ed022,venus
9c138a6,mars_face
f492802,other
bb94198,venus
93a2d85,mars_face
e02d657,facial_emotion
83c6995,mars_face
3992f01,driverless
b971d15,mars_face
201f6a9,driverless
9f4fbfa,other
eb30a92,facial_emotion
547a912,facial_emotion
a0f9d33,driverless
8461f4b,mars_face
09f7d1f,facial_emotion
ebe4bd5,venus
cdb8035,driverless
12591b2,car_usage
cc77ea3,seagoing
dd565c4,driverless
c36e623,venus
57da88c,driverless
b961e76,electoral
1af678f,mars_face
228b34a,seagoing
4c06773,facial_emotion
a546e10,seagoing
e868006,driverless
a3127af,facial_emotion
ff108ca,mars_face
f4acdab,facial_emotion
5c8f827,driverless
faf644c,driverless
4ec6e7e,seagoing
1a98406,driverless
8133ef2,venus
9b46cdb,car_usage
5123248,other
540e96c,driverless
e5c5136,driverless
94f1637,electoral
cc18f2f,mars_face
c529e2c,venus
1d14e6c,facial_emotion
8f31486,venus
11ece20,facial_emotion
903716b,driverless
499367b,driverless
482ef5c,seagoing
797e976,electoral
781dec8,facial_emotion
77bf5ff,driverless
6268928,electoral
39e422c,electoral
59dcb0c,facial_emotion
a8e26b6,driverless
7b844a4,seagoing
ea3d2d2,venus
0c2f27d,driverless
c77e108,car_usage
d74a2c4,other
eb564e5,venus
4f0d3bc,seagoing
7dc1904,driverless
122fa32,car_usage
4f2f54f,mars_face
d3bee4b,venus
c48d027,electoral
de607a9,car_usage
c161ff3,driverless
e2cc716,electoral
3dcfa42,mars_face
dd64f5b,other
528fa4d,venus
3fccfd5,driverless
d1cf792,facial_emotion
9642b7f,mars_face
618261b,electoral
c284907,mars_face
bd12d53,car_usage
caf5cc2,facial_emotion
a478f42,venus
96c77d6,driverless
eae9baa,electoral
192dd1b,mars_face
ef4b096,mars_face
56efbd2,facial_emotion
90d13f9,seagoing
819f0be,facial_emotion
d078970,driverless
2c157d1,electoral
ded1371,driverless
a8eb3f5,facial_emotion
8a3f874,driverless
39fa947,other
d2d299b,mars_face
8a9e3a3,electoral
68eae4a,facial_emotion
c02aca0,venus
41b695b,car_usage
b61aeaf,mars_face
f075e71,mars_face
90925e4,electoral
b278351,electoral
d76a09e,venus
baf92ad,facial_emotion
34bc6c6,seagoing
5a26bdd,seagoing
9921ad6,driverless
a3f6028,mars_face
8172a02,facial_emotion
f0cb8d2,electoral
e0a4c42,driverless
2fbed21,driverless
fbee000,facial_emotion
0c8a07d,seagoing
0bfeec7,car_usage
96a2966,driverless
dfc4155,venus
257a5bc,driverless
1ca992d,driverless
4843b47,facial_emotion
4b8a067,facial_emotion
20e8865,venus
5a6ac21,mars_face
6727533,electoral
5d147d6,facial_emotion
2b3f2d8,driverless
987afbf,venus
fc8bb35,driverless
d7b6d6c,seagoing
64d48ae,driverless
e99aa60,electoral
cfae4f9,facial_emotion
c0f48f0,facial_emotion
919cc62,mars_face
28e9a88,driverless
