essay_id,score,words,paragraphs,characters,words_unique_ratio
663d2cf,3,259,4,1461,0.61003861003861
3a20bfb,2,286,5,1550,0.4370629370629371
6adae64,3,218,3,1212,0.4954128440366973
c81ccdf,3,394,5,2010,0.4263959390862944
9549d7f,3,568,2,3282,0.43485915492957744
15992f4,3,392,8,2084,0.49489795918367346
1b7e42c,1,508,7,2706,0.4881889763779528
e06d5d9,3,283,4,1513,0.5371024734982333
a779bc6,4,402,8,2271,0.5223880597014925
6a5eec3,5,721,7,3954,0.43134535367545074
591c12a,3,459,4,2342,0.4335511982570806
7a59c2c,5,514,5,2886,0.4961089494163424
3dad742,3,305,4,1606,0.5344262295081967
49e0d87,4,442,4,2458,0.497737556561086
3e9eed3,2,281,4,1621,0.5551601423487544
4b705ea,3,352,5,1820,0.4431818181818182
ae6d438,2,198,2,1073,0.6262626262626263
7d9d6fe,4,515,7,2844,0.5145631067961165
48515c1,2,227,3,1200,0.5154185022026432
a7fe09a,3,274,3,1514,0.5109489051094891
e72915b,3,294,3,1646,0.5034013605442177
b3ab1d1,3,237,4,1366,0.5822784810126582
2dc0b75,3,382,3,2129,0.43455497382198954
9f5b732,3,303,4,1769,0.49834983498349833
ae9e460,3,246,3,1300,0.5691056910569106
f3c4832,4,523,6,2721,0.4225621414913958
04dbd25,4,568,3,3290,0.47183098591549294
4e0b72a,2,333,4,1838,0.4954954954954955
1f48e7a,3,363,8,2156,0.4738292011019284
3a737b0,2,201,1,1094,0.6218905472636815
e7401c2,3,249,3,1327,0.5662650602409639
a8eef6d,2,203,3,1119,0.6354679802955665
c51614c,2,255,4,1428,0.5607843137254902
cd4462c,2,199,13,1101,0.5778894472361809
138ecab,4,457,4,2306,0.4223194748358862
3ec8931,5,686,12,3895,0.5087463556851312
b01c708,5,514,5,2910,0.4143968871595331
72243bf,3,325,4,1832,0.5107692307692308
31dfb5f,3,243,4,1545,0.6378600823045267
628c245,3,477,1,2622,0.5723270440251572
2d454ec,2,238,3,1340,0.5126050420168067
7e6ee52,2,215,4,1216,0.5906976744186047
201fd9c,2,215,4,1232,0.6465116279069767
4896b87,2,277,3,1450,0.5306859205776173
34f9d3c,3,392,5,1936,0.44642857142857145
15365fa,4,416,5,2408,0.3942307692307692
e9b0d70,4,512,5,2715,0.408203125
f5875b9,2,211,6,1231,0.5781990521327014
f83a610,4,413,5,2345,0.3801452784503632
ea2449f,5,808,11,4833,0.5
4a1ccd9,2,241,10,1325,0.4730290456431535
7a6088e,3,324,2,1639,0.39814814814814814
f458714,5,549,5,3093,0.44990892531876137
26a1960,3,369,6,2172,0.43902439024390244
c906156,3,338,4,1861,0.5443786982248521
1da8f12,5,819,7,4740,0.4700854700854701
eb74063,3,584,4,3392,0.4589041095890411
50fbd98,2,181,3,1027,0.6353591160220995
39f503f,3,226,3,1197,0.504424778761062
4bb4988,4,399,5,2393,0.45363408521303256
0e2b2aa,2,303,4,1515,0.49834983498349833
6f38e1a,4,473,5,2802,0.47568710359408034
213f458,4,530,6,3030,0.4660377358490566
2e01bf8,3,492,19,2823,0.5142276422764228
c0ff8e8,3,342,4,1966,0.5350877192982456
b1ae3e4,3,435,20,2527,0.4942528735632184
5af1f7c,3,409,5,2535,0.589242053789731
c43fc51,4,409,5,2457,0.4743276283618582
d95597f,4,394,6,2117,0.5
e85ff31,2,381,5,2023,0.4881889763779528
10dbcec,3,513,5,3078,0.4580896686159844
ad846b2,2,316,3,1893,0.6613924050632911
b06b493,4,460,6,2487,0.47391304347826085
0347bb4,3,221,3,1250,0.5610859728506787
1cc6247,3,218,10,1168,0.6376146788990825
5024f22,3,303,4,1659,0.5115511551155115
2706317,4,588,6,3321,0.4489795918367347
8f50f17,2,288,10,1699,0.6145833333333334
752878d,4,388,4,2219,0.5
87cd32d,5,545,8,3076,0.44403669724770645
3d34e69,3,436,3,2515,0.3944954128440367
43c5cb6,2,179,2,1028,0.6759776536312849
2645e39,3,333,4,1885,0.46546546546546547
94e8b11,2,212,5,1115,0.5801886792452831
7736261,1,190,3,1034,0.6842105263157895
9d31789,2,205,3,1115,0.5951219512195122
9baa424,1,173,2,966,0.6473988439306358
f267c3d,5,850,5,5031,0.4541176470588235
29851d7,2,271,5,1497,0.45387453874538747
2853974,3,268,4,1472,0.6007462686567164
e209f98,3,430,4,2394,0.5116279069767442
3294135,3,219,5,1228,0.5068493150684932
6d3ed36,2,164,5,908,0.4878048780487805
2d7e6e9,2,205,3,1064,0.5317073170731708
6c557af,2,228,4,1271,0.5701754385964912
09a04e4,4,529,5,2905,0.4499054820415879
f831bab,1,174,9,1158,0.6379310344827587
0305a15,1,164,3,850,0.5975609756097561
f932640,4,547,5,3299,0.4753199268738574
bc6ca3b,2,217,1,1158,0.5714285714285714
f357d17,2,204,4,1123,0.5343137254901961
9a12acf,4,453,4,2541,0.5342163355408388
4d0c575,2,243,3,1481,0.5390946502057613
0d20e93,2,213,2,1178,0.5774647887323944
ccbecd2,2,234,3,1303,0.6111111111111112
fa35821,2,292,1,1532,0.4931506849315068
a125389,4,378,4,2295,0.5555555555555556
9f3ee0d,2,226,3,1260,0.5663716814159292
1125efc,3,386,3,2157,0.43005181347150256
7ab444a,2,244,5,1283,0.5
821138b,4,389,5,2168,0.45758354755784064
e60066e,3,247,3,1376,0.5789473684210527
031ab01,4,659,5,3619,0.4006069802731411
2171ee8,2,479,4,2365,0.3757828810020877
e99ab9d,2,157,3,820,0.535031847133758
615020b,3,433,5,2550,0.5542725173210161
9300f5b,3,634,6,3920,0.44637223974763407
932fe56,2,311,4,1831,0.4790996784565916
4e1e89d,3,361,8,2147,0.5235457063711911
94135e7,3,397,7,2513,0.6297229219143576
ea1734a,2,246,3,1360,0.5934959349593496
bb7cf0c,2,212,1,1132,0.6037735849056604
f02d98f,2,170,3,925,0.6588235294117647
a14ed8f,3,220,4,1393,0.509090909090909
35f642a,2,287,5,1476,0.44947735191637633
c342e55,2,163,3,895,0.6012269938650306
1c03444,3,382,4,2016,0.5418848167539267
e094603,3,379,5,2089,0.5303430079155673
4ebd88f,4,577,6,3333,0.4748700173310225
33c632a,4,455,4,2666,0.45714285714285713
683ad7f,3,232,3,1374,0.6594827586206896
f3ab2bc,5,569,3,3367,0.4797891036906854
b0d4bff,2,210,6,1186,0.6238095238095238
5a1d913,4,475,5,2589,0.4442105263157895
7e123c1,4,495,4,2925,0.5252525252525253
91ad483,4,493,11,2924,0.5152129817444219
6d696a5,5,505,6,2961,0.5148514851485149
4d605cc,3,270,4,1479,0.4777777777777778
2ec9e00,3,284,8,1584,0.5140845070422535
efe2c12,4,370,6,2078,0.5594594594594594
8a60615,2,371,2,1879,0.5094339622641509
9be40af,4,551,7,3319,0.4047186932849365
d869f96,3,359,2,1832,0.45125348189415043
4c33872,3,235,3,1397,0.5872340425531914
00cb5dc,2,187,2,1076,0.5721925133689839
668973f,3,379,4,2001,0.43535620052770446
5687d29,1,232,3,1209,0.5862068965517241
25bb264,5,639,10,3730,0.5242566510172144
bfd4a19,3,441,10,2546,0.5328798185941043
6c7fc93,2,323,1,1743,0.5263157894736842
37e9bc5,2,202,3,1154,0.5495049504950495
892efa3,4,337,5,1994,0.5133531157270029
9504a2b,3,337,5,2227,0.5311572700296736
6fb84c0,2,259,4,1355,0.5598455598455598
294affa,4,436,6,2516,0.4793577981651376
088fd5c,4,600,6,3252,0.5283333333333333
4c1784e,2,222,3,1228,0.5540540540540541
7d8ddf0,4,578,6,3339,0.3408304498269896
f4c1321,2,193,2,1060,0.6062176165803109
e1f561b,3,335,4,1909,0.49850746268656715
e528ae4,4,383,4,2375,0.577023498694517
c7bc7d4,3,384,5,2073,0.4401041666666667
b82eed9,2,165,5,902,0.6848484848484848
abd1c6d,3,281,4,1621,0.6263345195729537
e6cfc5d,2,227,1,1077,0.5022026431718062
f176d2e,3,245,3,1471,0.5918367346938775
e18c6e9,4,500,4,3084,0.51
d617cf4,4,483,5,2677,0.45134575569358176
1c3468c,3,236,4,1163,0.5127118644067796
61d3a3a,4,465,6,2689,0.46021505376344085
022b620,2,262,2,1442,0.6335877862595419
59f3a62,3,451,5,2512,0.43458980044345896
7ff0200,3,257,5,1419,0.5058365758754864
5a87202,3,276,5,1389,0.5072463768115942
8885181,4,295,4,1624,0.5830508474576271
27427c9,2,299,2,1548,0.5083612040133779
c7e42ce,3,483,7,2514,0.4575569358178054
01b55c8,4,821,10,4461,0.4299634591961023
8a526cd,4,560,4,3008,0.3678571428571429
91d5de5,6,727,5,4337,0.4016506189821183
5df9875,4,607,5,3269,0.4958813838550247
50ce20c,3,337,5,2066,0.6201780415430267
e701cf8,3,506,5,2683,0.3794466403162055
6598ef5,1,239,1,1392,0.698744769874477
55a48e1,2,413,5,2138,0.43825665859564167
bad6c34,5,625,5,3399,0.3312
413fa86,2,249,5,1311,0.5341365461847389
ad0a779,3,464,5,2684,0.5
7cb938c,2,172,4,936,0.5930232558139535
3333188,1,415,1,2488,0.5373493975903615
23b0b0f,3,373,5,2066,0.42359249329758714
b5962cc,1,460,7,2752,0.6543478260869565
9e34d7d,2,358,3,1888,0.4776536312849162
93fee24,3,427,3,2399,0.4847775175644028
2c5309d,4,492,6,3013,0.4329268292682927
94271ab,2,254,4,1245,0.44881889763779526
0df054c,3,375,6,2013,0.47733333333333333
6657141,4,444,6,2500,0.43243243243243246
0264158,3,307,3,1698,0.48534201954397393
6770d94,3,496,7,2745,0.5201612903225806
6231af7,1,336,6,1869,0.5446428571428571
d321e59,4,546,5,3277,0.5439560439560439
f6b60ee,2,154,1,866,0.5844155844155844
69f310c,3,300,4,1762,0.4266666666666667
22955c4,5,450,6,2698,0.54
1482f42,3,392,6,2073,0.3239795918367347
347f9d9,2,222,2,1329,0.5585585585585585
e0d868d,4,515,15,3141,0.44660194174757284
c23bb92,2,508,3,2882,0.59251968503937
2ae4810,1,256,2,1395,0.4609375
c0ada9f,3,327,3,1771,0.5015290519877675
3aed042,3,257,6,1389,0.6498054474708171
be8ce73,1,225,4,1193,0.5822222222222222
b937932,3,474,5,2495,0.39662447257383965
54605eb,3,178,3,1067,0.6629213483146067
9ee0e40,2,232,5,1326,0.5258620689655172
a901570,4,580,6,3586,0.5396551724137931
1fcd324,2,193,4,1124,0.6683937823834197
433b244,4,414,5,2318,0.5048309178743962
bc84140,3,491,6,2608,0.4378818737270876
c10455f,3,440,3,2464,0.4409090909090909
4df2f42,2,167,2,919,0.5988023952095808
d093ede,1,338,5,1938,0.5887573964497042
4146edb,4,429,5,2434,0.4568764568764569
764530d,4,396,6,2327,0.5151515151515151
4170511,3,216,5,1127,0.4722222222222222
e2f5624,6,939,6,5521,0.40042598509052185
1c5a11c,3,277,5,1551,0.5667870036101083
3886ce6,4,324,5,1878,0.47530864197530864
a6733fa,3,370,5,2131,0.4945945945945946
61c5216,3,333,3,1834,0.4894894894894895
00b2fe2,4,420,5,2300,0.4976190476190476
37e497f,3,343,5,1869,0.5160349854227405
bd846c7,1,190,3,934,0.5421052631578948
12095b2,3,264,6,1509,0.5265151515151515
d0776b6,3,225,4,1313,0.6088888888888889
ee957f3,5,569,6,3514,0.4991212653778559
bef1ed0,2,246,4,1394,0.5650406504065041
c930fa2,3,301,3,1622,0.584717607973422
15e8c3a,4,514,5,2781,0.4163424124513619
2440f97,2,256,3,1348,0.5234375
2199b5e,4,415,6,2567,0.5204819277108433
1859a6b,3,295,6,1777,0.6
22ed5ef,4,500,5,2896,0.436
0ad0588,3,438,5,2577,0.4703196347031963
2ea91d5,4,436,5,2651,0.49311926605504586
2e78299,5,527,7,2651,0.4250474383301708
d08a5ef,3,270,3,1618,0.44814814814814813
4ed1e03,3,459,5,2529,0.5119825708061002
0ded4da,3,527,12,2781,0.43833017077798864
1b1975b,5,854,5,5072,0.3911007025761124
8b7fcc4,4,574,6,3144,0.445993031358885
0e82e35,4,499,8,2693,0.40480961923847697
7e22c6c,2,335,32,1815,0.5611940298507463
3cf0e6c,4,503,6,2875,0.441351888667992
f953262,2,242,4,1286,0.5785123966942148
4f661ce,2,417,4,2466,0.4892086330935252
768ecbe,5,704,6,3862,0.4090909090909091
85f4c1a,2,312,6,1522,0.5
b90f1b5,4,432,7,2570,0.4837962962962963
7d69fe9,4,612,6,3388,0.5081699346405228
129f4b5,4,481,5,2483,0.43243243243243246
e9e1f6a,4,394,6,2276,0.49746192893401014
45a3758,3,494,10,2911,0.5465587044534413
1bb0b2b,2,277,10,1562,0.5631768953068592
c6de3c2,4,532,1,2844,0.46616541353383456
b1bd537,3,403,5,2148,0.4491315136476427
4c28b83,4,574,5,3255,0.5365853658536586
a678979,5,543,5,3159,0.45119705340699817
815b88f,4,294,5,1847,0.5136054421768708
c6490ff,4,444,5,2355,0.5112612612612613
fa29e92,1,196,1,971,0.39285714285714285
ceec53f,3,271,5,1569,0.6051660516605166
2126db8,3,314,4,1699,0.5127388535031847
81eaec9,3,290,3,1549,0.49310344827586206
a549027,2,534,4,2970,0.5168539325842697
44bde0e,1,362,16,1863,0.5552486187845304
9853a17,2,522,3,2725,0.4425287356321839
b4945b9,3,257,4,1505,0.5136186770428015
077acd9,3,454,6,2741,0.5440528634361234
57649d1,3,433,5,2595,0.4018475750577367
09b7da8,2,177,2,940,0.559322033898305
d9d981c,3,461,6,2507,0.4685466377440347
fef9131,3,288,4,1729,0.5590277777777778
e2c2e20,3,388,4,1956,0.44329896907216493
b80959a,4,523,6,2978,0.491395793499044
be9f270,4,459,6,2702,0.4444444444444444
6f38206,2,297,5,1567,0.31986531986531985
ccf34f3,2,219,3,1166,0.5662100456621004
7136a44,4,481,5,2704,0.45114345114345117
5d09d49,4,317,4,1737,0.6277602523659306
a3c0f35,2,270,8,1535,0.5555555555555556
d836e6e,3,317,5,1794,0.45110410094637227
8a52d1e,4,510,6,2903,0.49607843137254903
591c21a,3,563,5,3294,0.4991119005328597
80828df,4,319,5,1840,0.5172413793103449
4b21cc0,3,506,5,2715,0.5019762845849802
137675c,2,211,2,1209,0.6113744075829384
57bd6d9,2,294,4,1723,0.5170068027210885
4cea9bb,3,308,3,1653,0.5
0d2070c,6,549,5,3128,0.4225865209471767
65aaead,4,348,5,1976,0.5258620689655172
b387c56,4,489,5,2675,0.4703476482617587
bb18184,2,320,5,1639,0.4375
24046b8,4,530,5,2937,0.5433962264150943
8de2ee2,2,199,3,1024,0.5477386934673367
7d48bb8,3,330,5,1774,0.4909090909090909
577fa76,5,680,4,3960,0.45441176470588235
f61050c,2,264,8,1538,0.5189393939393939
c7f9f5e,4,379,4,2012,0.38258575197889183
3db2fd4,2,292,1,1538,0.5856164383561644
596c46a,5,537,10,3053,0.521415270018622
9aef82b,4,550,8,3269,0.5472727272727272
3bb67ff,2,201,1,1078,0.6019900497512438
6ae483f,3,202,4,1087,0.6534653465346535
ac756fd,3,252,6,1323,0.5277777777777778
9ebd4a9,2,248,4,1502,0.6088709677419355
55f64de,2,450,8,2424,0.43555555555555553
875b4d0,2,207,1,1237,0.6135265700483091
0f87684,3,472,5,2554,0.4555084745762712
0a0d3b4,4,391,5,2190,0.6010230179028133
e5d2529,3,328,4,1926,0.5396341463414634
92b8c17,4,388,6,2103,0.44072164948453607
3714edf,1,185,4,950,0.6054054054054054
c8ebe7a,1,302,4,1859,0.6225165562913907
6b9b40e,4,431,5,2438,0.5406032482598608
3b564b2,3,284,4,1606,0.5809859154929577
8d80c00,2,219,4,1127,0.5753424657534246
72f8e27,4,422,5,2615,0.5592417061611374
05c4acd,2,227,5,1625,0.5418502202643172
1eab2e8,4,379,5,1966,0.525065963060686
1e26ea8,4,474,7,2460,0.4430379746835443
86cc1c1,2,396,5,2071,0.4621212121212121
ee28754,2,195,4,1210,0.5282051282051282
69890f9,4,436,6,2491,0.5137614678899083
c90aba8,4,382,5,2164,0.5523560209424084
4f693d5,3,241,3,1364,0.4979253112033195
3194f6f,4,420,6,2504,0.45476190476190476
0613e60,3,345,4,1682,0.4463768115942029
5183644,4,525,5,3107,0.4095238095238095
ecb977a,4,371,7,2191,0.6495956873315364
cbc7fbb,4,481,5,2611,0.5051975051975052
f064912,4,305,5,1714,0.5672131147540984
6aeb5e8,5,664,5,3722,0.3885542168674699
a0d4f2b,2,328,6,1736,0.47865853658536583
9ba4406,2,155,4,822,0.6645161290322581
b02e983,2,185,2,993,0.5243243243243243
6d23209,5,533,5,3075,0.4709193245778612
1fd270c,3,599,5,3430,0.42070116861435725
9851276,1,451,8,2197,0.4190687361419069
ca42365,1,154,1,11788,0.525974025974026
03d074f,4,406,7,2346,0.4605911330049261
2ab0ffc,5,815,5,4478,0.3914110429447853
8802ec4,2,302,3,1629,0.4966887417218543
e0ebf63,3,419,21,2370,0.513126491646778
eee850d,3,316,3,1612,0.48417721518987344
6264a57,2,239,2,1355,0.5355648535564853
2d1a806,2,268,4,1516,0.5410447761194029
15a4102,3,375,4,2090,0.5253333333333333
da6ba15,5,574,7,3406,0.4564459930313589
ca18c09,5,662,7,3786,0.36253776435045315
7a80a79,4,344,3,2100,0.5290697674418605
2c5e0fd,4,566,5,2885,0.32332155477031804
bdaf17b,4,488,5,2561,0.3770491803278688
f6dea82,2,265,4,1378,0.5886792452830188
f2427df,2,218,3,1064,0.5321100917431193
f4bd162,2,177,4,945,0.5084745762711864
774e049,4,1136,15,6175,0.375
894104e,2,209,3,1256,0.6794258373205742
d669dab,1,201,4,1150,0.5970149253731343
90d716e,2,586,4,3533,0.5443686006825939
e3aad5f,1,210,6,1245,0.680952380952381
189a584,4,415,5,2298,0.40240963855421685
bffe0e1,3,528,20,3159,0.44507575757575757
f8a37b4,3,351,6,1995,0.5213675213675214
70cf70a,5,806,3,4660,0.43300248138957814
1a30445,2,267,4,1444,0.49063670411985016
d9503fa,5,604,6,3360,0.3609271523178808
3ed4755,2,158,1,772,0.5
3e7e439,3,202,5,1062,0.6039603960396039
a424880,4,657,5,3671,0.4855403348554033
13554fc,3,334,4,2074,0.5329341317365269
440261d,3,439,31,2266,0.4305239179954442
fd4c8f9,2,360,5,2097,0.5111111111111111
799dcff,4,439,3,2738,0.5125284738041003
5f459f9,4,376,3,2126,0.5425531914893617
22fa8b0,3,390,5,2109,0.49743589743589745
f4f3ff2,2,303,5,1660,0.47854785478547857
18865e7,5,468,4,3001,0.43162393162393164
0906ee2,5,657,6,3897,0.487062404870624
4e6c7ed,4,326,7,2115,0.50920245398773
64f557b,2,243,4,1285,0.5308641975308642
4a481e0,3,335,5,1834,0.44776119402985076
5e44275,3,277,2,1613,0.5776173285198556
0786ec3,3,272,7,1454,0.5330882352941176
33a2f77,2,294,14,1721,0.5544217687074829
14675ef,4,426,5,2355,0.4765258215962441
f3ac428,3,368,5,2174,0.5896739130434783
350a223,2,240,4,1434,0.5625
39ed025,3,453,5,2452,0.4768211920529801
b3c5b67,4,521,4,2718,0.4126679462571977
bf046f8,3,433,6,2403,0.5196304849884527
e84514e,3,393,7,2322,0.5165394402035624
3b755b3,6,687,6,4096,0.4890829694323144
b9e2f51,1,168,3,904,0.5892857142857143
450aa09,5,622,6,3705,0.49517684887459806
c1500e3,3,385,4,2135,0.4701298701298701
3130ac1,4,394,5,2277,0.3934010152284264
1d38f14,4,621,5,3199,0.4251207729468599
194ce55,3,322,3,1770,0.4937888198757764
77a962b,2,445,1,2396,0.39101123595505616
d379e1c,3,478,6,2552,0.4100418410041841
0f18dcd,4,454,6,2445,0.42070484581497797
a20d4fb,4,598,5,3297,0.451505016722408
7a34bee,3,403,3,2180,0.5235732009925558
fb23988,2,182,5,1058,0.6153846153846154
0581013,2,261,3,1355,0.47509578544061304
70ad9b7,3,472,4,2964,0.538135593220339
d48708a,2,301,4,1776,0.5980066445182725
bd55f1f,2,218,6,1284,0.5091743119266054
839c4b1,3,320,5,1786,0.4375
5e7814c,4,326,6,1945,0.558282208588957
56c8283,3,299,4,1750,0.5618729096989966
75a5226,2,246,3,1409,0.5975609756097561
721fac1,6,603,4,3439,0.4527363184079602
25e0b3f,2,201,3,1145,0.5920398009950248
86ca13f,4,446,4,2547,0.5134529147982063
8de1ffb,3,343,5,1933,0.5393586005830904
3745735,3,271,4,1398,0.5276752767527675
8592385,3,361,5,2090,0.43213296398891965
21a4446,5,446,4,2731,0.5
4b96296,1,456,5,2657,0.5570175438596491
7b199f3,3,355,5,2074,0.43380281690140843
f6deba9,1,363,4,1778,0.5068870523415978
86e1ed1,1,275,4,1426,0.52
fa10fcc,3,429,5,2365,0.5058275058275058
e2f214c,3,350,4,2144,0.4542857142857143
4d6a8a9,4,672,5,3890,0.375
9cb54ea,2,281,9,1439,0.45907473309608543
cdf4b4f,4,464,3,2744,0.5560344827586207
6d0b106,3,386,3,2032,0.4274611398963731
b1d5362,1,170,1,832,0.5823529411764706
e0dc585,2,270,4,1408,0.6074074074074074
ea1e99d,3,388,5,2159,0.5180412371134021
df12ef4,3,393,5,2294,0.5419847328244275
b185c75,4,639,5,3682,0.47104851330203446
9f32834,3,465,6,2663,0.4731182795698925
945518e,4,395,5,2268,0.4177215189873418
0226c11,3,363,4,1940,0.4022038567493113
da6b44d,3,263,7,1447,0.6387832699619772
c0aa325,5,822,5,4813,0.4124087591240876
adeefca,4,559,4,3348,0.5742397137745975
642fdbc,3,488,5,2445,0.45491803278688525
9547f0c,2,308,7,1566,0.487012987012987
d95518f,3,697,6,4287,0.5308464849354376
ba2d03b,4,396,6,2339,0.398989898989899
04cecb6,3,434,5,2348,0.47465437788018433
b81f18a,3,271,3,1504,0.5977859778597786
a966992,2,156,1,896,0.6474358974358975
5dae838,4,496,5,2901,0.49798387096774194
d1fd261,2,206,3,1111,0.6116504854368932
f92f950,1,226,3,1290,0.5707964601769911
412350e,4,539,6,2934,0.45269016697588127
988f23b,4,553,4,3266,0.47739602169981915
1e3e3ac,2,198,5,1137,0.5050505050505051
e797523,2,181,4,1005,0.6298342541436464
21c91d4,3,289,5,1569,0.5190311418685121
3d098ec,6,628,4,3401,0.37261146496815284
2ee1a20,4,309,6,1688,0.5275080906148867
a56bdf8,4,404,8,2195,0.5297029702970297
d780971,1,257,1,1270,0.5525291828793775
dbb5b58,3,465,10,2355,0.3913978494623656
78c495d,4,382,6,2135,0.5445026178010471
f412fcf,2,418,16,2095,0.42822966507177035
9862595,3,339,4,1810,0.5221238938053098
3b882f2,1,160,1,876,0.61875
ac4848b,2,328,3,1972,0.6128048780487805
ee3303c,2,425,5,2138,0.48705882352941177
45174e2,3,496,3,2529,0.4254032258064516
aa23394,2,176,3,947,0.625
1944939,3,261,5,1459,0.49808429118773945
165914d,5,546,6,3143,0.48717948717948717
2d6f640,2,260,4,1366,0.5923076923076923
93e44b2,2,207,3,1166,0.7198067632850241
5b81dcf,5,472,5,2780,0.4597457627118644
44cc40e,3,431,5,2379,0.4176334106728538
8a9d6ce,3,259,4,1341,0.5752895752895753
d20e3ae,3,302,4,1572,0.4602649006622517
3f75229,5,802,7,4648,0.42768079800498754
423a7ea,5,629,5,3502,0.3640699523052464
2e622ff,2,183,1,890,0.5683060109289617
6ec8d64,2,260,5,1563,0.6730769230769231
8be1708,2,248,5,1503,0.6008064516129032
b12bf8c,2,274,1,1363,0.5364963503649635
8ef6b25,2,207,3,1129,0.5362318840579711
16d22a1,4,462,4,2761,0.5757575757575758
3072ba3,1,286,5,1546,0.5734265734265734
9a726e0,3,393,4,1952,0.3842239185750636
fca3e76,2,238,3,1341,0.5714285714285714
c5e85f4,2,252,4,1332,0.5595238095238095
5945c3f,3,416,4,2362,0.5625
629451d,2,374,3,2042,0.49732620320855614
8323832,4,459,5,2634,0.485838779956427
7a1b4b5,3,392,3,2254,0.5229591836734694
8e08170,2,239,3,1333,0.6610878661087866
bb9e309,4,384,5,2373,0.5494791666666666
bb515f8,4,480,4,2656,0.4395833333333333
1de8098,3,318,5,1786,0.5125786163522013
d116833,3,279,6,1514,0.5878136200716846
11aa299,3,447,4,2378,0.5413870246085011
977edb4,5,706,5,4310,0.41076487252124644
3562b27,3,312,6,1804,0.5801282051282052
6d19518,3,267,4,1564,0.5617977528089888
c00fcbf,3,402,5,2329,0.5298507462686567
7dfccab,2,372,3,2039,0.478494623655914
6992ea6,4,560,5,3059,0.4446428571428571
bdef797,2,215,1,1230,0.6046511627906976
30618ce,4,526,5,3169,0.48859315589353614
83cec1c,2,233,3,1224,0.5364806866952789
40b7257,2,206,3,1131,0.529126213592233
2d9199c,3,350,3,1908,0.5171428571428571
a3e37e8,4,528,6,2783,0.3712121212121212
47875cb,3,296,4,1755,0.46959459459459457
d84a404,3,313,4,1741,0.6006389776357828
5a4ec55,3,257,5,1407,0.603112840466926
c0d4f9b,3,249,3,1343,0.5582329317269076
37d7bfc,3,357,5,2133,0.5910364145658263
bab8e9f,5,748,5,4299,0.4625668449197861
e1729b5,1,234,2,1244,0.6153846153846154
97f6c27,2,271,3,1533,0.5571955719557196
ea9c6be,3,393,3,2001,0.4681933842239186
d8c4ec2,1,399,3,2193,0.5213032581453634
6c991ab,3,384,4,2205,0.5859375
32303e8,3,422,4,2482,0.4431279620853081
d032c34,2,298,4,1633,0.6040268456375839
d17b0a8,4,505,4,2852,0.4772277227722772
619e69b,1,245,3,1494,0.7020408163265306
8b61136,4,345,5,2112,0.4956521739130435
4c4f8f8,2,263,5,1582,0.5817490494296578
628797a,2,206,3,1011,0.5388349514563107
0ea84b1,2,185,3,964,0.6108108108108108
b1a6f2b,2,231,4,1199,0.4935064935064935
a93bfb5,3,438,9,2433,0.5365296803652968
17031a2,2,158,1,785,0.5569620253164557
8070941,1,263,2,1494,0.5513307984790875
4ee5427,1,195,1,1096,0.5384615384615384
6702efe,3,360,6,1946,0.45
09b7afb,4,444,5,2323,0.5
530d156,3,438,6,2899,0.4908675799086758
db9492b,3,331,5,2060,0.56797583081571
aad2362,5,519,5,3230,0.45664739884393063
3c4f080,2,359,9,2188,0.5348189415041783
c317e8b,4,435,5,2480,0.5011494252873563
0819c99,3,227,4,1296,0.6696035242290749
237a974,2,261,4,1436,0.6704980842911877
79006ee,4,351,6,1888,0.5327635327635327
299a5f3,3,441,5,2657,0.49206349206349204
7ea3bbd,2,279,7,1439,0.4982078853046595
385ea97,3,330,6,1712,0.46060606060606063
179cb57,4,658,5,3514,0.4452887537993921
87a0d31,1,254,5,1508,0.6456692913385826
415c292,3,334,4,1807,0.5
1c4115c,3,336,7,2126,0.6398809523809523
ddf1b39,5,860,8,4940,0.37209302325581395
ac2cc41,4,348,7,1950,0.5431034482758621
e4b7235,1,310,3,1862,0.5870967741935483
0d57890,3,353,3,1900,0.46175637393767704
e50b0e4,4,522,7,2972,0.4827586206896552
a738aaa,3,359,5,2014,0.5431754874651811
bf09ba6,6,734,5,4367,0.44141689373297005
6393898,4,468,5,2640,0.3696581196581197
fac4912,4,422,5,2333,0.5071090047393365
56b34c7,2,191,3,1075,0.5863874345549738
bcd7375,3,301,8,1817,0.521594684385382
5cdd3f5,4,404,5,2374,0.5643564356435643
0b708bc,3,280,4,1593,0.5142857142857142
1bd9d8e,3,405,4,2331,0.4641975308641975
05aacdb,4,750,4,4311,0.4613333333333333
8ca8865,3,381,3,2059,0.5406824146981627
11bcb8c,3,367,5,2049,0.4250681198910082
a96bbf7,4,435,5,2475,0.5701149425287356
3ba26e9,3,213,5,1153,0.5633802816901409
62551b3,3,344,8,1890,0.4680232558139535
250a96a,3,189,5,1070,0.6031746031746031
8a54108,3,368,3,2194,0.42391304347826086
68fa125,3,235,5,1397,0.6297872340425532
ad0c87b,4,504,5,2845,0.4365079365079365
fbc40bd,3,304,3,1549,0.4375
a7e9a07,2,456,6,2110,0.34649122807017546
be4c476,4,387,5,2189,0.32041343669250644
f312c21,2,217,3,1249,0.6682027649769585
5919090,2,188,4,1051,0.6436170212765957
904b3e6,3,300,5,1659,0.43
bb72d59,4,544,6,3080,0.4522058823529412
8057932,2,172,3,1064,0.6453488372093024
5a93b8e,2,394,4,1921,0.3350253807106599
d9c8d70,3,280,5,1740,0.625
201c1ab,2,169,4,917,0.6627218934911243
4a6a1db,4,496,6,2772,0.4778225806451613
d0c5173,2,169,4,911,0.5621301775147929
9e01a54,3,223,4,1199,0.57847533632287
5c45f3a,3,412,4,2192,0.48058252427184467
5514a27,3,325,3,1856,0.5169230769230769
1d117a7,4,423,5,2478,0.4657210401891253
73ed5e5,2,235,4,1296,0.5872340425531914
091eaf0,1,206,5,1171,0.5922330097087378
bdc38fe,3,357,17,1989,0.5238095238095238
937b82a,3,190,3,1088,0.5894736842105263
e63e799,2,342,5,1917,0.5175438596491229
7da8223,2,180,3,1113,0.6666666666666666
febd3b8,2,272,3,1562,0.5735294117647058
69911a2,3,280,3,1540,0.375
7b6cbe9,4,615,6,3279,0.43414634146341463
904ff51,6,717,5,3953,0.5327754532775453
c320e8d,3,285,3,1691,0.5017543859649123
592c884,2,296,4,1584,0.47635135135135137
32eede7,4,493,4,2739,0.5436105476673428
b8b5abe,5,686,5,3800,0.44314868804664725
f26c2c5,4,417,5,2217,0.4724220623501199
01c1169,3,260,3,1555,0.5538461538461539
d8ba484,3,302,5,1543,0.48013245033112584
1efd3f9,3,671,23,3964,0.32488822652757077
8c7c4fd,5,529,4,3158,0.555765595463138
cc11483,2,263,10,1268,0.55893536121673
24e42b3,2,174,3,930,0.6379310344827587
a011468,2,213,4,1063,0.5539906103286385
caa3e02,2,238,4,1302,0.5168067226890757
9b4b239,3,225,3,1290,0.6177777777777778
e1e6310,4,548,5,3243,0.4543795620437956
3a17a01,2,170,4,935,0.5352941176470588
a4843bc,3,553,5,2710,0.41952983725135623
df2d044,3,361,5,2085,0.4487534626038781
511512f,2,304,4,1640,0.48355263157894735
a3a8a5b,3,279,5,1536,0.6272401433691757
bd13c87,3,289,3,1752,0.6055363321799307
7aac16c,3,375,5,1983,0.44533333333333336
2eaad6a,2,329,4,1823,0.5562310030395137
eb73df2,3,611,7,3658,0.4451718494271686
a8444c3,4,410,5,2495,0.5829268292682926
e7cb0c2,2,194,3,1062,0.4329896907216495
3a46a7c,4,440,6,2541,0.5636363636363636
bca66ad,4,451,5,2462,0.4523281596452328
22bf7f2,4,437,5,2367,0.43478260869565216
cd6f974,1,221,3,1146,0.579185520361991
5176bba,1,366,8,1711,0.47540983606557374
44e0bd4,5,703,7,4349,0.5064011379800853
da9b194,2,198,2,1102,0.6111111111111112
5e93c9c,4,584,5,3199,0.4914383561643836
7847f8f,4,415,4,2196,0.4843373493975904
bcca4b1,4,471,4,2608,0.4840764331210191
5246ba5,3,259,5,1501,0.6216216216216216
26b13f6,3,323,8,1691,0.5944272445820433
f37ecdb,2,208,5,1089,0.5096153846153846
13ce90a,3,281,4,1538,0.49466192170818507
c42027d,2,349,5,1983,0.5186246418338109
9c048c8,4,360,10,1977,0.4666666666666667
71905fe,3,666,6,3553,0.4894894894894895
5c9a0e0,4,565,6,3059,0.41415929203539825
39daa94,2,252,3,1384,0.503968253968254
4c5ca34,3,458,9,2645,0.5502183406113537
444a92b,3,374,5,2200,0.5454545454545454
9325925,3,362,3,2074,0.5580110497237569
55481c2,2,227,3,1173,0.5814977973568282
755b8ce,2,428,5,2310,0.5981308411214953
a69b0d6,2,794,49,4019,0.3891687657430731
15cf6e5,2,193,3,1091,0.694300518134715
9e383cf,3,382,4,2131,0.4109947643979058
d94f7e5,4,476,8,2682,0.45588235294117646
7bf4c14,2,305,4,1687,0.5180327868852459
bbe2d2e,1,279,3,1372,0.3548387096774194
5c8f28d,3,426,5,2513,0.5821596244131455
b558b1b,3,476,5,2709,0.43487394957983194
de5e023,2,189,3,1109,0.5502645502645502
79d0b37,5,649,5,3898,0.4637904468412943
41549ae,4,580,5,3332,0.42758620689655175
abd3595,3,859,5,4389,0.3259604190919674
3cbc0e6,2,231,3,1194,0.4675324675324675
c2570f6,5,496,3,2793,0.43951612903225806
fda2857,2,237,4,1289,0.459915611814346
5a86d53,3,443,4,2386,0.5530474040632054
97f2221,3,381,4,2141,0.5249343832020997
ca0c6aa,4,528,5,2957,0.4678030303030303
ac698da,2,208,5,1105,0.5240384615384616
152258f,3,328,6,1992,0.5091463414634146
b0d4b82,3,321,5,1605,0.3987538940809969
96c17fa,3,367,2,2152,0.5367847411444142
75e1d6c,2,203,3,1150,0.7142857142857143
1800723,2,192,3,1037,0.5416666666666666
c42f4bd,3,278,5,1869,0.5071942446043165
b2e60f1,3,309,2,1837,0.5242718446601942
06aa059,2,189,3,1040,0.6190476190476191
0c1da05,3,359,5,2055,0.520891364902507
522932f,4,457,5,2666,0.5295404814004376
a3012ff,4,499,5,2994,0.4909819639278557
a1b74d6,3,481,5,2736,0.37214137214137216
c963397,2,331,4,1675,0.4984894259818731
47f3a3d,4,335,9,1913,0.48955223880597015
04e6cd8,2,348,8,1902,0.632183908045977
b9732f5,2,205,5,1051,0.5414634146341464
74253a3,2,246,8,1346,0.5365853658536586
63f85c9,4,546,5,3014,0.45054945054945056
7099582,3,189,3,1133,0.582010582010582
aa5c6ea,3,262,6,1423,0.5229007633587787
93187ee,4,508,5,2827,0.41141732283464566
700baa8,2,466,9,2471,0.44849785407725323
ab866a6,4,458,5,2478,0.4279475982532751
879d150,5,649,6,3617,0.43759630200308164
8a88121,2,220,4,1202,0.5954545454545455
61a90d9,2,151,2,790,0.6225165562913907
47b9921,4,495,5,2627,0.5151515151515151
a8828c7,2,359,4,2016,0.45403899721448465
6d97a0c,5,539,7,2993,0.38589981447124305
8638ed3,2,154,1,864,0.7142857142857143
a7dbcad,4,423,5,2660,0.491725768321513
52393de,4,401,6,2107,0.44389027431421446
f193c87,2,243,1,1313,0.5925925925925926
82a2ba7,2,165,4,860,0.5696969696969697
9b7a85c,3,418,2,2200,0.37320574162679426
1fc74a6,4,449,5,2550,0.534521158129176
4ba41e0,2,307,7,1761,0.5472312703583062
bb7ec27,5,849,5,4858,0.3875147232037691
9de5f10,4,617,5,3261,0.41491085899513774
4c03596,5,662,7,3897,0.5241691842900302
747407c,4,484,4,2753,0.4834710743801653
b79e76d,5,685,6,3768,0.4072992700729927
ac95919,4,544,5,3286,0.3474264705882353
692b1f6,3,332,3,1907,0.4819277108433735
4601aa9,1,584,14,3009,0.4058219178082192
9e4b505,2,384,3,2452,0.6067708333333334
4ec1700,2,219,5,1025,0.5296803652968036
91b2f7f,2,305,3,1692,0.5442622950819672
8276527,1,172,3,914,0.6569767441860465
19712ee,2,483,5,2556,0.4968944099378882
b2b1d1b,4,453,3,2655,0.5320088300220751
94e5039,3,399,4,2286,0.5012531328320802
9d1af92,3,295,5,1562,0.5423728813559322
e214a1e,4,450,6,2689,0.5355555555555556
84cf019,4,405,8,2334,0.4962962962962963
54f7632,2,226,3,1301,0.5707964601769911
e85f179,3,338,5,1862,0.47041420118343197
fb97d68,5,722,5,4143,0.4265927977839335
ed209df,2,150,3,814,0.68
1c1c470,5,533,5,3060,0.44652908067542213
5a5ccda,3,347,4,1973,0.5302593659942363
2a519df,3,256,3,1363,0.4453125
f0a11d5,3,291,4,1551,0.46048109965635736
0200fbc,3,388,8,2227,0.47680412371134023
62e1061,5,612,6,3297,0.43790849673202614
a34f3dc,3,314,3,1852,0.5191082802547771
62d5e45,3,293,7,1699,0.5221843003412969
1061742,4,450,4,2505,0.5222222222222223
cba180a,5,847,5,4567,0.3754427390791027
bf360e6,3,323,5,1958,0.5386996904024768
e0f1d9e,5,542,4,3319,0.4797047970479705
cb07a2e,3,714,5,3885,0.39775910364145656
6b6ce58,2,340,4,1822,0.4323529411764706
ccc30f4,2,338,5,1833,0.5680473372781065
ae5a636,4,805,6,4537,0.3490683229813665
8b44b6b,4,467,5,2456,0.47109207708779444
022a010,5,450,5,2532,0.5022222222222222
bc9b957,4,305,3,1597,0.5409836065573771
4371191,4,428,5,2362,0.5023364485981309
e66bb5f,3,469,5,2589,0.5330490405117271
7775977,2,163,3,893,0.5950920245398773
7941894,3,297,5,1762,0.5488215488215489
b7e7560,3,326,2,1825,0.4570552147239264
a996a9e,2,221,2,1247,0.6244343891402715
bb60c4e,3,266,3,1412,0.38721804511278196
b030b4d,4,510,5,2849,0.47843137254901963
aee6bc7,3,381,4,2187,0.49606299212598426
fc9f684,4,386,7,2078,0.3911917098445596
cabd0a3,2,237,2,1327,0.6497890295358649
6cf845a,4,450,5,2523,0.4
4469cc3,3,246,6,1534,0.5284552845528455
e16a336,4,288,4,1720,0.5625
769ffb8,3,285,3,1518,0.5614035087719298
f056e69,4,509,5,2825,0.43418467583497056
ca20238,2,231,2,1201,0.5238095238095238
4b5df1d,3,471,4,2547,0.43312101910828027
fab848b,1,244,5,1514,0.48360655737704916
cd0d634,2,227,8,1258,0.5682819383259912
f5235b2,3,358,1,1822,0.4273743016759777
2606118,4,439,6,2302,0.5056947608200456
1d80630,5,602,5,3477,0.3554817275747508
9be2d6d,4,464,4,2528,0.4849137931034483
46df9c0,5,773,8,4138,0.36869340232858994
f50c46d,3,389,4,2198,0.5167095115681234
309de20,3,343,5,1977,0.5364431486880467
e3f6385,3,444,3,2394,0.5202702702702703
e2b69b6,3,283,5,1474,0.5477031802120141
78bcc7f,3,380,5,2217,0.45526315789473687
0a45f5b,3,379,17,2051,0.47493403693931396
953646a,1,314,5,1900,0.49044585987261147
85e497c,4,531,5,2776,0.3747645951035782
308be53,5,568,6,3286,0.44190140845070425
f477918,2,239,3,1233,0.5774058577405857
0c47509,3,240,3,1290,0.5166666666666667
c47258b,1,229,3,1367,0.5982532751091703
21077ac,1,207,2,1129,0.5700483091787439
949dfa3,3,337,4,1841,0.486646884272997
b808907,3,447,5,2477,0.42953020134228187
db8b63b,4,430,5,2234,0.4511627906976744
57f4bb0,3,370,6,2212,0.5891891891891892
e4d23d9,3,316,4,1887,0.4873417721518987
c3aa83f,3,339,6,1810,0.5457227138643068
e458750,5,658,7,3773,0.44072948328267475
f788113,4,504,5,2944,0.4166666666666667
03448b6,3,213,4,1271,0.5446009389671361
bf0ec0f,3,350,3,1902,0.4514285714285714
c6c4cc1,1,307,5,1528,0.48534201954397393
2107730,4,405,7,2219,0.45925925925925926
4eb8fa4,2,222,1,1149,0.5540540540540541
610be98,4,568,4,3362,0.3855633802816901
9fdc1d4,2,176,5,874,0.5738636363636364
4fa7dae,5,641,6,3445,0.42589703588143524
cddb65e,3,388,5,2210,0.48195876288659795
96b41cb,3,477,5,2683,0.4591194968553459
6c49de7,2,164,3,893,0.6402439024390244
99fcac2,2,781,1,4228,0.44174135723431496
4fda769,3,349,5,1937,0.5530085959885387
87d747c,5,423,3,2484,0.45390070921985815
7012c1c,2,166,3,1007,0.6265060240963856
09e6583,4,724,5,4281,0.3632596685082873
0f2455f,2,195,5,1119,0.5948717948717949
d1cc50d,3,467,6,2505,0.5074946466809421
5007bb4,3,464,5,2556,0.4051724137931034
644a7fc,4,388,7,2163,0.5567010309278351
3d2d66c,2,196,5,1045,0.49489795918367346
fb868be,2,276,3,1515,0.6014492753623188
2529033,3,248,6,1350,0.592741935483871
59b98b0,4,365,5,2172,0.4575342465753425
3ca552e,3,330,4,1716,0.49393939393939396
1b07598,3,409,5,2294,0.5501222493887531
c74f1c4,3,510,5,2795,0.44901960784313727
2079bbf,2,339,4,1829,0.5073746312684366
f0719a6,1,250,3,1466,0.592
c2b3c97,3,267,4,1361,0.48314606741573035
41e75d6,4,566,7,3259,0.41872791519434627
b9a4531,3,491,7,2595,0.45010183299389
671da5e,3,435,5,2454,0.49195402298850577
7696be8,4,367,7,2081,0.4196185286103542
d7a9add,2,238,4,1311,0.48739495798319327
3cc2f1c,5,594,6,3538,0.398989898989899
b849cb9,2,172,1,977,0.7034883720930233
a99a129,3,221,4,1287,0.5927601809954751
ef04c29,4,573,14,3298,0.4694589877835951
a621e0c,3,440,6,2284,0.4727272727272727
c603bae,3,361,6,1831,0.5207756232686981
799ccdb,3,503,5,2884,0.5268389662027833
df36957,3,277,4,1529,0.5595667870036101
6ac9dc2,2,235,3,1218,0.5531914893617021
c4740ce,4,436,5,2683,0.5504587155963303
07a82b9,4,757,5,3985,0.3857331571994716
2af05b5,4,470,6,2776,0.46170212765957447
5c0836b,2,198,3,1143,0.6111111111111112
82ff9ec,5,562,6,3280,0.501779359430605
a1e5e62,4,338,5,1868,0.47041420118343197
7ec98f8,2,381,10,2186,0.5564304461942258
e2926f9,3,365,6,2072,0.3972602739726027
6c6ca59,2,205,4,1239,0.6780487804878049
7c74a71,4,326,3,1986,0.549079754601227
7c5291b,2,218,3,1135,0.6284403669724771
625e070,3,288,5,1600,0.5104166666666666
2eee3a4,2,248,5,1321,0.5362903225806451
974bdc5,3,341,5,1837,0.45454545454545453
4b34809,1,363,3,1869,0.4820936639118457
b4d6682,2,247,4,1420,0.4979757085020243
78b0217,3,508,5,2719,0.3641732283464567
1c37396,3,383,4,2017,0.46736292428198434
735c862,5,493,5,2848,0.4665314401622718
ede5e1e,6,557,5,3310,0.4614003590664273
a10dd12,1,157,3,1153,0.5605095541401274
de1b341,4,405,3,2303,0.4691358024691358
5508737,3,293,3,1641,0.49146757679180886
641a744,2,289,2,1669,0.5363321799307958
499a9c1,3,332,3,1798,0.4427710843373494
1e34c9d,4,308,5,1938,0.5194805194805194
c53fb5e,4,609,7,3461,0.367816091954023
d9311a7,2,351,6,2069,0.6125356125356125
a7f913e,3,258,5,1470,0.5
3fb3a4e,2,339,4,1915,0.4778761061946903
3981208,2,170,3,956,0.5470588235294118
7768a3c,2,183,1,1049,0.6284153005464481
c7b9371,4,392,6,2374,0.5561224489795918
fa3f71a,3,475,4,2423,0.3473684210526316
24ef783,3,647,5,3496,0.37712519319938176
d9d5eaf,1,175,4,926,0.6228571428571429
33bf80b,2,551,5,3064,0.37749546279491836
175da5d,3,434,7,2536,0.4608294930875576
fabb833,4,480,5,2807,0.4479166666666667
58e7768,4,280,5,1678,0.4785714285714286
f8a31fb,2,171,2,956,0.6608187134502924
a3968b1,3,190,5,1116,0.5263157894736842
1a0ee90,3,395,21,2299,0.4835443037974684
c18eed9,4,516,5,2826,0.5
7bbd917,1,235,6,1401,0.6042553191489362
5bf57f0,2,369,22,2091,0.4742547425474255
69dbdef,2,200,4,1174,0.545
d2fcaa1,4,695,8,3802,0.40575539568345326
b841181,2,217,5,1100,0.4470046082949309
b97afcc,3,344,5,2108,0.5145348837209303
4d49830,2,217,3,1230,0.5898617511520737
1655699,3,383,4,2063,0.5091383812010444
2d1ecbe,4,596,3,3465,0.3976510067114094
db5f317,4,433,5,2651,0.5381062355658198
878982d,3,611,4,3537,0.4844517184942717
3b32089,3,181,1,1089,0.5359116022099447
2720d23,4,494,5,2686,0.45951417004048584
a47b308,4,393,3,2354,0.3816793893129771
888121b,3,270,4,1561,0.5407407407407407
674351e,3,395,6,1999,0.4531645569620253
c341a23,2,301,5,1673,0.5548172757475083
60c16c2,1,329,5,1775,0.47112462006079026
64505c8,2,212,6,1256,0.6698113207547169
cf1bac9,4,484,3,2673,0.5371900826446281
16aed11,3,355,5,2061,0.5211267605633803
bf7245a,3,401,4,2088,0.4688279301745636
a73365c,4,699,7,3982,0.5278969957081545
9419fd7,2,232,1,1408,0.6422413793103449
b0b21a6,3,340,6,1823,0.5558823529411765
7015381,3,309,5,1835,0.49514563106796117
c5bb976,3,451,7,2144,0.3835920177383592
638d207,3,265,6,1337,0.46037735849056605
02d0224,2,209,1,1065,0.507177033492823
8891aa7,5,702,6,4279,0.48575498575498577
edb1502,3,901,5,5369,0.5083240843507214
85efa6e,1,422,6,2208,0.54739336492891
e164fba,3,276,5,1600,0.5471014492753623
ffae2b1,4,435,5,2584,0.542528735632184
0d70f3a,3,266,4,1532,0.5263157894736842
2cb68c3,4,448,5,2719,0.5022321428571429
e7e7ec1,3,689,9,4235,0.4818577648766328
9809cd9,3,379,7,2022,0.46701846965699206
e7457b9,5,878,6,5502,0.5182232346241458
91808c5,2,166,4,865,0.6325301204819277
d3913f7,4,622,7,3330,0.45819935691318325
74e1e4e,1,168,1,1002,0.6904761904761905
79bdc9f,3,286,4,1542,0.5804195804195804
8500192,4,490,3,2925,0.5510204081632653
96242ba,3,452,6,2407,0.32964601769911506
08a4c92,4,469,7,2515,0.47121535181236673
de18382,3,791,6,4712,0.5132743362831859
f24f8e2,2,247,4,1426,0.5951417004048583
7b6ab51,2,210,2,1038,0.45714285714285713
14e0d1b,5,490,5,2891,0.49795918367346936
6100b66,3,318,19,1793,0.5471698113207547
ae25a55,4,665,10,3648,0.43007518796992483
cd279d1,4,398,5,2356,0.4472361809045226
b5b01ce,4,433,5,2516,0.5450346420323325
c7cbcd3,4,420,5,2402,0.45476190476190476
c0311d6,4,471,4,2484,0.4989384288747346
0aaf5f1,1,183,4,906,0.4972677595628415
f6932e7,1,250,1,1242,0.472
a774f6a,1,183,4,1136,0.7377049180327869
3ac8feb,3,377,5,2066,0.5596816976127321
8db7911,5,689,5,3812,0.43686502177068215
57d380e,3,289,3,1597,0.5294117647058824
e98f570,3,209,5,1262,0.6028708133971292
13c085e,4,439,4,2210,0.45558086560364464
a5a575c,3,277,4,1568,0.5667870036101083
ffb588d,2,303,4,1542,0.49834983498349833
944ba37,3,506,7,2590,0.43873517786561267
97e89ad,3,344,5,1914,0.502906976744186
7d58797,2,340,4,1962,0.5647058823529412
a5cc40d,3,247,5,1376,0.4817813765182186
b87b1d8,4,511,8,2826,0.44422700587084146
d088b14,5,388,5,2176,0.5231958762886598
105d8a4,4,308,1,1825,0.5454545454545454
98e40a0,3,433,7,2335,0.47575057736720555
24fd1fd,3,300,5,1591,0.55
069945c,3,301,5,1665,0.46511627906976744
2aca278,5,829,5,4650,0.38600723763570566
9f7b7bc,3,199,4,1009,0.507537688442211
c4339b8,2,311,4,1592,0.5562700964630225
2c5940a,2,175,2,938,0.64
2f05f6d,4,556,7,2939,0.40827338129496404
15c5d00,2,179,1,935,0.6424581005586593
594a437,2,222,2,1363,0.6216216216216216
cb9d205,1,489,6,2684,0.41922290388548056
ec43b08,5,882,6,4893,0.41609977324263037
22ba497,5,566,7,3151,0.39045936395759717
825c04c,3,357,6,1920,0.47619047619047616
13fd809,2,241,3,1308,0.4605809128630705
7d129d6,4,306,5,1797,0.5196078431372549
22064db,3,273,5,1519,0.5531135531135531
c8ac4d3,3,374,5,2163,0.3449197860962567
111b844,5,988,5,5406,0.3350202429149798
3952208,3,288,5,1746,0.5347222222222222
64e1918,2,260,3,1564,0.6230769230769231
c10db9d,2,270,3,1598,0.6074074074074074
5112af1,2,482,5,2792,0.6161825726141079
8078df5,2,180,5,1005,0.65
36e6143,4,466,5,2514,0.4656652360515021
8dcd813,3,727,24,4196,0.530949105914718
b240bfc,3,626,4,3267,0.48242811501597443
410ef58,5,547,5,3013,0.4296160877513711
9b719d1,2,166,3,932,0.6746987951807228
52de683,3,445,4,2475,0.5370786516853933
5112f8c,1,178,1,930,0.6685393258426966
dba96f3,4,458,6,2567,0.5305676855895196
3a57893,5,746,5,4441,0.41420911528150134
73cc4ce,1,180,1,987,0.6611111111111111
98241b3,2,191,1,1061,0.5968586387434555
7fd4f07,3,288,7,1737,0.6076388888888888
c893eb9,2,221,5,1127,0.5882352941176471
71e3905,3,273,5,1340,0.48717948717948717
9ebbf14,3,474,4,2493,0.3628691983122363
6caf0ab,1,255,6,1466,0.5725490196078431
3ce3447,2,264,1,1382,0.5606060606060606
079a340,3,302,4,1453,0.4602649006622517
4925668,3,463,5,2392,0.43628509719222464
bbd325d,2,256,4,1393,0.61328125
3d15bdf,2,158,1,822,0.6772151898734177
e4ab2f4,4,343,5,1907,0.5043731778425656
5acc7e6,3,318,5,1838,0.46540880503144655
43f253b,2,332,4,1876,0.4367469879518072
0237cbd,2,348,8,1860,0.39655172413793105
8be1cc9,2,158,3,780,0.5126582278481012
3e9f3ea,4,496,6,2888,0.5282258064516129
6b9b211,2,358,4,1946,0.5111731843575419
c99572e,2,208,5,1155,0.6634615384615384
bcec5a8,4,391,4,2134,0.5115089514066496
17e1148,3,352,7,1824,0.4119318181818182
a645a4b,2,369,5,1969,0.4444444444444444
2a2f394,2,229,5,1351,0.6681222707423581
24e9709,4,387,4,2377,0.4728682170542636
3ca4cae,3,336,9,1780,0.43452380952380953
d092163,3,539,6,2961,0.5343228200371057
9db3108,4,360,5,1929,0.46944444444444444
3b53486,4,404,5,2335,0.5420792079207921
c614342,4,420,4,2316,0.4523809523809524
e7ee5ef,2,158,3,898,0.5379746835443038
5897e71,4,427,7,2353,0.4262295081967213
7cd97af,2,280,3,1437,0.4607142857142857
6c73400,2,377,5,2097,0.4880636604774536
8c83d4f,3,312,2,1682,0.5128205128205128
9f60771,4,517,6,3369,0.5725338491295938
6c27a82,4,308,5,1699,0.4902597402597403
718ee5b,2,202,7,1063,0.5495049504950495
6dfe424,2,302,6,1639,0.5529801324503312
adfe724,3,304,6,1611,0.4868421052631579
5d14dde,3,255,1,1434,0.5490196078431373
dfb34d0,2,323,5,1757,0.5913312693498453
bd2797b,2,193,4,1032,0.5544041450777202
9f32820,2,170,1,926,0.5352941176470588
8336c95,1,202,3,1224,0.6485148514851485
1469a70,2,210,3,1149,0.4666666666666667
7ef2fa6,1,272,2,1358,0.47794117647058826
6f7ae5d,3,462,4,2533,0.43722943722943725
dddade0,4,487,7,2634,0.47433264887063653
3010bb8,1,174,1,981,0.6781609195402298
c17cade,2,364,5,2074,0.5824175824175825
081db56,3,550,18,3091,0.3836363636363636
a1f2412,2,175,3,988,0.5942857142857143
08b1777,3,263,4,1498,0.5741444866920152
4eaf0a7,5,497,5,2568,0.4305835010060362
b47efae,2,285,3,1561,0.5824561403508772
3ba1dd3,3,395,5,2129,0.48860759493670886
2a26e9d,2,285,3,1637,0.5368421052631579
4e9bf56,6,722,5,4419,0.4584487534626039
370d1af,3,502,5,2604,0.4402390438247012
7f17066,6,689,6,4090,0.4847605224963715
87bfbd7,2,216,4,1163,0.5
c1957cd,2,220,4,1229,0.5863636363636363
a7f3634,3,291,6,1737,0.5738831615120275
62e810c,5,661,5,3766,0.5022692889561271
f3fd856,2,246,3,1242,0.491869918699187
8a66f36,4,697,6,3788,0.37589670014347204
f63046e,3,323,6,1727,0.42105263157894735
9f1e1e7,3,412,5,2234,0.4878640776699029
d8b1f47,1,195,1,922,0.5846153846153846
bd50f73,5,432,5,2553,0.4861111111111111
bd040e5,2,183,1,975,0.6502732240437158
24b3411,2,370,4,2304,0.6324324324324324
3b69214,1,503,6,2538,0.36779324055666
1ca3291,3,381,5,2123,0.45931758530183725
c77359d,3,401,3,2126,0.40399002493765584
9128156,4,665,11,3854,0.362406015037594
856fe6e,2,213,5,1276,0.5539906103286385
95ee072,3,342,4,1950,0.5526315789473685
1b3fba8,3,404,5,2296,0.5346534653465347
afbbbf8,5,627,4,3792,0.47208931419457734
862c8a6,3,334,6,1844,0.5419161676646707
456dad6,2,186,4,1065,0.543010752688172
1409186,2,428,7,2341,0.4439252336448598
2837087,4,474,7,2544,0.47468354430379744
fc3c94c,3,225,3,1245,0.5555555555555556
a09fa5a,2,179,4,1023,0.553072625698324
a1f25ca,3,462,7,2502,0.43073593073593075
e688d2f,2,205,3,1152,0.6048780487804878
ad9b8f0,4,348,9,1794,0.5488505747126436
41e1988,5,775,5,4530,0.47096774193548385
5931bf7,2,269,10,1333,0.5650557620817844
b20bfad,4,427,3,2325,0.4215456674473068
90c9963,3,383,17,2140,0.4621409921671018
98cf427,3,348,4,1945,0.5316091954022989
6e59238,2,982,5,5450,0.4103869653767821
7152619,3,235,3,1426,0.5957446808510638
dc77ef3,1,155,1,892,0.632258064516129
2dd0e30,4,469,5,2533,0.42857142857142855
79c8844,3,295,3,1613,0.6033898305084746
3c0e026,3,302,3,1563,0.4602649006622517
470f64e,1,188,11,1069,0.5319148936170213
803954d,2,188,2,1055,0.6702127659574468
bc4b400,3,352,10,1785,0.46875
3b0bbb9,2,246,4,1335,0.5447154471544715
7faa7c0,1,168,2,891,0.625
c7423a9,2,170,5,987,0.5705882352941176
16ed2eb,1,667,8,3127,0.38830584707646176
60852b4,2,258,3,1314,0.562015503875969
1c24c26,3,271,1,1593,0.5940959409594095
ef20989,3,204,1,1088,0.6617647058823529
bff3d0f,2,206,8,1245,0.6310679611650486
2ab58a5,2,216,6,1281,0.5370370370370371
455f8b8,3,239,3,1341,0.4895397489539749
9a08fed,2,166,7,948,0.6987951807228916
45a85a3,3,179,3,958,0.4134078212290503
edd86e6,1,360,1,1724,0.4388888888888889
c8ecd5a,2,593,25,3164,0.5446880269814502
571a8fb,1,359,9,2005,0.5682451253481894
671b52e,2,642,8,3725,0.5841121495327103
76ef15f,4,353,6,2224,0.5750708215297451
e8735f4,4,370,5,2042,0.527027027027027
5c66671,2,245,5,1394,0.5510204081632653
1032c21,5,642,5,3508,0.4781931464174455
a556f77,2,427,7,2195,0.5035128805620609
d3ec13a,2,170,3,918,0.6647058823529411
e054a42,3,465,3,2562,0.443010752688172
3de3d97,3,338,5,1748,0.5266272189349113
6504c56,3,297,4,1665,0.5218855218855218
99d6eba,3,349,14,2078,0.5100286532951289
51d1c42,4,525,5,2972,0.46476190476190476
f02ce6a,4,574,7,3432,0.5174216027874564
dbe4221,4,616,5,3200,0.35064935064935066
a529ecd,5,780,14,4459,0.5192307692307693
1cbe327,3,591,8,3089,0.34179357021996615
82f301b,3,339,6,1858,0.4631268436578171
29cf025,5,649,5,3687,0.41602465331278893
7e0f98e,4,358,5,2083,0.6005586592178771
51ddd6c,5,883,7,5231,0.44280860702151753
71eaf6e,5,641,7,3636,0.4664586583463339
70348bd,3,358,4,1985,0.4273743016759777
a1138fe,3,378,4,2206,0.43386243386243384
1f98766,2,152,5,754,0.5855263157894737
efd13c3,5,443,3,2523,0.5169300225733634
1e14a01,2,356,5,1874,0.5140449438202247
b45fd50,3,380,5,2102,0.5105263157894737
b1cdbe9,4,373,6,1970,0.4101876675603217
f6173a5,2,326,8,1553,0.4386503067484663
8bd04fe,2,218,4,1265,0.6605504587155964
29c499d,1,198,5,1043,0.5808080808080808
518142b,3,420,4,2189,0.4357142857142857
46369ce,5,747,5,4568,0.43105756358768405
f46f588,2,257,3,1320,0.490272373540856
565993b,2,192,3,1015,0.6145833333333334
e4a792f,2,212,1,1245,0.5330188679245284
c09b50a,3,374,3,2127,0.5561497326203209
b63917d,2,166,3,866,0.5421686746987951
e5e3801,4,437,5,2571,0.43707093821510296
5b8ecef,4,436,5,2557,0.5298165137614679
e49f6c5,3,354,6,1962,0.4378531073446328
c0dd69e,3,338,6,1943,0.5443786982248521
6ad8ce5,3,254,4,1353,0.5866141732283464
cb02c27,5,503,5,2771,0.47912524850894633
54922dc,4,438,4,2410,0.4406392694063927
d05321d,1,260,3,1640,0.6538461538461539
fcf5ee8,4,334,7,1769,0.46706586826347307
89c749c,3,390,4,2184,0.49743589743589745
f15b774,4,360,5,1963,0.5583333333333333
af97c77,4,390,6,2361,0.48717948717948717
1750767,5,572,6,3263,0.40384615384615385
eb351dc,4,381,8,2210,0.5564304461942258
bdde981,5,610,5,3468,0.4262295081967213
b7a4bed,5,483,7,2861,0.4927536231884058
5c740dd,4,387,6,2252,0.4909560723514212
cb066eb,4,457,5,2621,0.5229759299781181
00ccc2d,4,635,5,3730,0.45354330708661417
a3ab1a5,5,732,5,4250,0.430327868852459
d6b3e06,3,283,3,1666,0.519434628975265
dc81c67,2,190,1,1018,0.6263157894736842
a5f215c,1,199,4,1132,0.5326633165829145
68dab53,2,269,4,1411,0.5018587360594795
23649bd,4,325,6,1785,0.48307692307692307
7efc5dd,5,642,5,3848,0.4190031152647975
9224bf3,4,523,5,2945,0.48565965583174
3d13edb,2,238,5,1338,0.5630252100840336
6c9d025,4,462,14,2574,0.42207792207792205
0dc777f,3,477,9,2559,0.5241090146750524
bde4c47,3,263,5,1405,0.6349809885931559
0759934,2,325,5,1697,0.5230769230769231
04f47a5,4,383,4,2287,0.5248041775456919
fd553c7,2,195,3,1093,0.6
ad0e063,4,526,5,3027,0.4866920152091255
8745830,2,371,2,2230,0.5741239892183289
19d3181,1,485,20,2556,0.511340206185567
6e1d6c1,3,465,5,2521,0.46236559139784944
8c97f35,3,370,6,2018,0.4864864864864865
8ccc143,4,376,6,2369,0.5452127659574468
71af4b4,3,390,23,2025,0.4307692307692308
5de8d76,3,402,5,2387,0.5074626865671642
3fbe68d,3,314,6,1655,0.554140127388535
4a18904,3,220,4,1275,0.5909090909090909
5801bab,3,313,4,1684,0.5079872204472844
84025bf,2,269,3,1342,0.49070631970260226
8bf172b,4,635,5,3443,0.4755905511811024
f593565,2,297,16,1660,0.569023569023569
f4a239c,2,200,3,1056,0.525
d3321fb,2,403,6,2218,0.5310173697270472
a735609,3,446,5,2497,0.47533632286995514
4c92a42,4,416,3,2400,0.5336538461538461
f5302c6,2,501,6,2935,0.500998003992016
ffa6b95,4,553,4,2986,0.38698010849909587
7bcbced,3,318,6,1698,0.5157232704402516
a7cb084,2,306,3,1745,0.5751633986928104
d66421a,1,303,6,1619,0.504950495049505
1ea12d7,2,261,3,1480,0.4827586206896552
d107e54,1,169,2,1000,0.6863905325443787
78c496d,2,155,3,847,0.6129032258064516
112f03f,3,539,29,2801,0.4267161410018553
2cf48ad,1,364,7,2198,0.6346153846153846
2741513,3,350,5,2123,0.5371428571428571
e2b1708,5,544,5,3009,0.41911764705882354
8bb7ea1,4,349,5,1841,0.5730659025787965
57998bc,2,194,4,1121,0.5670103092783505
58a9eed,5,724,6,4256,0.4350828729281768
270e38d,2,604,4,3355,0.5513245033112583
2437079,3,317,4,1846,0.4889589905362776
92ad3f6,3,373,5,1999,0.5093833780160858
fc4d2cb,3,480,4,2578,0.39791666666666664
f24ba32,4,416,5,2260,0.46634615384615385
9706cf0,2,237,5,1330,0.6286919831223629
e42224c,4,411,3,2323,0.49635036496350365
9fbda7e,3,291,3,1767,0.5429553264604811
e5e911d,2,245,6,1326,0.46122448979591835
d43da53,3,311,5,1655,0.4180064308681672
9f3a294,1,198,3,1191,0.5656565656565656
9932ed8,3,560,5,3409,0.42857142857142855
5e5287c,3,517,5,2721,0.3694390715667311
19d6dc5,3,233,3,1335,0.592274678111588
bb9da31,4,357,5,2050,0.5014005602240896
72ac8f5,3,429,7,2267,0.45454545454545453
481b61e,4,393,5,2301,0.544529262086514
5303733,3,198,4,993,0.4696969696969697
96cde53,3,184,3,1027,0.6630434782608695
75398bc,4,401,4,2418,0.4763092269326683
9f8335a,3,225,3,1248,0.5733333333333334
d4c6797,4,347,5,2045,0.5677233429394812
7d9fdd6,4,557,7,3280,0.526032315978456
7af9f3a,4,821,5,4618,0.46528623629719856
e73e482,3,453,5,2350,0.4194260485651214
f993e2f,3,405,4,2278,0.48148148148148145
ada100d,4,386,5,2254,0.4948186528497409
2bb8a01,3,301,5,1584,0.5016611295681063
df14366,2,332,4,1843,0.5692771084337349
b93974a,2,297,2,1645,0.5622895622895623
921f0da,5,507,5,2922,0.46153846153846156
c428258,4,512,8,2909,0.408203125
c4048b8,3,247,4,1500,0.6194331983805668
e5a3667,4,397,4,2177,0.5264483627204031
3ab7697,3,247,6,1509,0.5182186234817814
2b87338,4,454,5,2723,0.46916299559471364
21b32eb,1,236,3,1199,0.5
2e128b5,5,493,5,3056,0.5760649087221096
b7bc4eb,2,239,3,1298,0.5188284518828452
95b808c,3,294,5,1697,0.4931972789115646
5400dbe,3,255,1,1452,0.5647058823529412
937992f,5,610,5,3625,0.45081967213114754
7e9eb24,3,245,4,1384,0.5183673469387755
6826aa8,4,350,5,2146,0.5942857142857143
dc36026,2,173,1,986,0.7456647398843931
c20f48f,2,153,3,781,0.5751633986928104
997f730,2,201,3,1159,0.5870646766169154
3a611ed,2,207,3,1105,0.5555555555555556
c623b02,3,298,5,1634,0.4966442953020134
ff98dbe,4,451,4,2806,0.5853658536585366
f124a38,3,262,3,1357,0.5648854961832062
3f4c511,4,457,8,2593,0.5010940919037199
1abc249,1,219,4,1258,0.6575342465753424
d726fca,4,603,6,3032,0.3880597014925373
1bfcf1f,5,541,5,3230,0.44731977818853974
3f8b27a,1,332,5,1824,0.5843373493975904
58d709b,1,185,1,929,0.5891891891891892
9bce452,4,566,5,3176,0.4540636042402827
f0004f5,3,268,4,1405,0.4701492537313433
e0ec319,5,560,8,3127,0.38571428571428573
295f8ea,2,208,5,1193,0.6346153846153846
a4711ba,1,814,4,4179,0.36486486486486486
0a45f39,1,191,5,1011,0.5706806282722513
775ec96,3,336,4,1776,0.5
f22047d,3,238,5,1307,0.6428571428571429
0f2299f,2,170,3,1039,0.6588235294117647
58f273c,2,167,3,846,0.5868263473053892
f26bf7b,2,289,4,1485,0.49480968858131485
043d7ad,3,309,6,1877,0.5501618122977346
8c77043,2,225,4,1226,0.4711111111111111
9c1a3b2,3,340,6,1617,0.48823529411764705
799b4e8,4,510,4,3020,0.4627450980392157
83fb177,1,192,1,887,0.390625
2a3cc3b,4,645,8,3776,0.5131782945736434
a004e6d,3,478,5,2512,0.399581589958159
b5a6e5f,4,469,9,2820,0.5756929637526652
2b1618c,3,370,6,2037,0.3837837837837838
369bc0b,2,270,5,1429,0.5111111111111111
940e8d0,3,450,4,2403,0.41333333333333333
63899c4,3,276,5,1507,0.35144927536231885
a1474d7,3,413,5,2466,0.5060532687651331
613006a,3,308,4,1834,0.5941558441558441
c36a91a,4,314,5,1684,0.5254777070063694
02ab5d2,5,631,5,3336,0.4659270998415214
4143c54,2,184,8,971,0.5597826086956522
1226107,2,266,4,1595,0.5714285714285714
9867a99,2,344,5,2050,0.563953488372093
4d5baca,2,230,5,1260,0.5130434782608696
a9535dd,4,578,7,3249,0.5432525951557093
e27d0c4,3,585,6,3405,0.5606837606837607
c61cc1b,3,355,5,1902,0.48732394366197185
710b137,4,594,7,2878,0.3114478114478115
a0f8530,2,540,22,3022,0.37777777777777777
fec54e7,5,705,10,4014,0.4794326241134752
34229a5,4,479,5,2546,0.4488517745302714
1bac87b,4,514,5,2795,0.45136186770428016
be0bf59,3,303,2,1704,0.5544554455445545
3f7da0e,3,204,8,1167,0.6176470588235294
7f06e27,2,394,6,2230,0.5761421319796954
95a71d2,3,454,8,2338,0.4955947136563877
4bda0ce,2,461,17,2538,0.544468546637744
60d3f68,3,298,3,1639,0.5738255033557047
0307ec7,2,327,4,1775,0.45871559633027525
ca298de,3,293,4,1593,0.447098976109215
761fbe9,5,433,6,2525,0.5265588914549654
9366611,4,455,5,2487,0.4021978021978022
185b9d3,3,271,4,1424,0.5350553505535055
016010c,5,650,7,3607,0.4753846153846154
dff0c49,6,549,5,3213,0.44626593806921677
2f242b8,3,573,5,3118,0.41710296684118675
fe0199f,4,469,6,2759,0.5138592750533049
3a31b70,3,292,4,1712,0.5924657534246576
27118ce,3,728,8,4146,0.5068681318681318
065c240,4,465,5,2748,0.546236559139785
e58d29b,3,299,4,1626,0.5551839464882943
6c7537f,3,215,4,1262,0.586046511627907
41ec8bc,2,265,3,1400,0.5320754716981132
b3912ed,3,325,6,1645,0.39384615384615385
0e9b816,4,383,8,2398,0.5326370757180157
a1b514a,1,192,2,1292,0.578125
b978e8f,4,639,7,3329,0.4209702660406886
fee87e7,2,186,3,1025,0.6397849462365591
2f3bda4,6,589,5,3535,0.4567062818336163
dc91256,2,210,3,1141,0.6095238095238096
e57f0b9,4,447,5,2658,0.5548098434004475
fcc8652,2,168,4,935,0.6071428571428571
e253356,3,318,5,1706,0.4811320754716981
cdae844,1,323,1,1993,0.6501547987616099
8515e83,3,288,5,1690,0.5590277777777778
8186437,2,174,9,1001,0.6091954022988506
7e7f4f7,3,465,5,2478,0.4043010752688172
32f6344,2,203,3,1104,0.5467980295566502
2ebe52d,2,292,3,1423,0.5034246575342466
5688842,4,385,4,1996,0.4623376623376623
a66267b,2,316,5,1768,0.6329113924050633
678af37,3,284,3,1577,0.5704225352112676
476dee5,2,231,2,1309,0.6753246753246753
1caaf3f,3,354,4,1998,0.5847457627118644
09d065f,3,317,3,1778,0.3943217665615142
c2ac052,1,209,3,1063,0.569377990430622
9bcc548,3,437,2,2341,0.4645308924485126
d0127a0,5,654,6,3936,0.4418960244648318
235ab08,4,497,4,2740,0.43259557344064387
6309006,3,545,7,2731,0.3981651376146789
3a8262e,2,198,7,1218,0.6414141414141414
1ea8387,4,485,4,2888,0.5154639175257731
c663629,4,395,4,2152,0.43544303797468353
8055d0f,4,678,5,3931,0.3938053097345133
a652823,3,283,5,1494,0.5724381625441696
aed12e6,2,327,6,2006,0.5871559633027523
c31b06a,4,423,5,2445,0.4326241134751773
46f9e1c,2,280,4,1660,0.5571428571428572
a06ce47,3,301,3,1680,0.5415282392026578
dcb2321,2,212,5,1129,0.5471698113207547
dace458,2,249,5,1281,0.46987951807228917
f5068d7,4,368,6,1970,0.4945652173913043
b560a94,3,417,7,2409,0.5491606714628298
b1ee739,3,233,5,1264,0.5278969957081545
4e81112,4,425,5,2415,0.47294117647058825
9df51e9,1,338,3,1983,0.4911242603550296
80ecb06,4,504,4,2848,0.5238095238095238
9473a2c,4,401,4,2016,0.4239401496259352
ef04147,2,172,3,989,0.622093023255814
169fccf,4,460,5,2587,0.48043478260869565
cb989ad,2,200,3,1043,0.565
2bdb51f,1,159,3,785,0.5345911949685535
6852e97,1,203,5,1053,0.5911330049261084
346645c,4,471,4,2778,0.43312101910828027
f1b6d21,1,189,2,1079,0.6243386243386243
aa9d793,3,446,3,2618,0.437219730941704
2421da3,3,327,4,1700,0.5015290519877675
559b949,3,271,3,1559,0.4797047970479705
d28faa7,3,269,16,1516,0.5278810408921933
41d05c2,4,709,5,3998,0.47531734837799716
c3ce525,2,187,1,1030,0.6203208556149733
f723eae,3,243,4,1400,0.49794238683127573
bd5e3de,2,277,3,1562,0.5992779783393501
986ea58,3,238,3,1398,0.47478991596638653
93206fe,2,216,3,1165,0.5879629629629629
efc5b01,4,357,5,1934,0.49859943977591037
08d9638,4,403,4,2166,0.511166253101737
af44cce,2,182,3,1003,0.5879120879120879
0dbd926,3,348,5,1957,0.5459770114942529
fc3e730,3,322,3,1841,0.531055900621118
54f2887,3,435,28,2434,0.5172413793103449
71a67d7,4,278,4,1499,0.5
6a4ff38,1,237,3,1355,0.6708860759493671
92daef9,2,241,3,1317,0.6224066390041494
81826e1,3,420,6,2355,0.4095238095238095
ffbd0b4,2,190,3,1061,0.6526315789473685
a95ef0d,3,271,5,1460,0.5092250922509225
13f1744,2,216,3,1221,0.7222222222222222
88a1205,5,428,5,2370,0.4696261682242991
2472175,2,594,4,3032,0.4158249158249158
1cb6294,1,272,5,1414,0.5772058823529411
4a45fcd,4,358,4,2064,0.4692737430167598
9cbb3ed,2,212,3,1081,0.5424528301886793
074ba84,3,253,4,1439,0.6521739130434783
8cc3b1e,3,239,4,1311,0.6736401673640168
fa5bdee,3,494,9,2640,0.5566801619433198
5dfd5db,1,188,1,1060,0.6542553191489362
033aa4b,2,177,3,1028,0.5819209039548022
ef67317,3,371,6,2255,0.6684636118598383
528d63f,4,419,6,2447,0.5417661097852029
d84f0d1,3,453,4,2511,0.45474613686534215
1afbef5,2,272,3,1437,0.3639705882352941
d6bbc8c,2,281,1,1599,0.6476868327402135
417a337,2,182,5,1006,0.6318681318681318
43d915d,1,331,3,1787,0.4652567975830816
61e9465,2,265,7,1443,0.5358490566037736
2404f31,2,161,4,982,0.6770186335403726
46c6e90,1,674,5,3542,0.4658753709198813
2597102,5,561,6,3101,0.46880570409982175
19d0d84,4,529,8,3016,0.4896030245746692
129f0da,2,289,7,1614,0.5121107266435986
d300174,4,467,6,2371,0.4411134903640257
fa60946,3,492,7,2841,0.36585365853658536
12bbf33,3,258,5,1460,0.6589147286821705
2720b3c,3,303,4,1524,0.528052805280528
377afe7,3,338,11,1964,0.5532544378698225
a411b28,2,286,3,1637,0.46503496503496505
b5a5183,2,267,4,1420,0.5243445692883895
69df60a,3,339,3,2028,0.5368731563421829
cf89e5a,3,316,6,1672,0.5031645569620253
242cec4,5,637,5,3802,0.5054945054945055
ea16a1a,2,212,4,1198,0.5377358490566038
e666cd6,4,378,7,2153,0.5555555555555556
13846d3,3,250,4,1503,0.56
c3967d2,4,371,5,2058,0.5040431266846361
2f1110c,1,439,5,2329,0.489749430523918
672c071,3,313,5,1636,0.48562300319488816
724ec02,3,225,4,1238,0.5955555555555555
f88af91,4,321,5,1806,0.46105919003115264
ce5391a,4,423,5,2432,0.491725768321513
6d7892f,2,215,5,1066,0.5023255813953489
b03c95d,4,595,5,3215,0.4672268907563025
2f0294a,1,390,5,2207,0.4846153846153846
6318d10,2,176,3,929,0.6079545454545454
5829766,3,238,5,1230,0.4789915966386555
a6888d9,3,404,5,2380,0.5148514851485149
874f274,4,674,5,3961,0.5548961424332344
ff8882e,3,344,4,1979,0.48255813953488375
59993ff,4,441,8,2671,0.5419501133786848
165ec3d,2,391,6,1928,0.4296675191815857
44a1d3c,3,305,5,1674,0.4524590163934426
db14072,3,298,4,1722,0.5268456375838926
8d20032,3,214,3,1195,0.49065420560747663
6fbb921,3,263,1,1402,0.532319391634981
2956d34,2,164,5,905,0.6036585365853658
1833139,4,443,3,2551,0.5237020316027088
2123c43,2,234,4,1276,0.6452991452991453
7e3cc3a,2,290,1,1483,0.4689655172413793
9e1c9be,2,170,3,954,0.5705882352941176
77f101a,3,471,15,2436,0.386411889596603
ff9bb09,3,380,7,2158,0.5894736842105263
3021d47,2,262,4,1474,0.5954198473282443
22564a5,3,547,44,3035,0.4643510054844607
bb1fd4d,2,376,11,2014,0.39893617021276595
db966ad,2,248,5,1589,0.5201612903225806
e163ad5,2,433,5,2237,0.4503464203233256
da478ea,5,663,10,3681,0.3996983408748115
0854673,2,299,5,1571,0.5551839464882943
ca830b6,3,641,4,3589,0.40093603744149764
ef20b17,2,250,3,1304,0.532
9ec345f,2,272,3,1569,0.625
99f6a46,3,446,5,2423,0.4910313901345291
82c32c5,3,433,8,2368,0.3995381062355658
5eea485,4,780,6,4491,0.4064102564102564
52280f0,3,730,38,4583,0.4465753424657534
b49dc5f,4,272,3,1529,0.5441176470588235
b5cc81e,2,202,4,1110,0.5544554455445545
955ddac,5,553,5,2985,0.5406871609403255
f6a5e07,3,472,4,2627,0.4194915254237288
aff76f4,3,414,5,2161,0.45410628019323673
1900da1,4,439,6,2338,0.2984054669703872
4f99bd9,3,283,5,1652,0.5653710247349824
195345f,2,164,3,869,0.5975609756097561
4649f4f,6,912,8,5113,0.40789473684210525
f3ef9dd,2,204,5,1069,0.6127450980392157
5144819,2,372,3,2049,0.5
4c08e39,2,210,1,1043,0.5619047619047619
57797cd,4,348,4,1858,0.5344827586206896
eb0ff13,2,187,3,1103,0.5989304812834224
a2b9bbb,3,378,3,2116,0.5423280423280423
2254969,3,444,3,2589,0.536036036036036
6e42888,4,430,5,2464,0.4744186046511628
053fa01,3,248,3,1372,0.5080645161290323
74ec2b2,4,403,4,2306,0.6178660049627791
8dd9681,3,260,4,1471,0.5807692307692308
46eb091,2,457,5,2729,0.6695842450765864
73b7cf1,1,156,6,905,0.717948717948718
9c1a9ab,2,425,5,2138,0.4376470588235294
6abc1ea,3,292,6,1586,0.5308219178082192
fba8915,2,161,3,924,0.7018633540372671
0d0b940,4,543,5,3219,0.47882136279926335
a0a89c2,3,362,3,2098,0.4723756906077348
ff08987,3,373,6,1941,0.48525469168900803
0a30626,2,276,5,1580,0.6086956521739131
5668a5f,1,247,2,1188,0.48582995951417
0ba78ec,3,222,3,1228,0.5540540540540541
04af4e1,1,589,5,2903,0.4380305602716469
d2ce31c,1,241,3,1327,0.5311203319502075
be02925,2,339,17,1835,0.37168141592920356
7a65a07,2,188,3,1035,0.6063829787234043
0804daa,1,184,2,923,0.4945652173913043
9dcac24,2,269,3,1496,0.5390334572490706
571b844,4,441,6,2593,0.5419501133786848
596b93d,3,557,5,3134,0.4380610412926391
a9ec2f7,2,365,4,2279,0.5534246575342465
d56cdfa,2,394,7,2142,0.44416243654822335
6191a13,1,283,3,1719,0.7031802120141343
66bca8e,4,775,7,4438,0.38838709677419353
e03038c,4,359,5,1976,0.5598885793871866
026355a,4,412,5,2060,0.4393203883495146
163e61d,3,340,4,2022,0.5911764705882353
abb62a3,2,174,1,1026,0.5517241379310345
df2cd7e,2,590,1,3254,0.47966101694915253
add07c0,4,462,5,2651,0.42207792207792205
283e586,3,344,5,1782,0.4418604651162791
767cfeb,3,626,4,3651,0.5399361022364217
6a52154,3,306,5,1587,0.46405228758169936
eefbdf2,3,308,3,1767,0.5584415584415584
110eebe,2,159,3,883,0.6352201257861635
398e51b,2,262,4,1535,0.5610687022900763
37f2d28,3,326,5,1772,0.4662576687116564
77fe7b6,4,683,6,3662,0.4216691068814056
9e5d535,3,247,3,1269,0.43724696356275305
33313a8,2,201,4,1046,0.582089552238806
d5591f4,4,463,6,2547,0.408207343412527
5efed92,2,227,2,1260,0.5462555066079295
20cdd57,3,221,4,1244,0.6244343891402715
8d3c254,2,387,1,2104,0.5090439276485789
6dee91b,5,644,5,3818,0.40683229813664595
6426f32,5,610,4,3341,0.4180327868852459
a5c90b9,2,179,3,944,0.5921787709497207
e5a9937,5,782,7,4556,0.4539641943734015
7ee16a7,2,272,3,1387,0.5588235294117647
d4bda89,3,348,4,2019,0.4425287356321839
eb82391,4,575,4,3239,0.4365217391304348
1f65a7f,4,443,5,2354,0.3611738148984199
9fe2c49,5,582,5,3587,0.46563573883161513
39a6d61,4,367,6,2088,0.553133514986376
a4f89e4,2,166,5,846,0.5481927710843374
489ea07,4,435,4,2387,0.4574712643678161
09c4d28,3,364,8,2029,0.5137362637362637
b7f249d,2,277,5,1555,0.6137184115523465
45fe812,3,388,4,2130,0.5283505154639175
4183f2e,3,281,3,1657,0.49466192170818507
a4a7cae,3,268,1,1522,0.5746268656716418
635eab5,1,258,3,1417,0.5581395348837209
47fc3e1,3,412,6,2256,0.5024271844660194
09ce958,2,337,6,1804,0.456973293768546
643ef90,4,443,4,2372,0.5440180586907449
02c1ebd,3,328,5,1863,0.4451219512195122
1effa08,4,378,4,2316,0.6031746031746031
27c472a,2,186,12,1078,0.5967741935483871
e288f20,3,392,5,2298,0.5229591836734694
9a7bab7,2,212,5,1202,0.5990566037735849
5baa53b,4,459,7,2593,0.4335511982570806
6b49ba5,2,495,19,2398,0.47878787878787876
10b9524,3,412,29,2448,0.5097087378640777
b99b705,3,464,25,2501,0.44612068965517243
551b327,2,231,3,1424,0.6147186147186147
a0412dd,4,358,6,1992,0.5139664804469274
b5a3a7b,4,513,4,2781,0.4502923976608187
773b6f8,4,356,5,2058,0.45786516853932585
cf741b4,3,198,13,1137,0.5909090909090909
7bfc758,3,350,5,1892,0.5114285714285715
d64cc33,1,258,3,1617,0.5465116279069767
c5345d9,2,225,3,1103,0.5511111111111111
62880ae,3,453,4,2622,0.5540838852097131
d8361b9,6,1210,6,7421,0.4049586776859504
8bdc6d6,3,287,5,1620,0.554006968641115
6dd6055,1,267,1,1450,0.5805243445692884
c5bd38a,3,337,4,1926,0.5103857566765578
6828721,1,175,4,1064,0.5714285714285714
0eca72b,2,238,5,1487,0.6386554621848739
c519dc1,4,413,5,2290,0.5254237288135594
3b1a669,3,329,5,1900,0.5775075987841946
74f8a54,3,287,5,1653,0.5331010452961672
51f5a92,2,319,1,1790,0.6081504702194357
3056c98,2,179,4,953,0.6424581005586593
0040e27,3,280,5,1521,0.4857142857142857
044b201,4,547,5,3256,0.45521023765996343
089aae3,2,439,6,2388,0.5444191343963554
c07bfe6,4,476,3,2816,0.49369747899159666
ad62155,3,253,4,1427,0.5533596837944664
87652b9,4,374,4,2101,0.5401069518716578
d96a3ea,3,266,4,1415,0.5601503759398496
871b8f7,2,153,3,837,0.5686274509803921
148f1e2,3,397,1,2287,0.37531486146095716
808e21c,2,211,9,1013,0.5023696682464455
c1fbd89,3,320,17,1846,0.540625
73ad80b,3,573,5,3013,0.4397905759162304
ef95422,1,438,5,2891,0.4748858447488584
66ff4b7,3,268,1,1571,0.5708955223880597
cde0de4,3,291,4,1744,0.47079037800687284
4145491,4,467,5,2616,0.48822269807280516
991bb8e,3,297,3,1572,0.5016835016835017
35580f9,2,194,3,997,0.5463917525773195
22ad0f0,3,286,5,1547,0.541958041958042
8188cea,4,613,5,3135,0.41435562805872755
e962f04,3,410,6,2075,0.45365853658536587
54fd7fc,3,304,3,1689,0.4934210526315789
ed3d24e,3,454,4,2632,0.5550660792951542
f7c4b33,4,390,6,2201,0.5230769230769231
346ef5b,3,325,3,1826,0.5969230769230769
266b6fb,1,221,3,1078,0.5475113122171946
41d63b7,4,424,6,2344,0.5047169811320755
a4c252e,4,454,4,2684,0.5242290748898678
d4d5074,4,507,3,2903,0.5226824457593688
6b10b3b,2,188,2,1075,0.6329787234042553
c3cdc02,2,377,3,2162,0.5305039787798409
fba7e12,4,587,6,3297,0.43611584327086883
633e700,3,306,4,1831,0.5326797385620915
8d8a93d,2,369,5,2152,0.4823848238482385
cb1082b,3,348,5,2051,0.47988505747126436
873636f,3,367,3,2089,0.5040871934604905
d759791,3,498,5,2708,0.5542168674698795
5d9d627,3,666,7,3905,0.4444444444444444
ed767ef,3,426,5,2239,0.5446009389671361
45da3a8,3,381,5,2080,0.49868766404199477
ceb1c5f,4,412,4,2467,0.4733009708737864
367b888,2,260,4,1354,0.5923076923076923
e297193,4,553,6,2998,0.4430379746835443
815397d,3,264,4,1479,0.6666666666666666
82a9372,2,282,6,1552,0.5283687943262412
4867bc2,2,235,10,1218,0.4808510638297872
b2c56c9,1,178,1,932,0.5561797752808989
220280e,1,220,3,1133,0.6227272727272727
569f6e7,3,321,6,1915,0.411214953271028
79a90a9,3,276,6,1491,0.5217391304347826
f28233c,3,341,4,1910,0.5161290322580645
a41ce12,3,268,4,1671,0.5335820895522388
3494df9,2,245,4,1468,0.5795918367346938
81636c9,4,438,5,2246,0.4589041095890411
a06b9af,2,168,2,905,0.6071428571428571
7870511,3,272,4,1415,0.43014705882352944
6be0f72,5,758,8,3930,0.3654353562005277
c236426,3,281,4,1497,0.4875444839857651
5c3d868,2,226,4,1227,0.5929203539823009
57d55a8,4,440,6,2556,0.5863636363636363
cc30810,3,326,4,1721,0.5521472392638037
c111d3a,2,490,5,2513,0.44081632653061226
1de153e,4,406,7,2121,0.46798029556650245
79db7bd,5,476,4,2819,0.45588235294117646
4611da2,2,217,5,1081,0.46543778801843316
17f590a,4,531,6,3101,0.4783427495291902
a64b3b8,4,676,4,3786,0.46597633136094674
8048efc,4,717,7,3941,0.39330543933054396
d1525ce,3,378,6,2145,0.5634920634920635
d125d72,3,343,4,1963,0.5189504373177842
53cd66e,2,673,18,3550,0.4487369985141159
143fb6e,2,228,5,6574,0.5
bd04e2e,3,491,5,2870,0.5091649694501018
d19e4cc,1,192,1,1110,0.640625
d61ed97,3,311,6,1761,0.5305466237942122
f7414ec,3,594,5,3266,0.48653198653198654
11bc37a,2,176,3,998,0.44886363636363635
de21737,2,285,5,1481,0.5614035087719298
5e82aa2,3,504,7,2716,0.45436507936507936
29a6e58,4,381,5,2182,0.49868766404199477
de27b5d,3,325,5,1770,0.5415384615384615
67ce637,1,208,4,1117,0.6634615384615384
6e41e6f,4,370,5,2219,0.527027027027027
5a7d31b,4,465,5,2759,0.5290322580645161
bb54676,2,246,3,1296,0.540650406504065
7fc6b23,3,332,6,1919,0.5150602409638554
9ecd3e3,4,554,5,2972,0.4296028880866426
52f78a2,3,227,8,1250,0.6299559471365639
6237ce1,4,738,5,4144,0.4905149051490515
8db3141,2,540,4,3064,0.5814814814814815
20a8ce1,3,265,6,1513,0.44528301886792454
8787e12,5,638,5,3635,0.4043887147335423
e90d60c,3,295,9,1642,0.4711864406779661
ff998c8,1,171,1,862,0.6257309941520468
5b437eb,2,334,3,1866,0.5179640718562875
6936381,4,503,5,2822,0.4115308151093439
ad4d5c6,2,297,6,1706,0.622895622895623
a47a22c,2,313,5,1801,0.5559105431309904
84e4ecf,3,178,5,1077,0.5393258426966292
3e43f50,2,244,4,1278,0.46311475409836067
047f2c6,3,358,4,1779,0.48044692737430167
5b080e5,4,595,30,3472,0.4184873949579832
5306280,3,158,3,1020,0.5822784810126582
ab32abd,3,685,9,3729,0.47153284671532847
117597e,4,422,6,2530,0.46919431279620855
e413e1a,3,305,5,1756,0.5311475409836065
90643c9,2,240,4,1282,0.5958333333333333
709e39a,3,351,4,1957,0.4757834757834758
12ff706,4,396,5,2323,0.49242424242424243
a65e1f2,4,464,5,2817,0.5323275862068966
835a789,1,254,3,1591,0.594488188976378
3978930,3,382,5,1981,0.39790575916230364
a2a5042,2,174,4,1133,0.6091954022988506
4205550,1,177,4,870,0.5536723163841808
da342ec,3,275,6,1609,0.5490909090909091
1ced533,2,186,3,1096,0.5591397849462365
b7248bb,2,446,18,2602,0.48654708520179374
2c8f20b,3,349,5,1749,0.4670487106017192
c6781db,2,225,4,1044,0.5022222222222222
3a1f04d,2,290,5,1544,0.4517241379310345
b1fc8c9,5,585,5,3349,0.46495726495726497
6988e04,3,451,4,2506,0.565410199556541
fa1b185,3,370,7,1853,0.4810810810810811
a412148,4,489,8,2646,0.43149284253578735
f983854,2,196,1,1065,0.6581632653061225
a2f9ade,3,218,3,1223,0.6330275229357798
cd6586d,4,448,10,2383,0.45535714285714285
678631b,1,190,3,985,0.5894736842105263
a620dab,3,329,4,2815,0.5197568389057751
2bca925,1,158,5,803,0.6582278481012658
9ed9135,3,346,4,2050,0.5520231213872833
1157fa5,3,295,4,1496,0.511864406779661
7477a07,1,192,3,1031,0.6041666666666666
366c019,4,347,5,2025,0.42363112391930835
78133cb,3,405,5,2215,0.49382716049382713
719c6f1,3,189,5,1013,0.6402116402116402
1c84003,2,255,3,1429,0.5803921568627451
d19c417,2,252,4,1449,0.5277777777777778
0cb54b1,2,188,2,1042,0.5904255319148937
90af7bd,3,373,4,2071,0.5522788203753352
060694e,3,285,6,1495,0.3368421052631579
eaacc19,4,556,10,3176,0.49280575539568344
d3eae26,2,210,4,1262,0.6476190476190476
53b7354,3,571,6,3219,0.4203152364273205
536462b,2,158,3,838,0.5569620253164557
9291bf4,2,231,1,1244,0.5454545454545454
67f1404,3,401,4,2456,0.4763092269326683
22085d8,4,597,5,3215,0.4623115577889447
e3f11a5,4,437,6,2552,0.5308924485125858
bfc4eda,2,175,2,846,0.6171428571428571
acfb858,3,446,6,2276,0.32062780269058294
577ff61,3,347,7,1775,0.4812680115273775
ef56699,2,206,6,1193,0.6601941747572816
62c323b,5,807,5,4250,0.3828996282527881
310dca5,2,226,3,1225,0.5752212389380531
5d0602f,1,176,2,834,0.5795454545454546
44eff2d,3,662,31,3622,0.4879154078549849
5bf8a20,3,264,4,1545,0.5568181818181818
978be22,4,421,4,2474,0.4845605700712589
82dcd90,1,290,1,1388,0.47586206896551725
632de98,2,333,3,1913,0.6036036036036037
a8a8f9e,5,531,6,3107,0.4444444444444444
310b8bc,2,244,3,1305,0.5942622950819673
15c487f,3,405,5,2327,0.47901234567901235
e941b58,4,285,5,1674,0.5263157894736842
d393d4b,2,202,4,1097,0.5841584158415841
b1104f5,2,188,1,1056,0.5797872340425532
31fffb2,2,459,5,2406,0.46187363834422657
a196efc,2,440,6,2361,0.4068181818181818
a7d384e,2,356,4,2056,0.5224719101123596
5143f3e,3,230,4,1232,0.5608695652173913
9ecb756,3,400,5,2207,0.5575
dc60914,4,334,18,1816,0.5538922155688623
2782b6f,3,298,3,1608,0.4899328859060403
7a94c66,2,318,4,1616,0.48427672955974843
5dfdf3a,4,576,8,3435,0.453125
3c7a135,2,317,3,1579,0.444794952681388
d0be8dc,3,525,6,2883,0.4342857142857143
a4dd622,4,421,5,2274,0.5273159144893111
cae7a1a,3,308,19,1712,0.5584415584415584
9b6a4d6,2,234,4,1324,0.6367521367521367
a347f11,3,449,3,2383,0.48997772828507796
4aa9f4e,5,584,4,3419,0.4452054794520548
516aee9,4,385,6,2291,0.6103896103896104
3e79213,3,295,4,1529,0.423728813559322
a2cce9b,4,479,5,2595,0.4321503131524008
99036bf,5,620,5,3731,0.4290322580645161
481d724,3,604,3,3316,0.47019867549668876
1a3f98d,3,426,1,2463,0.5868544600938967
49b9771,2,239,1,1282,0.5355648535564853
e028b12,1,202,1,1066,0.698019801980198
3154945,2,175,6,970,0.7142857142857143
f40b5d8,6,701,5,3932,0.43937232524964337
746e361,3,378,7,2030,0.47883597883597884
c8cbdb6,1,392,15,2152,0.5994897959183674
562a5b2,1,175,3,936,0.6628571428571428
de93f41,3,336,4,1854,0.5625
d9c42c4,3,417,6,2230,0.4628297362110312
91ed47e,3,377,5,2084,0.47480106100795755
197f299,2,226,5,1225,0.6371681415929203
4e5e23c,2,248,2,1349,0.592741935483871
4afb85e,4,432,8,2131,0.4722222222222222
adde2f0,2,161,3,979,0.6521739130434783
246057b,2,204,4,1088,0.6078431372549019
fe55509,4,430,6,2488,0.5232558139534884
6e3bc7a,2,196,2,1083,0.6326530612244898
a18c42c,3,254,4,1332,0.5748031496062992
1398913,2,181,3,976,0.6353591160220995
a3aa340,4,508,4,2818,0.4409448818897638
b16f679,1,251,3,1359,0.5378486055776892
130935b,3,328,3,1769,0.6341463414634146
cdabeb5,3,497,3,2735,0.42655935613682094
140846f,4,420,5,2440,0.5071428571428571
e6f8532,4,500,3,2920,0.482
279e329,2,241,1,1371,0.6390041493775933
791322a,4,589,4,3489,0.47538200339558573
527009f,2,221,4,1145,0.4841628959276018
04d3f9c,4,478,5,2639,0.399581589958159
da5a938,3,307,4,1660,0.504885993485342
8641cda,3,339,5,1690,0.504424778761062
08ab023,2,187,1,967,0.6042780748663101
0b8588b,1,303,1,1680,0.5412541254125413
81d2ec4,4,540,5,3071,0.5166666666666667
c6c4bd8,4,474,6,2733,0.4831223628691983
59cec78,1,271,1,1383,0.4833948339483395
a84d1dc,4,668,6,3910,0.38622754491017963
e11ee45,2,302,5,1580,0.5662251655629139
84548c2,3,280,4,1496,0.4607142857142857
b47da44,2,280,3,1471,0.5142857142857142
a9e6fc3,3,508,5,2830,0.31299212598425197
0033bf4,3,353,26,1992,0.42776203966005666
4d361cf,2,258,2,1420,0.5503875968992248
637b998,4,556,6,3264,0.4694244604316547
9409a54,4,384,5,2296,0.5572916666666666
ecafa7f,2,317,6,1834,0.4952681388012618
38d8f6c,5,698,3,4287,0.5530085959885387
68b8475,3,518,4,2794,0.45366795366795365
7f21cc4,2,233,3,1191,0.6051502145922747
02f131c,3,401,7,2024,0.46633416458852867
0c34cc0,3,310,5,1908,0.5709677419354838
e41c360,2,291,5,1643,0.570446735395189
911c11b,3,506,6,2712,0.35375494071146246
2e8cee4,3,302,5,1687,0.37748344370860926
df0746c,3,453,7,2459,0.5165562913907285
78a2c82,2,258,5,1470,0.6511627906976745
2be5e7f,3,507,6,2706,0.45759368836291914
5c00e80,3,482,5,2845,0.47717842323651455
ae0e9f6,3,359,6,2062,0.5376044568245125
bf00ad9,5,598,5,3314,0.46321070234113715
b766957,1,308,2,1640,0.4935064935064935
051429c,3,171,6,971,0.5906432748538012
4d5dd3b,3,350,3,1916,0.4942857142857143
852ed3c,3,374,5,2212,0.5828877005347594
f1547e9,3,319,3,1818,0.5611285266457681
2ed047c,5,907,5,5053,0.3814773980154355
732c234,2,193,1,1002,0.5077720207253886
67990fd,2,281,1,1451,0.5231316725978647
e224edd,3,357,5,1937,0.49299719887955185
0eb0013,4,564,6,3022,0.4432624113475177
c1a0bd9,3,369,3,1862,0.38482384823848237
144a332,3,379,5,2109,0.5963060686015831
a875d6a,3,327,5,1815,0.45871559633027525
6f05de3,4,692,5,3937,0.4508670520231214
864d7af,2,250,3,1385,0.604
0b9d88d,5,439,5,2483,0.5261958997722096
673ec30,5,588,12,3527,0.45408163265306123
72d3939,3,384,4,2000,0.4010416666666667
05bcd1b,2,194,4,1040,0.6134020618556701
90ab0d6,2,273,2,1542,0.6190476190476191
54d39cc,2,207,4,1079,0.5265700483091788
ab65c05,2,320,5,1677,0.465625
3aedf9d,3,263,7,1577,0.5817490494296578
ca5deab,4,528,4,3215,0.4015151515151515
d11cfd4,4,396,5,2155,0.4797979797979798
9517e45,2,275,1,1327,0.48727272727272725
5398e83,3,299,4,1472,0.5016722408026756
20fe8b8,5,669,4,3640,0.44095665171898357
f61869e,5,443,5,2603,0.44469525959367945
224e7d7,3,324,4,1834,0.5246913580246914
82c3a96,3,301,5,1678,0.4950166112956811
f8efea4,4,749,4,4495,0.40587449933244324
21b56d3,3,445,6,2544,0.5056179775280899
f70824b,2,198,1,1057,0.5909090909090909
e941ff8,2,169,1,865,0.5857988165680473
d978161,4,426,4,2590,0.4413145539906103
f73964f,1,192,2,1100,0.6770833333333334
e43638a,2,172,3,905,0.6337209302325582
027a1f9,2,185,4,1026,0.6756756756756757
9c11243,5,518,4,3163,0.5501930501930502
046d467,1,183,2,979,0.644808743169399
18834d3,3,355,6,1988,0.5605633802816902
00da297,3,300,6,1542,0.4766666666666667
faed228,3,215,3,1213,0.4790697674418605
02cd88d,1,225,4,1360,0.5822222222222222
821cbea,4,492,4,2594,0.45528455284552843
7082c02,4,454,5,2511,0.44052863436123346
fb7c7a9,5,629,5,3588,0.4435612082670906
58f1cae,3,219,4,1103,0.4429223744292237
f542473,3,373,4,2088,0.4932975871313673
63d44e3,4,762,5,4429,0.3753280839895013
13917a4,3,370,2,2014,0.4648648648648649
d20bd7a,2,302,3,1559,0.5298013245033113
b0e8c53,2,280,3,1491,0.40714285714285714
25cb93b,4,520,5,2730,0.38461538461538464
51975ae,3,367,5,1969,0.5286103542234333
e27d6ff,2,322,5,1992,0.40062111801242234
5206f07,4,498,6,2929,0.5321285140562249
dc5d479,3,236,3,1401,0.597457627118644
98ea16a,2,172,1,970,0.622093023255814
92101ff,1,231,1,1196,0.5887445887445888
42e2c21,2,207,3,1087,0.5217391304347826
2efa049,3,492,8,2673,0.5223577235772358
95d58df,4,410,4,2418,0.5219512195121951
31c5595,3,323,7,1787,0.43653250773993807
ef6aca8,2,169,3,1011,0.7633136094674556
e068a9b,5,744,5,4429,0.48118279569892475
cff1391,3,191,3,1074,0.4816753926701571
30d6bfe,2,251,4,1440,0.5617529880478087
e987a81,3,430,6,2386,0.28837209302325584
68427ee,3,490,3,2791,0.4163265306122449
d29cf7f,3,308,3,1566,0.5422077922077922
92cf776,4,364,5,2087,0.48626373626373626
76648c5,1,195,1,1036,0.5641025641025641
44c4dea,3,252,4,1366,0.5317460317460317
ccacd9a,2,251,3,1245,0.46613545816733065
f49f29e,4,419,4,2317,0.4916467780429594
80e8016,4,412,4,2410,0.41019417475728154
3328793,4,422,4,2725,0.5710900473933649
fd851aa,3,238,6,1351,0.5966386554621849
7596c98,3,284,5,1555,0.5422535211267606
3a4e8d9,4,448,4,2537,0.5111607142857143
6546491,3,210,4,1164,0.5
6e46ca3,3,449,5,2562,0.44766146993318484
f8e6cf7,1,237,1,1396,0.6666666666666666
42ff84e,4,549,29,3263,0.48816029143898
ad4257d,4,422,4,2312,0.490521327014218
2c9e6a6,1,273,13,1313,0.5274725274725275
7dd795f,2,222,5,1159,0.5675675675675675
878db26,3,242,3,1326,0.5991735537190083
85197aa,4,444,5,2656,0.43243243243243246
a81eb53,2,454,8,2285,0.4955947136563877
98245fe,4,399,5,2383,0.46365914786967416
2a14518,3,264,6,1392,0.5227272727272727
8bfc1f0,2,181,1,1072,0.6464088397790055
0030e86,4,400,8,2374,0.49
54255da,3,345,6,1925,0.5971014492753624
1b1d926,3,398,7,2229,0.41457286432160806
71077d8,2,188,2,904,0.574468085106383
d37a1d4,3,297,4,1760,0.6262626262626263
bec7613,2,163,1,887,0.5766871165644172
3779f66,3,257,3,1346,0.4708171206225681
d3da047,4,341,5,2019,0.4222873900293255
668e9d1,1,158,1,859,0.5759493670886076
f73175b,3,315,4,1796,0.5365079365079365
9d7fb51,4,649,4,3553,0.4268104776579353
b330def,3,345,5,1771,0.4608695652173913
5e48746,2,403,7,2230,0.56575682382134
f5861a4,3,298,4,1772,0.5604026845637584
393fc11,2,269,7,1441,0.6022304832713755
ca340eb,5,765,7,4420,0.4065359477124183
4a7605d,4,345,5,1877,0.46956521739130436
bd83954,3,225,6,1356,0.56
8d682cd,3,231,4,1256,0.47186147186147187
7119d0f,2,513,5,3111,0.4853801169590643
68c21d6,2,212,3,1248,0.6415094339622641
971445d,2,260,3,1364,0.5038461538461538
5ccfab5,2,245,4,1438,0.5510204081632653
f6299c6,4,749,5,4210,0.3204272363150868
117a386,3,352,6,2053,0.5823863636363636
c0c3bef,3,277,2,1561,0.6209386281588448
7456322,3,715,5,4168,0.41818181818181815
7f37c85,2,289,5,1533,0.5605536332179931
78ed400,3,915,15,5832,0.5595628415300546
4795d3e,3,313,4,1792,0.549520766773163
246b556,1,254,5,1262,0.4330708661417323
0e00dde,3,388,18,2290,0.47164948453608246
e51f18f,1,258,13,1503,0.6046511627906976
42a21d9,3,420,11,2162,0.45476190476190476
93580a8,3,395,7,2181,0.48860759493670886
7dab4be,2,236,5,1431,0.4661016949152542
f43c475,1,244,6,1258,0.5942622950819673
f321edd,3,345,5,1909,0.4811594202898551
8bbadfe,4,327,5,1820,0.4984709480122324
3bb8ecb,2,256,3,1304,0.58984375
a111d6c,3,347,4,2094,0.547550432276657
ad4e3d6,1,327,6,1824,0.5657492354740061
bc5bf52,4,446,6,2549,0.5852017937219731
b5d5592,3,444,4,2296,0.4527027027027027
da8c829,1,275,1,1559,0.6181818181818182
feba238,3,411,4,2318,0.44768856447688565
7459fff,2,426,4,2180,0.43661971830985913
7bf3cb1,5,885,8,4899,0.4271186440677966
5d5f23d,4,548,6,3208,0.4543795620437956
9eea4e6,4,384,3,2212,0.5572916666666666
48b90fe,1,327,4,1719,0.5321100917431193
77c71c3,4,508,4,3000,0.6023622047244095
2ec8ca9,3,533,8,2822,0.425891181988743
c624421,4,477,8,2669,0.4779874213836478
04e1177,2,208,2,1126,0.5528846153846154
e698739,3,350,8,2027,0.46
3c2c83a,2,265,4,1370,0.5207547169811321
0767c85,3,353,4,2120,0.5382436260623229
c1c3dc4,3,214,1,1194,0.6355140186915887
778b1c3,4,649,8,3694,0.40061633281972264
7d4b44d,2,227,4,1181,0.4845814977973568
a1a03f4,3,410,6,2235,0.44390243902439025
f518c1a,3,334,5,1849,0.5329341317365269
997679c,4,523,9,2982,0.45315487571701724
243124b,2,212,3,1184,0.6415094339622641
2444c8a,2,225,4,1208,0.5288888888888889
c547463,4,459,4,2605,0.49673202614379086
4301d19,5,518,10,2866,0.4806949806949807
f137caa,2,226,4,1210,0.5088495575221239
a45d6d9,4,341,4,1792,0.4809384164222874
50a970f,4,426,5,2570,0.4812206572769953
9d25095,4,424,5,2606,0.5283018867924528
a95ab46,1,258,7,1507,0.6589147286821705
a698a32,3,358,3,1896,0.5502793296089385
9898612,3,278,7,1510,0.5179856115107914
1498b6e,4,369,5,1964,0.5392953929539296
cff14e2,3,277,4,1612,0.6064981949458483
c396ded,2,394,5,2158,0.4873096446700508
321758b,3,326,5,1758,0.41411042944785276
a81dab5,5,471,5,2736,0.37579617834394907
c825e74,4,382,5,2258,0.5340314136125655
23e63ae,3,409,7,2260,0.4254278728606357
ea14ad6,4,378,5,2026,0.42328042328042326
c870af2,2,476,6,2715,0.5462184873949579
fc68dd9,5,503,5,2837,0.5089463220675944
b116271,3,339,5,1728,0.4778761061946903
6e79fe9,2,323,5,1573,0.43653250773993807
dd43d5b,3,377,18,2221,0.5649867374005305
211d058,5,436,4,2747,0.5412844036697247
c9feb22,3,411,4,2301,0.4793187347931874
fa6b1b2,1,316,5,1535,0.5031645569620253
320475b,2,387,4,2217,0.4444444444444444
8a2b6fe,2,277,7,1467,0.5306859205776173
834163b,3,507,5,2822,0.5759368836291914
e9d46e3,4,352,5,1931,0.5767045454545454
4eed718,4,472,5,2609,0.4872881355932203
409efc0,4,598,4,3477,0.35785953177257523
3bea149,2,225,6,1174,0.5555555555555556
c45e3c0,3,494,8,2579,0.48582995951417
06a9fdf,3,305,4,1548,0.46557377049180326
2e922a8,3,368,4,2001,0.5244565217391305
af8c1c9,5,537,5,2925,0.46741154562383613
af2a216,2,274,3,1571,0.5
28382e5,1,213,6,1153,0.539906103286385
7363097,4,591,5,3523,0.37055837563451777
5225bf0,3,250,6,1504,0.596
ea84dea,3,286,3,1568,0.5034965034965035
c3b868c,4,458,5,2678,0.4759825327510917
77b828a,3,371,6,2171,0.5714285714285714
4b346ce,2,239,5,1229,0.4895397489539749
7006ed1,1,192,5,1048,0.5416666666666666
8d98a49,4,717,5,3799,0.42398884239888424
6b81b9d,1,569,5,3281,0.5518453427065027
d0e706d,3,558,5,3149,0.4014336917562724
23bc2c4,2,742,7,4227,0.37601078167115903
8101828,3,277,3,1603,0.5667870036101083
b78887e,2,196,3,1153,0.6020408163265306
392b094,4,332,5,1951,0.5090361445783133
8b0c0ce,3,511,6,2853,0.4520547945205479
e47a407,1,182,1,824,0.5274725274725275
1f3ac05,3,272,6,1560,0.6029411764705882
b2bef39,2,243,4,1237,0.5555555555555556
f39431c,4,390,4,2297,0.5333333333333333
8004817,3,334,4,1855,0.5389221556886228
7cd2bae,2,255,5,1331,0.5568627450980392
77c9d3f,2,389,9,2000,0.5655526992287918
3785422,3,413,5,2448,0.5205811138014528
cd03571,3,405,4,2321,0.508641975308642
bddecb4,2,200,3,1155,0.715
648f50e,4,527,5,2881,0.5294117647058824
98569e1,4,397,4,2077,0.45843828715365237
8bb5e74,4,674,6,3637,0.4391691394658754
ee9a6d2,4,689,5,3684,0.45573294629898403
3623b07,3,255,4,1323,0.4588235294117647
590d353,2,213,2,1188,0.6338028169014085
5ed55fb,2,274,5,1347,0.4416058394160584
cfa680e,2,153,3,904,0.6405228758169934
744cdf9,2,180,2,969,0.6
6b08f37,2,244,5,1292,0.45081967213114754
7d2ffee,3,320,3,1716,0.525
17d277f,3,324,3,1794,0.5308641975308642
55c94b9,3,279,3,1480,0.5161290322580645
af057d8,2,185,4,1004,0.6108108108108108
5430e30,2,309,3,1746,0.46601941747572817
3c2b8aa,2,222,3,1272,0.6531531531531531
9106d85,4,654,4,3432,0.44954128440366975
82ff441,3,310,4,1631,0.43548387096774194
b254e4e,4,522,5,2916,0.4386973180076628
76268de,3,304,8,1749,0.5921052631578947
4d2c117,1,230,3,1251,0.6217391304347826
91c6024,2,230,3,1140,0.48695652173913045
0b095ea,3,265,3,1271,0.5056603773584906
9c8d646,3,325,5,1680,0.5784615384615385
a704ae6,5,543,6,3076,0.4880294659300184
55c1225,4,514,5,3093,0.4396887159533074
eba1dfa,3,225,2,1301,0.6311111111111111
a5f3eba,2,441,7,2443,0.5079365079365079
8a5aed7,1,277,1,1566,0.5342960288808665
638b1ef,4,341,5,1775,0.4574780058651026
c2962e6,2,175,1,856,0.5714285714285714
8f99561,3,304,5,1642,0.5855263157894737
7148bb6,2,260,2,1442,0.5
b996081,1,192,3,1120,0.609375
7fa2c6b,2,170,1,922,0.6470588235294118
50b9edc,3,414,4,2352,0.5
90a8004,3,340,5,2069,0.6058823529411764
a0154df,3,605,8,3014,0.3603305785123967
9b523f3,4,389,4,2294,0.455012853470437
a1d96a1,4,463,5,2451,0.3801295896328294
85b5320,1,451,2,2381,0.2749445676274945
9914633,3,415,5,2272,0.5204819277108433
6e29e23,3,345,5,1792,0.5014492753623189
a7e1ea2,2,380,5,2070,0.5947368421052631
cad1883,4,536,7,2986,0.43283582089552236
ab0d3ab,1,408,8,2329,0.4068627450980392
c0ee4fa,3,203,3,1194,0.541871921182266
c2d42a7,2,270,3,1544,0.5740740740740741
58edf73,4,458,6,2903,0.4519650655021834
aab8548,2,210,6,1085,0.5238095238095238
cd44a5a,4,333,4,1717,0.5675675675675675
25e76b0,2,168,6,919,0.5654761904761905
c3974d3,3,500,4,2710,0.514
6139fd7,4,429,5,2680,0.44522144522144524
2c5df89,1,165,1,939,0.5212121212121212
f546cf5,3,433,35,2456,0.44803695150115475
41d957f,4,453,4,2485,0.47240618101545256
5b078b2,2,189,3,947,0.4973544973544973
b75e1ba,4,459,3,2788,0.4662309368191721
ecda55c,2,186,1,1103,0.532258064516129
e9269d6,4,452,4,2466,0.46238938053097345
eefdc66,3,410,4,2365,0.5560975609756098
135eb15,4,532,8,3007,0.45864661654135336
60d538c,2,225,2,1167,0.5288888888888889
409951c,4,541,4,2869,0.46210720887245843
309bd04,5,453,6,2811,0.46357615894039733
8927e9d,4,427,6,2404,0.4707259953161593
cc1d174,3,341,3,1847,0.4574780058651026
e88653e,4,495,5,2831,0.5757575757575758
47e73e8,3,323,5,1788,0.5046439628482973
b51cad7,2,248,4,1369,0.5483870967741935
8f57187,3,333,4,1876,0.5675675675675675
595ebd3,2,179,3,928,0.5307262569832403
2aaa8cf,3,326,2,1697,0.4723926380368098
8d8ac7f,3,273,5,1476,0.4908424908424908
cffa6fb,2,158,4,861,0.6645569620253164
cf8d30d,5,713,5,4107,0.44460028050490885
205075e,3,343,5,2003,0.6034985422740525
28de5fe,4,518,4,3090,0.4498069498069498
e2d253c,3,378,5,2120,0.5396825396825397
ec8212f,3,314,4,1757,0.5859872611464968
cc28ac9,3,223,6,1317,0.5381165919282511
b9a006f,2,188,3,1096,0.675531914893617
05fa0f0,1,260,2,1544,0.6576923076923077
9b815d8,2,243,3,1267,0.6213991769547325
890d02c,3,257,5,1395,0.4980544747081712
fd6e5a7,3,405,5,2319,0.49135802469135803
57e1bf2,1,249,2,1383,0.5943775100401606
ff88e0d,4,386,4,2263,0.4740932642487047
cad0481,2,265,3,1344,0.5018867924528302
a25d09e,4,493,5,2758,0.4969574036511156
ee6126b,2,329,6,1648,0.364741641337386
a987cd3,4,470,4,2570,0.4319148936170213
7c4e31f,4,499,5,2566,0.3867735470941884
dd226a9,3,270,4,1589,0.562962962962963
b8c4484,4,374,4,2188,0.47593582887700536
d9936bc,2,184,3,1046,0.6195652173913043
f1c81a1,2,328,3,1919,0.5914634146341463
4b77414,4,397,5,2425,0.5667506297229219
688fdbb,3,316,4,1706,0.6044303797468354
cae51a8,4,459,5,2603,0.514161220043573
01bb061,1,406,5,1945,0.39655172413793105
eafd71b,1,362,1,1919,0.5165745856353591
a1a8e7b,3,453,6,2580,0.41721854304635764
71ec6c2,3,446,5,2474,0.5224215246636771
6fc833f,4,624,5,3577,0.4519230769230769
d0bb1cc,3,321,4,1948,0.6230529595015576
ca26a6a,2,161,3,949,0.515527950310559
c2a3c50,3,430,4,2442,0.5558139534883721
0e289bb,2,155,1,789,0.6516129032258065
4681db6,3,326,4,1934,0.6104294478527608
3d74cf4,2,371,5,1986,0.5121293800539084
6efab09,4,634,5,3619,0.3753943217665615
afd6035,3,328,6,1802,0.4817073170731707
ec10c42,3,281,5,1477,0.5516014234875445
ba2fb55,3,411,6,2345,0.49148418491484186
151a470,4,364,5,1935,0.5082417582417582
20e88fd,3,295,5,1659,0.559322033898305
23ee95d,3,475,7,2735,0.4189473684210526
64ee98f,3,271,5,1586,0.6014760147601476
1781f4e,4,300,6,1642,0.51
9ba7436,3,325,6,1693,0.4646153846153846
cf64f64,2,241,4,1336,0.6058091286307054
d1d95ea,2,187,1,1142,0.7112299465240641
5fe4eeb,3,244,4,1363,0.5573770491803278
c13993d,3,329,5,1819,0.5349544072948328
0760ba5,3,341,5,1783,0.5513196480938416
c11476d,5,464,5,2599,0.4482758620689655
aef34f4,3,414,6,2477,0.5917874396135265
36e31bf,4,519,19,2938,0.371868978805395
2e2e458,4,478,5,2497,0.3472803347280335
f527045,2,183,4,953,0.5245901639344263
85f8a7e,3,368,5,2037,0.6032608695652174
bd18a8b,1,268,1,1418,0.5186567164179104
6747056,2,262,3,1398,0.3931297709923664
0e54b40,3,259,3,1462,0.525096525096525
da9e82a,4,322,5,1962,0.4658385093167702
3393759,2,249,4,1419,0.5100401606425703
3a0a581,4,568,8,3230,0.4647887323943662
69715eb,2,214,3,1077,0.5654205607476636
0dcf2f6,6,753,36,4450,0.4156706507304117
b72a081,3,338,4,1987,0.5414201183431953
d2d7ffb,4,393,5,2122,0.46564885496183206
4f6d629,3,248,3,1494,0.592741935483871
efe002a,2,434,3,2164,0.35023041474654376
52a9b4f,3,342,4,2043,0.5818713450292398
72d135f,3,405,16,2145,0.43950617283950616
71e74d8,4,401,4,2059,0.4763092269326683
a1c0187,4,513,5,2842,0.43859649122807015
dbf7e1e,3,385,6,2029,0.5454545454545454
6978f8c,3,482,6,2610,0.45228215767634855
5e47d03,3,233,3,1259,0.44635193133047213
c1f0eab,4,554,6,3242,0.4675090252707581
b333fa7,3,457,5,2562,0.45295404814004375
69084e9,5,558,5,3248,0.482078853046595
10787dc,3,234,2,1355,0.5470085470085471
706a54e,2,225,3,1323,0.5422222222222223
e0eb3ac,3,269,3,1462,0.5724907063197026
b94c2b6,2,207,4,1212,0.6183574879227053
c107670,5,439,10,2600,0.5330296127562643
660cbde,3,254,4,1540,0.5551181102362205
83c22e9,3,326,6,1929,0.5613496932515337
648593b,2,250,7,1427,0.584
40ab3ee,4,431,6,2449,0.5127610208816705
3a275eb,3,304,5,1638,0.5361842105263158
77bed99,3,332,2,1831,0.5210843373493976
9f244ee,3,361,4,1995,0.5346260387811634
57d9535,3,220,3,1217,0.6318181818181818
5e08943,1,246,5,1263,0.5975609756097561
0f393ae,5,601,8,3506,0.5158069883527454
b4c0303,4,643,5,3578,0.39502332814930013
0ada1e2,1,381,6,2272,0.48556430446194226
c1fb803,2,206,4,1122,0.5728155339805825
cea013b,2,288,3,1713,0.5590277777777778
adb6a5a,4,401,5,2232,0.3740648379052369
f2faede,3,395,4,2091,0.5012658227848101
29273d7,2,301,4,1830,0.6046511627906976
20b7318,4,532,4,2860,0.42857142857142855
342724a,3,388,4,2413,0.5412371134020618
668e16e,2,204,3,1084,0.553921568627451
a8cf68c,2,401,5,2002,0.4139650872817955
f6929a1,3,239,5,1278,0.5355648535564853
76afaf5,2,166,4,852,0.5542168674698795
c85ac45,1,243,4,1411,0.6625514403292181
3f1888d,4,403,5,2283,0.5508684863523573
7c7715f,4,415,5,2357,0.5012048192771085
d5e312e,2,430,7,2492,0.5023255813953489
49fc55b,2,228,1,1290,0.5350877192982456
bc1be26,2,252,4,1416,0.5277777777777778
2eef8db,3,257,3,1530,0.5875486381322957
f260d4e,6,497,6,3019,0.46680080482897385
4f11a26,4,502,8,3199,0.4860557768924303
d013dc7,2,198,2,1162,0.6414141414141414
d138a75,2,352,4,1945,0.5653409090909091
9375fe0,3,310,5,1794,0.6064516129032258
cd644de,2,221,3,1215,0.5610859728506787
a3ad983,2,342,7,1924,0.5906432748538012
bcde80b,4,386,1,2000,0.46113989637305697
b6a5a2a,3,209,3,1245,0.569377990430622
9e6c4ac,3,344,3,1973,0.5
980a15b,6,778,5,4620,0.41773778920308485
41bb18f,4,510,5,2892,0.5019607843137255
ebce6a4,5,654,7,3772,0.4785932721712538
519100a,4,464,5,2639,0.521551724137931
b5365be,5,766,6,4506,0.43342036553524804
047a377,3,238,2,1448,0.5630252100840336
1b3b11e,3,394,6,1975,0.44923857868020306
47626ae,3,317,7,1841,0.5899053627760252
9b11f52,4,361,5,2258,0.4515235457063712
be496ae,4,716,44,4275,0.46089385474860334
1eb708e,2,190,9,1076,0.6473684210526316
9953c19,4,533,5,2909,0.4634146341463415
0065bd6,3,286,5,1619,0.493006993006993
77d9cb5,4,479,5,2708,0.4697286012526096
98bb413,2,232,4,1197,0.5474137931034483
1b5c960,2,174,5,998,0.6091954022988506
dee7e18,1,177,2,1015,0.423728813559322
b2f1196,2,163,4,883,0.6257668711656442
ac919b8,4,731,15,4050,0.41997264021887826
8831d7a,6,681,6,4266,0.5330396475770925
30be42a,5,478,4,2772,0.4895397489539749
44f2536,4,390,7,2233,0.4076923076923077
774757d,5,796,6,4414,0.38819095477386933
046e84a,3,389,5,2059,0.4832904884318766
e1e06f9,3,532,6,2779,0.3890977443609023
75e727b,4,398,6,2392,0.5904522613065326
a7ba001,4,502,6,2584,0.36254980079681276
8c7090b,4,564,6,3449,0.44680851063829785
331e7e8,3,324,3,1845,0.5709876543209876
5e99300,3,351,3,1945,0.49002849002849
f932e4c,3,306,4,1731,0.5522875816993464
66ca8f3,2,285,5,1630,0.6456140350877193
e0a82f7,5,452,5,2505,0.4668141592920354
a9ae33c,2,176,4,990,0.6022727272727273
f487f7b,1,215,5,1075,0.6046511627906976
858fb4a,4,366,1,2115,0.4644808743169399
868ba1d,2,252,3,1349,0.5634920634920635
2af44aa,5,635,6,3716,0.3858267716535433
06743f8,3,387,4,2131,0.5400516795865633
dc10eb8,3,429,4,2359,0.4731934731934732
58a3037,3,302,4,1718,0.5231788079470199
0ad4908,3,306,4,1713,0.5620915032679739
2b6bf6c,4,411,4,2456,0.48661800486618007
b701593,3,331,5,1803,0.4199395770392749
f016ca9,2,177,2,1098,0.6101694915254238
498a10e,3,251,5,1418,0.5856573705179283
3af84f4,3,286,5,1696,0.6328671328671329
896afa6,5,445,5,2642,0.4943820224719101
62729e1,2,255,3,1413,0.5450980392156862
84a35db,1,169,5,1048,0.7692307692307693
e9ed658,3,407,3,2176,0.47665847665847666
75abb10,2,410,4,2265,0.5756097560975609
61fe513,4,538,7,2958,0.43866171003717475
79c21a0,3,604,5,3280,0.3658940397350993
b247721,2,191,5,1049,0.5654450261780105
b7f8862,1,221,1,1081,0.5294117647058824
7cdf8b2,1,492,13,3023,0.5284552845528455
4f5b050,2,225,4,1289,0.6711111111111111
7587078,4,584,6,3216,0.4383561643835616
d76d97f,4,322,5,1858,0.5900621118012422
dc8e9f9,2,157,3,902,0.6050955414012739
5278bcd,3,512,5,2707,0.55078125
06ef6d4,3,260,4,1420,0.5423076923076923
9cff5ed,3,418,1,2431,0.4784688995215311
4d48ec6,4,488,3,2829,0.5040983606557377
f16ceb2,2,315,6,1633,0.4031746031746032
0ff64dd,4,403,5,2280,0.43424317617866004
e85205c,2,206,3,1233,0.46116504854368934
9a84d5f,3,356,4,1899,0.4410112359550562
434b035,1,190,2,1074,0.5684210526315789
9c91080,2,167,2,870,0.6526946107784432
8b1c3fc,2,177,1,972,0.6101694915254238
f084460,1,271,2,1386,0.5055350553505535
b25a820,5,554,6,3378,0.45126353790613716
66b8eaa,2,185,1,1051,0.6432432432432432
e0e7925,4,588,9,3058,0.44387755102040816
50ecce9,3,261,5,1507,0.5977011494252874
6d5dadc,1,391,4,2258,0.6112531969309463
db18689,3,337,4,1788,0.4658753709198813
ec9a0b2,4,348,6,1858,0.5344827586206896
b9d2914,5,534,5,3195,0.4419475655430712
670483d,3,429,4,2486,0.46853146853146854
62720f4,3,333,5,1752,0.5225225225225225
d22af96,3,406,3,2399,0.5172413793103449
c2dc1f0,3,275,5,1534,0.5381818181818182
b6f3190,2,280,3,1518,0.5
7d860aa,2,217,7,1214,0.5391705069124424
d798cd9,3,339,4,1876,0.5309734513274337
4a406d9,1,346,5,1930,0.5289017341040463
5e08e98,2,325,5,1740,0.5384615384615384
de1fddb,2,205,3,1081,0.526829268292683
f17679c,2,158,5,939,0.5949367088607594
e354650,4,520,5,2793,0.4269230769230769
07d1a3b,2,352,3,2115,0.5085227272727273
777c76a,3,410,6,2336,0.5292682926829269
5ef2247,2,164,3,964,0.676829268292683
b4070da,2,201,3,1223,0.6318407960199005
61f29a7,1,260,6,1483,0.5461538461538461
13f9359,3,333,4,1864,0.4864864864864865
2d9b9c4,4,370,5,1987,0.4702702702702703
a9c51ed,2,269,3,1538,0.45724907063197023
3594209,4,426,5,2439,0.57981220657277
dacfa3e,2,342,5,1908,0.5263157894736842
b6b3010,2,311,3,1570,0.5787781350482315
6432cad,3,239,5,1233,0.5815899581589958
7715f1d,4,469,6,2682,0.42430703624733473
399c926,3,372,5,1946,0.40860215053763443
8ad36ea,3,391,5,2076,0.4731457800511509
75f4205,2,281,3,1532,0.5231316725978647
7fa4d7b,2,237,5,1272,0.5907172995780591
bd79de4,3,316,6,1799,0.4651898734177215
3dd0ee7,2,184,1,1026,0.592391304347826
8951a7f,4,496,8,2653,0.42943548387096775
a5e7068,2,191,3,1173,0.46596858638743455
ad31adf,4,483,5,2494,0.3188405797101449
01a0d33,3,368,8,2149,0.4320652173913043
e2202d5,4,385,6,2258,0.5376623376623376
cffc8aa,4,377,5,2198,0.4509283819628647
0f91158,4,510,10,2814,0.4137254901960784
d36602f,1,210,5,1009,0.6
36a8309,3,245,5,1374,0.46530612244897956
82f4346,3,465,5,2508,0.4752688172043011
eb7bbaa,3,394,6,2288,0.4543147208121827
1111bf7,2,298,1,1755,0.5234899328859061
54504f2,3,428,4,2513,0.4883177570093458
bcbbc36,3,370,5,2157,0.45135135135135135
c6beb17,2,332,8,1719,0.5632530120481928
b946dc0,2,183,3,1000,0.5573770491803278
59b6075,3,675,10,3748,0.46370370370370373
429eccc,1,163,5,932,0.7055214723926381
0b88519,4,704,5,3955,0.5099431818181818
c1efcae,5,516,6,2909,0.4728682170542636
13e7ace,1,238,1,1296,0.6680672268907563
18f8ef2,1,216,2,1155,0.5694444444444444
dd83c62,3,266,3,1523,0.6165413533834586
68c37d4,2,216,3,1185,0.5694444444444444
b2fa3a3,3,290,3,1490,0.5310344827586206
88b0a4f,3,331,4,1716,0.42900302114803623
3cabc05,4,365,6,2119,0.5013698630136987
2b41246,2,480,7,2561,0.5041666666666667
bdbc14e,4,476,7,2547,0.41386554621848737
cc8319c,4,507,5,3060,0.4477317554240631
200ea48,3,284,5,1774,0.4119718309859155
721e694,3,335,4,1887,0.5223880597014925
474e939,3,408,7,2338,0.42892156862745096
c94b689,3,353,3,1940,0.5637393767705382
e76e2af,4,608,5,3598,0.47039473684210525
6cc5bef,3,257,4,1341,0.4708171206225681
f721caf,5,520,5,3202,0.4826923076923077
6b9e3c2,3,278,4,1558,0.5575539568345323
fa87d4a,4,692,4,3712,0.42485549132947975
9443400,3,471,4,2573,0.524416135881104
aa4f2ff,1,257,4,1485,0.5758754863813229
bb8683b,4,366,7,2149,0.5683060109289617
ef3ba7e,6,686,5,3973,0.5131195335276968
5c54427,6,718,7,4410,0.45264623955431754
5b0af71,4,536,5,3022,0.5522388059701493
26e68ea,3,311,5,1739,0.617363344051447
0a54018,4,360,4,2244,0.5666666666666667
4c86695,2,173,3,975,0.6127167630057804
118557a,3,294,4,1546,0.5714285714285714
73fece8,3,443,5,2397,0.435665914221219
8779507,4,322,5,1837,0.5062111801242236
eb828b6,2,193,5,1193,0.5647668393782384
719e49f,3,319,7,1890,0.47335423197492166
9ecc83f,3,369,3,2115,0.5853658536585366
1ca4609,4,394,6,2192,0.5076142131979695
c58321c,3,494,3,2420,0.4230769230769231
17c5f94,4,364,6,2105,0.510989010989011
0a35ec7,2,192,4,1036,0.6354166666666666
9ff1dec,4,516,9,3148,0.4806201550387597
ae2834e,3,267,3,1322,0.4681647940074906
a4f63d6,3,342,6,2047,0.5497076023391813
33cb44b,4,492,4,2998,0.5386178861788617
00d027f,3,290,4,1677,0.5655172413793104
658794c,2,236,3,1166,0.4449152542372881
ccaa072,3,264,4,1473,0.4015151515151515
dde6f61,2,214,4,1158,0.6822429906542056
e250c3b,4,442,5,2331,0.4276018099547511
7d7dd16,1,152,1,805,0.5986842105263158
34622c1,3,476,4,2463,0.3949579831932773
e989f07,2,173,4,1024,0.6416184971098265
1193d27,3,491,5,2672,0.4786150712830957
5c0e7d0,4,394,5,2379,0.41878172588832485
2116512,3,264,4,1483,0.5265151515151515
ce9e198,1,403,5,2041,0.37220843672456577
6498348,3,414,5,2225,0.4758454106280193
9e091e4,3,470,4,2503,0.5127659574468085
4d6bbea,5,616,5,3465,0.45292207792207795
16ead3d,1,301,5,1578,0.4983388704318937
035a4d2,1,380,1,2035,0.45526315789473687
35190a9,3,382,6,2052,0.43455497382198954
3651ff6,4,395,5,2204,0.46582278481012657
c486ab6,3,448,6,2726,0.3861607142857143
793c4ff,3,260,4,1360,0.5307692307692308
9f6d017,4,365,5,2119,0.5424657534246575
ae4bf83,3,238,3,1328,0.5756302521008403
faf55f3,3,297,3,1723,0.5420875420875421
adb7b2b,2,162,4,922,0.6975308641975309
8b5367f,3,583,6,3001,0.41680960548885077
6e33b3a,3,237,3,1215,0.5189873417721519
322025b,2,155,4,892,0.6580645161290323
fef2540,5,608,6,3359,0.4654605263157895
edbe3d7,4,434,4,2523,0.4400921658986175
ec1381c,2,441,1,2398,0.5306122448979592
6aeffd6,3,298,7,1701,0.5805369127516778
7f04a47,2,283,4,1516,0.508833922261484
a9b8802,4,451,7,2913,0.623059866962306
7dad651,3,407,31,2303,0.5184275184275184
834c55a,2,342,3,2005,0.5672514619883041
795d85a,3,202,4,1077,0.5841584158415841
1f94329,2,165,1,894,0.5515151515151515
0ebb30a,1,378,4,2091,0.582010582010582
0502b23,3,276,3,1578,0.5217391304347826
10d1d31,2,179,3,1010,0.6480446927374302
a7dd51f,2,151,1,712,0.48344370860927155
68b12db,4,557,7,3169,0.4614003590664273
c11c0f6,4,385,5,2105,0.5116883116883116
4c6248a,3,264,5,1452,0.49242424242424243
49080ed,4,427,4,2479,0.5362997658079626
b3491a6,1,191,4,927,0.581151832460733
f4ab62f,2,178,3,1020,0.6404494382022472
e83337e,5,605,5,3613,0.512396694214876
d3f995f,3,402,7,2292,0.4900497512437811
53b7652,4,381,5,2159,0.5249343832020997
01a53e1,4,338,7,1843,0.5059171597633136
e5efc6c,4,566,6,3180,0.49646643109540634
b6c2cb5,2,158,1,904,0.6012658227848101
1b45c61,6,770,6,4674,0.44935064935064933
cfa72bf,2,327,5,1823,0.5779816513761468
3355650,4,373,5,2136,0.5308310991957105
f0beb1f,3,291,4,1637,0.5945017182130584
ca8d53f,3,306,4,1698,0.5980392156862745
704009b,3,187,5,1100,0.6363636363636364
b006918,4,417,5,2319,0.47961630695443647
7338a0f,2,167,3,933,0.7485029940119761
cea84d3,3,455,33,2554,0.45714285714285713
5b27764,1,225,5,1295,0.6355555555555555
4ad7a7d,2,244,3,1275,0.569672131147541
1412e31,3,420,9,2291,0.45
9aa7059,4,398,5,2213,0.3417085427135678
e05bf58,4,540,5,3031,0.43148148148148147
b0cfdcf,3,479,4,2590,0.4133611691022965
eef9cfb,2,205,4,1203,0.6292682926829268
d17e95c,2,262,1,1505,0.5687022900763359
d211ba8,1,278,5,1708,0.5935251798561151
a9fbd0a,3,260,4,1547,0.6
ca2218d,2,255,2,1450,0.6313725490196078
a6aac56,2,200,5,1126,0.565
1d74982,2,185,4,1035,0.6270270270270271
79ff0f8,3,240,3,1314,0.6375
4d44646,2,251,4,1327,0.6175298804780877
8f24354,4,556,5,3287,0.5017985611510791
05e1eae,2,269,4,1460,0.45724907063197023
f8d19cf,4,465,8,2560,0.4924731182795699
774fcce,3,223,10,1244,0.547085201793722
7524971,5,633,5,3867,0.4296998420221169
fa7c1f8,1,221,6,1289,0.5475113122171946
b77c339,5,644,4,3680,0.40993788819875776
2348e16,5,498,5,2815,0.4598393574297189
5c3d2e8,2,173,2,1022,0.6127167630057804
5a2a58f,4,523,5,3122,0.4837476099426386
07f4106,4,486,5,2671,0.3868312757201646
ec8c280,2,186,3,1061,0.5967741935483871
972cdff,3,713,5,4331,0.517531556802244
ed0f076,3,608,7,3281,0.45230263157894735
705d0a0,4,334,4,1941,0.46407185628742514
89fac32,3,321,5,1847,0.5700934579439252
453ecf1,2,159,2,886,0.6226415094339622
807917d,4,780,5,4473,0.4282051282051282
7a24b91,4,452,5,2398,0.4469026548672566
11bdb65,4,537,6,3062,0.4543761638733706
bc21d5d,2,214,5,1152,0.5
46b483f,4,394,5,2036,0.4746192893401015
78e8b03,2,186,3,977,0.5913978494623656
77f3342,4,335,5,1945,0.5104477611940299
05cb18a,2,348,1,1703,0.3390804597701149
4923deb,2,170,1,922,0.5823529411764706
d31123b,2,387,12,2095,0.4392764857881137
eafc7f2,3,287,4,1586,0.49477351916376305
97b1b67,2,207,1,1231,0.6618357487922706
29a6a6b,2,217,2,1220,0.5714285714285714
4dafc9e,1,225,7,1277,0.5911111111111111
8d67ce2,2,250,3,1351,0.492
66a8d72,4,338,4,2045,0.6005917159763313
1509b39,4,402,5,2438,0.43532338308457713
f0c559c,2,185,3,1035,0.5405405405405406
2be098e,4,451,5,2589,0.4611973392461197
35f9eda,2,288,5,1616,0.5347222222222222
6bf0065,2,207,3,1134,0.6280193236714976
635537a,3,350,4,1910,0.5371428571428571
66d946a,3,503,6,2705,0.4393638170974155
df1e4f2,3,488,5,2581,0.48975409836065575
8e9493f,2,252,2,1321,0.5793650793650794
56ead59,3,224,5,1248,0.5401785714285714
4215a86,4,524,6,3018,0.47900763358778625
31b203a,2,416,2,2188,0.37740384615384615
d15e743,2,268,4,1469,0.5298507462686567
31fe4d7,2,211,17,1147,0.6066350710900474
b3d4cd0,4,567,5,3492,0.4426807760141093
0ea0f0d,4,336,5,1889,0.5863095238095238
829dcfb,2,408,6,2240,0.48284313725490197
97fc71d,3,276,3,1504,0.5217391304347826
fdeac71,4,419,5,2217,0.431980906921241
5f53317,5,566,6,3268,0.5212014134275619
a1439be,2,254,5,1368,0.5590551181102362
f06c330,5,473,5,2933,0.47357293868921774
20f1f55,3,388,5,2236,0.5412371134020618
e57467e,3,583,5,3178,0.5351629502572899
c783ce5,1,289,13,1700,0.6055363321799307
18acc14,2,231,4,1238,0.5194805194805194
6e2aa67,2,212,4,1108,0.6273584905660378
23f2def,3,269,4,1534,0.483271375464684
b08b18e,4,468,4,2749,0.5555555555555556
ff2c0ba,3,263,7,1549,0.6197718631178707
53c32da,3,410,5,2327,0.4878048780487805
9991cf0,2,187,3,964,0.5989304812834224
a32a4c1,4,430,3,2305,0.49534883720930234
e265aa8,2,197,5,1056,0.6598984771573604
a82d5e7,2,214,5,1144,0.5887850467289719
ca164e9,3,372,5,2036,0.5295698924731183
1423619,4,432,6,2181,0.41435185185185186
72b76b5,2,159,3,962,0.6540880503144654
53b8c98,4,339,6,2005,0.5899705014749262
e036b6a,4,394,1,2230,0.49238578680203043
e91beca,2,258,4,1492,0.624031007751938
da53428,1,155,3,811,0.6580645161290323
341cf30,3,227,3,1325,0.5991189427312775
1f7cf56,1,175,1,1035,0.6571428571428571
768dd33,3,243,5,1319,0.5308641975308642
1792c42,3,285,4,1533,0.5298245614035088
fafaa91,3,298,3,1610,0.540268456375839
9d104b5,4,469,5,2694,0.44349680170575695
887d39d,4,447,5,2461,0.5145413870246085
70a17a9,3,482,5,2551,0.5311203319502075
6fe9ea7,4,514,7,2958,0.5622568093385214
8d3822e,1,204,4,1188,0.6568627450980392
ac7467b,3,339,4,2116,0.49262536873156343
f3e38db,2,183,4,1231,0.7103825136612022
d825770,3,413,23,2407,0.5302663438256658
8dbbb38,2,161,4,828,0.5838509316770186
286282f,2,155,4,853,0.6387096774193548
6093fe0,2,273,3,1495,0.5604395604395604
1429ab3,2,197,10,1131,0.7309644670050761
79f7075,4,443,6,2820,0.5237020316027088
c75f7b4,3,601,4,3229,0.37271214642262895
af4b7f5,4,400,6,2161,0.5325
7bf7800,1,184,4,1003,0.5978260869565217
2c0db08,2,276,5,1463,0.45652173913043476
b31ef08,2,159,3,835,0.660377358490566
c7fa2e7,2,361,24,1903,0.5069252077562327
9d5d994,3,574,6,2962,0.46689895470383275
18397b4,3,547,6,3068,0.4625228519195612
5587aec,2,336,3,1666,0.49404761904761907
3532621,2,254,2,1359,0.5236220472440944
19b293c,3,496,5,2863,0.5604838709677419
7d62b53,3,424,5,2220,0.5330188679245284
1c84510,2,254,6,1357,0.48031496062992124
30f0911,5,729,4,4092,0.38545953360768176
31a4f01,3,332,5,1657,0.5481927710843374
f6f4429,4,764,10,4305,0.4214659685863874
ef42b06,4,589,5,3355,0.45161290322580644
e4cde6a,1,499,6,3148,0.48296593186372744
77b1295,3,651,5,3979,0.4470046082949309
4b131e2,1,226,18,1249,0.6061946902654868
b033285,3,514,30,2852,0.5019455252918288
6c4019a,3,355,5,2031,0.5380281690140845
1763449,3,379,6,2190,0.5013192612137203
be4c667,2,203,11,1150,0.5615763546798029
722827a,6,932,5,5743,0.4281115879828326
6c96e47,2,271,1,1404,0.5239852398523985
3e2ab80,2,241,5,1218,0.5228215767634855
0595f5d,1,256,5,1505,0.6640625
d3cc1d2,2,325,3,1693,0.5046153846153846
b137988,2,246,4,1353,0.6178861788617886
6988509,5,461,4,2844,0.44685466377440347
b575740,3,292,9,1669,0.5068493150684932
cf8b2df,3,446,5,2499,0.5
1d50ef4,2,257,4,1421,0.5992217898832685
f374aad,4,440,5,2572,0.4954545454545455
f6e5cd0,3,411,5,2206,0.51338199513382
2cccea4,3,364,7,2000,0.4642857142857143
3e4589a,3,319,1,1877,0.5830721003134797
b5ffb8f,4,434,6,2305,0.4539170506912442
36ff4b3,3,325,3,1801,0.5446153846153846
093da21,3,260,4,1437,0.5038461538461538
03f8d0e,3,286,4,1543,0.534965034965035
f1a7395,3,376,17,1953,0.48936170212765956
8cfbbc9,2,197,9,1111,0.6243654822335025
5992b7b,3,318,6,1782,0.5062893081761006
6e1111f,2,292,22,1520,0.4863013698630137
c26de91,3,459,6,2491,0.49673202614379086
c85a60e,5,563,4,3420,0.47424511545293074
43baa23,5,569,5,3317,0.44991212653778556
23d7e8f,3,316,5,1663,0.5253164556962026
963aa9d,3,351,5,1816,0.39886039886039887
ccc1098,3,383,4,1968,0.4699738903394256
19a2117,1,243,5,1339,0.6666666666666666
a7cc31c,3,241,3,1427,0.5269709543568465
d020bab,3,303,5,1760,0.5544554455445545
eefd389,3,221,5,1193,0.5927601809954751
dddc521,4,592,7,3512,0.36824324324324326
c559d42,3,332,4,1944,0.5150602409638554
22f1552,2,318,3,1655,0.4371069182389937
afe48e0,2,211,3,1109,0.5497630331753555
7546cf9,2,252,3,1309,0.5595238095238095
ec228d8,3,319,7,1613,0.4890282131661442
efc14af,4,413,3,2366,0.5036319612590799
cb2b378,1,154,2,771,0.5584415584415584
0c6cdfe,2,206,3,1165,0.5728155339805825
84f61b7,2,206,1,1052,0.5485436893203883
ebd0e73,2,325,3,1759,0.5907692307692308
9a0a834,3,415,4,2355,0.42891566265060244
417ecc3,2,195,1,1069,0.5641025641025641
f265ba4,3,443,4,2433,0.5846501128668171
a7bde28,3,397,5,2205,0.43828715365239296
37b999d,4,525,5,2918,0.4876190476190476
74706c5,3,363,16,1875,0.4380165289256198
c90a358,3,303,4,1768,0.5478547854785478
038fd62,3,244,3,1398,0.569672131147541
c48368f,2,281,3,1463,0.47330960854092524
9940cc1,3,330,3,1919,0.5515151515151515
44e4879,3,373,3,1981,0.46648793565683644
c85920b,3,367,5,2021,0.45231607629427795
a188416,3,256,5,1540,0.5234375
a3d4bfd,3,261,5,1388,0.5555555555555556
0f50ec4,4,308,4,1683,0.5616883116883117
652479e,3,203,12,1063,0.5960591133004927
d2b9b8d,1,261,4,1541,0.5402298850574713
25e7fcb,3,475,13,2694,0.5494736842105263
50d9fe2,1,236,4,1277,0.5423728813559322
0e54efc,2,164,2,928,0.6036585365853658
373fb48,4,446,5,2435,0.42152466367713004
b092ece,4,444,5,2439,0.49324324324324326
37b0331,4,601,6,3461,0.46256239600665555
81ee842,5,634,6,3572,0.4022082018927445
79a09b9,5,822,5,4791,0.4975669099756691
c07ddfb,4,324,5,1839,0.49382716049382713
4a8be70,2,445,5,2572,0.4404494382022472
a27c3a7,1,652,18,3325,0.5015337423312883
8bfa298,2,353,5,1918,0.43059490084985835
08fa0b3,3,281,4,1601,0.5409252669039146
390ba85,1,398,6,2192,0.5452261306532663
461b4ab,2,243,5,1312,0.522633744855967
e70d68a,1,196,3,885,0.5204081632653061
afc9a75,3,290,4,1543,0.5620689655172414
b6e3a7c,2,252,4,1322,0.6071428571428571
38562a0,3,207,4,1242,0.5942028985507246
042b0cd,4,402,5,2333,0.5
4c20541,2,430,5,2332,0.4325581395348837
aeb4515,2,335,3,1725,0.44477611940298506
1723e93,3,336,5,1929,0.5684523809523809
0608495,3,483,4,2695,0.5217391304347826
a034266,4,611,5,3625,0.5400981996726678
0890d0b,4,478,5,2645,0.44142259414225943
dd841ba,2,279,3,1382,0.45878136200716846
fa94664,3,544,5,2927,0.4852941176470588
573c091,2,290,3,1599,0.39655172413793105
373b14e,3,316,7,1735,0.47151898734177217
376021a,3,279,5,1628,0.5268817204301075
c881343,4,561,6,3031,0.4117647058823529
7648ff4,4,478,5,2822,0.44142259414225943
25e3cc1,3,219,4,1188,0.5388127853881278
fc19ca6,2,222,1,1183,0.5675675675675675
47dc56f,4,512,14,3066,0.466796875
2c90891,3,389,5,2244,0.596401028277635
d80032d,3,297,4,1678,0.5420875420875421
5f3aa4a,3,348,22,2000,0.5344827586206896
66948f1,4,481,6,2721,0.4677754677754678
0155be4,3,317,5,1735,0.38801261829652994
41eb4a6,2,174,1,960,0.632183908045977
30f1b0b,3,240,3,1334,0.5541666666666667
721a732,2,190,4,971,0.45263157894736844
3b80a89,4,585,5,3300,0.5025641025641026
bde5adf,3,242,3,1441,0.6363636363636364
2bd6f85,2,267,4,1188,0.42696629213483145
822846d,3,322,7,1843,0.5217391304347826
699c331,3,436,3,2428,0.5091743119266054
a6526c3,3,495,6,2484,0.48484848484848486
e53f0de,3,511,5,3033,0.5420743639921722
940c51e,2,195,3,1094,0.6871794871794872
3ead430,3,382,5,2036,0.4476439790575916
c6a39e7,4,536,5,3038,0.43283582089552236
1c5210a,3,460,5,2380,0.5065217391304347
51b839f,4,618,5,3604,0.44660194174757284
aedc5c8,3,567,3,3014,0.4638447971781305
2aeff1e,2,202,3,1073,0.5891089108910891
29fe49b,2,288,15,1480,0.5416666666666666
6696a2f,3,360,5,2082,0.5277777777777778
4d8bb17,3,268,5,1395,0.5298507462686567
bcf6955,2,276,6,1587,0.5905797101449275
2fff491,3,282,5,1490,0.5283687943262412
5819ded,4,582,6,3161,0.422680412371134
139293a,4,492,9,2741,0.4695121951219512
46970c2,4,604,6,3367,0.4470198675496689
c9147bd,3,466,5,2438,0.39914163090128757
a10c56b,3,311,5,1839,0.5434083601286174
dd8802c,2,213,6,1243,0.5164319248826291
95f7700,4,521,5,3035,0.46641074856046066
11c06e0,2,308,3,1617,0.4935064935064935
f477e87,4,452,5,2572,0.5331858407079646
f042fc9,2,420,7,2440,0.5142857142857142
47ac3aa,3,372,6,1990,0.5134408602150538
2feed4e,3,214,5,1179,0.5841121495327103
7044865,5,585,5,3179,0.48717948717948717
fb59909,4,426,5,2349,0.4788732394366197
27da61e,3,329,7,1800,0.5258358662613982
13d1196,2,260,1,1414,0.5461538461538461
907365b,3,203,6,1020,0.541871921182266
3ab8183,2,219,3,1039,0.4292237442922374
be08bc8,4,440,5,2401,0.4818181818181818
92a3030,1,197,2,968,0.5634517766497462
549c5cc,1,299,2,1574,0.5250836120401338
26d67e1,4,441,7,2290,0.5170068027210885
3310eaf,1,251,1,1338,0.4701195219123506
fd9c2e1,3,270,4,1397,0.4777777777777778
47887b6,1,249,5,1531,0.7108433734939759
584ba4a,4,419,5,2517,0.5155131264916468
b05fcf7,2,226,3,1155,0.4778761061946903
ea5dcff,2,222,5,1293,0.6711711711711712
447ba4f,4,428,6,2381,0.4883177570093458
6744a28,4,361,3,2120,0.4709141274238227
f5e13c2,2,278,6,1537,0.5575539568345323
65a3906,3,265,4,1438,0.5433962264150943
dfcd14b,4,467,4,2601,0.4860813704496788
7e09846,4,454,7,2580,0.44273127753303965
c250ef0,1,189,3,972,0.6296296296296297
80bb922,5,620,5,3602,0.5129032258064516
c312f80,3,368,5,2097,0.5461956521739131
1e96953,3,337,5,1850,0.456973293768546
3781369,4,513,5,3138,0.47953216374269003
cab5c96,2,229,6,1378,0.5458515283842795
31d8391,2,193,5,1120,0.5906735751295337
18a1958,2,300,4,1676,0.49
66967ca,2,222,3,1383,0.545045045045045
d5d6065,1,202,7,1003,0.5693069306930693
6b207f2,4,507,6,2841,0.39447731755424065
930ab5f,3,296,4,1587,0.527027027027027
69ef9eb,2,155,2,829,0.6387096774193548
66a1a71,2,238,3,1262,0.5042016806722689
6fc0e42,3,417,12,2273,0.4628297362110312
fc7b015,5,512,7,2812,0.392578125
966c0af,3,484,6,2488,0.390495867768595
eaab74e,3,291,5,1439,0.47079037800687284
1e54a02,3,449,5,2282,0.42538975501113585
d1c17f7,3,328,5,1701,0.4024390243902439
e573505,2,286,5,1800,0.5734265734265734
a226459,4,424,11,2221,0.4669811320754717
e011069,4,578,5,3513,0.41522491349480967
0459116,5,719,4,4108,0.3574408901251738
8bc26eb,2,192,3,1011,0.6041666666666666
7f318e4,4,425,6,2428,0.5647058823529412
37a6cf0,4,379,4,2279,0.5646437994722955
9454d53,4,455,5,2359,0.43736263736263736
4963bde,2,287,3,1484,0.4076655052264808
ba4d6d2,2,300,4,1691,0.5733333333333334
b3e4c3a,3,356,3,1947,0.5084269662921348
b8f5028,4,367,8,2111,0.5095367847411444
6954731,3,592,4,3373,0.49493243243243246
3b163b8,4,504,5,2558,0.4365079365079365
2db61c7,3,287,3,1541,0.5261324041811847
b11462a,3,321,4,1789,0.48286604361370716
0329d02,2,219,2,1160,0.6073059360730594
8823cc2,4,525,4,2923,0.4876190476190476
77cb526,6,863,5,4761,0.41135573580533025
e7418e4,3,295,4,1733,0.5050847457627119
b7e84c0,2,214,3,1281,0.6448598130841121
c98a9ba,4,708,3,3894,0.4096045197740113
bc66a2f,3,352,7,2018,0.5255681818181818
b33c427,3,220,6,1296,0.6045454545454545
3cdb2c8,1,227,1,1292,0.5286343612334802
6751494,5,418,5,2533,0.5382775119617225
b3cc7c1,1,224,3,1189,0.4107142857142857
a806bc5,5,691,5,3844,0.402315484804631
b246ab3,3,213,5,1295,0.6384976525821596
920d8da,2,163,5,972,0.5766871165644172
87705ae,1,190,3,1023,0.6421052631578947
68c3908,3,307,5,1578,0.5439739413680782
28d7776,2,204,8,1098,0.5833333333333334
4078d46,3,325,4,1794,0.6030769230769231
57733f5,4,407,5,2405,0.47911547911547914
fa09542,4,465,5,2593,0.5096774193548387
a0f4aea,2,228,4,1232,0.5921052631578947
b6c8874,3,230,3,1288,0.44782608695652176
9389e5b,3,393,6,2280,0.40966921119592875
7a9cd44,4,631,5,3826,0.4326465927099842
eb68c0c,3,261,6,1471,0.5210727969348659
cbe244c,2,174,5,1052,0.6839080459770115
91273c3,3,250,4,1327,0.564
58f5eb3,4,416,5,2225,0.43028846153846156
b5608ce,4,349,6,1962,0.5128939828080229
5970470,4,578,5,3309,0.5086505190311419
4794787,4,750,4,4145,0.3373333333333333
aa66e68,3,535,25,2959,0.5046728971962616
8c4fbfd,2,457,1,2526,0.5514223194748359
06730ad,3,211,4,1118,0.5260663507109005
e5a2fc0,3,293,5,1701,0.5972696245733788
535617f,3,330,5,1815,0.4818181818181818
e2aaf65,5,623,5,3678,0.43820224719101125
3c88c11,3,532,12,3137,0.5075187969924813
2cf189d,3,331,5,1862,0.5830815709969789
cc2b68c,2,315,3,1809,0.5365079365079365
4469515,3,293,5,1597,0.5358361774744027
710f583,2,160,1,877,0.69375
5904738,2,368,5,1928,0.47554347826086957
5dcd034,2,341,4,1982,0.3812316715542522
0687af4,5,506,4,2959,0.49209486166007904
29def82,4,719,3,3758,0.3908205841446453
2c71277,2,223,3,1188,0.5426008968609866
7103cd4,3,296,5,1593,0.46621621621621623
d1568dc,4,444,6,2519,0.47072072072072074
dfcaa20,3,294,5,1602,0.5952380952380952
a351a3f,2,422,15,2490,0.47393364928909953
fe2a9ca,3,256,5,1309,0.55078125
00aa6de,2,193,2,1012,0.5440414507772021
b7fd893,3,355,5,2068,0.5014084507042254
e502553,4,640,5,3545,0.4703125
5a4758c,3,380,19,2097,0.5184210526315789
a814db6,3,364,33,1838,0.40934065934065933
8e90a33,2,176,5,963,0.6477272727272727
fed7163,5,789,6,4401,0.44106463878326996
1576626,4,378,4,2203,0.48148148148148145
0e0ef1b,2,307,3,1721,0.4755700325732899
c710937,4,369,4,2063,0.4796747967479675
11fa7e9,2,158,3,942,0.6265822784810127
eda6cd8,4,535,5,2983,0.5364485981308411
de28be3,3,233,4,1411,0.51931330472103
b98ed7f,3,408,8,2346,0.5661764705882353
e49ef08,3,233,5,1290,0.51931330472103
f454eaa,4,366,5,2126,0.5355191256830601
2280d47,3,255,3,1439,0.5882352941176471
6b51c4c,3,310,6,1612,0.4290322580645161
7b65be9,2,206,3,1060,0.5533980582524272
fb2d7ce,4,318,6,2096,0.4968553459119497
45ba8eb,1,217,5,1194,0.6728110599078341
1a714d1,2,210,3,1095,0.5428571428571428
883dcf7,4,308,4,1750,0.5324675324675324
cc1b64a,3,367,9,2126,0.6267029972752044
e731a0d,3,375,4,2208,0.5466666666666666
1c388f0,4,415,4,2336,0.5518072289156627
9dc468e,2,260,3,1505,0.48846153846153845
8626564,3,286,4,1593,0.5734265734265734
4795aab,3,218,4,1293,0.5321100917431193
8d8a13e,3,325,3,1812,0.5261538461538462
07ca280,4,596,8,3821,0.47315436241610737
230cf75,2,305,5,1601,0.4819672131147541
8549366,2,195,3,1054,0.6410256410256411
83b079f,2,253,3,1434,0.5612648221343873
781b2d3,3,189,5,1115,0.6772486772486772
1952ebf,3,271,4,1589,0.4612546125461255
c155b60,3,438,4,2228,0.4315068493150685
6564a7c,4,459,6,2507,0.4793028322440087
c10b82e,2,163,4,886,0.6257668711656442
b602165,2,308,5,1723,0.487012987012987
1180164,1,180,3,995,0.6111111111111112
e1554c4,3,460,3,2248,0.40869565217391307
ac0d6e4,4,344,4,2099,0.5668604651162791
2579053,3,272,5,1602,0.6029411764705882
35b8026,4,368,3,1952,0.46195652173913043
cd4a80f,3,349,5,1969,0.5444126074498568
a2082ba,6,775,8,4804,0.5161290322580645
495da32,3,226,3,1214,0.5530973451327433
6f74878,3,308,4,1611,0.487012987012987
a441149,3,362,5,1909,0.42265193370165743
dbfb38b,2,430,1,2206,0.47674418604651164
d61ba63,4,411,5,2439,0.5766423357664233
adbaac9,3,320,4,1664,0.509375
09e971b,4,366,5,2028,0.5245901639344263
57c0651,4,437,4,2544,0.4919908466819222
e07e781,1,252,3,1536,0.6428571428571429
f552c79,3,466,5,2572,0.4248927038626609
7883641,2,249,4,1462,0.5622489959839357
c6ba9b3,3,442,4,2453,0.47285067873303166
2b082c1,2,216,3,1176,0.5277777777777778
308e4ca,5,745,8,4189,0.46174496644295304
7036074,4,481,5,2959,0.5488565488565489
11c28e1,3,409,4,2179,0.4889975550122249
9c28fb0,4,481,6,2510,0.4490644490644491
74a0072,3,474,6,2512,0.4831223628691983
02a7cff,2,642,4,3791,0.37850467289719625
cce77c3,3,274,6,1652,0.551094890510949
dd9ca3f,3,386,5,2019,0.5155440414507773
775ee7f,2,316,1,1773,0.5664556962025317
32d8fd8,3,396,4,2303,0.4621212121212121
218e1e6,2,175,2,879,0.6057142857142858
26479a8,6,820,6,4606,0.4573170731707317
4bb8c9c,2,215,2,1196,0.6139534883720931
cf521a2,4,531,15,3354,0.4764595103578154
184d83c,3,427,5,2203,0.4613583138173302
1e18757,2,219,3,1179,0.5388127853881278
3986e5a,4,415,5,2411,0.4939759036144578
758f833,3,264,4,1585,0.5757575757575758
054b8f9,3,320,5,1919,0.58125
b8a49b0,5,451,6,2595,0.5144124168514412
9713de0,2,360,6,2079,0.4888888888888889
af388ed,3,436,7,2245,0.481651376146789
0b47a00,3,353,8,1976,0.5439093484419264
96d4e62,2,259,1,1326,0.47876447876447875
0e92d4a,3,352,6,2002,0.5681818181818182
aebd3a5,2,275,3,1355,0.4618181818181818
58206bb,1,637,3,3048,0.45054945054945056
c7430fd,6,659,4,3934,0.3930197268588771
7c5cc40,1,387,5,2230,0.5478036175710594
6e41a57,2,288,4,1596,0.5798611111111112
9f4170d,3,302,5,1771,0.5033112582781457
2823575,2,235,1,1153,0.4553191489361702
89c32d6,3,259,4,1445,0.5521235521235521
c579dd1,4,431,6,2245,0.3990719257540603
90bba6c,4,436,6,2474,0.47706422018348627
89db6cc,2,320,3,1753,0.525
1f4513c,3,546,4,2803,0.4267399267399267
e272e4a,2,162,1,990,0.7222222222222222
90d5310,3,368,5,1920,0.421195652173913
0286af8,2,211,5,1142,0.4976303317535545
2530fb7,4,365,4,2034,0.5561643835616439
c8ad17b,3,407,2,2229,0.5798525798525799
ccb13fd,3,380,5,1969,0.4789473684210526
9f16331,2,370,5,1989,0.5648648648648649
ae807e5,3,487,7,2478,0.39835728952772076
8ceea76,2,191,4,1038,0.5968586387434555
cd0deb2,3,451,3,2311,0.4700665188470067
649bc2d,3,326,6,1778,0.41411042944785276
8531c68,1,213,2,1053,0.568075117370892
6c309ce,2,167,3,894,0.562874251497006
15b2b88,2,191,3,1006,0.675392670157068
2cc2a54,2,351,4,2111,0.5327635327635327
36d9eea,4,702,8,3676,0.40028490028490027
ba30fe9,3,362,5,2028,0.42265193370165743
5810ac1,3,441,6,2274,0.4036281179138322
86f42c8,4,452,4,2577,0.5619469026548672
5edd221,4,447,6,2528,0.4720357941834452
3793f1a,4,517,5,2979,0.44294003868471954
fb4bfd8,4,391,5,2080,0.47058823529411764
f7c3c56,3,222,19,1214,0.44144144144144143
eebc4eb,3,266,4,2000,0.5827067669172933
b14f68a,2,189,3,1114,0.6402116402116402
3fc6349,3,368,6,1892,0.46195652173913043
77c5de3,3,223,4,1261,0.6502242152466368
a55b2d1,4,369,5,2028,0.4715447154471545
86facf7,2,273,3,1484,0.5274725274725275
393b2fb,3,495,5,2654,0.4868686868686869
6eb71fc,2,230,3,1320,0.5782608695652174
15c0b38,2,194,3,1211,0.6494845360824743
8b7362b,2,238,3,1499,0.5756302521008403
62665d9,3,286,5,1603,0.5664335664335665
0639535,4,428,8,2545,0.4532710280373832
8bf170a,3,215,3,1144,0.5813953488372093
d51d3e0,3,240,3,1300,0.5916666666666667
c1ee065,3,329,4,1899,0.5805471124620061
1216143,3,274,7,1436,0.5072992700729927
f8cf83c,3,732,5,3843,0.4685792349726776
6e89a9f,2,253,5,1526,0.6679841897233202
866e250,4,460,5,2490,0.4543478260869565
2ed15ef,4,327,5,1998,0.5412844036697247
9b876bf,2,151,1,877,0.6887417218543046
408e427,3,326,13,1789,0.5276073619631901
9d05411,3,305,7,1594,0.49508196721311476
715a7f6,2,196,3,1085,0.5306122448979592
7203d3b,3,264,3,1525,0.5795454545454546
6fd2b7b,3,342,5,2051,0.6111111111111112
ad04e66,3,380,3,2083,0.48157894736842105
57fa317,3,288,5,1572,0.5625
c651ee9,3,376,5,2275,0.3324468085106383
bfec395,4,483,3,2518,0.40165631469979296
effde3e,2,332,4,1731,0.4578313253012048
0e47da5,3,305,6,18126,0.46229508196721314
b5de127,3,237,8,1245,0.45147679324894513
99f3568,3,289,5,1528,0.6193771626297578
87a9020,1,200,3,1185,0.665
d1254f4,3,498,5,2490,0.42971887550200805
25df534,4,635,5,3724,0.4062992125984252
0bea5df,2,373,6,1967,0.42359249329758714
903f1ba,2,217,5,1136,0.5345622119815668
dfde4fc,2,226,2,1238,0.5309734513274337
e9b83ee,3,373,7,2196,0.5978552278820375
2ba1e02,4,352,6,1935,0.5170454545454546
7b7e5ba,2,277,4,1381,0.4620938628158845
54b7156,2,248,2,1202,0.5040322580645161
a10dc66,2,298,11,1448,0.4463087248322148
d5a1bcc,4,337,6,1841,0.5252225519287834
86d1cf4,4,319,5,1713,0.5297805642633229
2baa048,3,355,5,1828,0.4309859154929577
2062bda,3,342,4,1871,0.5350877192982456
a727549,2,231,2,1308,0.5627705627705628
928433e,4,622,4,3524,0.42604501607717044
2f82ef0,1,183,3,995,0.5956284153005464
3c22d23,1,358,6,1974,0.5558659217877095
7e86c35,3,320,3,1851,0.50625
8fb3a5c,3,307,5,1833,0.498371335504886
287ed5e,1,606,5,3561,0.42244224422442245
ee1d27b,1,246,9,1458,0.6178861788617886
c0bea40,3,425,4,2380,0.5882352941176471
64573a3,5,637,6,3468,0.4317111459968603
c19ee85,3,246,3,1355,0.5813008130081301
4d87a5d,3,322,4,1837,0.4751552795031056
8b885de,4,350,5,2093,0.5314285714285715
498d8cc,2,216,2,1196,0.625
e74222f,3,324,3,1981,0.5432098765432098
dc84e92,1,223,16,1139,0.5291479820627802
2630ecd,2,205,3,1150,0.5902439024390244
530a4d7,2,219,6,1146,0.4931506849315068
1a0971f,5,568,7,3080,0.5070422535211268
94dfe02,2,204,4,1130,0.6225490196078431
894060d,3,312,3,1783,0.5160256410256411
50aa92e,2,212,1,1058,0.5377358490566038
64b2315,4,684,5,3978,0.4692982456140351
150d3d6,3,425,4,2520,0.5529411764705883
6bd8e65,5,618,5,3139,0.4482200647249191
22d9b4a,3,289,4,1374,0.4740484429065744
1a229bc,5,558,5,3041,0.5125448028673835
c9e31fe,2,325,3,1837,0.556923076923077
51ea10a,5,622,5,3716,0.42765273311897106
43c598e,3,514,6,2571,0.4357976653696498
65f10df,2,267,5,1477,0.5468164794007491
7373a64,1,343,5,2048,0.577259475218659
80596c6,3,257,4,1451,0.5486381322957199
dca00b7,2,526,5,2760,0.48098859315589354
2d9517a,2,284,3,1576,0.4823943661971831
4eb357c,3,257,6,1234,0.5408560311284046
dcf06e8,4,735,6,4053,0.3727891156462585
e9a2fca,4,392,4,1979,0.4387755102040816
28070d2,1,201,4,1154,0.6716417910447762
9c72dba,4,453,4,2550,0.5496688741721855
77e0ab1,3,246,3,1448,0.6463414634146342
bd4b534,1,183,1,1074,0.6830601092896175
2009f18,3,266,4,1586,0.5827067669172933
d9f6fd6,3,228,3,1372,0.47368421052631576
15487ff,2,290,7,1580,0.5275862068965518
e1486c8,3,408,22,2420,0.5465686274509803
8c28801,2,166,11,836,0.6927710843373494
a444be0,2,334,4,1869,0.5988023952095808
95285d8,4,318,5,1602,0.46855345911949686
9b94476,4,410,4,2060,0.5121951219512195
45310cd,5,461,3,2644,0.5075921908893709
99cacc1,3,365,4,1809,0.4575342465753425
3bd47c0,4,471,4,2679,0.505307855626327
75b5154,4,629,5,3723,0.38791732909379967
f2ba5e3,1,171,5,845,0.543859649122807
cb73756,3,325,4,1744,0.49538461538461537
b256b1b,2,190,6,1036,0.5421052631578948
3bc685b,3,315,4,1676,0.5873015873015873
a329f9d,3,276,5,1491,0.5869565217391305
2fa5e2a,3,293,6,1488,0.4641638225255973
85ec1a2,2,280,4,1572,0.6071428571428571
750d989,3,329,4,1959,0.5835866261398176
15ee7ec,3,362,5,2020,0.5414364640883977
a83ba4f,3,269,3,1598,0.5650557620817844
1d14fc4,3,396,7,2007,0.4065656565656566
e614122,2,218,4,1191,0.5504587155963303
26bc38a,4,349,5,2266,0.5300859598853869
bf2b842,1,253,3,1200,0.541501976284585
970d9ec,2,273,8,1529,0.63003663003663
079b107,4,470,5,2599,0.502127659574468
a44c5ec,3,305,3,1740,0.49836065573770494
9a54873,3,296,6,1571,0.5472972972972973
75b73b8,3,343,4,1865,0.521865889212828
24fc7ae,2,161,5,886,0.6645962732919255
602c8bb,4,482,4,2673,0.4045643153526971
8c07a5f,4,361,5,2064,0.5346260387811634
04d0713,2,162,2,916,0.5679012345679012
5bf3e0d,3,508,4,2972,0.46653543307086615
09e2b3e,3,229,7,1226,0.5021834061135371
acb9243,3,331,3,1934,0.56797583081571
acf38f8,3,386,4,2298,0.6036269430051814
08dcd91,3,275,4,1839,0.5745454545454546
1649f13,3,273,3,1453,0.5238095238095238
e0688dd,6,876,6,5206,0.4440639269406393
f4dce53,3,335,4,1833,0.4925373134328358
a43fd9e,2,161,1,916,0.5341614906832298
3f8ee4b,2,254,5,1369,0.5393700787401575
3306441,2,194,3,1022,0.6288659793814433
0e86176,3,277,4,1570,0.6064981949458483
2705967,5,618,7,3421,0.47572815533980584
e02fb94,3,285,4,1508,0.5824561403508772
32f658f,4,545,7,3141,0.5027522935779817
52ebac3,2,227,1,1185,0.5594713656387665
284d362,3,175,5,963,0.5714285714285714
c5f6c71,3,285,8,1540,0.543859649122807
f23d471,3,399,6,2488,0.5413533834586466
6b9febe,4,530,4,3080,0.5547169811320755
1c36085,4,476,5,2699,0.4894957983193277
24c8a88,2,241,6,1319,0.5684647302904564
29aa983,2,301,66,1750,0.5083056478405316
557a81f,4,400,7,2101,0.4825
078120d,4,360,5,1975,0.5472222222222223
a7d63d1,2,282,7,1463,0.5106382978723404
91f2d1b,3,487,5,2787,0.4517453798767967
256a191,3,353,5,2001,0.5014164305949008
f151226,3,434,5,2353,0.43317972350230416
c838d4c,3,493,20,2853,0.5172413793103449
85dedad,2,250,3,1364,0.468
00e3edb,1,216,3,1066,0.5370370370370371
54a4e88,2,200,3,1076,0.61
eebeb6e,3,406,5,2383,0.46798029556650245
ea4f708,2,205,3,1139,0.6048780487804878
954fc01,1,268,1,1659,0.6828358208955224
0d7b70d,2,271,3,1383,0.4907749077490775
29705a1,3,287,3,1571,0.5296167247386759
6ca9542,4,441,5,2554,0.4489795918367347
5ab7db3,5,691,5,3870,0.48191027496382055
124b5f9,3,304,2,1762,0.5953947368421053
9fe42f3,4,432,5,2401,0.3958333333333333
af5819f,3,446,7,2524,0.4730941704035874
786b550,5,524,5,2983,0.41603053435114506
ddd1900,2,251,4,1429,0.6254980079681275
1710770,2,278,4,1796,0.6187050359712231
3df3c06,4,301,5,1693,0.42524916943521596
e922094,4,465,6,2736,0.5268817204301075
da1c207,2,339,4,2055,0.5929203539823009
c262f42,3,298,6,1860,0.4899328859060403
dd43138,5,500,5,2861,0.432
a54fa0a,2,185,5,1017,0.5351351351351351
71208a0,3,321,5,1992,0.5015576323987538
9c306ee,3,340,5,1993,0.4264705882352941
0966167,2,215,1,1160,0.5488372093023256
9db3db7,3,203,6,1097,0.4876847290640394
d809e7a,1,185,2,1029,0.6324324324324324
b9df9cd,4,530,6,3036,0.4207547169811321
bbea6c5,1,367,6,2290,0.6239782016348774
c28e6b8,2,267,6,1330,0.5056179775280899
73599a7,4,730,6,3895,0.3821917808219178
dc6cc6d,3,298,10,1810,0.6208053691275168
2836ae3,4,455,7,2506,0.46593406593406594
87e6129,2,202,3,1156,0.7277227722772277
4f4cefa,2,212,4,1070,0.4811320754716981
f452054,3,326,5,1831,0.5030674846625767
f12d457,4,470,5,2527,0.4595744680851064
c4220dd,3,399,3,2382,0.5513784461152882
2f5cf60,2,274,3,1429,0.6058394160583942
45630fd,2,168,3,914,0.5892857142857143
4e5c010,3,390,4,2391,0.6025641025641025
bce3407,3,386,5,2226,0.5233160621761658
0d96d4e,1,221,4,1162,0.5746606334841629
24ce1cb,3,375,4,2084,0.48533333333333334
a79494d,3,365,6,2046,0.5260273972602739
322a5bf,1,316,6,1901,0.6455696202531646
ec74743,3,274,3,1592,0.6094890510948905
27e6dd8,3,247,5,1283,0.5506072874493927
cc54cd6,3,497,6,2502,0.41851106639839036
2187f01,2,309,5,1618,0.6019417475728155
81c3e64,2,205,4,1141,0.6585365853658537
4c2c258,1,291,6,1556,0.6013745704467354
dacd0d3,3,229,6,1326,0.5982532751091703
0105e2e,2,159,3,865,0.610062893081761
36f6d67,4,547,9,3000,0.4789762340036563
8ab659a,2,229,3,1172,0.5414847161572053
d0fdfd2,2,253,4,1419,0.616600790513834
08cd1b8,1,308,2,1411,0.4707792207792208
1f4fabd,2,362,6,1953,0.4972375690607735
cb3376d,4,550,5,2909,0.4727272727272727
b34c604,4,410,5,2291,0.47560975609756095
f0dbf6b,2,213,5,1084,0.6056338028169014
a56d095,4,421,5,2255,0.43942992874109266
532e10b,1,390,1,2520,0.6307692307692307
191f567,1,350,4,2009,0.62
6c9fb6f,4,398,7,2287,0.4472361809045226
10ebd3c,4,465,6,2558,0.5118279569892473
9f5fa28,2,398,15,2128,0.5527638190954773
f6e4a7f,4,369,4,2062,0.46070460704607047
693ed63,3,383,8,1997,0.4725848563968668
7360fc3,3,335,5,1817,0.5104477611940299
49023dc,2,193,4,1113,0.5958549222797928
5f16b8a,4,371,6,2058,0.5121293800539084
cbdb095,3,406,7,2455,0.4482758620689655
910482c,2,382,4,2015,0.4162303664921466
ac1cb0c,2,203,4,1139,0.5467980295566502
db6bf94,2,404,7,1985,0.5767326732673267
7f9b49f,4,474,4,2883,0.5042194092827004
6a30fc8,4,528,5,3035,0.5170454545454546
5a3d282,3,577,5,3060,0.4003466204506066
6c6efec,3,287,4,1673,0.5470383275261324
995d95c,2,223,3,1185,0.47085201793721976
7660c7a,1,271,3,1482,0.5350553505535055
ebb5004,4,342,6,2042,0.6023391812865497
f292c00,4,420,4,2357,0.45476190476190476
f47f7fb,2,176,3,944,0.6136363636363636
fe39a48,2,203,1,1038,0.5221674876847291
ea26dc4,3,371,6,2215,0.5363881401617251
df46087,3,410,8,2304,0.5707317073170731
5ab9d2e,4,421,7,2361,0.5249406175771971
512b12f,2,228,8,1439,0.543859649122807
6357fcf,2,216,4,1158,0.5555555555555556
4d6ebc9,5,491,6,2919,0.49490835030549896
dcd9634,1,254,2,1497,0.6889763779527559
7209743,2,241,1,1247,0.5062240663900415
76f7d05,2,274,1,1601,0.6605839416058394
54a4c00,2,225,3,1208,0.5866666666666667
a65543a,3,390,5,2081,0.4666666666666667
bf5428a,4,725,11,4065,0.46206896551724136
1d4f21d,3,528,5,2789,0.3768939393939394
a377301,3,398,4,2337,0.6206030150753769
a86412f,4,414,6,2414,0.538647342995169
99d4eb9,3,454,6,2553,0.5352422907488987
096aa1c,2,171,3,992,0.5730994152046783
8a90194,5,570,6,3387,0.5631578947368421
92388d3,2,273,5,1512,0.5238095238095238
aef0757,2,423,9,2213,0.5650118203309693
43c6f9b,2,258,5,1570,0.5
82eec16,3,258,3,1369,0.5542635658914729
8a932e3,4,426,8,2275,0.5164319248826291
7d1c31d,3,201,3,1051,0.6119402985074627
87df675,3,231,3,1371,0.6147186147186147
66bc323,4,815,5,4285,0.3361963190184049
928e5bf,2,586,5,3338,0.5187713310580204
283dd5f,3,273,4,1560,0.5238095238095238
7959082,2,467,6,2848,0.588865096359743
93732d2,3,539,6,2952,0.3358070500927644
b8cc468,3,534,5,3133,0.36329588014981273
8b7d41f,1,331,6,2086,0.5045317220543807
969205c,3,358,7,2105,0.4860335195530726
c8bf3bc,3,212,4,1045,0.5188679245283019
0151c0f,4,628,7,3253,0.42197452229299365
256ce94,3,341,4,1774,0.533724340175953
7a9384c,2,217,19,1098,0.543778801843318
23d44f9,3,369,4,2028,0.5094850948509485
ba4f724,1,193,4,1109,0.6424870466321243
a236f49,3,263,3,1479,0.5209125475285171
ec8005a,1,324,5,1885,0.6111111111111112
79966fb,2,207,4,1129,0.5217391304347826
ad66e8e,3,377,20,2115,0.5517241379310345
e48707a,4,433,6,2285,0.47344110854503463
3dbe4c6,3,495,4,3013,0.46464646464646464
94280f2,4,516,3,3000,0.5445736434108527
a02b877,4,460,5,2341,0.4543478260869565
8d625bf,2,183,4,974,0.5409836065573771
8166d77,3,283,4,1594,0.5653710247349824
beaaa47,2,225,5,1209,0.6088888888888889
4dd14fc,2,425,1,2224,0.4047058823529412
2d2e355,1,277,4,1562,0.5884476534296029
3f300cc,3,232,4,1286,0.5603448275862069
ef0a7a3,2,204,3,1097,0.5882352941176471
330675b,4,489,4,2934,0.4458077709611452
f0a7a09,3,486,35,2697,0.45267489711934156
a3727fc,3,249,5,1346,0.5421686746987951
112723e,5,673,6,4028,0.4710252600297177
d23d911,3,412,4,2292,0.5242718446601942
8994e37,3,371,5,1889,0.4366576819407008
67151ff,3,506,4,2811,0.5177865612648221
6d2adc4,4,486,7,2661,0.4567901234567901
71845df,4,429,3,2243,0.4195804195804196
750b478,1,253,2,1435,0.6758893280632411
d4c78e7,1,235,3,1246,0.5702127659574469
c67fbd3,3,432,7,2263,0.3726851851851852
8b9aea0,4,552,4,3004,0.4945652173913043
2fefa3b,4,476,4,2796,0.4852941176470588
71956aa,3,220,3,1282,0.6636363636363637
5b1dea8,3,321,5,1869,0.573208722741433
ac90f1b,3,328,6,1820,0.524390243902439
8ea0a22,3,259,4,1429,0.6177606177606177
2365387,2,352,4,1958,0.48011363636363635
4061085,4,454,5,2444,0.45154185022026433
d08b141,4,578,4,3326,0.49480968858131485
ad644f3,4,374,5,2230,0.5454545454545454
14afb00,3,425,5,2396,0.5505882352941176
25811d9,4,399,6,2117,0.47869674185463656
cc266ee,4,479,7,2916,0.40292275574112735
0912e51,2,376,5,1892,0.523936170212766
b6945f7,4,393,4,2209,0.5165394402035624
b6352d7,4,461,5,2521,0.48590021691973967
e68f64d,3,631,5,3624,0.5023771790808241
509edaa,3,369,6,2010,0.42005420054200543
da85290,2,193,1,1167,0.6321243523316062
d42a4ac,2,384,6,2112,0.5677083333333334
7e0b6af,2,280,2,1496,0.5571428571428572
7a0b369,3,394,2,2177,0.5380710659898477
f285fe2,2,158,6,893,0.7088607594936709
add5865,3,268,5,1345,0.4253731343283582
0516f28,1,294,6,1701,0.6462585034013606
0226250,4,441,13,2229,0.43537414965986393
c2b5ab0,5,598,6,3475,0.4698996655518395
9019f5b,3,466,3,2682,0.44635193133047213
bb66f48,3,280,6,1579,0.46785714285714286
defa1cc,2,168,1,888,0.5714285714285714
f437d49,3,326,4,1898,0.5736196319018405
a8675e4,4,445,5,2560,0.5258426966292135
d46aa2a,3,326,5,1700,0.44785276073619634
7617705,3,279,5,1553,0.5555555555555556
609b8b9,3,388,6,2132,0.5128865979381443
e22df36,2,179,4,998,0.6033519553072626
bd91400,4,558,4,2978,0.41935483870967744
54154e6,3,486,6,2539,0.45267489711934156
3b02e51,2,245,1,1280,0.5591836734693878
7035dc2,3,210,3,1145,0.580952380952381
acc5ef8,2,448,6,2712,0.5758928571428571
b88c3b5,2,252,4,1432,0.5793650793650794
a57fd78,1,210,3,1007,0.4238095238095238
6cd8a38,1,342,8,2017,0.5175438596491229
319d75e,5,575,5,3345,0.5565217391304348
d5ea90f,1,492,7,2986,0.5711382113821138
c893ec0,4,400,4,2757,0.625
1b43b9e,3,296,6,1637,0.4864864864864865
ae0e8ef,3,362,3,1908,0.4889502762430939
eec45e2,3,313,5,1800,0.5399361022364217
021271e,3,310,3,1697,0.5258064516129032
12489e3,4,407,6,2118,0.5085995085995086
91506ed,3,238,4,1367,0.5168067226890757
7036f2d,4,519,5,2897,0.43545279383429675
090c52d,2,374,6,2108,0.5053475935828877
44eb982,3,343,4,1911,0.5947521865889213
443672b,2,446,5,2354,0.5336322869955157
8435ac2,2,248,4,1333,0.5
c68a3c9,3,390,7,2152,0.4897435897435897
72f0594,1,249,9,1308,0.4538152610441767
c69f642,3,363,5,2126,0.5344352617079889
104ebd4,4,436,3,2320,0.44495412844036697
fa3ffaf,4,446,26,2721,0.4798206278026906
b209a7f,5,579,5,3266,0.46286701208981
93ef0d8,3,350,2,1987,0.5485714285714286
5700ff4,4,411,4,2510,0.5158150851581509
a332888,2,271,2,1364,0.4575645756457565
c92dce5,1,226,3,1265,0.5265486725663717
4337759,2,324,16,1607,0.404320987654321
0e233ca,4,473,7,2669,0.47357293868921774
fe78ad2,4,499,5,2960,0.5110220440881763
bcb1ec7,2,394,6,2445,0.47715736040609136
abd70b9,2,317,4,1699,0.5236593059936908
e8d2ce4,4,405,5,2383,0.4444444444444444
dd9b0f0,4,574,10,3265,0.445993031358885
c33893b,4,415,6,2204,0.5445783132530121
9e83f64,4,372,4,2070,0.46774193548387094
299a003,5,892,5,5304,0.3744394618834081
c183c9c,2,287,6,1777,0.5993031358885017
d11f475,3,285,3,1637,0.5263157894736842
5852b0c,4,621,4,3408,0.46537842190016104
6b20789,3,298,4,1622,0.5
c38cf59,1,257,3,1294,0.5175097276264592
65b060f,3,327,3,1829,0.44648318042813456
80c6855,2,286,6,1481,0.5
919a690,4,348,5,1847,0.46264367816091956
56fcc78,4,662,4,3811,0.32779456193353473
10be9c6,2,311,3,1563,0.45980707395498394
26c493a,3,319,3,1688,0.5579937304075235
37e110f,4,392,5,2377,0.5153061224489796
db7ce90,4,346,4,2086,0.5549132947976878
d0fac48,2,301,5,1738,0.5780730897009967
32d6a9c,2,516,6,2884,0.5813953488372093
77298de,4,388,4,2393,0.6030927835051546
c9eaef7,3,434,4,2578,0.5645161290322581
22ba4b2,4,300,3,1751,0.53
7d11870,4,477,5,2789,0.49056603773584906
3a8b10d,2,307,3,1685,0.5342019543973942
b8ee42c,3,362,5,2028,0.5165745856353591
b5bd747,3,308,5,1774,0.6233766233766234
ae7dc92,5,516,5,2934,0.4418604651162791
8521413,3,452,5,2628,0.5066371681415929
8c35402,4,446,6,2599,0.4327354260089686
14bec6e,4,477,6,2619,0.4570230607966457
212f1e9,3,272,18,1628,0.5073529411764706
0f247b7,4,396,6,2284,0.4696969696969697
d507ed3,3,289,5,1613,0.4602076124567474
8d1c468,1,393,6,2338,0.4198473282442748
4408754,4,366,5,2068,0.5437158469945356
d53934b,2,309,5,1716,0.6084142394822006
8fd287f,2,262,3,1545,0.5572519083969466
2cb191e,2,255,5,1480,0.4627450980392157
7b0bb8f,4,602,4,3465,0.4186046511627907
c487f64,3,296,5,1733,0.5540540540540541
c04225a,3,471,6,2551,0.39278131634819535
f99f8c7,5,771,6,4544,0.40077821011673154
d7fd73d,2,390,5,2236,0.5923076923076923
9638825,5,684,5,3894,0.4590643274853801
5649ce7,2,165,2,924,0.6545454545454545
f2e0731,4,539,5,3116,0.3784786641929499
9f988da,5,510,5,3177,0.592156862745098
1d8869d,2,196,3,1097,0.6071428571428571
ad11bff,4,342,5,1898,0.49415204678362573
1bf4ba6,3,336,4,1773,0.44642857142857145
42c06b3,2,255,3,1266,0.4745098039215686
7ad05e0,2,236,4,1274,0.5635593220338984
8109b66,3,369,5,2058,0.3712737127371274
e112df6,3,271,3,1509,0.5350553505535055
7813ea7,3,276,4,1567,0.5398550724637681
e897b21,3,322,6,1768,0.45962732919254656
af9e3fd,2,224,6,1147,0.5267857142857143
9469de5,1,234,3,1310,0.5811965811965812
72daa06,4,408,5,2485,0.47058823529411764
e8c4fce,3,341,5,1892,0.6129032258064516
ff44d61,2,178,3,988,0.5674157303370787
20bf31c,3,213,4,1283,0.5821596244131455
abd3b0b,3,347,4,2037,0.4755043227665706
5196465,3,271,5,1471,0.5092250922509225
783f267,5,666,9,3933,0.53003003003003
a752c11,3,297,1,1675,0.4444444444444444
6640d05,3,416,5,2250,0.4879807692307692
a28f423,3,228,4,1213,0.5307017543859649
04d409d,4,721,5,3831,0.40221914008321774
71d8782,4,442,7,2588,0.45248868778280543
f89a159,2,170,3,954,0.6588235294117647
05fa43a,3,288,5,1656,0.5243055555555556
9a6daae,3,265,3,1672,0.6188679245283019
e1b50d7,4,380,5,1901,0.45
17d3737,3,364,6,2012,0.5357142857142857
b821bd2,2,172,4,958,0.5988372093023255
b06624a,2,352,5,1804,0.4971590909090909
b8bff70,3,269,4,1418,0.5724907063197026
f7860d2,3,296,3,1599,0.4831081081081081
7f0cbfd,2,198,3,1035,0.5555555555555556
af0b4d5,4,497,5,2791,0.4104627766599598
eb828bd,3,309,4,1709,0.5145631067961165
46be9c7,4,552,6,3339,0.4692028985507246
cd3902f,3,477,5,2478,0.41509433962264153
b5b8a2a,2,212,3,1132,0.5188679245283019
31c49e5,3,430,29,2344,0.4418604651162791
2b491f4,2,186,1,1076,0.7204301075268817
c7238b0,2,321,2,1775,0.5420560747663551
9dde278,3,264,3,1482,0.48863636363636365
51fd470,3,233,2,1303,0.4978540772532189
4f63fb6,4,500,5,2708,0.488
03ffbb2,2,273,4,1410,0.5567765567765568
bfb039b,2,185,3,1020,0.5567567567567567
d7e4bda,1,297,4,1676,0.6397306397306397
863da41,2,313,4,1757,0.610223642172524
098d10a,5,478,5,2898,0.49372384937238495
8ae14a9,2,242,4,1352,0.6198347107438017
4fce0ed,3,285,6,1470,0.5929824561403508
1829b0f,3,224,5,1182,0.4955357142857143
a19d424,4,500,5,2756,0.482
68f7f6e,3,264,4,1586,0.6553030303030303
93d44b9,4,534,5,2906,0.4419475655430712
3ffd355,3,249,6,1393,0.5582329317269076
21133d1,5,438,3,2695,0.5502283105022832
b299795,5,713,5,4187,0.5021037868162693
6cfd94f,3,341,19,1884,0.5571847507331378
716b63f,3,312,6,1737,0.6089743589743589
7bc3482,4,416,5,2299,0.44471153846153844
eb75b33,4,621,3,3607,0.48470209339774556
a7875a6,2,212,2,1255,0.6226415094339622
7617ff3,3,280,4,1643,0.6035714285714285
9a40be1,2,217,5,1186,0.5391705069124424
7561d85,3,296,6,1458,0.43243243243243246
33fd8e1,3,263,4,1284,0.4752851711026616
391f6fa,3,498,8,2729,0.44779116465863456
5efaf31,3,248,5,1488,0.5887096774193549
9cd5951,3,605,5,3488,0.43636363636363634
ea436e2,2,239,3,1215,0.5941422594142259
19518a6,2,299,7,1692,0.5752508361204013
b9425e5,3,331,3,1951,0.5045317220543807
fee4774,3,812,6,4990,0.5640394088669951
d683a92,3,428,1,2291,0.3808411214953271
ad0262a,2,238,3,1301,0.5462184873949579
b5a1979,4,366,6,2186,0.4918032786885246
45373dc,3,373,3,2088,0.514745308310992
bc02829,2,212,3,1185,0.5283018867924528
7ab9574,2,193,3,1212,0.6839378238341969
0cf8c55,3,243,4,1362,0.5020576131687243
7874eeb,4,403,5,2318,0.5682382133995038
9b7b295,3,352,6,1807,0.3522727272727273
ec37599,3,252,5,1457,0.5634920634920635
e82deeb,2,225,7,1377,0.5422222222222223
fdd251e,3,363,5,2188,0.5482093663911846
52f452e,2,203,4,1178,0.6305418719211823
e5206d7,2,180,2,1017,0.6388888888888888
c1aec49,3,247,3,1347,0.5668016194331984
897cac7,2,245,4,1362,0.4897959183673469
8a242ae,3,282,4,1676,0.5106382978723404
1a14e33,4,444,7,2452,0.481981981981982
dbad9f3,4,607,5,3233,0.40691927512355847
8769deb,2,207,5,1084,0.5072463768115942
ff4bcd5,3,311,4,1909,0.5884244372990354
f1a54d4,3,396,6,2001,0.4772727272727273
3a7a186,2,177,1,1015,0.6949152542372882
36523ec,3,368,5,1919,0.4673913043478261
eea5e34,2,175,3,982,0.49714285714285716
2e6c099,4,454,6,2415,0.4911894273127753
b1612e0,3,207,4,1129,0.5603864734299517
f4f2f12,3,232,3,1378,0.6293103448275862
301c5a5,1,202,4,1100,0.6782178217821783
3f892e1,3,518,6,2728,0.48841698841698844
bbd6f66,3,268,6,1400,0.5447761194029851
d5081a7,2,217,5,1080,0.5023041474654378
c62d306,2,241,6,1404,0.43568464730290457
4e85bd3,2,174,4,960,0.6896551724137931
a12cb0a,3,319,5,1722,0.5172413793103449
3d100f8,4,489,4,2478,0.4335378323108384
1a57ee0,3,353,4,1866,0.5354107648725213
b52cc68,4,480,4,2547,0.4583333333333333
7b823fe,5,700,7,4210,0.36
62bc176,5,668,5,3905,0.45209580838323354
bf24abd,4,387,6,2288,0.5426356589147286
48f4678,3,314,6,1913,0.5573248407643312
4458086,4,511,4,2904,0.45792563600782776
7af26d3,4,437,7,2590,0.4622425629290618
7e05e3b,2,296,5,1456,0.4358108108108108
fe0aea3,1,267,1,1656,0.6104868913857678
a688b7a,4,544,5,2941,0.4650735294117647
5a3eba0,4,334,4,1970,0.5419161676646707
0c9029c,3,226,5,1152,0.5265486725663717
fe52b79,2,154,3,853,0.6103896103896104
811c907,4,486,7,3051,0.4444444444444444
47d6008,4,579,5,3157,0.5354058721934369
b16cd75,3,275,6,1647,0.5163636363636364
4a2334e,2,414,5,2307,0.533816425120773
0da70c3,3,293,3,1550,0.47440273037542663
9d48bc5,2,243,4,1327,0.5802469135802469
3bcd4b3,5,455,4,2926,0.5824175824175825
3a79c7f,3,497,4,2762,0.5070422535211268
e2d0be6,1,258,3,1351,0.4844961240310077
67395cf,1,154,1,930,0.7077922077922078
80e35ee,4,300,7,1725,0.5166666666666667
662abe5,3,351,5,2119,0.584045584045584
4057621,4,450,4,2466,0.52
19c4c74,3,791,12,4073,0.40707964601769914
9b2d996,3,241,3,1370,0.6224066390041494
7beb5b6,4,507,5,2825,0.44970414201183434
d2d0ad7,4,414,5,2229,0.49033816425120774
ec32da2,4,514,5,2739,0.5
9b47d83,4,458,5,2615,0.4759825327510917
c5a5c3b,2,226,3,1154,0.41150442477876104
6a5d75d,4,605,5,3355,0.3785123966942149
323cdd6,2,370,7,2112,0.5837837837837838
e471f5a,4,460,5,2454,0.44782608695652176
d119e87,3,735,4,3925,0.46802721088435373
6a7a8ef,4,532,4,3067,0.462406015037594
94d6290,3,282,4,1511,0.5070921985815603
40aaa0e,2,221,2,1304,0.5520361990950227
f0e0674,2,248,4,1307,0.4475806451612903
18c3c09,2,183,3,1013,0.6120218579234973
9d79792,4,346,5,1975,0.48554913294797686
4649053,4,467,5,2718,0.4860813704496788
d66cdbe,4,304,4,1634,0.5592105263157895
23f176c,2,205,3,1071,0.624390243902439
5290f9d,4,510,5,2847,0.5725490196078431
7ec3069,3,264,4,1398,0.5984848484848485
610d03b,2,151,3,978,0.5894039735099338
b882670,3,357,4,2148,0.47619047619047616
dd1c507,3,353,4,1898,0.48158640226628896
51d14d3,2,223,2,1235,0.5829596412556054
f389a4c,4,625,5,3416,0.4096
bfaad32,3,268,4,1533,0.5149253731343284
3074cde,2,219,5,1193,0.6301369863013698
e4f6f94,4,308,19,1864,0.5844155844155844
01ec06b,3,364,6,2184,0.5192307692307693
b42fc25,2,222,1,1170,0.6036036036036037
43fc657,4,678,7,3949,0.5
7c76079,3,348,5,1844,0.5431034482758621
349f3b8,3,299,6,1861,0.5317725752508361
1ac3740,5,621,5,3377,0.33011272141706927
0c02064,4,596,3,3313,0.42449664429530204
44e88b0,3,365,5,2106,0.5506849315068493
ae8766b,3,361,5,2048,0.5457063711911357
e8faa39,3,296,5,1657,0.6114864864864865
bdd54af,3,362,5,1975,0.5248618784530387
9d1a448,6,839,6,4843,0.3837902264600715
3f02e1c,4,579,10,3131,0.44559585492227977
fef1e50,3,578,5,3111,0.42214532871972316
acf3b94,4,361,3,2130,0.5124653739612188
4bcd05d,4,581,7,3025,0.39414802065404475
d50b813,3,357,6,2075,0.36694677871148457
d61378e,5,424,5,2260,0.4339622641509434
27e155e,1,236,3,1364,0.614406779661017
df0a3ec,3,456,8,2465,0.4758771929824561
7061185,3,398,5,2390,0.507537688442211
f281512,2,172,1,876,0.6569767441860465
1d7c97a,4,535,5,3025,0.3813084112149533
93c1334,3,363,8,1950,0.5151515151515151
bf84e83,2,268,1,1431,0.5111940298507462
9c64a04,4,429,4,2488,0.49184149184149184
e9115fb,3,576,7,3019,0.4149305555555556
53b8ebf,1,315,4,2099,0.6825396825396826
9301f78,1,190,4,1064,0.6894736842105263
6db3435,2,177,3,1048,0.536723163841808
1418cf5,4,777,5,4525,0.36293436293436293
e1c7ab2,5,808,6,4681,0.5037128712871287
87d2a83,4,414,4,2333,0.4420289855072464
06d32ab,4,521,6,2773,0.3877159309021113
3644611,5,803,5,4835,0.4396014943960149
1c80539,1,219,1,1208,0.6301369863013698
3c87dc2,3,245,6,1401,0.6530612244897959
d2e169d,1,323,9,1849,0.5170278637770898
39d96a1,3,448,4,2518,0.37723214285714285
96addd4,3,351,5,2081,0.5754985754985755
52504c7,4,561,6,3035,0.49910873440285203
c2ebc90,3,443,6,2280,0.4221218961625282
1f5d349,3,382,5,2273,0.5785340314136126
d25d977,2,167,4,1006,0.7005988023952096
f7c62d8,3,344,3,1756,0.49709302325581395
d991ec4,2,237,3,1184,0.5527426160337553
e338a4c,3,314,3,1737,0.5668789808917197
f0178dd,5,808,5,4569,0.4381188118811881
04ef8ff,3,285,4,1660,0.5403508771929825
b815e6f,4,518,5,2907,0.48455598455598453
305bda4,2,316,3,1760,0.41139240506329117
9ea622e,2,222,5,1961,0.7117117117117117
d93507a,1,178,3,943,0.5786516853932584
445fe77,2,221,4,1139,0.4751131221719457
c680658,3,268,5,1302,0.47761194029850745
f8b68e8,2,179,1,960,0.5977653631284916
a1cd4ce,6,903,5,5025,0.4374307862679956
4180c40,4,389,5,2216,0.5115681233933161
95eb489,2,332,3,1994,0.5602409638554217
e8ce1b0,3,349,4,1943,0.5214899713467048
f23935a,4,449,5,2584,0.39643652561247217
587411b,2,374,4,2039,0.5026737967914439
cb5293e,2,191,3,1059,0.5549738219895288
037ac1f,3,405,6,2062,0.42962962962962964
3b3df14,2,175,3,991,0.6171428571428571
561e47d,4,462,7,2632,0.461038961038961
031bbb0,3,302,6,1657,0.5331125827814569
3c8bd10,2,210,4,1506,0.5761904761904761
9406d8d,4,447,6,2623,0.4541387024608501
e9c55a9,4,351,7,1986,0.5641025641025641
a1b24c3,6,876,5,4890,0.3744292237442922
247f18e,1,178,3,1017,0.6292134831460674
e63e0bf,2,335,5,1805,0.48955223880597015
716b03a,3,333,4,1895,0.33633633633633636
c221707,2,254,29,1370,0.5
177d6f6,2,249,3,1313,0.5542168674698795
4d4b577,3,373,5,1934,0.46380697050938335
323c0b8,4,584,4,3446,0.4126712328767123
37c61d1,1,360,4,1732,0.43333333333333335
f7c06a5,5,591,5,3098,0.4230118443316413
ebff20e,2,168,2,880,0.5059523809523809
4446626,3,691,10,4093,0.46164978292329956
5f49ea6,2,190,3,1003,0.5947368421052631
0f8c08a,2,286,7,1835,0.548951048951049
223b86d,6,564,6,3336,0.475177304964539
7664b2d,3,557,5,2772,0.3267504488330341
23b5db1,3,277,3,1554,0.5018050541516246
a057d58,3,248,4,1298,0.4798387096774194
1ed0f53,2,214,3,1142,0.5700934579439252
2792d0f,4,482,5,2519,0.4087136929460581
fea267a,2,318,1,1631,0.5471698113207547
b9f8f54,5,552,4,3305,0.552536231884058
04defeb,2,274,3,1536,0.4124087591240876
bbbd46b,2,184,3,2010,0.5652173913043478
6579a27,5,479,4,2719,0.48643006263048016
7d72685,2,187,1,921,0.5721925133689839
4df7e4e,3,505,6,2756,0.45742574257425744
ddc1cdd,3,323,5,1805,0.56656346749226
e4df2a6,3,313,5,1618,0.5207667731629393
0e78aef,2,182,4,974,0.6098901098901099
9d3da12,2,377,5,1895,0.47745358090185674
da0a649,4,348,4,1980,0.5718390804597702
d2373ef,1,203,3,1031,0.5665024630541872
22b89af,1,216,3,1255,0.6851851851851852
e476e48,3,332,3,1636,0.5090361445783133
fc17862,4,398,7,2189,0.5452261306532663
29edcfa,3,356,5,2015,0.3848314606741573
03afc1e,2,163,3,948,0.6134969325153374
dffdcdd,2,169,4,951,0.6390532544378699
4f3b6dc,3,400,5,2229,0.4875
336f368,4,545,5,2902,0.41467889908256883
ad789c5,2,229,3,1263,0.42358078602620086
81a1bfb,3,347,4,1983,0.5100864553314121
1bd9707,2,216,5,1198,0.4444444444444444
535dda0,1,162,3,862,0.6296296296296297
a3f2c8f,3,187,5,974,0.6149732620320856
e3f99d1,5,510,7,2980,0.4588235294117647
fece07e,4,581,5,3083,0.43201376936316693
2676d1f,4,428,5,2348,0.45794392523364486
4834d5d,2,254,6,1412,0.5078740157480315
43c6947,3,308,3,1655,0.4837662337662338
33f68cf,3,265,3,1552,0.5886792452830188
d298559,2,161,3,952,0.7329192546583851
f02836d,3,493,5,2790,0.4645030425963489
7a2b44a,4,515,5,2980,0.5495145631067961
94848c8,3,331,7,1795,0.5196374622356495
c3b3b4b,1,187,5,1067,0.5240641711229946
90d7a84,3,308,9,1783,0.6363636363636364
736f95b,2,421,5,2154,0.45368171021377673
9e2113a,5,514,6,2912,0.5136186770428015
05b0858,4,431,4,2484,0.4547563805104408
a9296c5,5,765,5,4489,0.4065359477124183
3d441b0,4,416,5,2313,0.5096153846153846
da34069,3,478,3,2675,0.5146443514644351
16cfecb,2,246,5,1443,0.6138211382113821
9b84ec0,4,426,5,2244,0.4788732394366197
85af2b9,4,737,5,4242,0.5318860244233379
25d53c6,3,301,4,1732,0.6378737541528239
f7c9ffb,2,266,3,1552,0.556390977443609
1259ea4,3,424,6,2148,0.5070754716981132
4fed77e,1,257,1,1224,0.49416342412451364
8ea97f1,2,167,7,935,0.6826347305389222
6a92849,2,181,4,1021,0.4972375690607735
5148d30,3,305,3,1624,0.4819672131147541
b4e02d9,3,359,4,2110,0.5292479108635098
35fd114,4,826,7,4317,0.3305084745762712
83929a3,4,294,4,1869,0.5680272108843537
ba93660,3,299,5,1780,0.5585284280936454
222659a,2,253,3,1217,0.47035573122529645
c89eda8,3,300,5,1752,0.55
0fa92b4,4,332,5,1782,0.5481927710843374
070faae,3,521,5,2872,0.4049904030710173
67c0531,4,421,5,2184,0.5201900237529691
2a7701b,4,524,5,2892,0.42748091603053434
bd6185f,3,386,5,2271,0.6243523316062176
1b92860,2,356,6,1798,0.45224719101123595
03dc26a,2,258,3,1373,0.6124031007751938
d358b72,4,506,5,2675,0.4150197628458498
7c47a9c,3,367,6,1949,0.43869209809264303
8882d49,2,593,2,3150,0.4536256323777403
624a904,4,471,6,2380,0.4861995753715499
9dc6cd2,5,870,10,4969,0.4011494252873563
99120c9,4,599,5,3184,0.4657762938230384
0ae3894,3,400,18,2095,0.4475
2bc341e,2,199,3,1069,0.507537688442211
a955a53,4,449,7,2652,0.49888641425389757
4f86aed,3,432,4,2393,0.44907407407407407
8ede676,2,345,5,1904,0.527536231884058
2edae7a,3,252,4,1356,0.4603174603174603
95bd900,3,298,5,1640,0.436241610738255
426ddb6,2,174,3,952,0.5517241379310345
d7203b6,3,333,7,2020,0.5825825825825826
d5dc915,2,192,1,1018,0.4791666666666667
c03c5de,4,393,3,2257,0.4961832061068702
e5f3160,4,404,5,2155,0.4628712871287129
6ba40d5,3,180,3,965,0.6444444444444445
3ccf356,3,226,3,1329,0.6238938053097345
6f65423,3,328,3,1898,0.524390243902439
a875a8e,3,330,6,1895,0.5242424242424243
cf44547,3,425,7,2541,0.5129411764705882
fd86eb2,3,333,6,1727,0.3963963963963964
f2640ea,6,659,5,3877,0.4309559939301973
eda4388,2,241,3,1355,0.5394190871369294
71a1944,3,487,4,2599,0.4414784394250513
7d34dd4,3,391,17,2370,0.5498721227621484
6b07f61,3,249,5,1363,0.5020080321285141
bc89849,2,183,2,1022,0.5628415300546448
47812b1,4,515,11,2958,0.49514563106796117
8d0350d,4,471,6,2608,0.47770700636942676
f4f6bf2,3,547,5,2939,0.4844606946983547
1c139c1,5,706,5,4195,0.5325779036827195
6289b2c,3,641,5,3480,0.47269890795631825
0760f30,4,296,4,1869,0.5709459459459459
eac6509,4,358,5,2003,0.49162011173184356
26de96d,3,292,4,1674,0.4965753424657534
f59c21c,1,327,3,1687,0.5932721712538226
bd25752,4,492,6,2716,0.4613821138211382
95e6b7a,4,499,5,2964,0.45490981963927857
a7f685b,2,306,6,1608,0.5294117647058824
cdd506f,3,320,4,1620,0.50625
811be0e,3,671,5,3409,0.44411326378539495
54697bd,4,736,5,4362,0.3967391304347826
1d12e5e,3,305,5,1721,0.5377049180327869
24adfc3,4,483,6,2764,0.422360248447205
4677e9c,4,587,5,3515,0.5025553662691652
9885293,4,626,5,3736,0.4936102236421725
e4cd5f0,2,216,9,1183,0.5740740740740741
e5c3b9b,2,288,4,1733,0.5972222222222222
9301dc5,5,702,7,3823,0.4472934472934473
9606866,3,289,4,1649,0.4463667820069204
9df4209,3,360,4,1899,0.4527777777777778
a3fb7e1,3,408,5,2122,0.40441176470588236
1a8f6e7,2,304,17,1877,0.4769736842105263
75ef893,3,486,4,2661,0.5308641975308642
4779250,3,267,5,1561,0.50187265917603
144515c,2,214,3,1254,0.6588785046728972
3b42d54,2,268,4,1467,0.6305970149253731
f47a3af,2,211,3,1114,0.5924170616113744
c09d765,4,497,6,2712,0.3440643863179074
84195f6,5,631,5,3800,0.4865293185419968
9b15bd0,2,358,6,2014,0.43854748603351956
dac3832,1,191,3,1027,0.6230366492146597
4728682,3,324,19,1649,0.49691358024691357
36da545,3,410,3,2206,0.47317073170731705
6d87001,2,176,3,988,0.6704545454545454
5a5cd94,3,252,3,1426,0.5714285714285714
19db546,2,239,5,1284,0.5523012552301255
6cafb50,1,183,3,978,0.5136612021857924
cbbc4a8,3,354,5,1955,0.4519774011299435
9793146,3,522,6,2809,0.5689655172413793
a0520ae,3,272,5,1578,0.5183823529411765
37deeb5,2,233,4,1273,0.5493562231759657
bb8453c,3,306,5,1735,0.4542483660130719
9f79642,2,160,4,899,0.64375
a58d8b9,3,283,4,1573,0.5335689045936396
4dc320a,4,406,5,2385,0.5517241379310345
190716b,2,204,2,1100,0.5735294117647058
30516cb,4,315,6,1703,0.4793650793650794
ea7d445,3,287,5,1562,0.5331010452961672
9cc5892,1,339,7,2154,0.6135693215339233
8aa59a6,5,717,5,4344,0.45885634588563456
1ff00d8,3,395,11,2312,0.5518987341772152
d6def17,3,245,1,1235,0.5387755102040817
2a4ca7b,4,498,6,2631,0.4397590361445783
e4131fa,1,197,3,1220,0.5685279187817259
5912bde,3,259,6,1434,0.4092664092664093
230f9dc,3,380,3,2114,0.4342105263157895
2a785b1,3,541,7,2830,0.38632162661737524
8eb8fa9,3,212,3,1114,0.6179245283018868
6a3ad47,2,192,4,1105,0.6354166666666666
00e5687,3,325,7,1860,0.4553846153846154
a90f403,3,642,4,3321,0.43457943925233644
7354440,2,288,3,1596,0.53125
c966d0a,3,318,6,1870,0.5754716981132075
a2de144,4,511,7,2707,0.3287671232876712
d7a5814,2,212,3,1266,0.7028301886792453
43e2c1f,3,330,5,1895,0.5212121212121212
d0b5ffb,5,698,6,3892,0.4297994269340974
48b152e,5,693,8,3883,0.42857142857142855
a67771e,5,459,7,2659,0.5206971677559913
b44db48,3,315,4,1746,0.5079365079365079
c3c6f38,2,330,3,1824,0.5393939393939394
5ff1058,2,180,3,1061,0.6
2def8af,2,395,6,2138,0.5316455696202531
2eb32bb,4,698,7,4224,0.49426934097421205
fbe8b9e,3,396,5,2189,0.5277777777777778
c2a99a4,1,495,13,2740,0.5050505050505051
cb4bb86,5,497,6,2671,0.43661971830985913
c0679f5,1,158,1,941,0.7468354430379747
d292135,3,522,7,2923,0.4042145593869732
81f7222,2,189,7,1047,0.5925925925925926
c1ab5cb,4,523,6,2701,0.4321223709369025
7a8028c,2,339,2,1973,0.5870206489675516
aacf8d1,3,381,4,2145,0.5249343832020997
76324c1,1,180,3,1063,0.6055555555555555
a7e49c9,3,394,6,2307,0.5456852791878173
471bc23,3,218,6,1005,0.44495412844036697
35e09c5,3,377,9,1998,0.4827586206896552
5987254,3,313,4,1670,0.5239616613418531
518c141,4,466,4,2480,0.48497854077253216
7bbc704,2,158,4,906,0.43670886075949367
84c9a84,3,317,6,1708,0.43217665615141954
2b237a3,3,412,6,2354,0.48058252427184467
dd5a7fc,3,306,3,1699,0.5718954248366013
9402ac5,1,383,1,2091,0.5456919060052219
2556150,5,765,5,4614,0.4392156862745098
f1ce560,2,235,5,1416,0.5914893617021276
a5c16f9,1,290,1,1487,0.6482758620689655
4667092,3,252,14,1326,0.5833333333333334
bc09367,1,299,4,1514,0.5484949832775919
11eda40,1,220,1,1328,0.5590909090909091
871c045,4,478,5,2607,0.5292887029288703
da4b065,3,385,6,2041,0.5298701298701298
c2e8d1a,3,304,4,1592,0.5
3bd062d,1,280,17,1647,0.6178571428571429
8fa257f,1,532,6,3264,0.5695488721804511
8e63734,2,274,8,1433,0.6058394160583942
48679e4,4,437,5,2505,0.5446224256292906
c660bab,1,288,2,1545,0.4548611111111111
854f4a6,3,810,8,4756,0.5074074074074074
5c94970,2,342,3,1822,0.5292397660818714
55759f8,3,455,9,2390,0.47692307692307695
e9d29ff,3,402,8,2312,0.5373134328358209
27382f8,3,205,5,1142,0.4634146341463415
529dccc,3,254,5,1414,0.6259842519685039
d73f3f4,3,347,7,2134,0.4812680115273775
32e5340,3,360,5,1995,0.575
e90de0d,4,451,6,2535,0.4700665188470067
1d9389b,2,693,5,3840,0.48484848484848486
58969ec,3,272,4,1475,0.6360294117647058
8c1e2db,4,383,5,2111,0.4308093994778068
d9929eb,2,303,5,1588,0.5016501650165016
a423c92,3,263,3,1311,0.44866920152091255
44497d4,2,175,10,912,0.5485714285714286
70542b0,2,171,2,927,0.6257309941520468
87cf25a,5,438,6,2558,0.5593607305936074
0f89327,3,715,7,3560,0.3384615384615385
a041c53,2,172,4,874,0.5406976744186046
7694be2,3,289,5,1650,0.5294117647058824
7fa6c4e,1,291,7,1568,0.5773195876288659
53a31e8,2,252,5,1292,0.5396825396825397
107348c,2,208,7,1122,0.49038461538461536
5b4da4a,2,214,3,1155,0.5887850467289719
c252897,2,338,3,1780,0.5059171597633136
cd56bc6,3,431,5,2272,0.43387470997679817
723a7df,2,369,5,1991,0.4146341463414634
40ac432,1,522,4,3017,0.5957854406130269
2e1756a,4,417,6,2401,0.460431654676259
b5af145,3,416,4,2235,0.49759615384615385
375c9a7,2,281,5,1450,0.4199288256227758
43dea20,3,245,4,1325,0.6
940d9dd,4,428,6,2354,0.42757009345794394
beaf095,3,401,4,2375,0.5336658354114713
25e14a4,3,288,4,1475,0.4583333333333333
2078da0,3,263,4,1526,0.5171102661596958
287950c,3,447,4,2505,0.48322147651006714
eb1d4a6,2,290,5,1632,0.6068965517241379
f7c3307,3,272,4,1495,0.4632352941176471
313de19,2,181,2,1023,0.574585635359116
f2dbee7,3,270,16,1549,0.6370370370370371
1c745e9,5,580,6,3191,0.3896551724137931
debbe70,1,170,1,881,0.6352941176470588
a6bcef5,4,350,5,1929,0.4714285714285714
e90721b,2,196,1,1074,0.5867346938775511
c636e4e,5,699,4,4015,0.5164520743919886
a367504,4,470,7,2458,0.4276595744680851
1221dcf,2,268,5,1349,0.5
395e093,3,264,3,1529,0.5681818181818182
f37af89,3,356,4,1941,0.4297752808988764
b8a4245,3,346,5,9954,0.5144508670520231
1dd6a58,4,824,6,4270,0.36650485436893204
4ff04b6,5,607,6,3318,0.39209225700164746
3584839,3,708,14,3903,0.4463276836158192
7f6d300,3,474,29,2486,0.40717299578059074
e165a2c,5,526,5,3080,0.49809885931558934
934510c,3,416,4,2296,0.47115384615384615
a1c5818,2,217,1,1175,0.5852534562211982
99eb2f4,4,430,9,2240,0.4046511627906977
a7d3e8a,2,174,6,874,0.5287356321839081
1bf8cee,3,444,5,2265,0.39414414414414417
fbf29c5,4,401,4,2469,0.543640897755611
8f3c920,2,379,5,2216,0.46965699208443273
3e0799a,2,234,3,1317,0.4829059829059829
ef98af3,5,519,6,2817,0.4797687861271676
f7f1ffa,3,360,4,1972,0.4638888888888889
7bf1945,5,746,12,4127,0.43297587131367293
1feabe5,5,751,5,4268,0.4167776298268975
2dab24c,4,689,5,3670,0.42380261248185774
f8a150c,4,361,5,1888,0.48476454293628807
72bafca,5,682,8,3759,0.39882697947214074
7703b3c,3,401,3,2381,0.4837905236907731
fc31f23,4,508,4,2701,0.4744094488188976
8248967,4,673,4,3526,0.4309063893016345
913c55c,2,435,6,2731,0.42528735632183906
547172d,4,542,5,2871,0.466789667896679
0a99d52,3,319,4,1702,0.5109717868338558
c6a6763,4,361,4,2113,0.5373961218836565
cd151bf,3,237,1,1332,0.6160337552742616
e164e8c,4,402,5,2235,0.5174129353233831
044a23f,3,465,4,2658,0.4129032258064516
66fc2ac,2,398,15,2106,0.5201005025125628
e4eb42f,4,469,14,2713,0.47334754797441364
7fe7bcd,5,789,5,4677,0.44740177439797213
4cdd49b,4,516,9,3155,0.36046511627906974
d214529,1,263,2,1290,0.49049429657794674
ac0ce23,2,338,7,2015,0.5680473372781065
d053807,2,200,3,1029,0.525
088c6ac,3,416,5,2280,0.5408653846153846
2274cbb,5,710,5,4119,0.4535211267605634
543e550,3,319,4,1844,0.5705329153605015
bf215a7,4,399,5,2202,0.46365914786967416
8462dd5,3,267,14,1503,0.6179775280898876
9387d88,4,337,5,2014,0.47477744807121663
88efd41,4,372,5,2020,0.4220430107526882
d3b40cd,3,357,7,1994,0.48179271708683474
9f76a8f,4,605,5,3549,0.509090909090909
4599770,3,273,3,1451,0.5824175824175825
0d077e2,3,312,5,1620,0.5128205128205128
f4e9538,4,465,5,2691,0.44946236559139785
ae00902,3,393,3,2232,0.45038167938931295
0973664,3,389,4,2225,0.42159383033419023
94f3beb,3,449,18,2517,0.5233853006681515
307c738,2,214,5,1222,0.6495327102803738
8465a70,2,242,4,1381,0.5537190082644629
e6bea39,3,328,5,1721,0.49390243902439024
e1de598,4,437,5,2653,0.47139588100686497
131a75b,5,572,4,3270,0.486013986013986
79240bb,4,673,5,3659,0.3833580980683507
7ba3171,3,220,5,1184,0.5863636363636363
4fabf67,4,566,5,3307,0.4787985865724382
1e1b741,5,720,5,3849,0.39305555555555555
d35288c,2,274,12,1439,0.48175182481751827
fe094f8,5,572,8,3406,0.45104895104895104
249867d,3,437,5,2469,0.5194508009153318
60f98e5,4,414,5,2426,0.5579710144927537
dc86d27,2,212,3,1245,0.6556603773584906
99890ed,3,318,5,1793,0.46855345911949686
834ec54,3,267,6,1496,0.5355805243445693
0b35fa9,2,243,5,1296,0.5349794238683128
b5403e4,2,260,9,1413,0.6269230769230769
8d0fdf7,5,599,6,3484,0.5091819699499165
3a2b8f0,6,861,6,5127,0.39372822299651566
068aea7,3,288,5,1516,0.4652777777777778
b79920d,1,176,3,878,0.5284090909090909
7f1ca89,3,262,4,1449,0.4847328244274809
7bae5dc,3,263,5,1404,0.5171102661596958
66e3b69,2,265,6,1425,0.5056603773584906
1a76a83,2,210,1,1136,0.4714285714285714
87bd6c1,3,370,4,2173,0.4243243243243243
598318b,1,206,7,1168,0.4563106796116505
b1c3c6d,2,186,4,1049,0.6021505376344086
11acec7,3,386,5,2174,0.5803108808290155
c40bfc3,4,502,5,3026,0.5358565737051793
269a23e,2,261,3,1500,0.5938697318007663
f0e3d25,1,246,6,1459,0.6626016260162602
4b79d77,4,350,6,2005,0.56
e89eaf8,4,507,3,2658,0.4970414201183432
bd8eae9,2,184,3,992,0.5597826086956522
9740146,3,243,5,1329,0.5761316872427984
6861f05,2,359,5,1740,0.46518105849582175
a4c3f8e,3,320,5,1822,0.540625
83d10b5,1,196,3,1039,0.6122448979591837
4359c17,4,595,6,3622,0.5394957983193277
a28d58a,4,498,6,2451,0.41164658634538154
fc433b2,4,398,5,2276,0.45979899497487436
de0bb1e,4,370,7,2161,0.5891891891891892
2565613,2,343,6,2074,0.446064139941691
835a6a9,3,270,5,1564,0.562962962962963
246252f,2,408,6,2370,0.46078431372549017
290d458,2,423,5,2384,0.5555555555555556
7d7b8ca,1,229,5,1161,0.537117903930131
79f5ecd,3,305,6,1702,0.4524590163934426
722a9ce,2,160,1,789,0.5625
9be0af0,3,415,3,2319,0.4843373493975904
bec344a,3,456,5,2261,0.40131578947368424
f9318b4,3,387,5,1959,0.4315245478036176
4faefe0,2,172,3,947,0.6453488372093024
0ea87c4,1,187,2,986,0.5668449197860963
adc51a2,1,160,1,930,0.70625
f1f03de,4,504,6,2794,0.4146825396825397
a8171b6,5,564,32,3409,0.4166666666666667
405f294,3,264,11,1426,0.5378787878787878
fe98796,4,454,4,2547,0.4713656387665198
77f3262,3,419,5,2177,0.4510739856801909
5fbd61b,3,320,5,1768,0.503125
326c204,1,339,23,1828,0.5929203539823009
b602291,4,558,6,3157,0.5053763440860215
00a541a,2,236,3,1447,0.5889830508474576
0a31858,1,175,4,1097,0.76
a994c35,3,397,6,2163,0.345088161209068
882fdc3,3,246,4,1332,0.5975609756097561
ef4fa08,3,278,3,1544,0.5107913669064749
4bc17fe,4,671,9,3850,0.4336810730253353
8131b15,2,200,1,942,0.54
3d03dc5,4,409,3,2207,0.4547677261613692
cf315d3,4,447,4,2658,0.5033557046979866
86bb83d,5,688,6,3993,0.4563953488372093
25b1560,3,300,4,1631,0.5933333333333334
07d41ed,6,610,5,3485,0.35737704918032787
5316172,3,421,6,2027,0.4418052256532066
ab87c93,3,272,8,1518,0.625
88a7b3e,2,193,3,1002,0.5958549222797928
5c39595,2,342,4,2187,0.6257309941520468
70e51aa,2,219,3,1372,0.5707762557077626
2444a41,3,258,6,1387,0.5852713178294574
879a4e7,3,686,12,4046,0.4139941690962099
ec636ad,3,301,3,1740,0.6079734219269103
64bc610,2,439,1,2265,0.46924829157175396
97ba927,2,307,4,1608,0.5504885993485342
e711992,5,573,7,3334,0.4886561954624782
76e4447,3,355,1,1824,0.523943661971831
537ade6,1,206,3,1215,0.6650485436893204
ae95733,3,341,8,1885,0.4780058651026393
79f7f20,4,455,7,2462,0.46813186813186813
ee04cf8,4,501,5,2696,0.469061876247505
1d6c98e,2,242,5,1331,0.5041322314049587
e5a9b76,4,476,24,2642,0.43487394957983194
2cad978,4,358,5,2066,0.4273743016759777
28028e0,5,786,5,4114,0.3282442748091603
efe6199,3,336,5,1942,0.5744047619047619
f621c2e,3,282,3,1529,0.549645390070922
7cd47c4,2,182,5,967,0.6208791208791209
7557f5c,3,548,6,3149,0.5383211678832117
897681e,4,494,4,2776,0.5020242914979757
3515161,1,274,6,1714,0.7153284671532847
31b903a,1,158,1,916,0.5126582278481012
f787aa6,3,226,4,1187,0.5442477876106194
da452c5,3,331,6,1929,0.49244712990936557
7cd47f9,2,186,1,969,0.5806451612903226
a250110,4,432,4,2547,0.5393518518518519
9b3341c,4,480,6,2564,0.42916666666666664
fc7760b,4,438,4,2500,0.4292237442922374
3baea30,3,463,5,2609,0.5593952483801296
6d3a41b,4,350,5,2001,0.5628571428571428
9a8c8da,4,344,5,1976,0.45058139534883723
ee20f18,3,353,5,2035,0.5155807365439093
7fd68b2,3,235,3,1281,0.5787234042553191
7126e0c,4,423,6,2513,0.5153664302600472
a0e57ff,3,623,8,3278,0.38202247191011235
ba02db4,3,383,4,2298,0.6031331592689295
d850373,2,276,5,1499,0.4746376811594203
ea3f4cc,2,234,7,1332,0.5427350427350427
6ef1237,2,272,4,1397,0.4742647058823529
643143a,3,256,5,1313,0.484375
b6aa357,1,424,2,2127,0.4363207547169811
a8895c0,3,357,3,1911,0.5014005602240896
a389ab4,3,462,6,2475,0.37445887445887444
ae5bbc2,1,307,4,1745,0.6156351791530945
813a77a,3,279,4,1543,0.4946236559139785
b580903,3,425,9,2176,0.4188235294117647
b65e4ea,4,380,6,2024,0.46842105263157896
8f9adaf,3,295,7,1613,0.4711864406779661
989bfc1,5,670,5,3571,0.48059701492537316
e37ca46,5,486,5,2726,0.40329218106995884
86bc70c,2,156,2,890,0.6666666666666666
490a973,3,260,4,1588,0.6038461538461538
12309f9,5,502,4,3133,0.5059760956175299
4591576,2,229,2,1273,0.6506550218340611
b5d5729,3,219,2,1182,0.6027397260273972
122ba79,3,285,5,1610,0.5859649122807018
03f2d76,3,316,4,1927,0.5253164556962026
6a83431,3,441,5,2368,0.5555555555555556
6fc893c,4,374,6,2139,0.5347593582887701
685cd71,3,454,3,2584,0.5022026431718062
2a838f9,2,277,3,1402,0.5487364620938628
a4fc9c0,5,387,4,2300,0.5038759689922481
041804e,4,444,5,2556,0.46846846846846846
33d95e1,4,403,1,2318,0.5781637717121588
6fe2f23,4,560,5,3180,0.3892857142857143
b4e5144,1,176,1,931,0.5568181818181818
ee9b83d,4,373,5,2267,0.4932975871313673
00c3589,4,334,5,2033,0.5568862275449101
af1daa8,2,282,5,1509,0.549645390070922
83b6723,4,1139,15,6769,0.4591747146619842
6514350,2,191,5,1042,0.6649214659685864
805203f,2,168,3,949,0.6011904761904762
e1f6e33,4,597,4,3228,0.5226130653266332
681190f,3,348,4,1975,0.5488505747126436
b388756,4,457,5,2592,0.43326039387308535
6fecbec,4,535,5,3161,0.4803738317757009
c4b4df0,3,357,3,1846,0.39775910364145656
2f28033,4,421,5,2288,0.4180522565320665
d625185,2,210,3,1157,0.5428571428571428
fd70ce5,2,171,4,898,0.6374269005847953
eec6b2d,2,412,5,2062,0.46116504854368934
589fd79,1,195,3,1096,0.5948717948717949
dcf0c21,1,303,5,1697,0.5181518151815182
651a65c,4,665,1,3642,0.5052631578947369
8401528,1,177,1,908,0.6101694915254238
cd726da,4,502,6,2887,0.4163346613545817
4c3e4c6,2,305,3,1777,0.5836065573770491
522892b,3,296,4,1791,0.46621621621621623
176fde9,4,576,5,3147,0.484375
1e8d2f8,3,309,4,1814,0.511326860841424
511bedd,2,233,4,1948,0.6180257510729614
e00a88d,3,435,5,2504,0.367816091954023
d8eb63c,5,496,7,2954,0.46169354838709675
ce18845,4,813,7,4314,0.4489544895448955
d5b6ed5,3,441,30,2590,0.5215419501133787
bd0abd2,3,342,4,1801,0.40058479532163743
5ea32c7,4,433,5,2523,0.4341801385681293
6b71179,3,239,5,1366,0.4686192468619247
76c44e4,3,441,5,2360,0.4126984126984127
9652adf,5,690,5,3875,0.463768115942029
ec0bc1f,1,423,4,2392,0.46335697399527187
c9f673e,3,358,3,1839,0.4888268156424581
db5caa0,3,294,11,1534,0.5068027210884354
11dca95,4,419,4,2469,0.5704057279236276
da4f24a,3,307,5,1776,0.5928338762214984
5c38fae,2,444,9,2524,0.49324324324324326
d6e067b,4,506,5,3021,0.4980237154150198
c1feb27,1,462,8,2773,0.49134199134199136
d07ec0b,2,382,1,2096,0.48429319371727747
867d224,5,488,5,2880,0.4733606557377049
fef8172,4,474,5,2676,0.4409282700421941
c863729,3,405,2,1986,0.4024691358024691
37af59a,3,407,8,2298,0.5036855036855037
2504d68,3,288,6,1550,0.4756944444444444
660de82,4,367,4,1878,0.4822888283378747
a08552e,3,244,5,1394,0.5737704918032787
28f131b,3,519,5,3131,0.5394990366088632
9074727,4,521,5,2921,0.45297504798464494
cbc28c7,3,338,2,1922,0.5532544378698225
42c494d,4,461,5,2586,0.5488069414316703
8fc5a7f,4,565,5,3035,0.45663716814159294
5e76217,3,311,3,1815,0.5241157556270096
23ed908,3,241,4,1415,0.6099585062240664
dcc7aa6,5,698,5,3677,0.5186246418338109
e498c83,3,334,5,1700,0.3652694610778443
05508b4,2,209,5,1092,0.6267942583732058
14a193b,3,275,4,1557,0.5745454545454546
042167f,2,308,4,1745,0.6136363636363636
9540590,4,367,5,2096,0.5040871934604905
23a874d,1,262,3,1296,0.5114503816793893
b984bfa,5,506,4,2936,0.4683794466403162
1072f17,2,275,5,1539,0.6254545454545455
d26fc28,3,197,4,1212,0.6446700507614214
eda2975,3,436,4,2117,0.37155963302752293
84cf4d5,3,310,4,1761,0.5645161290322581
2ee34f0,4,452,4,2700,0.584070796460177
a1c6553,2,231,3,1239,0.5238095238095238
3d1a0fa,2,199,3,1074,0.4020100502512563
3993eb1,3,303,11,1851,0.6237623762376238
3f58f82,2,228,1,1095,0.41228070175438597
b1460ba,2,290,4,1473,0.5275862068965518
cfceaa3,3,319,7,1852,0.6175548589341693
2833cfd,3,311,6,1642,0.4694533762057878
72e7f44,2,297,3,1692,0.5151515151515151
83b5ab4,2,207,7,1136,0.6473429951690821
db5bba2,3,203,4,1189,0.6551724137931034
eb570a3,3,475,5,2610,0.5221052631578947
d40f0dd,2,242,1,1374,0.5619834710743802
dc8f531,2,360,6,2031,0.525
7fcc28f,1,327,2,1563,0.44036697247706424
14cb817,2,254,3,1381,0.5826771653543307
18df808,2,347,5,1827,0.5706051873198847
cbee6a1,4,856,12,4540,0.4380841121495327
e36e85a,3,330,5,1775,0.3787878787878788
2802c3d,3,399,25,2339,0.46365914786967416
8b02a08,2,243,5,1250,0.5637860082304527
12b0d0a,3,538,5,3045,0.4851301115241636
6000f26,4,598,5,3230,0.42474916387959866
6eafe43,3,404,4,2427,0.5396039603960396
555645e,4,459,8,2653,0.46187363834422657
212f8b4,3,330,5,1773,0.42727272727272725
9060375,5,462,4,2739,0.4458874458874459
20db990,1,206,4,1128,0.6504854368932039
06cbce6,3,313,3,1603,0.5047923322683706
e16b27c,1,160,4,913,0.725
847b5c3,3,367,5,2035,0.5204359673024523
62a744f,4,416,5,2424,0.4206730769230769
3c9f409,3,260,4,1567,0.4423076923076923
73c5c3d,3,239,17,1226,0.497907949790795
a2f716b,3,298,4,1683,0.5
2f76f40,3,267,1,1382,0.50187265917603
a5e4cbf,3,327,5,1871,0.48623853211009177
6e86c83,2,178,2,1009,0.6348314606741573
5d286e5,3,330,3,1662,0.4636363636363636
655cb15,3,302,5,1636,0.543046357615894
dc31c99,5,474,4,2828,0.5
f2123ce,3,403,4,2125,0.4813895781637717
6010267,3,374,7,1995,0.48663101604278075
9062d8c,4,505,5,2601,0.4079207920792079
db19681,3,305,4,1749,0.5180327868852459
9569b39,4,351,5,2055,0.5441595441595442
f1c3e51,2,182,3,1107,0.6923076923076923
dba5c50,2,214,3,1124,0.6588785046728972
2972937,2,215,4,1126,0.5813953488372093
571ac5d,2,160,3,942,0.54375
3f3d61b,2,244,14,1328,0.47540983606557374
d254bc7,4,380,6,2231,0.5105263157894737
dc06527,2,243,5,1442,0.5185185185185185
da97203,4,424,7,2341,0.4268867924528302
a924b9d,2,198,4,964,0.5303030303030303
59a4420,2,237,1,1471,0.6582278481012658
e0680f7,5,702,6,4007,0.42450142450142453
9b8bb52,2,184,2,1009,0.5489130434782609
5fec381,2,256,3,1293,0.47265625
491120f,2,274,3,1526,0.583941605839416
08f5a36,5,805,5,4574,0.391304347826087
6f7f3f7,2,201,4,1153,0.6268656716417911
07309cb,1,242,3,1431,0.5785123966942148
eede6b5,3,440,4,2378,0.4863636363636364
a346bdd,3,277,12,1577,0.5956678700361011
5e6ebf8,3,358,6,1984,0.41899441340782123
8f6429a,4,378,5,1902,0.4074074074074074
0cecb68,3,262,6,1487,0.5190839694656488
6a0460e,2,198,5,1105,0.6515151515151515
51865e0,2,257,3,1293,0.44357976653696496
64867ac,3,366,3,2156,0.5710382513661202
5bf3f75,3,230,4,1300,0.6478260869565218
d4cbdec,2,211,11,1097,0.47393364928909953
762cf74,4,385,5,2058,0.4675324675324675
bed66bb,3,469,6,2671,0.5309168443496801
d39dbc5,2,247,5,1366,0.5182186234817814
f5aee10,1,193,3,1156,0.6580310880829016
9139e3e,2,226,3,1237,0.6283185840707964
60add36,3,258,4,1542,0.5503875968992248
2787866,6,653,6,3984,0.4563552833078101
1343a02,3,213,3,1084,0.5586854460093896
f346b06,3,277,5,1766,0.6570397111913358
45b937e,2,283,5,2116,0.5406360424028268
71c9986,4,474,6,2853,0.45147679324894513
75221d7,4,327,4,1839,0.5474006116207951
44730c2,3,300,22,1756,0.48
d5fd4d3,2,235,4,1139,0.4978723404255319
4332440,1,165,1,811,0.5272727272727272
5ab40d6,3,264,6,1352,0.5909090909090909
9ca1c60,2,193,4,1066,0.47668393782383417
d7e7480,3,439,4,2526,0.42596810933940776
3e19af4,3,378,5,2004,0.42857142857142855
4dd2e34,4,399,7,2348,0.43107769423558895
b592a97,2,356,3,1746,0.40730337078651685
31530b2,4,420,4,2438,0.4357142857142857
daf7282,2,505,27,2888,0.5287128712871287
4711ef3,2,230,5,1282,0.5652173913043478
f757267,2,315,3,1837,0.5682539682539682
377cdc4,4,433,5,2421,0.40877598152424943
3a153f0,4,418,6,2542,0.6004784688995215
c82d4bc,4,379,7,2202,0.5329815303430079
9bef913,5,488,5,2805,0.5061475409836066
9802055,3,237,4,1378,0.4219409282700422
e88da5f,3,342,11,1949,0.5380116959064327
9e6ccfe,1,232,2,1411,0.6077586206896551
3f0f953,2,217,4,1279,0.4700460829493088
154f5c1,2,217,1,1224,0.5852534562211982
618a932,2,280,5,1494,0.5714285714285714
d5945d1,3,465,5,2688,0.513978494623656
a45719a,1,515,6,2839,0.4815533980582524
38844bc,3,394,5,2169,0.5101522842639594
2e56afa,3,307,5,1716,0.5993485342019544
0e9a9d3,1,209,2,1165,0.6411483253588517
32644d5,3,181,3,1019,0.4861878453038674
8ec3d6f,4,815,10,4461,0.33865030674846625
7a0e845,2,183,3,1041,0.6338797814207651
3d10946,2,257,4,1502,0.6536964980544747
b4b9ff0,2,176,4,951,0.5056818181818182
fc98949,3,340,5,1979,0.4676470588235294
15b1360,5,539,10,2966,0.49165120593692024
a9bd3cc,4,573,5,3324,0.46596858638743455
837e94c,2,722,6,4090,0.5083102493074793
23eb690,3,299,6,1651,0.5016722408026756
764e06b,3,518,5,2839,0.4343629343629344
f07b408,2,175,1,955,0.6
3d1f831,1,187,4,1048,0.5561497326203209
fcf0ded,5,539,5,3279,0.45269016697588127
d35875f,2,219,4,1244,0.54337899543379
980f643,3,235,5,1365,0.6382978723404256
fe78d5b,1,164,1,938,0.6158536585365854
c0c9b8d,3,245,3,1449,0.6122448979591837
e3ea792,3,399,6,2169,0.40852130325814534
18a40e7,3,450,10,2812,0.5822222222222222
1f0e22b,2,237,3,1407,0.5611814345991561
092ff4e,3,389,5,2301,0.5424164524421594
2c3f197,3,325,5,2039,0.68
4e90694,3,235,8,1300,0.5531914893617021
a54dbd6,3,400,5,2352,0.5525
6051407,3,333,5,1860,0.4864864864864865
0b3ab03,3,260,3,1449,0.5230769230769231
2357683,2,160,4,864,0.6875
d47f566,2,254,4,1321,0.43700787401574803
a8a46d4,2,163,1,939,0.5644171779141104
c3bdabe,2,214,3,1063,0.5934579439252337
80d54a1,4,430,4,2455,0.5767441860465117
a62419e,2,204,1,1045,0.5833333333333334
790efcf,2,185,3,989,0.5783783783783784
892da1a,2,207,3,1133,0.5507246376811594
ac4a293,4,401,8,2321,0.5236907730673317
c4359fe,4,514,6,2893,0.433852140077821
ed5a05c,2,258,1,1345,0.4883720930232558
79192bf,4,509,5,2831,0.47347740667976423
fbccbda,4,553,5,2898,0.38155515370705245
a67a151,2,241,3,1216,0.6099585062240664
1798ecb,2,297,4,1580,0.5656565656565656
8dfe413,2,559,3,3148,0.5277280858676208
d24d888,1,163,4,926,0.656441717791411
58f3ec0,3,373,5,2244,0.5817694369973191
1c1d128,2,247,3,1398,0.6437246963562753
101b994,1,189,1,1179,0.7142857142857143
e9fd355,4,599,7,3306,0.37061769616026713
6215c79,6,783,5,4940,0.44061302681992337
4a7ce79,3,302,5,1689,0.5629139072847682
7a4f314,4,447,8,2709,0.5190156599552572
b835460,5,965,7,5633,0.43005181347150256
7e7ed1d,3,411,7,2169,0.5036496350364964
f03d8a5,4,357,5,2172,0.45938375350140054
b768e96,3,427,9,2157,0.47306791569086654
d4c76ab,2,167,1,1032,0.6047904191616766
e1db186,3,586,9,3314,0.5563139931740614
854619a,5,555,4,3331,0.43963963963963965
2c2a9be,2,171,3,1012,0.5730994152046783
25b184e,2,187,4,1054,0.6684491978609626
d9d0ecc,3,310,5,1746,0.46774193548387094
4049cd4,4,595,4,3050,0.4336134453781513
9fa048b,2,179,3,1043,0.5977653631284916
314040c,3,476,6,2692,0.45168067226890757
195da78,3,352,5,1867,0.4460227272727273
52cd2c8,1,262,3,1428,0.6106870229007634
6b29e4e,2,213,4,1164,0.6244131455399061
c70b97c,3,287,7,1673,0.5121951219512195
f48e2a1,3,318,3,1631,0.5377358490566038
969034d,3,327,14,1833,0.5626911314984709
e9fd6d0,4,492,5,2548,0.4268292682926829
ffddf1f,4,579,6,3354,0.45595854922279794
ee4f643,2,414,4,2185,0.5531400966183575
8d7747d,4,543,9,3142,0.43830570902394106
dee5040,3,219,2,1166,0.634703196347032
f690002,3,595,6,3175,0.3663865546218487
cda1813,3,236,3,1217,0.4533898305084746
7a163c8,3,451,6,2551,0.49002217294900224
0c9e34e,3,434,5,2369,0.43548387096774194
b82f899,4,518,8,3129,0.4266409266409266
65c3dcd,1,204,3,1144,0.5931372549019608
86f19d9,3,256,6,1379,0.53515625
015ac93,3,283,1,1586,0.558303886925795
bddf5ed,2,232,5,1360,0.5948275862068966
3ef5d91,3,315,7,1876,0.5619047619047619
030b9ea,2,312,3,1699,0.49038461538461536
6df9eae,2,170,4,980,0.6
41c10b3,3,331,5,1833,0.47129909365558914
b970805,2,249,6,1355,0.5903614457831325
903ab17,2,261,6,1438,0.5172413793103449
8289969,3,412,5,2109,0.3907766990291262
68eb7fd,2,298,5,1711,0.5201342281879194
165bbd7,3,411,5,2170,0.5036496350364964
da8033f,2,233,1,1281,0.6137339055793991
87a9424,3,283,5,1701,0.5653710247349824
1bdcde3,3,519,6,3029,0.558766859344894
af2214c,3,442,7,2316,0.5248868778280543
8306a62,1,175,5,922,0.5942857142857143
3feb2e6,2,236,3,1290,0.5720338983050848
0bb0bc1,4,584,5,3497,0.5102739726027398
8d7c140,3,302,6,1753,0.5298013245033113
bc3cab8,4,460,5,2524,0.4043478260869565
de9464a,3,265,6,1422,0.539622641509434
39a8344,3,424,5,2214,0.4481132075471698
23ac622,4,442,6,2363,0.502262443438914
4c41929,3,304,6,1756,0.5394736842105263
1ff3b4f,2,169,3,1830,0.5621301775147929
87f2c68,4,402,5,2224,0.44527363184079605
c6b5ee2,4,331,6,2024,0.4169184290030212
f4023d7,5,469,7,2743,0.4904051172707889
c6114f7,5,593,5,3404,0.47386172006745364
69e9bd2,3,288,5,1562,0.5416666666666666
5800430,3,197,4,1188,0.5939086294416244
8618ef2,4,561,6,3142,0.45811051693404636
d0dfc29,3,820,6,4303,0.41585365853658535
de78366,2,220,4,1211,0.5545454545454546
d24acda,3,358,1,2031,0.5949720670391061
663ab69,4,469,4,2662,0.4669509594882729
8197f4a,1,159,1,836,0.5660377358490566
06e25aa,2,424,6,2331,0.5542452830188679
de241d6,2,178,3,936,0.6123595505617978
ea860f6,3,305,5,1678,0.5180327868852459
61fc0e5,5,535,9,3116,0.5794392523364486
eceead9,4,393,3,2376,0.44783715012722647
7a699e0,2,291,6,1499,0.5498281786941581
2e619b0,2,522,5,2790,0.4061302681992337
8ecb00d,4,539,5,2994,0.42857142857142855
691a37f,3,337,3,1884,0.47477744807121663
ade13bf,4,401,5,2282,0.5486284289276808
df8563d,2,237,1,1342,0.5443037974683544
5cf885b,4,398,4,2328,0.4648241206030151
0bb5c8c,3,298,3,1537,0.5100671140939598
a63b06d,2,270,3,1384,0.37037037037037035
61d1b5f,2,325,6,1668,0.49230769230769234
b67f605,2,380,5,2053,0.46842105263157896
fbb93e4,2,342,4,1872,0.4619883040935672
e7a28b3,2,243,1,1277,0.5020576131687243
535295e,3,157,3,931,0.6114649681528662
b09149d,3,375,3,2028,0.4106666666666667
6c1d134,2,266,5,1504,0.5451127819548872
a82cc2a,2,179,3,1010,0.6815642458100558
2917d93,5,690,6,3921,0.4463768115942029
f0f058a,4,424,5,2394,0.5070754716981132
3380b17,1,226,4,1177,0.5
945612a,5,472,5,2719,0.5042372881355932
905684d,3,345,5,2070,0.5101449275362319
870b4ba,2,172,4,995,0.6918604651162791
1872f71,4,367,5,2053,0.5258855585831063
42ea1c5,2,228,3,1305,0.6008771929824561
f1885bc,2,175,4,1029,0.6342857142857142
f5ba92e,4,544,6,3045,0.4411764705882353
bf09b3d,1,162,3,906,0.6419753086419753
9016294,3,201,3,1185,0.6368159203980099
280a8d8,3,465,5,2586,0.5827956989247312
2efbb29,4,506,5,2897,0.5158102766798419
744e5b8,2,233,3,1280,0.5236051502145923
40d1fe4,3,353,4,1858,0.47875354107648727
1747469,2,229,4,1274,0.5240174672489083
6d869af,4,323,5,1855,0.5603715170278638
f1c44eb,2,183,3,1024,0.5136612021857924
ec7f48b,2,212,1,1135,0.6320754716981132
cbbcc9f,4,412,5,2652,0.5145631067961165
c4d54a6,4,561,5,3314,0.5686274509803921
34296bb,2,159,3,952,0.660377358490566
40ff095,3,332,5,1823,0.4578313253012048
583ae2d,3,331,4,1781,0.5377643504531722
04575a9,4,465,6,2746,0.4021505376344086
e51434c,2,285,3,1669,0.5859649122807018
29fa226,3,339,6,1753,0.4365781710914454
12ec7bb,3,404,6,2323,0.4777227722772277
f03ad07,3,457,6,2562,0.43544857768052514
7f5f56d,1,288,2,1592,0.5590277777777778
d786da7,2,186,1,1075,0.5752688172043011
1ef816d,5,534,5,3052,0.4232209737827715
acffe17,3,312,5,1685,0.6153846153846154
dbd027f,2,345,5,1787,0.5478260869565217
0e3c6eb,3,272,3,1417,0.5992647058823529
bc15825,2,213,3,1082,0.45539906103286387
fdd0ddc,4,579,5,3120,0.4214162348877375
b2fea62,2,222,10,1282,0.6306306306306306
6706804,4,370,5,2128,0.5054054054054054
9f13fa5,2,282,3,1440,0.5602836879432624
541fe37,3,301,5,1716,0.5714285714285714
88bcf3f,2,370,7,2017,0.4810810810810811
b27ae7c,4,347,5,1906,0.5129682997118156
c6bcaaa,2,203,6,1134,0.5812807881773399
d20dfa2,2,210,4,1120,0.47619047619047616
966de07,4,332,4,1884,0.5542168674698795
854c999,1,229,5,1410,0.6986899563318777
6125d49,4,301,4,1716,0.6411960132890365
1eff034,2,163,3,1407,0.6380368098159509
b5d0ba1,2,340,5,1824,0.538235294117647
1097d92,2,266,4,1334,0.40601503759398494
9abea88,2,163,2,912,0.6257668711656442
9245d63,2,345,3,1879,0.4753623188405797
2fc7982,1,173,1,926,0.5549132947976878
9a150e3,3,278,6,1414,0.44964028776978415
a7a891d,3,226,7,1378,0.584070796460177
5f51576,1,201,1,1193,0.6915422885572139
592eec0,2,171,7,867,0.47953216374269003
b8330aa,3,372,5,1960,0.49731182795698925
8c89d5d,2,235,3,1152,0.46382978723404256
5a72fcc,3,370,3,2147,0.5594594594594594
5071ba9,4,494,5,2539,0.38866396761133604
3085037,4,442,5,2359,0.46153846153846156
e8976d7,1,167,1,872,0.5868263473053892
f9ec677,4,318,6,1876,0.44025157232704404
ab8f0aa,2,288,3,1677,0.5486111111111112
164ffb9,3,170,3,924,0.6
9d4a923,5,600,4,3346,0.5083333333333333
ab7926e,4,453,6,2259,0.3730684326710817
6d738b8,2,316,4,1642,0.5569620253164557
7c4d4fa,5,613,5,3487,0.45024469820554647
3e0eb38,2,251,4,1448,0.6055776892430279
ab500d0,3,468,5,2673,0.4636752136752137
55d6e17,2,242,3,1270,0.5371900826446281
4530e97,3,426,8,2576,0.5845070422535211
6c22e4f,3,334,4,1930,0.48502994011976047
5a7d2db,2,191,3,1081,0.6596858638743456
c0b989a,2,184,4,967,0.6358695652173914
a0d3aa1,4,542,6,3039,0.477859778597786
2bca0d3,3,332,4,1944,0.5451807228915663
e2d9a03,4,504,10,2796,0.42658730158730157
754265b,1,231,1,1293,0.5670995670995671
b5b6164,1,207,1,1195,0.6618357487922706
a5456c7,2,367,7,1868,0.45776566757493187
c954cd3,3,376,4,2177,0.523936170212766
7e89431,3,313,5,1722,0.49201277955271566
cf67ce2,2,155,3,846,0.6387096774193548
e067824,3,254,3,1303,0.5118110236220472
b75a43a,3,486,5,2764,0.6234567901234568
5b54ba3,4,433,7,2453,0.5473441108545035
a7ec7ab,2,319,3,1633,0.48589341692789967
c30d020,4,856,7,4828,0.4369158878504673
15a509c,4,347,4,1993,0.5187319884726225
0066c7c,2,226,4,1223,0.5309734513274337
3157b9b,3,350,3,2208,0.5142857142857142
3c4f799,3,332,6,1914,0.5331325301204819
abbcf44,4,461,6,2493,0.4316702819956616
22c55c4,1,309,4,1638,0.4919093851132686
eb336b4,2,153,1,799,0.6274509803921569
4e0ef8e,4,553,5,3118,0.3833634719710669
5018d4f,3,295,6,1772,0.5525423728813559
5a867c7,3,240,3,1349,0.5541666666666667
46ab8e9,4,387,6,2236,0.3953488372093023
1326f2f,4,373,4,2169,0.5603217158176944
4d00492,6,1302,8,8076,0.3932411674347158
c625628,4,582,6,3315,0.436426116838488
9588686,2,169,4,961,0.6035502958579881
e85e962,3,238,3,1401,0.6764705882352942
198070f,4,488,5,2897,0.5163934426229508
b574b32,2,229,7,1211,0.611353711790393
c24566f,3,293,4,1545,0.5460750853242321
5fc3237,3,300,9,1729,0.5266666666666666
f850485,3,304,5,1651,0.5493421052631579
ebce1a1,3,338,5,1808,0.47928994082840237
077377d,3,283,4,1650,0.5123674911660777
38740e0,3,355,4,2017,0.5661971830985916
9583fe3,3,273,17,1583,0.46886446886446886
f9b5eb6,2,489,5,2699,0.4539877300613497
fa3ca97,4,534,7,3073,0.398876404494382
7a17b43,2,332,5,1961,0.5873493975903614
a977730,3,264,5,1581,0.5265151515151515
d10e15c,5,633,6,3632,0.40916271721958924
338612b,3,390,7,1901,0.4358974358974359
6aec058,1,216,1,1115,0.5
e796771,2,155,1,771,0.6
62b65c4,3,424,3,2253,0.4858490566037736
a9fc13b,4,358,6,1958,0.4581005586592179
f6d106f,3,249,3,1342,0.4939759036144578
b57b6c9,2,208,1,1247,0.5144230769230769
efd30c6,4,598,5,3330,0.44816053511705684
9ad9ce8,2,241,3,1259,0.5726141078838174
a8d35fd,4,431,5,2387,0.48491879350348027
e52a741,3,357,4,1950,0.4061624649859944
b4683aa,2,224,5,1216,0.5758928571428571
3db22d6,3,496,4,2945,0.42943548387096775
713dfda,5,722,5,4239,0.46398891966759004
2c1e68d,2,295,4,1673,0.5322033898305085
4880189,3,319,3,1846,0.5391849529780565
4866853,3,301,6,1666,0.5182724252491694
25f55c7,4,515,5,3006,0.4621359223300971
5a99050,1,207,6,1157,0.5652173913043478
9526e66,1,219,5,1305,0.6529680365296804
a1de23c,1,240,3,1318,0.6041666666666666
409ca29,3,349,5,2076,0.46418338108882523
8615067,3,418,5,2314,0.49521531100478466
3acd644,5,506,6,2648,0.39723320158102765
d3b13b0,2,185,5,1022,0.5513513513513514
5359db5,3,316,4,1776,0.5
29399d5,4,351,5,1872,0.5669515669515669
ee674d3,4,419,5,2473,0.5465393794749404
6953953,2,252,3,1383,0.6547619047619048
161a6b4,4,451,6,2667,0.49002217294900224
ab616aa,3,301,4,1546,0.4717607973421927
cd4cff6,2,275,4,1607,0.6363636363636364
96a93ed,2,172,3,920,0.6046511627906976
74f76a7,5,543,6,3050,0.44014732965009207
101ff6a,4,386,4,2198,0.47668393782383417
71272ff,2,308,7,1528,0.44805194805194803
f3d9d49,3,311,5,1667,0.5112540192926045
de69117,1,336,5,1951,0.6071428571428571
8141a69,2,277,5,1657,0.5270758122743683
d5a54e6,4,547,8,2922,0.4990859232175503
919c02d,2,359,6,1940,0.5181058495821727
ac6a5bf,3,394,5,2094,0.3553299492385787
a840d69,3,324,5,1792,0.46296296296296297
274d9d2,2,306,4,1583,0.5065359477124183
985e46a,4,412,5,2274,0.47572815533980584
7628f84,2,221,4,1168,0.6289592760180995
63e3792,3,371,6,2193,0.6037735849056604
eea7072,5,537,5,3123,0.48789571694599626
c63b3bc,4,788,32,4768,0.46573604060913704
fc1fe3c,3,361,5,1848,0.46537396121883656
62369a8,3,281,5,1495,0.48398576512455516
067d842,2,251,4,1470,0.549800796812749
5e2a283,3,297,2,1701,0.5757575757575758
09df111,2,259,16,1506,0.5444015444015444
51dc8d8,3,308,5,1598,0.5227272727272727
0262618,2,282,5,1423,0.5035460992907801
1a9cda1,3,239,3,1316,0.6317991631799164
ad5a5d8,3,482,8,2656,0.529045643153527
096b178,4,402,5,2250,0.554726368159204
e8af119,4,438,6,2430,0.4977168949771689
49db5d5,2,498,22,3032,0.572289156626506
837b949,3,433,6,2517,0.46420323325635104
cb7833a,3,428,4,2338,0.4696261682242991
65ea1b1,1,280,6,1559,0.525
c85eac3,3,251,4,1367,0.549800796812749
4efc996,3,556,9,3095,0.41007194244604317
8ba4781,4,433,5,2470,0.3903002309468822
35852a8,3,348,4,1970,0.5114942528735632
2809bd6,4,617,25,3890,0.4619124797406807
b92304e,3,363,4,2012,0.4986225895316804
d51b27c,4,339,4,1760,0.5250737463126843
8a48d1b,3,282,6,1484,0.48936170212765956
02d1c60,2,257,7,1425,0.5369649805447471
6d7f8fa,4,332,8,1952,0.5542168674698795
59ed27b,3,377,6,2118,0.5172413793103449
cc0bb04,5,734,4,4423,0.37057220708446864
c540400,3,355,8,2040,0.5154929577464789
cae9df8,4,455,5,2323,0.46813186813186813
1baa473,3,362,11,2159,0.5580110497237569
1853495,4,529,4,2782,0.4952741020793951
caf6bec,5,802,6,4777,0.5062344139650873
bd55fc0,2,239,3,1364,0.5564853556485355
8950f29,1,429,26,2335,0.5734265734265734
581e044,3,398,4,2338,0.48743718592964824
d69aff4,4,393,4,2249,0.5063613231552163
46a61ed,4,331,4,1966,0.540785498489426
27ec6d0,3,249,4,1302,0.5742971887550201
88a0020,1,198,1,946,0.5303030303030303
b44e1e5,1,193,2,972,0.6580310880829016
1623c9f,4,590,23,3325,0.36271186440677966
c37ca8b,4,487,6,2778,0.49691991786447637
2a1adef,2,229,1,1445,0.6506550218340611
dd90072,3,266,6,1515,0.5601503759398496
ceed91e,2,187,7,1019,0.6363636363636364
68b898b,4,423,5,2455,0.4940898345153664
a14214f,1,170,7,873,0.5117647058823529
cbcf284,2,538,11,2743,0.42193308550185876
04a4c98,3,236,5,1207,0.559322033898305
1b7279b,3,448,5,2354,0.5044642857142857
c18d19c,4,453,5,2551,0.38631346578366443
d5530ac,2,232,3,1230,0.5086206896551724
87e9e35,2,286,7,1726,0.6328671328671329
b50562f,2,276,5,1448,0.5869565217391305
949e0f0,5,661,5,3689,0.46444780635400906
7b00fb7,1,387,13,2287,0.524547803617571
b74cb35,4,494,6,2822,0.5323886639676113
e9be80d,3,310,5,1718,0.5258064516129032
ba5ac94,1,179,3,858,0.5083798882681564
9b76b36,2,154,1,813,0.5584415584415584
27f5975,3,369,6,2094,0.44173441734417346
a28a827,4,338,3,2096,0.6094674556213018
6f29499,3,298,6,1560,0.46308724832214765
8893ad1,2,275,5,1649,0.56
934d876,1,160,1,903,0.7
ef5fa8f,4,456,6,2501,0.46710526315789475
75cc5b9,2,254,3,1355,0.5826771653543307
078f997,3,304,5,1723,0.5230263157894737
13e2ae4,3,661,7,4052,0.34795763993948564
1d24933,4,444,6,2535,0.48423423423423423
ccefbd7,2,259,3,1357,0.5366795366795367
50cf267,3,221,3,1206,0.5746606334841629
ced362b,3,465,4,2427,0.3956989247311828
3641b74,3,374,3,1963,0.48663101604278075
bef8651,4,478,10,2702,0.5460251046025104
9941ca3,4,514,24,3253,0.5233463035019456
52fe408,1,270,1,1462,0.5259259259259259
f27cd14,4,476,5,2693,0.4852941176470588
881860a,4,749,5,4218,0.40720961281708945
d763419,3,467,5,2416,0.4539614561027837
6a13512,3,427,5,2334,0.5597189695550351
1319f06,4,519,5,2733,0.4720616570327553
71e37ee,3,386,6,2171,0.5621761658031088
d682dd8,4,562,4,3125,0.5320284697508897
c94198e,4,373,4,2136,0.5201072386058981
361d73f,4,482,6,2492,0.47925311203319504
408b7f2,4,284,3,1556,0.5105633802816901
14c87c2,2,313,4,1636,0.5239616613418531
416fcdf,3,435,4,2489,0.6206896551724138
b1d8c2e,3,463,14,2382,0.4427645788336933
10cd7ba,4,323,4,1774,0.47058823529411764
c7d948c,1,189,1,1004,0.5978835978835979
d90758e,1,210,1,2010,0.6190476190476191
e840ce7,3,411,5,2510,0.5401459854014599
e02e34e,3,231,5,1372,0.5541125541125541
f8db3e1,3,263,5,1366,0.5475285171102662
db8d3d5,4,440,5,2335,0.4340909090909091
359321d,2,166,4,880,0.6325301204819277
758b89c,3,325,3,1932,0.56
6b6e638,4,483,3,2476,0.45134575569358176
88c5fdb,3,260,3,1580,0.47692307692307695
1f04460,3,187,5,1023,0.6042780748663101
00ef89f,1,223,3,1211,0.57847533632287
37102dc,3,304,7,1693,0.5394736842105263
9c16b65,2,164,8,930,0.524390243902439
db90b66,3,215,1,1256,0.6790697674418604
927c364,3,303,5,1599,0.5214521452145214
730846b,3,568,5,3174,0.426056338028169
a3651c1,2,407,7,1948,0.4250614250614251
ed339e2,3,453,7,2434,0.423841059602649
7549990,2,194,4,1070,0.5515463917525774
ecdf554,4,611,5,3139,0.42225859247135844
6b3ba23,2,221,3,1169,0.6018099547511312
81a634b,4,466,6,2659,0.5515021459227468
ffc11a8,3,322,6,1629,0.4937888198757764
fb27a3a,3,269,4,1423,0.36059479553903345
03237a6,3,463,4,2548,0.5421166306695464
b6e35e4,3,414,5,2316,0.4251207729468599
7ac5274,1,261,5,1496,0.6436781609195402
0670d67,5,653,6,3595,0.445635528330781
7b3945a,3,346,6,1918,0.5115606936416185
ba4f6db,4,429,4,2472,0.3939393939393939
f4cd58b,3,320,5,1751,0.46875
5285dca,3,597,3,2945,0.4204355108877722
6244328,5,527,5,3160,0.4629981024667932
cfce9c8,3,491,5,2853,0.47657841140529533
f9c92af,4,379,5,2265,0.38786279683377306
076f000,2,222,3,1105,0.5135135135135135
74b1690,3,413,5,2151,0.4358353510895884
b35f2a2,4,279,4,1695,0.5770609318996416
fda6f30,5,552,5,3273,0.4692028985507246
2b4375b,4,456,6,2585,0.5701754385964912
6ed1d58,5,679,5,3471,0.34609720176730485
36d421c,3,336,7,1809,0.4732142857142857
6f1773b,4,426,5,2402,0.4131455399061033
5c5ba80,1,163,1,825,0.5337423312883436
4e91ceb,5,529,5,3116,0.5671077504725898
b13ce0e,4,389,5,2264,0.5372750642673522
f9fde81,4,1147,26,7070,0.4908456843940715
08a4217,3,413,5,2081,0.5060532687651331
3a0f754,4,534,6,2905,0.43820224719101125
4334c97,5,603,6,2988,0.3598673300165838
0aba46b,3,181,3,932,0.569060773480663
5ea741b,3,306,5,1699,0.4477124183006536
5bbf0ed,4,428,6,2413,0.42990654205607476
b4a2dd2,2,302,5,1841,0.5198675496688742
44a5724,2,257,3,1511,0.5330739299610895
9040279,1,159,1,927,0.6981132075471698
c9d4074,4,464,29,2728,0.48060344827586204
e877365,3,173,4,1041,0.45664739884393063
5147145,3,452,5,2369,0.4424778761061947
78c3ec3,2,171,2,981,0.6374269005847953
b80fb5a,3,293,4,1614,0.47440273037542663
0e495a2,2,436,5,2630,0.5596330275229358
cc3a94c,3,431,4,2284,0.5452436194895591
64abb4c,3,280,5,1469,0.5178571428571429
5711c2b,3,474,5,2484,0.41139240506329117
58ec073,3,310,4,1565,0.43870967741935485
0d18ff3,5,589,5,3567,0.42614601018675724
fc7710f,3,383,6,2048,0.4516971279373368
651a702,2,235,4,1283,0.44680851063829785
11ffe5f,1,390,5,2059,0.4461538461538462
7f840dc,2,314,4,1548,0.4554140127388535
d9cb2a4,2,388,4,2119,0.45103092783505155
fd0ccb2,4,494,5,2660,0.49190283400809715
98be7e6,3,459,32,2462,0.477124183006536
ce714ad,2,329,5,1751,0.425531914893617
0dff325,4,360,5,2145,0.5722222222222222
dd8656a,3,271,3,1567,0.5350553505535055
b64c616,1,194,5,1072,0.6701030927835051
59e32c9,2,289,10,1755,0.4809688581314879
b80669b,5,549,5,3104,0.5409836065573771
a396a59,3,450,5,2324,0.3888888888888889
0296469,3,529,5,2930,0.41776937618147447
7739354,4,483,4,2780,0.5734989648033126
535d764,3,227,4,1299,0.6123348017621145
9f4432e,2,238,3,1336,0.5756302521008403
d7d13df,1,336,5,2099,0.49107142857142855
e7e0308,2,256,4,1273,0.5625
bbc0087,4,406,27,2581,0.5270935960591133
6c6eecf,4,333,4,2054,0.5285285285285285
6435496,1,335,4,1866,0.564179104477612
0ee0e5c,4,551,6,3151,0.4301270417422868
961baf8,4,468,5,2572,0.3803418803418803
24ae08e,3,353,9,1979,0.5609065155807366
ec6e134,5,773,7,4152,0.3040103492884864
107c77b,4,533,7,2821,0.4652908067542214
0bb7157,3,248,3,1394,0.5241935483870968
cfe9cbf,1,225,3,1223,0.6133333333333333
7c47fed,2,399,6,2377,0.42857142857142855
dbf00cf,2,262,4,1382,0.5572519083969466
bfac718,2,167,5,893,0.592814371257485
6b9a6c6,2,269,8,1565,0.5724907063197026
8641177,2,194,2,983,0.6134020618556701
678d7d6,2,406,8,2251,0.5467980295566502
70e622a,2,285,3,1478,0.5403508771929825
bb0f3b1,4,344,6,1941,0.5523255813953488
6073945,3,398,5,2275,0.45979899497487436
72c14dc,2,341,7,1827,0.49266862170087977
af8ac7c,4,553,5,3025,0.48282097649186256
5ac9060,4,380,5,2185,0.5605263157894737
5020b8d,5,489,4,2713,0.5030674846625767
cda310b,2,389,5,2379,0.519280205655527
d4913bb,4,664,5,3611,0.4864457831325301
82a598a,3,391,5,2351,0.4629156010230179
b16a4ce,2,410,5,2311,0.6170731707317073
0616815,2,172,3,857,0.5755813953488372
eda1180,1,220,4,1186,0.6409090909090909
f4c3bdb,3,370,4,1962,0.41621621621621624
9f91572,5,508,5,3116,0.46062992125984253
9fe8c87,3,390,6,2037,0.4461538461538462
cb44d67,5,638,7,3450,0.46551724137931033
a194df9,3,324,4,1811,0.49382716049382713
9450130,4,321,5,1892,0.5545171339563862
4fe1732,4,404,5,2368,0.3935643564356436
c25501c,4,570,11,3397,0.5596491228070175
627aaf9,3,426,5,2608,0.4671361502347418
2f4c5e7,2,177,1,930,0.559322033898305
0a07f07,3,268,3,1471,0.6343283582089553
fb89c7e,3,331,5,1792,0.4954682779456193
80c7166,3,489,4,2746,0.5664621676891616
860fd6e,3,673,30,4158,0.4279346210995542
9483182,3,386,5,2057,0.4637305699481865
0d28420,3,355,4,2000,0.5211267605633803
7cef27a,3,262,3,1464,0.5343511450381679
8a6ba9e,3,433,5,2221,0.42032332563510394
780f29a,2,456,3,2748,0.41228070175438597
228188e,2,192,5,1028,0.59375
3aba100,2,184,2,1054,0.6902173913043478
b0da884,5,550,5,3548,0.48545454545454547
cf6c1cf,1,222,3,1198,0.6081081081081081
9701060,3,409,5,2295,0.4156479217603912
4a71171,1,170,2,977,0.6352941176470588
d712c51,3,361,4,1932,0.48753462603878117
ff25a21,3,362,7,2027,0.6022099447513812
d820a1b,2,264,3,1993,0.3522727272727273
977e010,1,459,3,2698,0.5751633986928104
056f9ed,3,354,4,2014,0.5480225988700564
24e71c9,4,512,6,3005,0.552734375
0279487,1,439,3,2102,0.4214123006833713
f17b67f,3,545,8,2839,0.5155963302752293
bc3a92e,4,311,5,1816,0.5530546623794212
feafaea,5,616,6,3259,0.4237012987012987
680d445,4,517,5,2995,0.5009671179883946
d09b772,2,239,3,1450,0.6276150627615062
a36cf12,2,281,5,1457,0.43416370106761565
e3f3a45,4,532,6,2811,0.4191729323308271
0689c67,5,518,5,3003,0.4942084942084942
50ed966,1,275,2,1433,0.5345454545454545
bbe4b84,3,344,3,1882,0.4941860465116279
8291f47,3,266,15,1641,0.6278195488721805
83c8872,3,250,4,1380,0.532
e93b8c1,1,205,2,1042,0.5365853658536586
0dd2328,3,497,5,2382,0.3843058350100604
58c1bd1,3,378,4,2007,0.42063492063492064
c4a89ac,4,459,6,2631,0.5010893246187363
e61eb19,4,516,7,2953,0.40310077519379844
a673a39,4,550,5,3275,0.44
78ac23e,3,399,3,2274,0.606516290726817
55130fa,3,367,6,1963,0.48501362397820164
860b60b,6,856,5,5042,0.3469626168224299
7c3270a,5,758,9,4392,0.420844327176781
5cc9f66,3,249,5,1365,0.4979919678714859
c647936,4,387,5,2099,0.4728682170542636
7cf67d3,6,652,6,3762,0.4217791411042945
b4322b4,3,344,3,1922,0.47674418604651164
6692341,1,188,3,1057,0.6170212765957447
f3cbad7,4,468,5,2425,0.41452991452991456
22bde71,2,192,3,1003,0.5208333333333334
bcec1b9,4,407,5,2358,0.47911547911547914
39115ab,2,236,3,1708,0.5889830508474576
ca5a97d,3,400,5,2078,0.49
fb7e5d8,2,462,4,2515,0.5584415584415584
e66f424,2,200,3,1161,0.605
bb7429d,3,339,5,1856,0.49852507374631266
d4e0802,2,398,18,1874,0.46984924623115576
b7ed507,3,346,7,1846,0.5144508670520231
dbe3115,1,714,1,3325,0.30392156862745096
36c3a79,3,297,6,1693,0.3569023569023569
3b493e0,5,848,13,4967,0.5011792452830188
e5ec49d,3,212,5,1107,0.5377358490566038
390f734,4,399,5,2380,0.606516290726817
2a38aa5,2,236,5,1202,0.4661016949152542
9db4251,3,322,4,1696,0.5403726708074534
8e87556,3,522,7,2800,0.43103448275862066
1b56257,1,327,6,1729,0.5443425076452599
608dab7,3,416,5,2231,0.47596153846153844
25a717b,2,221,4,1286,0.6108597285067874
44d8489,3,371,6,2137,0.4474393530997305
6e0d125,3,301,5,1695,0.4883720930232558
3739677,5,619,5,3652,0.44426494345718903
bd4bdbf,2,261,6,1471,0.6130268199233716
e1f841c,4,362,6,1931,0.505524861878453
6aac645,5,548,17,3292,0.5091240875912408
11a8058,1,276,9,1360,0.5579710144927537
b0ea0e8,4,479,5,2724,0.3966597077244259
072c8a3,3,559,4,2979,0.3881932021466905
d7d0216,3,304,1,1824,0.569078947368421
0338170,1,459,53,2459,0.4923747276688453
4e9354c,1,251,4,1248,0.5976095617529881
55d7f9a,3,293,4,1585,0.5358361774744027
dcc56a5,4,392,4,2267,0.46938775510204084
80148ab,1,164,1,849,0.6097560975609756
2b5d872,3,216,2,1087,0.49074074074074076
1f4aec1,4,363,4,2098,0.4903581267217631
e430494,4,395,5,2227,0.5620253164556962
b8299a4,1,382,8,1998,0.5026178010471204
a45ebe3,1,241,5,1465,0.6016597510373444
7243ba1,4,722,6,4216,0.48614958448753465
2d9dbe2,5,427,5,2492,0.45901639344262296
2ba276d,1,170,2,1008,0.6529411764705882
7f5780c,3,288,3,1549,0.5520833333333334
ec9ef19,2,215,4,1212,0.7302325581395349
08fb0fb,2,443,6,2217,0.5214446952595937
22299e4,2,181,5,983,0.6629834254143646
2129e90,2,323,7,2084,0.6934984520123839
c9459a1,2,199,3,1031,0.5678391959798995
f6e43bc,3,259,4,1429,0.61003861003861
7e9871d,4,498,5,2893,0.5140562248995983
2db3e5d,2,249,2,1414,0.5863453815261044
f48c53a,3,562,18,3160,0.4181494661921708
e1c6d96,3,298,6,1551,0.4966442953020134
ac845ca,4,584,5,3396,0.4914383561643836
d38aa66,2,214,5,1179,0.5841121495327103
dc927cf,3,527,4,2663,0.396584440227704
790697f,2,214,3,1229,0.5934579439252337
57c88d2,3,440,5,2264,0.4909090909090909
6a52cf6,3,381,4,1949,0.4041994750656168
3af343a,4,421,5,2483,0.5748218527315915
9be4687,3,222,3,1242,0.5945945945945946
6508359,2,210,2,1085,0.5380952380952381
a2cb039,2,190,1,993,0.631578947368421
f3fd32c,3,394,6,2081,0.3629441624365482
1a86ceb,4,259,5,1458,0.5675675675675675
2a847b0,3,307,4,1619,0.511400651465798
17930b3,2,283,5,1595,0.5300353356890459
534e7dc,3,379,5,2099,0.5092348284960422
af927c0,2,161,1,797,0.5590062111801242
0dd48cd,2,281,6,1545,0.594306049822064
fa492e4,2,370,2,2083,0.5432432432432432
9b51fc0,2,224,1,1302,0.6383928571428571
3b9e818,3,314,4,1626,0.5095541401273885
962163b,3,378,5,2130,0.4947089947089947
af0e18e,2,343,5,1694,0.45481049562682213
11aee92,2,259,4,1525,0.5521235521235521
c737af8,3,402,4,2178,0.5771144278606966
3bbd49a,3,216,4,1318,0.6064814814814815
fc72567,1,373,6,2056,0.5120643431635389
3e837e8,4,523,5,3252,0.4435946462715105
cd9cf36,2,191,5,990,0.5445026178010471
9e31ec8,3,313,3,1773,0.5239616613418531
0e51031,3,322,4,2020,0.5962732919254659
3ca0f42,3,256,6,1534,0.51953125
2de78c5,3,311,4,1729,0.4758842443729904
ebd19e1,3,396,4,2271,0.4494949494949495
eeffdbf,3,435,4,2456,0.6160919540229886
1a87f1c,3,231,3,1376,0.5844155844155844
7b8e1ca,3,378,3,1986,0.5476190476190477
e4b5afb,4,353,5,2019,0.5212464589235127
cc2d280,2,428,2,2557,0.5514018691588785
8a513f7,3,400,21,2399,0.4725
ecc8665,3,357,5,2108,0.45098039215686275
13caa1f,3,402,7,2067,0.5124378109452736
a81b2e1,4,422,5,2420,0.5308056872037915
69cdfba,3,228,3,1247,0.5131578947368421
c711ade,2,256,4,1473,0.62890625
479c18d,4,451,5,2290,0.4279379157427938
6555b9f,2,232,13,1313,0.5387931034482759
93ecd40,1,372,5,2222,0.6155913978494624
51e9c41,3,411,6,2197,0.4793187347931874
18621a8,3,396,4,2047,0.4595959595959596
e0fd054,5,615,6,3395,0.510569105691057
1d5cd11,2,263,7,1336,0.49429657794676807
56c1dfe,4,428,25,2705,0.5397196261682243
e4373b5,2,206,3,1165,0.5922330097087378
e06815a,2,244,3,1220,0.3770491803278688
7802637,2,193,3,1018,0.6321243523316062
479771b,3,194,1,1036,0.5721649484536082
af34318,4,482,3,2837,0.46887966804979253
c6db974,4,467,5,2647,0.5246252676659529
7fec8f4,4,532,5,3317,0.4924812030075188
9acd11d,4,343,4,2260,0.6064139941690962
089a7f7,3,250,3,1365,0.636
5c1f480,4,609,28,3529,0.4745484400656814
3734dc3,5,629,5,4006,0.5262321144674086
acda8eb,4,371,5,2079,0.5525606469002695
4938e41,2,262,4,1350,0.5190839694656488
9b852ba,2,199,3,1024,0.5226130653266332
6cb0aab,5,434,6,2471,0.5829493087557603
96e0a80,2,226,2,1138,0.5530973451327433
f8502ab,3,452,5,2286,0.497787610619469
5abf3c2,4,502,7,2690,0.48804780876494025
99e00e2,2,165,1,889,0.6303030303030303
95b26a0,3,321,4,1937,0.5420560747663551
a63a502,3,257,5,1290,0.42023346303501946
8fa86e4,4,396,6,2294,0.5505050505050505
b436485,2,267,3,1448,0.6104868913857678
73aa6a7,2,439,7,2425,0.4624145785876993
282e565,3,319,5,1932,0.5109717868338558
bfb3334,2,276,4,1489,0.4927536231884058
91323e2,2,356,3,1838,0.4101123595505618
b36d202,4,489,7,2624,0.5071574642126789
cce0c08,3,705,5,3868,0.36879432624113473
60d442a,2,154,4,850,0.564935064935065
e6ce72d,2,329,6,1701,0.4072948328267477
5f920c0,4,342,6,1989,0.5175438596491229
2444077,3,374,4,1959,0.5320855614973262
acb6361,3,362,5,1984,0.5662983425414365
80d9532,3,423,4,2315,0.5555555555555556
9eb908c,4,471,9,2756,0.46284501061571126
a201549,3,387,5,2165,0.4909560723514212
3fe0efe,4,414,5,2467,0.5917874396135265
c89cf64,3,307,18,1706,0.5537459283387622
80b1f21,3,351,7,1794,0.49572649572649574
2d75dd5,2,205,4,1151,0.5804878048780487
efd13e6,4,396,7,2292,0.5025252525252525
7855f61,4,652,19,3531,0.39570552147239263
ad3c2f1,3,339,4,1912,0.5250737463126843
30d2268,3,416,4,2230,0.44471153846153844
4408d03,3,364,5,2316,0.5439560439560439
3e34984,2,187,4,1047,0.5828877005347594
3581478,2,351,4,2002,0.603988603988604
f0cae6d,4,539,4,2937,0.46938775510204084
515891f,2,185,3,1092,0.6486486486486487
7146020,5,584,6,3411,0.375
74aab02,4,412,5,2205,0.5315533980582524
ee992fd,4,554,5,3010,0.44584837545126355
802db86,4,460,10,2563,0.5304347826086957
9fc4dab,4,368,4,2275,0.5190217391304348
4afe849,3,314,5,1662,0.4267515923566879
07c7556,4,412,6,2323,0.5703883495145631
3abb6ee,4,566,5,3521,0.44876325088339225
c35a9db,2,203,3,1091,0.5911330049261084
b98dd39,4,491,5,2667,0.4480651731160896
1b26302,5,650,7,3528,0.4461538461538462
ad78cf2,4,476,6,2986,0.5189075630252101
218c97f,2,217,2,1172,0.5852534562211982
f60d685,4,494,6,2873,0.48582995951417
6980a5a,4,622,6,3671,0.4903536977491961
1999c5d,4,822,5,4476,0.4197080291970803
1fe9c77,5,661,5,3886,0.3555219364599092
9a4d82b,1,211,5,1275,0.6729857819905213
b463b68,2,159,1,888,0.6037735849056604
83f3017,5,602,4,3580,0.5049833887043189
1bfefc4,4,486,6,2825,0.4567901234567901
2941225,2,300,3,1588,0.45
4cacca6,3,288,4,1639,0.5416666666666666
dcc69b7,4,410,5,2455,0.4902439024390244
aee6430,1,361,2,2016,0.5817174515235457
1ccb947,2,166,3,966,0.5542168674698795
bc034fb,3,264,5,1578,0.5946969696969697
2c9eca0,3,231,3,1366,0.5974025974025974
3a77919,2,247,3,1330,0.5748987854251012
471269c,5,610,6,3343,0.4819672131147541
61c8ddd,2,242,3,1287,0.49586776859504134
3ea008d,3,312,5,1704,0.5032051282051282
817914a,4,509,5,2612,0.4106090373280943
56690c7,4,515,6,3056,0.5145631067961165
2c81e5c,4,413,5,2302,0.5205811138014528
2590aa5,2,172,3,939,0.5290697674418605
4b920ac,3,355,5,1817,0.4028169014084507
7fec7af,2,205,3,1050,0.5463414634146342
7c2dd03,3,237,5,1175,0.46835443037974683
3605e2a,2,242,4,1234,0.48760330578512395
bd72301,4,415,5,2255,0.5445783132530121
ad81c8e,2,200,6,1122,0.61
15dc957,4,343,4,1948,0.5014577259475219
192d275,2,298,9,1648,0.4865771812080537
21deec8,3,297,3,1614,0.5723905723905723
06c7ba1,3,331,5,1875,0.4380664652567976
3118039,4,442,4,2405,0.49095022624434387
a9e2391,4,417,5,2289,0.5203836930455635
14a1792,5,521,5,3039,0.42418426103646834
17e47df,2,269,3,1437,0.49814126394052044
fee0693,2,252,2,1242,0.4801587301587302
db6a373,4,468,5,2570,0.5085470085470085
29743cd,4,577,5,3336,0.42980935875216636
007db64,2,201,21,1141,0.6268656716417911
f882376,1,231,4,1323,0.6666666666666666
ea57a9c,1,349,3,2126,0.5214899713467048
1be4323,2,286,5,1393,0.46503496503496505
f6cffab,3,765,9,4131,0.4745098039215686
3818643,3,394,5,2226,0.5736040609137056
7173c41,3,356,3,1884,0.5112359550561798
19e5a11,3,452,4,2664,0.47345132743362833
3bf4a7e,3,355,5,2136,0.5126760563380282
c117260,2,173,4,957,0.653179190751445
4eb8e93,2,279,5,1496,0.4838709677419355
04e00f8,2,177,1,918,0.5706214689265536
9b02a20,3,291,4,1563,0.584192439862543
3d0abd2,4,750,6,4137,0.4693333333333333
07e7133,4,505,7,2857,0.4316831683168317
302c03d,1,157,4,811,0.6114649681528662
02dabc0,2,254,4,1414,0.6653543307086615
189e376,3,359,5,1804,0.49303621169916434
788982e,4,527,6,2825,0.49335863377609107
bf264d4,2,176,5,970,0.6931818181818182
da89a81,4,554,6,2998,0.41335740072202165
a511e5c,2,192,4,1005,0.5260416666666666
aedb3b2,5,431,5,2583,0.5104408352668214
e564726,4,480,4,2654,0.5
fdfda85,4,510,8,2892,0.4745098039215686
fbd405f,2,166,1,921,0.6445783132530121
a6eb57e,3,335,4,1896,0.5223880597014925
52dea19,5,810,6,4788,0.44320987654320987
a0ba91c,3,347,5,1957,0.5014409221902018
17a53e0,4,382,5,2142,0.5
af570fc,3,400,5,4157,0.5025
2027926,5,690,9,4063,0.427536231884058
2fd5e11,1,265,5,1271,0.4
6df56fa,3,183,3,957,0.5628415300546448
f8d4a7b,2,346,2,1874,0.5202312138728323
9241144,3,325,8,1800,0.5446153846153846
cbfd6dd,4,620,5,3450,0.5080645161290323
4e2154b,3,290,5,1549,0.4586206896551724
617c836,2,234,3,1233,0.5470085470085471
20dda58,2,425,11,2450,0.508235294117647
2b6d2b7,2,212,3,1145,0.5141509433962265
0087059,1,234,5,3227,0.6324786324786325
21100ac,2,248,1,1419,0.5362903225806451
032db9e,4,570,6,3373,0.4543859649122807
7a92d80,3,327,5,1908,0.46788990825688076
14b486e,3,410,3,2374,0.5048780487804878
e02219b,3,294,9,1562,0.5272108843537415
2d95b14,4,512,4,2822,0.423828125
1ff02e8,2,317,3,1671,0.501577287066246
a8eb961,3,385,4,2099,0.4597402597402597
edab83a,5,536,5,3216,0.5018656716417911
2e4bd8f,4,510,6,2749,0.4235294117647059
ec5396d,2,175,3,901,0.5028571428571429
21679eb,3,540,8,3005,0.40555555555555556
5041370,4,406,5,2223,0.3891625615763547
399c5b4,3,346,7,1977,0.49421965317919075
e7f5218,2,263,3,1434,0.532319391634981
baeebc5,3,362,5,1986,0.5082872928176796
c5c1b30,2,227,2,1209,0.5154185022026432
fc2d2e7,3,358,5,1861,0.3463687150837989
ec84765,2,201,3,1176,0.6019900497512438
6241fb7,2,246,2,1413,0.6056910569105691
8ff1420,3,390,6,2094,0.49743589743589745
60a7049,2,378,5,2225,0.5740740740740741
08dac82,3,253,3,1487,0.4980237154150198
685b699,4,526,7,2746,0.4011406844106464
f5fde5b,4,715,6,4081,0.4125874125874126
c38c5d4,2,273,3,1406,0.4652014652014652
eeb480d,2,284,4,1552,0.5035211267605634
d630b1f,3,215,3,1152,0.6093023255813953
5f5e59d,5,936,6,5072,0.40384615384615385
0aec0b5,3,303,3,1722,0.5907590759075908
bcd7018,2,259,4,1543,0.6795366795366795
07cde52,4,443,5,2351,0.4853273137697517
d79dfff,2,332,3,1834,0.49698795180722893
a22327b,3,271,6,1560,0.5092250922509225
4a2adc3,3,323,5,2009,0.47678018575851394
3868a3c,4,470,6,2774,0.4829787234042553
d2fb7aa,1,340,4,1981,0.6235294117647059
caba837,3,273,7,1549,0.46886446886446886
0d67d1f,3,221,3,1130,0.5248868778280543
8048856,2,213,3,1072,0.539906103286385
1d62313,2,246,5,1431,0.491869918699187
a82e4d8,1,327,6,1934,0.5932721712538226
929161a,2,225,4,1126,0.5244444444444445
d92b4de,3,324,4,1807,0.5925925925925926
b739003,2,232,6,1307,0.5991379310344828
05adbff,3,233,4,1373,0.5708154506437768
b2c3f69,3,273,1,1474,0.5347985347985348
b38b576,3,384,5,2189,0.515625
1aa4ccf,4,472,5,2572,0.4533898305084746
2eecc01,4,439,4,2363,0.5079726651480638
83ece0c,2,179,3,964,0.6759776536312849
215999a,2,265,3,1472,0.5358490566037736
b4e721a,2,180,2,933,0.55
ebb75d5,2,208,3,1181,0.5192307692307693
56d4f26,4,334,5,1722,0.46706586826347307
49942e7,1,169,1,922,0.591715976331361
35e422a,4,737,3,4060,0.40705563093622793
9fa7764,3,321,5,1899,0.5482866043613707
86828ea,3,239,3,1421,0.5230125523012552
5caa2b6,3,324,4,1894,0.5370370370370371
25a9af8,3,241,4,1360,0.6016597510373444
9901256,3,376,5,2140,0.5212765957446809
7cdc02d,5,507,5,3029,0.4161735700197239
414784d,3,586,5,3407,0.48464163822525597
4ee39a8,2,316,7,1619,0.5474683544303798
a5b3af7,4,378,4,2166,0.4417989417989418
e44552c,4,372,5,2134,0.43548387096774194
89ccf66,3,358,4,2194,0.5698324022346368
2f8022d,3,359,7,1993,0.48746518105849584
813c0d2,4,550,6,3032,0.42
0c88bb6,4,463,5,2694,0.43844492440604754
47ccf06,3,542,5,3144,0.5166051660516605
a58a003,2,295,4,1471,0.4406779661016949
102d4b2,5,545,5,3136,0.44954128440366975
e4eec93,1,330,3,1969,0.5515151515151515
d2b8d68,3,233,4,1275,0.592274678111588
7c66fba,2,475,4,2695,0.5557894736842105
0dba702,3,407,5,2227,0.44471744471744473
e9dc2b4,4,295,4,1738,0.5389830508474577
fd2de62,3,355,4,1989,0.5183098591549296
aaea0e6,2,166,3,810,0.572289156626506
a909770,4,458,6,2564,0.519650655021834
7bb751c,1,542,6,3028,0.5535055350553506
9fac427,4,427,5,2523,0.468384074941452
0913268,1,227,7,1223,0.4801762114537445
0e88742,2,251,4,1402,0.5258964143426295
a5301b8,2,217,3,1136,0.5023041474654378
9e1909b,5,559,5,3337,0.47584973166368516
127b51e,4,507,6,2671,0.32741617357001973
2e8fd2b,2,265,5,1461,0.6113207547169811
98330f5,1,464,8,2645,0.4978448275862069
323bd4f,3,363,4,2179,0.5013774104683195
5e6a643,2,204,1,1046,0.5588235294117647
d6ca3a3,4,400,5,2495,0.5175
62441fa,1,245,4,1334,0.6204081632653061
8cf9d9a,2,164,2,863,0.5426829268292683
81748a3,3,382,5,2073,0.5157068062827225
39b8a74,3,274,4,1647,0.4854014598540146
660de37,3,506,6,2886,0.5513833992094862
6f8a68e,2,205,1,1082,0.5951219512195122
bb05c80,3,276,4,1346,0.45652173913043476
e4b94b2,2,233,4,1168,0.47639484978540775
a3e01b5,4,417,5,2284,0.41007194244604317
1cf90a1,2,290,3,1765,0.6137931034482759
dada74b,5,795,5,4665,0.4238993710691824
8fe730c,3,238,4,1322,0.4957983193277311
e0ddf22,4,293,3,1601,0.47440273037542663
866c9af,4,520,5,3081,0.4115384615384615
7063170,2,189,5,1079,0.6507936507936508
c137306,1,176,4,1013,0.75
8bd955a,3,286,4,1578,0.506993006993007
ada370c,2,196,2,1145,0.6275510204081632
e12095f,3,350,6,2118,0.56
c5ffba9,4,551,3,3129,0.44646098003629764
158d50f,4,551,5,3029,0.4482758620689655
de106b0,4,668,7,3584,0.3907185628742515
1fc5bd7,3,315,4,1762,0.46984126984126984
790af05,5,642,5,3634,0.4236760124610592
bbdf689,4,348,4,2041,0.5258620689655172
3933960,3,551,5,3170,0.4573502722323049
2ece958,4,429,6,2398,0.46853146853146854
0571af0,4,467,4,2722,0.5610278372591007
0b4ecc7,2,243,3,1308,0.5596707818930041
a84d37f,3,332,6,1737,0.5481927710843374
f37b2e6,2,241,7,1366,0.6390041493775933
a7199db,3,345,1,2088,0.5101449275362319
f1bd22f,4,426,5,2411,0.431924882629108
cf1e807,4,576,5,3223,0.3541666666666667
29c2c2d,2,211,1,1156,0.4597156398104265
084e848,2,177,3,1021,0.5423728813559322
8a5813c,2,165,3,905,0.6
abcd1c4,2,225,4,1155,0.5466666666666666
d85ca40,2,553,10,2765,0.5045207956600362
0d64085,2,346,4,1832,0.40173410404624277
7b4925f,3,332,5,1927,0.5240963855421686
ac8c2d6,3,187,3,1110,0.6203208556149733
fc95fdd,2,197,8,1033,0.6040609137055838
2929f3b,4,386,6,2322,0.5362694300518135
95100d2,3,308,3,1648,0.5227272727272727
8e99fb4,3,341,8,2041,0.6129032258064516
702a56c,4,501,8,3045,0.4550898203592814
0f560cf,3,434,18,2547,0.5253456221198156
4a210f9,3,272,5,1517,0.5367647058823529
d9d166b,3,309,3,1797,0.5436893203883495
de8f65b,4,575,5,3228,0.4295652173913043
c4f88c8,3,345,6,1977,0.5681159420289855
e28f77c,3,346,3,1655,0.4393063583815029
78c4efe,5,733,5,3992,0.4092769440654843
d513e3a,2,293,15,1574,0.42662116040955633
d15a4ad,3,333,3,1939,0.4744744744744745
b95f77e,4,346,6,1826,0.5549132947976878
21b9c41,5,872,5,5132,0.5217889908256881
fd6d95a,3,373,5,2154,0.5871313672922251
75e6161,1,182,4,1062,0.6153846153846154
32e72b8,3,287,5,1548,0.6236933797909407
265c64f,4,367,6,2129,0.5722070844686649
b6dec37,2,270,4,1485,0.5851851851851851
d5ff1e5,3,306,15,1831,0.5
23f9c2e,2,304,3,1545,0.4342105263157895
50c43b3,3,388,5,2196,0.5309278350515464
f99cbc4,3,275,4,1609,0.5236363636363637
e83c954,3,536,4,2982,0.5354477611940298
e74919c,4,521,5,2992,0.491362763915547
2bb7f66,2,164,6,849,0.5365853658536586
91b555c,4,399,5,2194,0.43609022556390975
5948fc6,3,379,5,2050,0.5514511873350924
4536037,3,690,9,4020,0.42318840579710143
2784f18,2,301,2,1682,0.4850498338870432
b1b3814,3,268,1,1479,0.47761194029850745
1ec6478,3,358,5,2165,0.4972067039106145
f03682c,3,231,4,1354,0.5238095238095238
5fcfe02,2,311,4,1611,0.5080385852090032
6230b27,4,396,7,2301,0.5681818181818182
657782c,3,244,5,1370,0.42213114754098363
5e5dab1,4,442,6,2537,0.4683257918552036
919db95,4,359,5,1999,0.4986072423398329
54d26d4,2,210,3,1195,0.5904761904761905
b465af2,4,425,5,2477,0.4776470588235294
fd1db26,4,569,5,3208,0.3954305799648506
4bc1b8b,2,299,4,1674,0.6220735785953178
85f4d7b,3,426,5,2165,0.3967136150234742
89cbdf8,2,234,3,1259,0.5341880341880342
58212c0,2,341,11,2079,0.6129032258064516
cfcc66d,1,167,5,972,0.5449101796407185
eafc6cc,2,261,7,1583,0.5977011494252874
7c4e27f,4,642,8,3633,0.5155763239875389
69769d8,3,347,1,1888,0.5187319884726225
b2c6f69,2,227,7,1133,0.5418502202643172
6c409c4,3,319,4,1802,0.5203761755485894
85333dd,2,197,7,1122,0.6395939086294417
9e1a696,2,151,3,993,0.6490066225165563
a36a079,3,425,6,2405,0.5058823529411764
8ec9dfa,4,230,10,1328,0.5652173913043478
03ec474,3,262,3,1606,0.6145038167938931
44c8550,4,663,5,3809,0.497737556561086
a79a19f,5,649,5,3360,0.40061633281972264
bcf9b57,4,482,4,2836,0.5684647302904564
742bc2d,4,403,5,2224,0.48635235732009924
62f4634,2,188,3,973,0.5638297872340425
2747e79,2,334,3,1638,0.437125748502994
ae95a0c,4,554,5,2988,0.4259927797833935
380aeda,3,282,5,1573,0.3971631205673759
4fe9973,4,571,4,2985,0.4238178633975482
299d0f0,4,520,6,2884,0.48846153846153845
895b8a3,3,343,5,2049,0.5247813411078717
88403b0,2,354,1,1696,0.4293785310734463
0b2a399,3,354,4,1943,0.4604519774011299
9c50ac5,3,239,4,1298,0.5941422594142259
6285f83,2,359,8,2077,0.5236768802228412
c1337a6,2,207,3,1155,0.5120772946859904
ab12904,4,536,5,3120,0.47574626865671643
b47249c,3,275,5,1567,0.5781818181818181
601be40,4,317,4,1874,0.5899053627760252
3b20650,6,757,34,4411,0.5046235138705416
a10b883,3,352,5,1869,0.4971590909090909
f9bfb1e,3,428,4,2448,0.48130841121495327
5b06e68,4,444,5,2323,0.40540540540540543
656fd47,3,223,2,1217,0.5381165919282511
40daf82,1,198,3,975,0.42424242424242425
38a36e7,3,299,5,1538,0.5953177257525084
a361a02,4,688,5,3788,0.40261627906976744
e4446a2,4,338,3,1783,0.4526627218934911
6c4842f,3,302,4,1747,0.5198675496688742
29388ff,4,398,5,2350,0.4748743718592965
191f22e,3,774,5,4499,0.5090439276485789
3c81830,2,240,4,1298,0.5291666666666667
c3ec025,3,356,14,1954,0.4887640449438202
d7e01ba,4,377,5,1957,0.5596816976127321
2fd49c6,2,185,1,865,0.5135135135135135
eafb16c,4,358,5,2003,0.4553072625698324
106d4c6,2,188,2,1087,0.6117021276595744
2ee795c,3,331,4,1907,0.43202416918429004
167f589,3,371,3,2136,0.5363881401617251
bbc22db,4,384,6,2303,0.4661458333333333
1db605b,1,212,22,1097,0.49056603773584906
f5860f8,2,254,3,1355,0.5118110236220472
dfa0ecd,4,625,5,3862,0.5664
b11b1af,4,414,3,2402,0.463768115942029
d0747b6,2,406,5,2131,0.49261083743842365
0870d64,3,312,3,1682,0.6314102564102564
9de090c,4,304,5,1837,0.48026315789473684
14174ed,6,965,5,5685,0.41761658031088084
63caf95,3,263,3,1524,0.5133079847908745
01bb2f3,2,266,5,1566,0.5075187969924813
7683eee,2,284,3,1601,0.4823943661971831
c6baf8a,4,470,5,2693,0.3595744680851064
2f2ac3d,4,491,5,2651,0.49287169042769857
4fe07b6,3,504,9,2948,0.498015873015873
d2d423b,6,750,7,4583,0.39466666666666667
2c7d7f3,2,163,1,830,0.6134969325153374
41fa076,2,197,3,1066,0.5736040609137056
acaec30,4,506,5,2736,0.4644268774703557
089b9f0,3,421,20,2475,0.46318289786223277
bf967d9,1,194,8,1030,0.6082474226804123
21662c7,3,365,5,1928,0.4410958904109589
80f0b1c,3,574,21,3295,0.4738675958188153
3324df9,2,337,5,1814,0.5103857566765578
0dc6aae,2,165,6,976,0.6545454545454545
cbfb6ff,2,192,1,1095,0.6666666666666666
4546ec3,2,246,4,1350,0.5
6282dfe,3,233,5,1414,0.4291845493562232
1b58c10,4,387,4,2156,0.5478036175710594
2d8bc0e,3,357,3,1867,0.49299719887955185
24e61ae,2,163,1,933,0.6257668711656442
03705ca,4,682,5,3529,0.38269794721407624
45a316a,3,358,4,2166,0.547486033519553
795e183,2,354,1,1836,0.5282485875706214
7b48329,3,457,4,2794,0.5142231947483589
136fadf,4,495,6,2962,0.5191919191919192
ae0c1d5,2,312,5,1596,0.40705128205128205
a38da1b,3,479,3,2766,0.4906054279749478
74b7fb1,4,497,4,2713,0.34004024144869216
e2915cd,3,349,4,1994,0.498567335243553
1315576,3,291,3,1667,0.5910652920962199
b6a4f1d,2,274,5,1683,0.46715328467153283
7f6ca15,2,326,4,1801,0.5521472392638037
5874c46,4,723,13,4131,0.4094052558782849
495a06b,2,171,3,864,0.5614035087719298
a8b26b9,3,288,5,1676,0.4965277777777778
5ff1aa5,4,356,6,1948,0.5140449438202247
c3da063,3,253,4,1527,0.6047430830039525
1c56823,2,237,4,1396,0.5864978902953587
ddc4ddf,2,186,4,979,0.5376344086021505
4442f3c,3,312,6,1870,0.4326923076923077
734354a,6,752,5,4544,0.4321808510638298
7c28fb0,3,442,5,2296,0.502262443438914
09c0506,5,592,6,3529,0.4172297297297297
7663e9d,2,182,13,977,0.5604395604395604
daad9d6,3,297,9,1654,0.5387205387205387
e1b3de4,1,271,3,1390,0.47601476014760147
a6db438,2,198,6,1116,0.5353535353535354
0607ed1,3,410,6,2324,0.4926829268292683
bffde1f,2,267,3,1356,0.48314606741573035
13d0391,1,505,6,2547,0.5207920792079208
138da74,2,333,5,1907,0.5345345345345346
2e676b6,3,357,4,2104,0.47619047619047616
f61a159,1,179,2,1095,0.6871508379888268
7e01920,2,166,9,866,0.6385542168674698
e03ff2a,1,461,11,2847,0.6377440347071583
47da28b,3,487,4,2909,0.5133470225872689
178f445,5,555,7,3089,0.43423423423423424
fa3ec06,1,192,1,1167,0.7395833333333334
f0b0ed0,2,194,3,1165,0.7216494845360825
4ba65c3,3,277,5,1403,0.4223826714801444
07cd836,4,393,5,2282,0.5674300254452926
12ad17a,4,519,7,2742,0.464354527938343
9163d1f,3,284,5,1557,0.5669014084507042
75bb61f,3,365,6,2065,0.5095890410958904
db325fc,3,240,13,1379,0.5458333333333333
dd03fb4,3,306,5,1765,0.5686274509803921
dc1426e,3,261,4,1394,0.5134099616858238
e97a9f5,4,454,4,2711,0.5881057268722467
1e5bfd5,2,250,4,1245,0.536
2cfa990,5,713,8,4226,0.45021037868162694
9e1754d,2,260,4,1377,0.5961538461538461
a28c0ab,2,178,4,972,0.5898876404494382
77e5e0d,2,206,1,1152,0.6262135922330098
33071db,3,245,5,1396,0.5387755102040817
de61739,3,443,6,2253,0.40857787810383744
6584f28,1,172,5,941,0.6453488372093024
d5e9a58,2,174,1,919,0.5057471264367817
10aea63,4,530,7,2711,0.4188679245283019
c9299e8,3,258,1,1364,0.5891472868217055
f7ca7e4,3,252,5,1300,0.5317460317460317
f6ccd35,2,298,5,1706,0.697986577181208
4151723,4,471,6,2625,0.3333333333333333
5bb00d7,2,280,6,1561,0.5392857142857143
3c23544,3,723,5,4069,0.5048409405255878
61d399c,3,266,1,1453,0.5827067669172933
cd7ffd1,3,310,4,1627,0.5774193548387097
333d99e,2,306,5,1532,0.5392156862745098
cca4654,3,260,4,1545,0.47692307692307695
c0d358b,3,333,4,1908,0.5255255255255256
34f8227,3,355,4,1963,0.5267605633802817
77de1a5,2,302,2,1681,0.48013245033112584
f5a3527,3,298,4,1790,0.6510067114093959
91d444b,4,580,5,3167,0.33620689655172414
5579f11,2,472,4,2281,0.413135593220339
dc0c0e4,3,296,5,1629,0.5135135135135135
9040045,4,470,5,2381,0.44893617021276594
6b816ad,3,268,3,1516,0.6455223880597015
8db93a2,1,324,6,1877,0.5925925925925926
f96293b,3,450,5,2433,0.4711111111111111
a99524d,3,415,4,2419,0.4963855421686747
f035da5,4,581,4,3450,0.3855421686746988
eaea4c1,3,316,5,1790,0.49683544303797467
6b02148,3,321,4,1788,0.5451713395638629
ece25d4,3,321,7,1971,0.514018691588785
4b50f50,6,673,5,4213,0.4323922734026746
e4185ae,3,357,4,2139,0.5098039215686274
f710362,4,437,7,2387,0.5583524027459954
ed29ba5,3,267,3,1471,0.41947565543071164
6324de9,4,441,5,2403,0.5487528344671202
df8ac51,1,265,4,1563,0.6075471698113207
e8deb0e,2,286,3,1518,0.5034965034965035
8df4b84,4,540,5,3054,0.5537037037037037
4270df5,4,409,5,2342,0.38141809290953543
ed327ab,1,398,18,2362,0.6105527638190955
47f4d37,4,589,5,3434,0.44821731748726656
4d4f171,1,265,4,1434,0.660377358490566
3c29492,2,198,4,1097,0.5909090909090909
54f8ee6,4,494,5,2897,0.4797570850202429
7132e94,2,275,5,1563,0.5563636363636364
9a6aefa,2,183,2,1064,0.5628415300546448
49b0696,1,359,3,1970,0.6016713091922006
c433787,6,661,5,4045,0.4599092284417549
5517825,3,349,4,1868,0.4670487106017192
c83eee5,3,209,3,1166,0.5358851674641149
fb8de51,4,444,5,2482,0.5225225225225225
0edb7ff,3,428,4,2536,0.48598130841121495
a257c6b,3,296,5,1603,0.38513513513513514
290c870,4,518,4,3082,0.4247104247104247
ad07e4b,4,435,5,2335,0.45057471264367815
dde38cc,3,230,3,1276,0.5478260869565217
caf6416,3,270,5,1402,0.4888888888888889
f1a13ac,3,240,4,1332,0.5291666666666667
e04cf83,3,434,5,2242,0.5299539170506913
5b65fad,3,354,4,1907,0.519774011299435
43a5fd6,3,485,6,2665,0.35051546391752575
f391354,2,233,5,1210,0.5622317596566524
20db8b2,4,492,5,2612,0.3983739837398374
c331692,4,378,5,2293,0.5238095238095238
1083f35,2,264,3,1580,0.6022727272727273
489e52a,5,531,5,2907,0.4143126177024482
c0d1832,3,229,4,1324,0.5720524017467249
7b00389,4,641,4,3460,0.4118564742589704
b1515f1,4,441,5,2666,0.5147392290249433
1a26c65,2,185,3,1006,0.5783783783783784
b81815a,3,471,6,2477,0.4968152866242038
8784f93,2,197,3,1043,0.5634517766497462
1ba50c1,1,286,3,1752,0.6153846153846154
d136a52,4,715,7,3629,0.3076923076923077
ea9b94d,4,344,5,2011,0.5436046511627907
1ef2f49,3,339,5,1754,0.4631268436578171
1af7afc,3,305,5,1691,0.5573770491803278
8a56381,2,285,4,1585,0.5473684210526316
d6d654f,3,233,4,1339,0.6094420600858369
0e02ecd,1,343,5,1953,0.5451895043731778
a9f0b6b,2,313,5,1740,0.6230031948881789
8af588a,3,368,5,2016,0.5108695652173914
2bbf923,2,263,13,1455,0.5437262357414449
4837056,2,183,2,1032,0.6612021857923497
e572cf7,2,226,4,1288,0.5221238938053098
898e566,5,514,4,3104,0.5836575875486382
1f06856,3,250,4,1282,0.496
5531c2d,5,465,6,2343,0.47096774193548385
e7b77a5,2,341,5,1857,0.5073313782991202
f2b3076,2,158,4,827,0.5
b0c2363,3,375,6,2037,0.424
faf6ad9,3,416,4,2190,0.4206730769230769
fea6ee2,2,253,3,1344,0.5375494071146245
8a50bce,1,250,2,1321,0.532
e7829cd,2,403,7,2382,0.5930521091811415
363d99c,2,276,4,1644,0.6195652173913043
84d7c0e,2,224,4,1125,0.47767857142857145
9cd87c2,4,371,6,2072,0.568733153638814
7b83f05,2,193,1,1055,0.5492227979274611
3def10f,3,331,3,1824,0.49244712990936557
94950c1,3,353,5,1993,0.39660056657223797
cf6eebc,3,434,3,2757,0.6221198156682027
c11f2f6,4,551,6,2999,0.43920145190562615
271dcfb,4,380,3,2191,0.5131578947368421
232fafd,2,395,5,2230,0.42025316455696204
85cd3d9,2,215,5,1138,0.5209302325581395
4a1a43f,3,238,3,1350,0.5042016806722689
5bdedc7,2,206,3,1078,0.5339805825242718
256734b,1,220,11,1204,0.5409090909090909
bb15869,2,329,6,1939,0.5288753799392097
1b68c4b,4,705,5,3834,0.44113475177304967
b2ce49b,3,275,6,1441,0.4581818181818182
f810a4f,2,459,5,2597,0.46405228758169936
1d3853c,4,366,5,2113,0.39617486338797814
b606f8d,3,449,5,2597,0.5545657015590201
54772a9,2,376,21,2030,0.42819148936170215
67f1eb9,3,252,3,1525,0.5317460317460317
3a41205,2,155,3,882,0.6387096774193548
e5d23e9,3,265,3,1417,0.4037735849056604
ddd2a8a,2,159,2,939,0.5408805031446541
11fb07e,4,558,7,3149,0.4551971326164875
243e03f,2,287,5,1703,0.5470383275261324
874375a,3,404,9,2475,0.5420792079207921
f41e6d1,2,163,2,933,0.558282208588957
bf041d5,3,410,8,2200,0.5
7924343,3,368,3,1927,0.44021739130434784
9fc5125,3,336,5,1826,0.5148809523809523
6372aa0,4,362,5,2178,0.569060773480663
9f83cbf,3,394,8,2110,0.5685279187817259
9457870,3,607,4,3167,0.4827018121911038
4f7fcd0,3,316,3,1751,0.5506329113924051
64084ea,1,183,1,1059,0.5027322404371585
20ec8b0,2,179,3,1085,0.659217877094972
0af2d2d,3,338,16,1956,0.48520710059171596
35edf9f,2,196,2,1098,0.6224489795918368
b5f6a6e,2,230,2,1150,0.5782608695652174
76506c9,4,475,6,2924,0.47157894736842104
aa8946d,3,260,6,1319,0.5307692307692308
c34b128,1,234,4,1363,0.6709401709401709
cbd49f8,5,470,5,2581,0.46595744680851064
0aa8caf,2,275,1,1469,0.5890909090909091
48ba8f5,3,274,4,1571,0.5985401459854015
d467bb2,3,246,4,1345,0.5447154471544715
d1914a2,4,384,8,2230,0.5234375
62b0410,2,215,6,1110,0.6372093023255814
7bb3a15,3,221,1,1212,0.48868778280542985
e3bcbd1,3,369,4,2087,0.45528455284552843
6c9aebf,2,221,3,1177,0.6018099547511312
d46b685,3,353,6,2118,0.4985835694050991
9c43336,3,332,3,1806,0.5150602409638554
831d17e,2,228,3,1222,0.5614035087719298
0c61969,2,184,3,1095,0.5489130434782609
8aadd66,2,255,3,1449,0.5882352941176471
be4fdc7,5,531,5,3199,0.5348399246704332
2cf8c75,2,188,11,1020,0.6436170212765957
1af0ccd,2,219,6,1118,0.502283105022831
06cb1df,2,271,3,1565,0.5166051660516605
d356dc9,2,333,6,2101,0.5585585585585585
4b10de1,4,342,6,1874,0.47076023391812866
7f540a5,2,180,3,1032,0.5222222222222223
6f65bbb,2,274,4,1538,0.5693430656934306
176fce7,4,484,5,2931,0.5640495867768595
682b513,2,176,4,899,0.6534090909090909
89e732c,2,348,6,1971,0.5632183908045977
ef7fe09,4,360,5,1944,0.5444444444444444
79504b3,4,362,4,2142,0.638121546961326
81d143e,2,206,11,1053,0.5825242718446602
8e7cce2,4,431,5,2328,0.5359628770301624
3dcd7e8,1,225,2,1190,0.6222222222222222
c3208b3,3,240,3,1275,0.5916666666666667
862b7d7,2,171,10,963,0.6374269005847953
fecaec0,1,201,4,1067,0.4925373134328358
f6e0319,1,366,7,1857,0.4672131147540984
b83cb77,2,224,4,1131,0.5401785714285714
3bc1052,4,425,7,2508,0.48470588235294115
75d4b67,2,307,3,1553,0.4723127035830619
127e739,4,487,5,2607,0.3798767967145791
2389ddc,3,400,5,2102,0.3925
17a6ac5,3,640,5,3488,0.546875
29b9ef3,3,271,1,1484,0.5719557195571956
f705868,4,418,5,2254,0.48325358851674644
c6392b4,4,711,6,3838,0.360056258790436
ad10d41,1,412,3,2352,0.6504854368932039
99dedf4,3,355,10,2031,0.4647887323943662
a17bd04,2,192,3,1199,0.71875
706d693,2,356,5,1865,0.5112359550561798
d4aaa2a,3,344,5,1782,0.4418604651162791
34e6274,4,396,7,2180,0.4116161616161616
39a0218,2,295,1,1628,0.5389830508474577
9680a60,3,321,6,1788,0.4984423676012461
9b6c2ce,3,392,3,2209,0.44387755102040816
d286ab2,4,577,9,3316,0.4055459272097054
cf0e733,3,268,3,1447,0.6044776119402985
7736d47,6,652,5,3737,0.45245398773006135
4104399,3,661,6,3567,0.35703479576399394
f628167,4,750,9,4296,0.5026666666666667
07dd0fd,1,222,2,1278,0.5900900900900901
66209d0,3,337,3,1677,0.4836795252225519
a99ca12,2,334,1,1987,0.5718562874251497
deaf9d5,2,503,5,2542,0.37773359840954274
9dcd73c,3,285,3,1640,0.45614035087719296
40aedc0,3,205,4,1274,0.6731707317073171
66de556,2,201,3,1113,0.572139303482587
c8948b3,4,526,5,2767,0.435361216730038
5edf56a,1,253,3,1417,0.5612648221343873
f05fbc1,5,647,5,3715,0.4945904173106646
8e5c3ce,3,454,5,2365,0.3458149779735683
383e230,3,437,4,2274,0.45080091533180777
f53d743,3,293,5,1548,0.4641638225255973
3f15b98,2,278,1,1470,0.4712230215827338
50abc78,3,544,7,2869,0.4742647058823529
b1dea4b,2,523,5,2931,0.38049713193116635
27c0af1,4,355,5,1915,0.5211267605633803
845ae54,1,298,1,1642,0.6006711409395973
df22b27,4,390,5,2331,0.5333333333333333
f8fe1ca,3,348,3,1890,0.47701149425287354
f897850,2,692,6,4034,0.5173410404624278
439e4a1,2,226,4,1136,0.5
03ae0c4,3,535,4,3036,0.48598130841121495
c4adfd0,2,202,3,1051,0.5891089108910891
f3c5fdd,3,350,8,2153,0.4857142857142857
4f584fc,3,303,3,1645,0.5577557755775577
f733076,3,363,3,1812,0.47107438016528924
43d40a3,4,323,5,1780,0.5541795665634675
3a481f7,3,380,5,2138,0.4263157894736842
a82eb41,3,469,4,2648,0.4968017057569296
504d063,3,247,5,1302,0.5708502024291497
45a5be8,2,271,9,1348,0.5166051660516605
bc2c839,3,328,4,1789,0.5091463414634146
82ffec5,2,244,5,1226,0.5368852459016393
db1689b,4,505,5,2624,0.44554455445544555
07e96aa,3,301,3,1711,0.5282392026578073
5730f65,2,261,2,1540,0.6283524904214559
2b057fb,3,301,3,1688,0.4983388704318937
f7c1419,5,676,12,4074,0.4378698224852071
e05e602,2,162,2,829,0.5987654320987654
bca97ce,4,686,6,3947,0.5072886297376094
56ecb8f,4,364,5,2045,0.48626373626373626
b051cda,3,434,7,2474,0.5783410138248848
b5dda6c,5,628,6,3981,0.554140127388535
c7e5b0f,3,312,5,1735,0.49038461538461536
f3b8391,3,558,5,3134,0.36379928315412186
4b2ae1b,3,303,3,1630,0.47854785478547857
1bd1109,2,223,3,1264,0.5515695067264574
8a64697,3,358,3,2023,0.4301675977653631
a510e35,2,346,3,1868,0.3959537572254335
6c80131,3,404,4,2286,0.4405940594059406
8a26294,4,461,5,2454,0.3947939262472885
d878b34,3,286,6,1446,0.45104895104895104
8cd41e6,4,438,5,2451,0.4703196347031963
4a1beff,3,412,4,2204,0.4538834951456311
2736215,3,426,5,2402,0.5938967136150235
b27e01b,3,415,6,2281,0.35180722891566263
ee1e9a5,3,346,5,2006,0.5491329479768786
8de8114,3,313,6,1791,0.43450479233226835
94d4c0f,4,608,5,3514,0.42105263157894735
3d68e8b,2,234,2,1182,0.5170940170940171
5446002,5,613,4,3344,0.45187601957585644
ce81872,2,226,7,1246,0.6061946902654868
ab4898e,4,591,6,3246,0.4500846023688663
72d06e4,3,529,6,2815,0.45179584120982985
85efad1,2,411,4,2262,0.46958637469586373
ca5625f,3,317,5,1861,0.5709779179810726
4fdc11e,2,166,1,898,0.5240963855421686
88eed90,3,245,5,1381,0.5102040816326531
6fe4eb5,3,273,5,1532,0.4432234432234432
3fd3ab7,3,265,5,1399,0.5886792452830188
6ead7d4,1,217,7,1163,0.5852534562211982
7b5cdd2,3,460,4,2369,0.48043478260869565
eaf9b82,4,629,6,3715,0.41971383147853736
e3fa7fd,3,277,4,1547,0.516245487364621
64e3c99,4,434,5,2418,0.49078341013824883
77e4a63,4,370,3,1999,0.4837837837837838
0f3483e,4,493,5,2517,0.4685598377281947
a468634,2,213,3,1174,0.5164319248826291
687f32e,3,329,5,1760,0.5562310030395137
ae3994d,5,566,4,3541,0.43462897526501765
f33de44,1,223,1,1260,0.6233183856502242
9e404d4,4,362,5,2041,0.49171270718232046
24af377,2,299,2,1565,0.44481605351170567
2059452,3,328,5,1779,0.4603658536585366
358bc70,4,329,5,1752,0.49848024316109424
2b83b27,3,247,3,1428,0.5789473684210527
4da0062,2,307,4,1860,0.6514657980456026
d8a2b0d,2,164,3,874,0.5792682926829268
4653b67,2,170,3,998,0.5529411764705883
717fb16,4,449,6,2488,0.49443207126948774
273ea57,3,460,1,2563,0.49130434782608695
d65c27e,3,328,5,1998,0.6067073170731707
305a4e4,4,278,5,1516,0.5359712230215827
11f89ce,3,591,3,3055,0.4873096446700508
3786747,4,454,5,2593,0.5308370044052864
7d1829d,3,259,3,1477,0.583011583011583
289b64b,3,309,4,1764,0.5242718446601942
e939170,2,171,4,1064,0.7485380116959064
a8c0065,3,382,4,1883,0.4790575916230366
9489333,1,209,1,1116,0.6555023923444976
32f232d,3,299,3,1651,0.4882943143812709
32f9b1d,4,639,5,3568,0.4726134585289515
02da02a,3,356,5,1836,0.449438202247191
ab2b805,1,191,1,1033,0.6020942408376964
5be63fc,1,216,1,1259,0.4444444444444444
085f158,2,699,20,4029,0.45350500715307585
62b94ff,5,521,5,3232,0.4760076775431862
35666d3,4,443,5,2563,0.45598194130925507
bc5e602,2,376,5,1974,0.4787234042553192
c4d222a,3,367,5,1952,0.5694822888283378
e57c038,4,526,6,2910,0.435361216730038
849dd76,2,273,3,1561,0.5457875457875457
50cf7e6,2,314,4,1533,0.46178343949044587
75a6339,3,276,5,1536,0.4782608695652174
ac53aed,6,771,6,4589,0.45265888456549935
4d6b8ea,4,458,8,2450,0.4388646288209607
4ceefe6,5,650,5,3643,0.4461538461538462
a83b54b,2,268,5,1411,0.4701492537313433
d88f3fc,2,166,4,1004,0.536144578313253
d656985,3,211,5,1241,0.6161137440758294
d67d2c2,2,193,4,1176,0.6321243523316062
98f995a,3,307,7,1780,0.5798045602605864
58ca596,3,249,4,1443,0.5943775100401606
6cc889f,3,508,23,3005,0.44881889763779526
7cb7c5e,5,581,5,3316,0.3958691910499139
01a39ed,4,430,5,2376,0.4744186046511628
795e021,3,777,5,4091,0.38996138996138996
e5d4c5d,5,489,5,2701,0.3946830265848671
877914b,3,379,5,2180,0.5461741424802111
1a5babf,4,538,5,2969,0.42936802973977695
a82df4d,4,494,5,2659,0.5242914979757085
953f9ef,2,308,4,1573,0.5227272727272727
4889825,2,316,5,1642,0.5253164556962026
6951784,2,330,3,1978,0.5696969696969697
8500af6,2,277,3,1565,0.5415162454873647
621d3f0,3,297,16,1573,0.3838383838383838
adf8adf,2,177,2,1071,0.655367231638418
8096d1d,4,514,6,2714,0.4669260700389105
ad8b905,2,203,3,1063,0.5714285714285714
3d0cbc9,4,558,4,3236,0.46236559139784944
ab490fb,3,369,2,1957,0.4742547425474255
6b97c5f,2,219,1,1231,0.6118721461187214
d552343,3,320,7,1923,0.596875
a815b01,3,292,7,1621,0.4794520547945205
79ecfd6,2,244,4,1377,0.610655737704918
2a36c77,3,328,5,1842,0.5060975609756098
a6c22d2,4,435,7,2572,0.45977011494252873
e9f6b71,3,392,6,2134,0.45663265306122447
2b7513d,4,395,6,2220,0.5215189873417722
c62bfaa,3,387,4,1972,0.42377260981912146
3906f96,4,439,5,2459,0.5193621867881549
5993357,2,251,3,1340,0.5976095617529881
3fe4901,4,383,5,2189,0.4516971279373368
3832cfe,3,264,3,1388,0.48863636363636365
d2d6be7,1,171,3,920,0.5730994152046783
930d1c2,3,703,7,4116,0.4395448079658606
f59a340,3,492,4,2783,0.4634146341463415
1f28e13,2,358,4,1800,0.4441340782122905
7b6d1f8,4,465,4,2510,0.5483870967741935
4c1ae2c,4,652,5,3720,0.4539877300613497
e203c24,3,505,8,2651,0.37425742574257426
be12d44,2,243,2,1394,0.691358024691358
d1b5929,5,449,6,2689,0.5456570155902004
c8019ba,2,159,4,842,0.6540880503144654
98bf596,3,246,5,1275,0.556910569105691
9a57298,4,537,6,3016,0.47113594040968343
f30ae24,4,393,5,2184,0.48854961832061067
183678c,4,379,5,1991,0.39313984168865435
68a22c3,4,448,4,2727,0.5022321428571429
1f78438,4,509,5,2852,0.5304518664047151
c83f4c0,3,335,5,1681,0.4746268656716418
c753797,2,236,2,1554,0.6949152542372882
8a3c5fd,2,355,5,2028,0.6253521126760564
f808998,3,325,5,1843,0.56
5a8d9b6,2,211,1,1168,0.5355450236966824
288c02f,2,172,5,995,0.622093023255814
e96d264,2,201,5,1158,0.6467661691542289
868ce52,3,211,3,1188,0.6398104265402843
b4bab3d,3,242,7,1308,0.5247933884297521
50fa26f,4,421,5,2273,0.46080760095011875
a4801ba,2,349,4,1991,0.4670487106017192
63ca7f6,3,381,7,2157,0.45144356955380577
7a87575,4,335,4,1888,0.5761194029850746
9140a3a,2,225,1,1267,0.5822222222222222
fda9df8,1,369,5,2125,0.5121951219512195
435a100,3,369,4,1929,0.5149051490514905
1f06ef4,3,268,3,1504,0.43656716417910446
8193171,3,280,5,1576,0.5428571428571428
36fd5ae,1,290,10,1816,0.6310344827586207
14a8933,2,257,5,1518,0.6186770428015564
688b494,5,457,5,2470,0.4442013129102845
6d69401,4,374,4,2126,0.5213903743315508
60ebb07,3,625,6,3372,0.4448
e849943,3,802,6,4638,0.43516209476309226
a93459e,2,224,3,1264,0.5669642857142857
f5a6bfe,3,282,4,1449,0.5035460992907801
2ae8014,3,295,6,1591,0.511864406779661
ade71b5,2,185,3,1030,0.6486486486486487
b7c4c75,2,165,2,999,0.5878787878787879
56ae3e1,4,552,3,3148,0.4492753623188406
9d7bddd,2,315,3,1627,0.473015873015873
a068742,2,215,4,1060,0.6046511627906976
6e29395,2,191,7,1042,0.5968586387434555
07c48b4,4,454,5,2380,0.5154185022026432
436c83d,4,321,5,1766,0.4392523364485981
3f57bee,2,174,3,936,0.5804597701149425
5e9ef47,3,331,5,1726,0.4622356495468278
f5e157f,2,182,8,1022,0.510989010989011
e0c94eb,4,403,6,2397,0.5161290322580645
ce34d62,2,184,4,1048,0.657608695652174
63e0593,3,340,3,1863,0.5676470588235294
e6631d0,3,305,6,1676,0.49508196721311476
0f967f0,1,196,2,1077,0.46938775510204084
400b44f,3,352,3,2156,0.6022727272727273
e4ba378,2,161,3,855,0.5900621118012422
f0cf383,2,269,8,1512,0.5315985130111525
04ea96d,3,410,4,2469,0.43902439024390244
83b20db,3,385,3,1925,0.4857142857142857
52bab68,4,430,4,2275,0.4627906976744186
a361772,3,305,5,1707,0.5049180327868853
4af15c8,3,450,5,2433,0.4266666666666667
df2acd5,3,442,4,2399,0.5294117647058824
3c13b79,3,324,5,1825,0.5432098765432098
603df6a,2,222,1,1111,0.44144144144144143
a06da16,4,507,4,2696,0.4635108481262327
b71d27f,3,288,6,1425,0.5486111111111112
a7407bc,2,169,3,937,0.7337278106508875
c29eca8,3,193,3,1066,0.5803108808290155
85f8412,2,431,5,2383,0.5174013921113689
1e23fee,1,150,2,1210,0.6466666666666666
ad980d6,3,269,4,1482,0.5724907063197026
f6aceb4,4,519,6,2871,0.4277456647398844
10698ad,3,363,5,2071,0.5261707988980716
867bdc0,2,217,4,1331,0.543778801843318
9aaf6d5,4,453,5,2629,0.46357615894039733
ce2ef24,4,490,5,2656,0.5469387755102041
a431cea,4,411,5,2228,0.46472019464720193
b36ff44,2,330,5,1774,0.44545454545454544
3e9dcd5,3,397,20,2219,0.5188916876574308
ed8e7cc,5,670,5,3594,0.4
56b9a21,3,442,5,2236,0.4276018099547511
1fa1932,4,420,5,2281,0.4738095238095238
cbd5c1b,2,152,1,792,0.631578947368421
a157ef0,3,305,5,1515,0.49836065573770494
7a20045,4,600,6,3339,0.5033333333333333
f81b391,3,349,4,2062,0.5386819484240688
66e9092,3,342,5,1925,0.47953216374269003
bc56baf,3,493,3,2876,0.46247464503042596
7242039,3,250,3,1514,0.62
57f53f2,2,274,4,1472,0.5036496350364964
a55a0fd,4,322,4,1754,0.5372670807453416
9c2e29d,3,244,6,1501,0.5901639344262295
35e2bbc,1,317,5,1710,0.41009463722397477
451c89c,5,624,5,3400,0.40865384615384615
23e30c0,1,236,7,1281,0.6101694915254238
3dd7796,4,511,4,2910,0.49706457925636005
9476b21,3,367,3,2123,0.5340599455040872
7bd14db,3,415,4,2496,0.4433734939759036
3272cf9,3,292,5,1631,0.4828767123287671
3f488c7,3,285,3,1573,0.519298245614035
494c3eb,2,199,3,1055,0.5326633165829145
a8c1526,1,177,3,864,0.5706214689265536
dcda789,3,384,5,2117,0.4453125
ab47cd1,2,153,5,794,0.6209150326797386
d54478f,2,224,4,1199,0.45089285714285715
21f5006,4,483,6,2816,0.4782608695652174
04f1fc3,1,174,2,894,0.5287356321839081
9d66f87,2,288,3,1505,0.5104166666666666
798836c,2,220,5,1149,0.55
1085eef,4,651,5,3496,0.4393241167434716
b6994cb,6,805,4,4752,0.4509316770186335
3256f36,2,308,4,1670,0.5811688311688312
e6605dc,2,224,5,1119,0.47767857142857145
c9b67ff,4,331,5,1966,0.5740181268882175
e5a7bcf,3,402,5,2219,0.48507462686567165
039e817,2,242,5,1473,0.5661157024793388
268cbfc,3,366,5,1961,0.453551912568306
34ee1a0,1,274,5,1492,0.5620437956204379
7fd2d14,1,332,7,2049,0.6626506024096386
b5f3117,2,296,5,1612,0.5
d4bee32,3,363,5,1977,0.46831955922865015
97da44f,3,425,5,2495,0.5388235294117647
8a844ca,3,388,5,2056,0.4742268041237113
da3c348,4,494,7,2466,0.34615384615384615
b595104,4,394,9,2339,0.47715736040609136
8c820ae,4,416,4,2315,0.47836538461538464
492ece5,4,288,6,1712,0.5
b9c57fb,3,450,5,2315,0.41555555555555557
32090e3,2,184,2,969,0.5978260869565217
e5e6810,3,350,5,1965,0.54
b670f65,2,284,4,6575,0.5774647887323944
a657a2a,2,233,3,1202,0.5150214592274678
62c1262,2,296,5,1754,0.6756756756756757
3905809,3,261,2,1369,0.5708812260536399
6db09d8,2,152,3,907,0.625
1abf7b9,4,669,6,3488,0.4304932735426009
5b3b31a,4,489,5,2771,0.3946830265848671
5f7439b,3,299,5,1575,0.49498327759197325
10e0b91,2,182,2,1040,0.6923076923076923
929dbaa,2,246,5,1247,0.4634146341463415
e7f598c,2,379,4,1818,0.38786279683377306
607cd44,4,491,7,2768,0.4908350305498982
7162eb1,4,391,6,2296,0.5370843989769821
dd43506,3,420,6,2277,0.4380952380952381
52ec23c,3,327,4,1682,0.4954128440366973
791384e,2,173,4,1018,0.5895953757225434
cd7941c,2,267,4,1399,0.5730337078651685
d5a2731,2,187,2,1000,0.6310160427807486
9382923,1,331,7,1846,0.5981873111782477
a25d61b,2,257,7,1328,0.4980544747081712
ebe5148,4,397,5,2178,0.4811083123425693
5d843d0,2,177,2,975,0.6949152542372882
c801518,3,666,5,3554,0.4099099099099099
b106e35,3,372,5,1989,0.44086021505376344
1af5f9b,5,561,6,3268,0.45098039215686275
784933d,2,461,5,2643,0.6203904555314533
d8d429b,3,307,1,1612,0.501628664495114
5acd760,5,474,5,2826,0.45569620253164556
64e9501,3,514,6,2886,0.44163424124513617
a698bb4,3,255,4,1441,0.49411764705882355
1f07cb9,3,194,4,1291,0.6494845360824743
471ba4e,3,314,5,1730,0.5987261146496815
8525a80,3,266,8,1436,0.5338345864661654
5a9f2f4,1,415,1,2273,0.4771084337349398
dae56ee,2,275,4,1499,0.5890909090909091
2f7eae5,2,310,7,1939,0.5709677419354838
8552d2d,4,354,3,2106,0.4548022598870056
772bf01,4,495,5,3025,0.5050505050505051
af44b3f,1,264,1,1283,0.5492424242424242
32ad275,5,576,5,3182,0.4583333333333333
5ed59c1,3,352,5,1906,0.48295454545454547
471f8d3,3,362,3,1988,0.4419889502762431
2a70d56,3,373,5,2124,0.5040214477211796
38321da,3,544,5,2921,0.45588235294117646
1d287cc,1,334,2,1788,0.6227544910179641
538f361,4,678,5,3828,0.4410029498525074
00b3311,4,490,3,2883,0.5653061224489796
255a2a4,2,407,6,2116,0.48157248157248156
96d1a1b,3,262,5,1560,0.6259541984732825
1731db0,2,246,2,1280,0.4959349593495935
134b993,3,513,4,2878,0.3723196881091618
6fb25b4,2,226,12,1405,0.7256637168141593
2336577,3,248,5,1382,0.6290322580645161
13b6591,2,214,1,1060,0.48130841121495327
2e10f49,2,492,15,2857,0.4024390243902439
7edcf9f,3,393,7,2143,0.40966921119592875
89a47b1,3,475,8,2732,0.52
dbc3874,4,388,6,2304,0.49226804123711343
f273998,3,272,3,1477,0.46691176470588236
1c030ff,1,198,3,1198,0.5808080808080808
ca5cb31,2,152,11,853,0.6776315789473685
9a18591,3,309,6,1717,0.5566343042071198
bc873a6,3,353,2,1884,0.4730878186968839
71c4a6d,4,478,6,2713,0.5334728033472803
0d190c0,4,563,5,3212,0.44582593250444047
e146891,3,256,5,1485,0.53125
6c353b6,2,336,4,1855,0.5297619047619048
1ddd510,2,235,3,1273,0.4808510638297872
90cc6f8,2,163,3,1030,0.6625766871165644
e6ec16d,3,548,6,3039,0.3467153284671533
22a5954,4,467,3,2668,0.4925053533190578
d258cb9,3,387,6,2064,0.524547803617571
38ca5e0,3,226,1,1245,0.6238938053097345
aab740b,1,214,6,1230,0.5514018691588785
9c1ed5d,1,261,6,1506,0.6053639846743295
e15385d,4,563,6,3095,0.46181172291296624
433d0c2,2,229,4,1254,0.537117903930131
9acc5ac,1,259,5,1283,0.4594594594594595
8236b4f,3,353,3,2062,0.46175637393767704
bc412ca,2,226,3,1390,0.6283185840707964
974d35e,5,588,5,3586,0.4642857142857143
b5d9d54,3,455,5,2578,0.44835164835164837
da5a58b,5,543,5,3165,0.5082872928176796
db27efe,3,234,3,1189,0.47863247863247865
2e99f1e,1,175,1,820,0.4857142857142857
0bf03a7,2,350,4,2083,0.5085714285714286
6bd3ac7,2,224,3,1262,0.6026785714285714
e036358,2,760,7,4390,0.5184210526315789
5ba51c8,3,229,5,1160,0.5414847161572053
1374736,2,244,5,1203,0.4959016393442623
c370ff5,2,177,3,1080,0.5932203389830508
31f70db,2,196,4,1004,0.6275510204081632
2e8c47c,1,219,5,1257,0.5068493150684932
0b059bd,1,304,5,1709,0.5723684210526315
6539b8d,2,185,2,1033,0.7189189189189189
aebe3cb,2,407,7,2196,0.5577395577395577
6edf6de,2,345,3,1999,0.6115942028985507
19382b5,1,312,4,1714,0.5801282051282052
51c9e95,4,443,4,2328,0.5033860045146726
19d2d0a,4,367,5,2096,0.6049046321525886
2cf20ff,4,399,4,2391,0.556390977443609
d41c23e,2,186,3,990,0.5806451612903226
1cd0bbb,2,286,2,1816,0.7062937062937062
4f28605,4,317,18,1819,0.5488958990536278
d3c0cb9,3,345,5,1861,0.5623188405797102
0a834e9,4,450,4,2787,0.4111111111111111
758520e,4,634,5,3392,0.35173501577287064
b09dfdd,4,391,5,2324,0.5140664961636828
7edd874,3,182,4,983,0.6318681318681318
5ffa1fa,3,617,7,3774,0.3695299837925446
e50e799,2,296,5,1650,0.543918918918919
8439c0e,5,693,7,4072,0.4574314574314574
833c539,2,362,2,1800,0.425414364640884
5225ffc,2,408,4,2405,0.5686274509803921
a1f1050,3,472,7,2416,0.4449152542372881
a962a05,2,397,4,2010,0.4282115869017632
80ea52e,2,317,5,1527,0.45110410094637227
a2c2911,3,245,4,1392,0.5306122448979592
fad3429,5,679,5,4047,0.5007363770250368
fbc6a12,4,417,6,2220,0.5899280575539568
c6b85ec,3,187,4,1037,0.6256684491978609
84119fd,1,177,5,1064,0.6384180790960452
d4ba980,2,209,3,1097,0.5454545454545454
95b6395,2,167,2,984,0.7005988023952096
87dfa93,2,208,8,1117,0.5625
441ba57,4,559,6,3235,0.40608228980322003
9465a3e,3,292,4,1491,0.4897260273972603
b4dfa5c,2,168,1,927,0.5714285714285714
22e1e7a,4,419,5,2263,0.4081145584725537
24ff191,2,386,3,2047,0.5233160621761658
5500c06,3,469,3,2651,0.4989339019189765
0b53b04,3,252,4,1394,0.5873015873015873
bfc96fc,3,334,1,1735,0.41317365269461076
f7dd4d8,5,659,9,3817,0.44916540212443096
7fac76e,3,295,3,1674,0.5694915254237288
6ebfedc,2,292,3,1582,0.5034246575342466
4378d9a,2,221,4,1199,0.5520361990950227
ebf9d50,2,213,4,1103,0.5727699530516432
932f7ad,3,459,8,2816,0.5468409586056645
7f42751,4,565,6,3325,0.5256637168141592
89a8630,3,395,5,2212,0.5063291139240507
8af880c,3,245,3,1492,0.5673469387755102
357ce9b,4,371,5,2033,0.477088948787062
b6f6276,3,514,8,3044,0.49416342412451364
2344268,2,203,4,1153,0.6600985221674877
b18df38,4,379,4,2011,0.49076517150395776
8c44632,2,308,4,1893,0.4967532467532468
b425a2a,1,160,1,947,0.6625
e42198c,3,286,4,1654,0.541958041958042
d9d132a,3,418,3,2177,0.5167464114832536
995e34c,1,431,4,2479,0.5754060324825986
3fc04bb,2,248,3,1302,0.5282258064516129
6f7f125,5,552,6,3250,0.48188405797101447
44cce77,3,359,6,1978,0.5181058495821727
91e224d,4,602,17,3571,0.5282392026578073
429f1e2,2,241,2,1257,0.46473029045643155
e8d8944,3,235,4,1364,0.6127659574468085
9a5b643,2,332,5,1958,0.4789156626506024
0435f85,3,312,3,1686,0.5256410256410257
0b271eb,3,454,3,2430,0.4581497797356828
6c94afd,2,189,5,1049,0.6243386243386243
7c01ea5,5,666,5,3673,0.4039039039039039
594ab7d,4,541,3,3073,0.4713493530499076
c933387,2,213,6,1260,0.5727699530516432
3cdaa47,4,498,5,2911,0.41164658634538154
b89cdae,2,152,4,809,0.5526315789473685
30a39cd,3,316,5,1742,0.4778481012658228
402c653,2,375,4,2282,0.6533333333333333
7d671b9,3,251,5,1424,0.5537848605577689
0b700a7,2,381,5,2239,0.5984251968503937
f3e44e7,3,212,4,1227,0.6981132075471698
0e46514,4,471,5,2725,0.5753715498938429
1473f9c,2,237,4,1382,0.4388185654008439
557aedb,4,497,4,2731,0.47283702213279677
467a47d,3,389,4,2223,0.5244215938303342
484f0b3,3,636,6,3683,0.4968553459119497
d6d04cd,4,420,5,2467,0.5619047619047619
bf5aec4,5,542,5,3195,0.44280442804428044
943b1a9,2,173,3,924,0.653179190751445
9adc8c8,3,291,3,1544,0.4536082474226804
71a568d,1,287,3,1470,0.5679442508710801
60d63dd,3,241,2,1352,0.5643153526970954
19ea9ea,2,406,1,2179,0.4211822660098522
b82b067,4,428,5,2500,0.5490654205607477
62179d1,2,336,3,1614,0.46130952380952384
32b617d,3,449,6,2505,0.5545657015590201
9d45eaf,2,208,7,1112,0.6442307692307693
0b15a66,3,497,5,2520,0.4024144869215292
63504d6,4,500,4,2811,0.53
85d6bbe,3,299,4,1716,0.47491638795986624
c027ba2,3,257,3,1420,0.6653696498054474
4dfe465,3,269,4,1497,0.5762081784386617
64e6b50,4,554,10,3169,0.4620938628158845
ae92436,4,591,5,3425,0.43824027072758037
e8919c1,4,517,8,2868,0.3771760154738878
7bccaa9,2,185,1,10000,0.6108108108108108
8a9d35f,4,481,6,2798,0.4656964656964657
0cffbfb,2,221,5,1133,0.669683257918552
52c8f85,2,219,4,1190,0.5981735159817352
f01b436,2,285,3,1527,0.4982456140350877
8f6da1c,4,470,5,2664,0.4957446808510638
0210900,2,260,1,1364,0.5192307692307693
65f3733,4,478,5,2814,0.5690376569037657
ed8f1b7,1,300,4,1734,0.48
3ddc72e,2,283,3,1715,0.6042402826855123
a82dbe9,3,287,4,1688,0.5017421602787456
c039048,1,313,3,1702,0.4792332268370607
a644369,4,477,5,2750,0.570230607966457
77bc471,3,337,4,1916,0.5341246290801187
a645234,3,251,4,1462,0.6215139442231076
b7b815f,4,426,6,2369,0.4812206572769953
303c11b,3,437,3,2685,0.5080091533180778
38589ae,2,298,3,1486,0.4463087248322148
cc818e9,4,428,5,2298,0.48364485981308414
21f7c6a,5,672,7,3967,0.4419642857142857
aa7225b,1,297,4,1747,0.6565656565656566
018fbeb,2,277,5,1480,0.5812274368231047
97692d2,3,213,6,1108,0.6009389671361502
2a41ece,4,558,5,3087,0.4659498207885305
3f761e1,4,551,5,2876,0.42286751361161523
eb2dd89,4,456,7,2459,0.48026315789473684
4b30666,4,358,5,2048,0.441340782122905
4caa6f2,5,560,5,3446,0.4857142857142857
8fe2c25,3,284,4,1565,0.5845070422535211
bd205b0,3,451,5,2520,0.3991130820399113
6b1490f,3,328,5,1931,0.46646341463414637
6c7a79d,3,326,5,1717,0.48466257668711654
bdaa1b9,2,223,3,1172,0.5560538116591929
7a7e7bb,3,329,5,1720,0.48936170212765956
904e0b5,2,175,3,949,0.5371428571428571
4cefbe8,4,571,6,3209,0.4851138353765324
073d5b0,4,341,6,1996,0.5043988269794721
34ad424,3,356,4,1895,0.4747191011235955
963705b,6,502,7,3002,0.5438247011952191
a287310,3,518,7,3114,0.4247104247104247
1ca2b1e,4,558,6,2858,0.37455197132616486
5493121,2,180,1,909,0.4888888888888889
62b5df5,3,348,5,2008,0.5545977011494253
bf39c86,2,209,3,1103,0.6698564593301436
0f51dbd,4,702,6,4325,0.46153846153846156
f4e8fd1,3,347,8,1869,0.48703170028818443
8d87606,2,294,5,1638,0.5306122448979592
ac16db3,3,385,5,2196,0.5454545454545454
7b7b6b3,4,408,5,2414,0.5686274509803921
196e078,3,361,5,2011,0.4986149584487535
edb2ade,2,222,3,1342,0.5855855855855856
9637baf,4,546,33,3144,0.5036630036630036
490a3ed,2,179,5,1009,0.49162011173184356
fd2bd08,4,353,5,1980,0.49575070821529743
b75e3d6,5,533,6,3127,0.4803001876172608
e98fbee,3,443,4,2476,0.43115124153498874
124fff0,3,346,3,1923,0.5260115606936416
9691df5,4,657,4,3717,0.5007610350076104
49e51c4,3,245,5,1330,0.49795918367346936
0f384b3,2,158,3,796,0.6075949367088608
ce835ba,4,655,8,3648,0.3755725190839695
8c0e66a,1,360,5,2020,0.5888888888888889
3e4ba35,2,224,2,1271,0.5267857142857143
3698f22,4,466,5,2578,0.5472103004291845
a4eba1b,2,318,3,1820,0.4119496855345912
9b2d95f,3,278,5,1501,0.49280575539568344
3f5213f,2,212,4,1084,0.5518867924528302
4db6acb,3,309,3,1727,0.49838187702265374
c3576dc,4,413,6,2299,0.423728813559322
471fb53,3,234,3,1396,0.5470085470085471
9cf7dd7,4,348,5,2149,0.5172413793103449
6bb7c62,3,318,1,1759,0.5094339622641509
3c883cd,3,325,4,1803,0.5261538461538462
26434a0,4,627,5,3474,0.4226475279106858
191623d,5,537,6,3301,0.5027932960893855
6ebb9fa,3,398,3,2025,0.457286432160804
c8a4759,3,267,5,1375,0.5430711610486891
7a6d548,2,284,3,1521,0.5246478873239436
459951c,3,488,4,2643,0.48565573770491804
289dbd1,3,274,4,1548,0.5401459854014599
510944a,3,272,5,1461,0.5147058823529411
2689ce0,3,415,5,2053,0.43855421686746987
1a401ae,4,675,5,3812,0.4666666666666667
6cec5ed,3,246,4,1468,0.6300813008130082
e6149d1,2,243,4,1247,0.43209876543209874
236bdd3,3,544,6,2843,0.4172794117647059
087f29f,2,225,4,1349,0.5422222222222223
d40c1ad,3,206,3,1134,0.587378640776699
cbb9876,3,236,10,1361,0.6313559322033898
9ece952,3,437,3,2348,0.38443935926773454
e880962,3,353,5,1889,0.5382436260623229
0fc04b5,4,469,6,2724,0.4200426439232409
9b45163,2,185,3,1012,0.6
c9ef046,1,216,4,1293,0.5231481481481481
b55f366,2,210,3,1182,0.5714285714285714
5c0cf35,4,425,5,2526,0.56
faee97d,1,193,3,1031,0.5958549222797928
cece966,3,279,6,1680,0.5053763440860215
356a199,2,360,2,1765,0.4777777777777778
39c8524,4,410,25,2555,0.5707317073170731
4f9f184,3,304,4,1817,0.5263157894736842
28b808f,1,195,4,1048,0.6051282051282051
dd41e75,3,457,5,2378,0.42669584245076586
4316541,1,154,1,869,0.6623376623376623
8fb2390,4,339,6,1901,0.4837758112094395
7d11ab9,3,392,4,2169,0.5382653061224489
0af56e8,4,522,3,2827,0.3620689655172414
56f5293,4,464,5,2650,0.46336206896551724
d914e6f,4,425,8,2701,0.5976470588235294
3b98314,3,545,1,3050,0.5155963302752293
9985008,1,427,3,2576,0.5035128805620609
876000b,4,514,5,2763,0.44163424124513617
e0d239c,4,447,5,2721,0.5167785234899329
7f41025,4,624,6,3655,0.4166666666666667
d360054,3,426,4,2371,0.37089201877934275
cfb8cd5,2,334,3,1740,0.46706586826347307
b87929d,5,530,5,2944,0.41320754716981134
42f073f,5,845,7,4742,0.46272189349112425
caf5ac3,3,439,7,2369,0.38724373576309795
2fb426c,2,166,3,908,0.6144578313253012
514afa4,1,504,1,2676,0.3869047619047619
3a7ccc8,3,295,5,1596,0.5220338983050847
eb387da,3,547,5,3093,0.3071297989031079
7df7949,4,467,5,2486,0.48822269807280516
06d752e,2,356,5,2117,0.4859550561797753
5204283,4,326,5,1724,0.5398773006134969
32f477a,3,286,5,1599,0.4825174825174825
b101f70,5,576,5,3124,0.4809027777777778
19676b0,4,421,7,2340,0.4679334916864608
12ea160,3,395,3,9990,0.4708860759493671
7b59f1a,1,206,1,959,0.49029126213592233
7979641,2,204,5,1025,0.5588235294117647
3fe12c4,2,403,5,2265,0.6203473945409429
66b5046,3,446,5,2396,0.34977578475336324
6f33e1d,5,600,5,3368,0.425
91f9dd8,3,223,5,1184,0.6098654708520179
d0d5c01,4,732,5,3879,0.3797814207650273
59860b0,4,532,5,2934,0.42857142857142855
7f2b3e2,2,383,6,2266,0.4386422976501306
da1c048,5,610,5,3437,0.4459016393442623
06cf397,4,599,5,3040,0.4290484140233723
f7c7aeb,4,403,6,2280,0.598014888337469
e13d2f6,3,184,1,1077,0.625
442a914,3,377,5,2005,0.4880636604774536
0539a44,2,269,3,1540,0.6171003717472119
2ad0a98,3,211,5,1204,0.6587677725118484
92f46f7,1,179,2,1084,0.6424581005586593
587f42e,4,592,6,3343,0.4155405405405405
b7b3b53,2,180,2,1025,0.5055555555555555
8be9ba7,3,558,5,3181,0.553763440860215
235ca29,3,272,3,1570,0.5698529411764706
de5f4a9,4,630,8,3483,0.42857142857142855
e596f8b,3,453,3,2513,0.47240618101545256
3fe76e7,3,464,5,2346,0.49137931034482757
52bd729,4,591,5,3135,0.3587140439932318
0ba0895,2,217,4,1283,0.5622119815668203
d648e2f,4,435,7,2291,0.432183908045977
b6a7244,3,313,4,1721,0.5686900958466453
8dd7df0,4,596,5,3167,0.4966442953020134
f7706af,3,307,4,1569,0.5179153094462541
e7b19e4,2,207,3,1197,0.5700483091787439
87e034c,4,460,4,2621,0.4543478260869565
bdfe5c7,3,521,3,3000,0.491362763915547
86687d9,2,332,5,1752,0.5210843373493976
d81ea74,4,551,7,2992,0.41197822141560797
708eea4,2,184,1,1046,0.6304347826086957
6a638b1,4,563,15,3185,0.4422735346358792
3122de5,3,360,5,2109,0.4305555555555556
3953491,2,189,3,988,0.5396825396825397
866f4b5,3,378,5,1946,0.5158730158730159
6745144,4,366,3,2074,0.5710382513661202
2431df1,4,403,7,2390,0.5607940446650124
5737c3e,3,357,3,2034,0.5154061624649859
9e291ab,4,609,5,3349,0.4827586206896552
b0dc5e4,4,412,5,2384,0.4975728155339806
81a7cb4,3,274,4,1478,0.5182481751824818
b160aea,2,201,1,1064,0.527363184079602
ebcf800,4,335,4,1976,0.5432835820895522
3b223d8,2,291,3,1538,0.48109965635738833
8a4e789,2,327,5,1723,0.45565749235474007
edd6430,4,264,6,1404,0.5265151515151515
d2ef605,3,315,4,1717,0.3968253968253968
0916c73,4,602,14,3461,0.45182724252491696
991002b,3,450,5,2571,0.52
d497eb1,2,189,1,1029,0.6031746031746031
6ed0346,4,435,5,2631,0.5540229885057472
c302026,2,329,6,1628,0.43465045592705165
8035bd1,3,277,3,1551,0.5342960288808665
581e39d,4,559,5,3249,0.5259391771019678
5b94668,3,414,5,2325,0.4323671497584541
eef8c2c,4,430,5,2285,0.40930232558139534
40abe90,2,172,1,1043,0.6046511627906976
58a74f7,3,600,5,3441,0.4766666666666667
4e14b2f,2,555,4,2885,0.518918918918919
2a3f826,2,176,3,971,0.5852272727272727
6185c81,3,256,4,1379,0.4921875
73274a3,1,186,1,1104,0.6827956989247311
a5dceeb,3,472,7,2442,0.4724576271186441
fe05dee,2,329,1,1929,0.48632218844984804
ddc656c,1,324,6,1919,0.5709876543209876
69e41e7,3,250,3,1376,0.488
39cecd2,3,255,4,1355,0.5411764705882353
814c2ae,3,329,1,1898,0.5349544072948328
6f1d082,3,353,5,1966,0.3937677053824363
28d3646,1,184,5,1128,0.625
4a8d31e,4,433,5,2431,0.5427251732101617
9f55d5a,4,409,4,2301,0.4889975550122249
545ddff,3,256,4,1444,0.5
6755b68,2,153,5,813,0.5751633986928104
89b52db,3,519,5,2827,0.42196531791907516
7929404,4,509,5,2801,0.4931237721021611
0544d67,2,252,5,1296,0.503968253968254
4309da2,3,332,5,1954,0.4819277108433735
8cb44f5,3,181,4,1017,0.6022099447513812
a73ac54,2,223,10,1191,0.5067264573991032
04b6e9b,2,269,3,1407,0.5315985130111525
82defb4,4,402,5,2210,0.4900497512437811
c1c1d81,3,304,3,1684,0.5032894736842105
b483c82,3,371,5,2138,0.5525606469002695
b672d4e,3,391,7,2336,0.5166240409207161
126046a,3,362,6,1793,0.4198895027624309
c6544e8,3,240,3,1441,0.5916666666666667
955a73f,2,187,4,1006,0.5454545454545454
318dac4,1,622,4,3066,0.3762057877813505
da4f161,3,515,4,2820,0.4407766990291262
db8c22e,1,358,24,1956,0.5307262569832403
e5b6aff,2,292,5,1552,0.4965753424657534
c044d1a,5,667,5,3755,0.42128935532233885
b90d8f4,1,211,1,1242,0.6303317535545023
f69ae83,3,307,4,1647,0.511400651465798
786771d,2,522,8,4751,0.5421455938697318
3a2ffd1,4,335,5,1821,0.4626865671641791
ec9a106,4,389,4,2282,0.4755784061696658
f22a833,3,468,5,2688,0.48717948717948717
5913470,2,244,3,1206,0.5450819672131147
b1eeba2,2,227,4,1262,0.6123348017621145
0c72406,1,157,1,795,0.6624203821656051
769f7db,2,235,2,1229,0.5361702127659574
7e84242,3,420,5,2428,0.5166666666666667
a17c573,2,743,5,3984,0.47644683714670255
d4efac8,2,276,6,1555,0.5652173913043478
e18a71c,3,402,8,2270,0.5024875621890548
1aed39d,3,415,3,2271,0.4963855421686747
85b6c46,2,264,4,1370,0.5303030303030303
f2b1720,4,463,5,2488,0.4557235421166307
2c3b302,3,299,5,1805,0.568561872909699
a88a91c,4,631,12,3788,0.4865293185419968
179fd6b,3,348,7,2085,0.5057471264367817
9145057,6,722,5,3852,0.4085872576177285
9c06337,3,468,6,2681,0.5854700854700855
ad9c9d2,1,169,3,937,0.6331360946745562
1c8ac21,3,372,5,1969,0.5241935483870968
70ae3fd,3,336,4,1832,0.5
e9d4e22,5,635,4,3794,0.49606299212598426
2b85ea9,3,234,4,1274,0.5213675213675214
2312fc6,1,258,5,1294,0.4844961240310077
06e2db4,6,938,5,5501,0.4189765458422175
7b8a8d4,2,165,5,909,0.44242424242424244
e40a58f,1,416,5,2506,0.44471153846153844
990a4a3,4,457,6,2635,0.5185995623632386
4163451,2,197,3,979,0.5786802030456852
dba8941,1,183,4,1004,0.6721311475409836
8d5be25,5,580,5,3192,0.5017241379310344
04a4399,4,403,5,2421,0.5136476426799007
4916699,3,237,4,1351,0.6455696202531646
e66d620,4,352,6,1926,0.5340909090909091
a2e21d8,3,350,1,1919,0.5342857142857143
c0ced28,2,247,3,1401,0.631578947368421
17fd420,4,306,6,1759,0.5686274509803921
0084f6c,4,390,5,2344,0.5333333333333333
0afe6a6,4,460,4,2565,0.49782608695652175
e2a9ae6,4,598,5,3646,0.5618729096989966
2578c02,4,383,5,2149,0.5013054830287206
22507ef,2,285,4,1485,0.543859649122807
ca49967,4,356,4,2105,0.47191011235955055
7d7bf6b,2,331,3,1872,0.525679758308157
83ede3e,3,422,7,2270,0.556872037914692
241385f,2,245,3,1369,0.5510204081632653
9b3744a,4,605,7,3284,0.42644628099173554
63ef83b,3,275,5,1518,0.5272727272727272
6549f7f,4,451,5,2602,0.5587583148558758
8ca924c,3,363,4,1935,0.44077134986225897
5061c20,3,379,4,2147,0.503957783641161
ea722cd,3,267,4,1540,0.5280898876404494
e608ad1,2,214,6,1315,0.5514018691588785
f352687,3,270,4,1648,0.5444444444444444
dbd15ac,3,356,5,1754,0.4410112359550562
c45f5ce,3,374,5,2062,0.5855614973262032
76f504c,2,212,3,1245,0.6179245283018868
7a43765,4,609,5,3342,0.5073891625615764
1740c90,2,237,1,1237,0.5738396624472574
1a69914,3,428,7,2259,0.4135514018691589
ebe791f,3,312,4,1925,0.5737179487179487
e328a1a,3,689,6,3642,0.4876632801161103
31dd5a1,2,221,1,1143,0.497737556561086
8a469e5,2,472,5,2608,0.5466101694915254
945f7ba,2,295,1,1411,0.33559322033898303
adf1541,2,340,4,1905,0.4176470588235294
cadee56,4,365,5,1986,0.4821917808219178
e5b83a8,3,266,3,1481,0.5676691729323309
22a129c,4,527,3,3029,0.3946869070208729
d03f666,4,435,6,2385,0.41839080459770117
86ad5a8,2,211,5,1302,0.5118483412322274
e2bcd8c,2,328,4,1710,0.49390243902439024
1a19cfb,4,563,5,3027,0.433392539964476
9560f32,2,247,4,1426,0.5708502024291497
bd5978b,2,162,5,907,0.6234567901234568
6962895,2,333,5,1689,0.5105105105105106
b3bd895,2,172,3,931,0.5523255813953488
a381f89,2,314,4,1736,0.554140127388535
71aaa97,2,164,1,882,0.6280487804878049
8a7446c,5,463,6,2425,0.4816414686825054
08c3b51,4,379,4,2195,0.38522427440633245
ef34e97,4,602,5,3304,0.5282392026578073
5e39f74,2,161,3,825,0.5217391304347826
8ef018e,5,687,5,3742,0.4104803493449782
7ff8122,3,361,3,2068,0.5041551246537396
c597562,1,423,1,2266,0.5626477541371159
2748f2a,3,401,5,1916,0.44389027431421446
58d338b,3,297,5,1576,0.5925925925925926
59ba1a1,4,561,5,3223,0.46702317290552586
f70c0fc,3,437,5,2489,0.5263157894736842
41867ee,2,236,3,1237,0.5423728813559322
ae1326b,3,329,1,1651,0.48328267477203646
48c8d1f,1,295,9,1633,0.6203389830508474
a6b5976,3,450,6,2680,0.5577777777777778
97112c1,4,528,5,2849,0.4640151515151515
c3015a5,2,354,3,1879,0.5112994350282486
702ca03,3,296,3,1692,0.5675675675675675
d6a3753,2,172,3,1078,0.6395348837209303
8e0862d,3,520,12,3081,0.46153846153846156
b37e80d,3,354,5,1884,0.4689265536723164
b2e0ad5,2,542,3,5614,0.470479704797048
a6fe2a9,6,614,5,3959,0.42996742671009774
5a0b24e,2,175,3,962,0.52
040ba87,4,511,4,2797,0.38943248532289626
9a24bd9,3,276,12,1565,0.4782608695652174
20f1b82,4,551,5,3090,0.4627949183303085
acc0f9d,3,283,6,1641,0.508833922261484
8ab16db,3,266,6,1428,0.4849624060150376
31c2e4e,5,944,5,5634,0.3961864406779661
ad28e86,3,230,2,1303,0.5391304347826087
6b9b583,4,472,5,2757,0.3961864406779661
3623362,2,167,1,889,0.5988023952095808
0bcac40,3,289,3,1579,0.6124567474048442
da302f5,3,433,7,2429,0.49653579676674364
32ae080,3,364,4,2072,0.5576923076923077
94a8456,4,508,6,2835,0.47834645669291337
433ec6b,3,323,4,1683,0.5201238390092879
7fbdc67,3,376,6,2094,0.5452127659574468
ea5e6cd,2,264,3,1429,0.45454545454545453
e33c88f,3,493,6,2814,0.5294117647058824
6e990ee,6,1235,5,7086,0.362753036437247
a0ecb4b,3,379,4,2251,0.58311345646438
74a6173,2,230,17,1255,0.5869565217391305
cc07126,2,206,14,1113,0.5485436893203883
1f7ff01,2,268,5,1602,0.6231343283582089
691f21e,4,383,4,2219,0.566579634464752
074fd98,4,544,5,2985,0.5073529411764706
e65ae5a,2,201,4,1030,0.5174129353233831
db45d38,4,380,5,2126,0.4263157894736842
eac90b3,2,203,5,1227,0.47783251231527096
4c17fcf,2,174,3,985,0.6206896551724138
466e970,2,270,1,1600,0.6296296296296297
52b89ea,2,197,2,981,0.5380710659898477
f08cc3e,3,340,3,1936,0.6176470588235294
3572e50,2,201,3,1057,0.5174129353233831
93d5e79,3,266,6,1424,0.5300751879699248
6badd4e,2,457,4,2380,0.3938730853391685
6410f68,1,364,9,2256,0.6126373626373627
192cc79,3,338,8,1865,0.5857988165680473
2240658,3,352,10,2155,0.5113636363636364
d9b142b,3,394,3,2077,0.4847715736040609
0e782a4,3,379,5,2156,0.5382585751978892
dd10951,2,191,4,1162,0.5078534031413613
248e116,3,207,4,1189,0.5700483091787439
25c8837,2,166,5,923,0.6325301204819277
4a46db3,4,350,1,1832,0.5114285714285715
bb5d9b1,3,431,4,2696,0.5614849187935035
6578feb,3,481,3,2730,0.4407484407484408
1707c2e,2,152,1,828,0.5723684210526315
06b51cb,3,251,7,1270,0.5099601593625498
9bd57f9,4,474,5,2689,0.4451476793248945
13f1eb5,2,177,5,1022,0.6101694915254238
8e23aab,2,334,5,1856,0.5029940119760479
47d7ad3,3,381,4,2128,0.49343832020997375
7d6d30a,2,282,5,1559,0.5283687943262412
1a0ff6e,4,456,7,2466,0.41885964912280704
35b9791,3,458,7,2478,0.4978165938864629
8358b15,3,260,5,1516,0.6076923076923076
9e4fee7,3,271,10,1508,0.5055350553505535
d31f217,5,547,4,3217,0.4716636197440585
268d81a,2,221,4,1187,0.5113122171945701
dbad79f,3,544,4,3337,0.5147058823529411
fd51489,2,327,4,1702,0.5718654434250765
ef93daa,3,477,5,2375,0.44863731656184486
3dd3f00,4,610,5,3499,0.46557377049180326
933c51d,2,158,2,767,0.6265822784810127
6c90c1d,2,207,5,1102,0.6086956521739131
615011e,2,240,3,1448,0.6375
0ac26e9,3,345,4,1906,0.5072463768115942
7b84689,2,231,4,1216,0.47619047619047616
af12c8a,6,746,8,4211,0.4477211796246649
3decd13,3,362,4,1875,0.44751381215469616
3df555a,1,215,7,1103,0.5813953488372093
035fd2d,3,330,6,1734,0.45151515151515154
839485b,4,343,5,1899,0.5160349854227405
55e8f8c,3,330,6,1785,0.4303030303030303
c5d69ce,1,201,1,1080,0.5621890547263682
19df6c7,2,338,6,1995,0.6272189349112426
99b452f,2,239,4,1237,0.5230125523012552
97b86bc,3,474,3,2652,0.4831223628691983
1926426,4,343,5,1918,0.4314868804664723
6a506f2,3,373,8,2112,0.4772117962466488
1c3ad49,3,336,5,2044,0.5625
2c4ce2c,3,358,1,2101,0.5418994413407822
4bb1fa5,3,332,4,1783,0.4186746987951807
08def35,2,165,3,870,0.5575757575757576
f7c8057,3,388,4,2153,0.5592783505154639
fe6ef52,4,495,3,2579,0.4727272727272727
99be5d5,2,351,6,2022,0.6153846153846154
823960d,2,190,3,1023,0.6210526315789474
3f46dfc,3,263,4,1334,0.45627376425855515
668213d,3,421,4,2148,0.4418052256532066
564fda9,2,238,2,1165,0.4789915966386555
c801796,3,232,4,1187,0.6077586206896551
31e5878,2,167,4,939,0.5868263473053892
ef70f74,4,356,5,1786,0.4550561797752809
06c3953,5,527,8,2896,0.48007590132827327
6d24baf,2,178,3,995,0.6179775280898876
e284ce9,3,438,5,2500,0.5251141552511416
d70fe0c,4,636,8,3515,0.4088050314465409
a6ad743,2,216,1,1207,0.5925925925925926
1a252f8,4,432,5,2583,0.6203703703703703
0de82fe,3,393,5,2165,0.549618320610687
85f5495,5,558,6,3277,0.471326164874552
58ef980,3,257,4,1445,0.43190661478599224
75c1146,3,480,6,2814,0.5125
9ac0f34,4,489,5,2520,0.4049079754601227
fe0abe4,5,502,6,2686,0.45617529880478086
fb768c2,2,159,3,737,0.5345911949685535
7b43ed3,2,200,6,1079,0.5
f26eb1e,2,307,4,1703,0.5211726384364821
21d3475,2,193,7,1052,0.6010362694300518
38b22fd,2,218,2,1166,0.5642201834862385
374f667,3,223,3,1241,0.5426008968609866
8c803bb,3,388,5,2171,0.4639175257731959
554ae4e,4,389,23,2040,0.4318766066838046
a572f95,3,397,6,2220,0.5743073047858942
c4877f9,4,744,12,4123,0.4489247311827957
1868e57,4,415,5,2328,0.4987951807228916
bbd6e51,3,245,3,1428,0.6
c8a1bfd,2,171,3,911,0.6023391812865497
1013fcd,6,792,5,4797,0.40404040404040403
823a2a2,3,276,5,1649,0.5289855072463768
639781e,3,248,3,1388,0.5282258064516129
b85b50c,2,192,1,993,0.484375
c8b7e84,5,459,5,2449,0.44880174291938996
0ef994a,2,491,23,2668,0.5417515274949084
cd32f6d,2,666,10,3348,0.45645645645645644
1ef395a,3,331,2,1686,0.5045317220543807
33b606a,4,446,5,2619,0.4439461883408072
ef602ce,2,266,3,1337,0.5300751879699248
ab3211b,3,248,5,1422,0.5
c411407,2,292,6,1681,0.5684931506849316
4fec4c2,2,197,1,1041,0.5939086294416244
7f66ed8,4,495,8,2761,0.4161616161616162
bce4b7f,3,315,2,1612,0.5015873015873016
129237b,1,386,6,2220,0.5284974093264249
6a56c51,4,456,3,2409,0.49122807017543857
837ac19,3,468,4,2766,0.532051282051282
8d9682b,3,344,5,1746,0.47093023255813954
4784274,3,280,4,1470,0.6071428571428571
5ce6e6e,3,285,2,1581,0.5894736842105263
7d10a79,3,500,5,2737,0.4
5652951,4,512,5,2948,0.546875
c998974,4,434,4,2406,0.49539170506912444
d463cd2,4,576,6,3257,0.53125
2ad190b,2,260,4,1442,0.5923076923076923
b5bd8b8,4,563,6,3321,0.3765541740674956
adae5e9,2,252,4,1416,0.5873015873015873
0cf0f8e,3,298,4,1656,0.5637583892617449
0630503,3,262,4,1484,0.5687022900763359
725701a,1,271,4,1457,0.5166051660516605
6959d73,4,333,4,1803,0.5015015015015015
9371007,4,312,5,1665,0.4198717948717949
a2ffd16,2,251,3,1364,0.6454183266932271
08e2ae1,2,197,5,1162,0.40609137055837563
ca552f6,2,290,7,1672,0.49310344827586206
e55d0a9,3,358,4,1946,0.4664804469273743
8100b68,3,367,6,2071,0.5504087193460491
5f06a48,2,339,4,1787,0.5191740412979351
87719e2,2,182,1,1137,0.6758241758241759
e1fcb27,4,593,4,3393,0.4451939291736931
c72c7ff,2,253,3,1545,0.6956521739130435
3d2985e,4,428,5,2377,0.5233644859813084
44bca10,6,732,8,3889,0.4494535519125683
e32b3f7,3,379,5,2092,0.46437994722955145
7200dfd,3,220,5,1229,0.6454545454545455
ee8161c,2,172,3,860,0.5988372093023255
fc59dc3,3,430,6,2705,0.5372093023255814
3fdaaec,2,206,2,1185,0.6456310679611651
0047cb3,2,192,8,1115,0.6770833333333334
077eeea,2,327,2,7631,0.6116207951070336
14c37b2,4,434,4,2377,0.543778801843318
0224c63,2,180,2,951,0.6333333333333333
49f49a3,3,319,10,1750,0.44200626959247646
908493d,3,368,5,2183,0.5
83eb2af,3,165,5,986,0.6060606060606061
7108253,3,565,1,3219,0.5185840707964602
4393d81,3,422,10,2242,0.471563981042654
0b72cc9,3,350,5,1908,0.5257142857142857
8b4327d,3,421,5,2565,0.4655581947743468
ff988c9,3,279,3,1647,0.5591397849462365
1e98d70,2,223,4,1297,0.57847533632287
07a7832,2,163,2,899,0.6993865030674846
e9bdad6,3,481,5,2486,0.4698544698544699
29e4c71,3,352,5,1893,0.4943181818181818
b649349,1,163,4,859,0.5398773006134969
33b6860,3,266,3,1432,0.5075187969924813
b73b97e,4,498,6,2726,0.5120481927710844
fa56b19,3,439,5,2410,0.49658314350797267
99f273c,2,271,3,1430,0.5387453874538746
6c84f16,3,324,6,1854,0.4537037037037037
b160f34,4,403,7,2365,0.5409429280397022
fd53f42,2,236,1,1321,0.6059322033898306
e2714d3,4,522,5,3082,0.4501915708812261
cdef38a,3,396,5,2041,0.4671717171717172
5c0dcf4,2,237,3,1340,0.569620253164557
ea18a54,4,539,5,2982,0.47680890538033394
566528a,2,470,5,2528,0.502127659574468
bd80d69,5,552,5,3206,0.4420289855072464
e2f6e1d,3,227,4,1192,0.6079295154185022
39ca929,4,472,5,2621,0.3771186440677966
6d8b37d,3,317,4,1634,0.49842271293375395
4314782,4,401,12,2293,0.5361596009975063
69e8f9e,4,510,4,2979,0.42745098039215684
5f95578,4,622,4,3524,0.387459807073955
bc40edd,4,647,5,3297,0.3601236476043277
06041d8,3,290,5,1637,0.5482758620689655
3fa6785,3,437,21,2469,0.4782608695652174
b51348e,3,413,6,2600,0.5472154963680388
b03d8d2,2,270,4,1452,0.45185185185185184
0dec069,2,204,3,1084,0.5833333333333334
6dd916e,2,260,3,1469,0.5846153846153846
30ee72d,3,306,5,1611,0.5424836601307189
fe10f02,1,415,8,2044,0.40481927710843374
ac8e39c,3,373,3,2073,0.514745308310992
d55925e,4,487,5,2894,0.5277207392197125
86a9f0d,2,211,1,1110,0.5260663507109005
a2919c3,4,407,3,2276,0.4176904176904177
768f1ef,2,270,4,1579,0.674074074074074
eb8f967,1,192,3,1019,0.609375
d1bb139,3,340,5,1807,0.5529411764705883
fe936f8,5,611,3,3775,0.513911620294599
e221e9b,4,650,7,3569,0.42615384615384616
c8ced2c,3,336,7,1837,0.49404761904761907
c31b9fc,3,347,4,2046,0.553314121037464
0add2dc,3,325,3,1881,0.5415384615384615
e7309a3,3,270,6,1570,0.6518518518518519
859107e,3,264,3,1425,0.5416666666666666
52b037c,3,475,5,2920,0.35789473684210527
4f0e1e0,3,566,8,3094,0.30742049469964666
49c3efc,3,260,6,1475,0.55
f527b86,2,377,3,1920,0.41909814323607425
0999761,4,527,7,3019,0.5009487666034156
232ae04,3,616,8,3308,0.48863636363636365
2bfdedf,3,284,5,1528,0.5492957746478874
9ffbcd2,3,545,7,2891,0.3944954128440367
c09f013,4,626,7,3555,0.46325878594249204
c255b1f,3,271,5,1618,0.5350553505535055
3af6a4a,1,382,7,2284,0.6047120418848168
da508af,4,412,5,2315,0.5485436893203883
729d99e,4,363,5,2086,0.5647382920110193
5bdbe50,4,409,4,2496,0.45965770171149145
b09306b,3,313,9,1917,0.6230031948881789
8d985e2,2,319,9,1736,0.46394984326018807
1c935d2,3,237,4,1285,0.5189873417721519
c163697,3,277,5,1496,0.5342960288808665
6dc1f12,3,325,5,1813,0.46153846153846156
3889cc7,4,686,5,3673,0.4387755102040816
d8b2798,3,328,3,1813,0.5121951219512195
88784a0,4,512,6,2688,0.439453125
2169b0a,4,516,15,2894,0.562015503875969
6136e73,5,499,5,2887,0.4849699398797595
714a2c3,2,237,5,1356,0.4936708860759494
ebc0784,1,161,1,892,0.7329192546583851
49597fd,4,635,5,3425,0.384251968503937
a3de134,3,332,4,1756,0.5180722891566265
5ab9aee,3,342,3,1888,0.43859649122807015
3984590,1,151,2,765,0.6490066225165563
98702c4,3,356,24,1863,0.5224719101123596
1dee883,1,300,4,1730,0.5933333333333334
99491b5,5,673,5,3916,0.40713224368499257
0c8039c,2,310,5,1725,0.5258064516129032
c77265c,3,250,4,1309,0.624
b64812e,3,297,4,1645,0.4713804713804714
99a411a,5,602,7,3730,0.4119601328903654
09330dc,2,309,5,1788,0.627831715210356
d71408c,3,249,3,1430,0.4738955823293173
e379e7a,4,511,5,2855,0.487279843444227
cfec3bc,4,515,7,2767,0.4601941747572815
704db62,3,345,4,1849,0.4985507246376812
4a04ad6,2,265,5,1493,0.4377358490566038
d9a2d87,4,341,5,2096,0.47214076246334313
b98a8e7,2,262,8,1561,0.6106870229007634
0540b80,4,417,6,2367,0.5539568345323741
28645f2,5,884,12,5289,0.4841628959276018
d1e43ab,4,555,5,2937,0.42702702702702705
3eaecf8,2,153,1,843,0.673202614379085
c2216d9,2,162,5,879,0.5432098765432098
d0178e8,3,299,4,1749,0.5016722408026756
8fc6d64,2,241,5,1326,0.5103734439834025
6f15dae,3,264,3,1444,0.5265151515151515
9e8effb,1,181,2,992,0.5414364640883977
1c2e15b,3,206,4,1126,0.6213592233009708
6561024,3,235,3,1342,0.502127659574468
664f9f3,2,207,1,1166,0.5990338164251208
b9c3e06,2,315,3,1703,0.4634920634920635
d855308,2,275,2,1445,0.52
f4f1df7,2,246,3,1281,0.5203252032520326
e2aa3a0,2,164,2,931,0.5121951219512195
874ca36,4,349,4,2070,0.5730659025787965
d641974,2,281,3,1599,0.6227758007117438
d0cb8fd,3,395,4,2245,0.45569620253164556
163ac0f,3,309,5,1756,0.5501618122977346
c6ec467,5,693,7,3533,0.4126984126984127
62edb06,4,435,4,2457,0.46206896551724136
37ffbbd,3,524,4,3015,0.5286259541984732
ca986e1,4,393,5,2293,0.49872773536895676
fb71126,2,215,1,1172,0.5813953488372093
d45a14a,3,290,5,1619,0.5586206896551724
9e8ccf4,4,323,5,1819,0.47678018575851394
123dd58,3,536,5,2886,0.5485074626865671
2850024,4,471,5,2618,0.4734607218683652
1179156,4,322,5,1929,0.5186335403726708
342ac7e,2,289,6,1564,0.5051903114186851
d8cf53c,2,157,3,905,0.6496815286624203
73a8c12,3,324,3,1877,0.6296296296296297
4f1ec05,1,443,3,2224,0.4221218961625282
ed284d6,3,404,7,2140,0.5198019801980198
88ff1f2,2,297,3,1749,0.5387205387205387
cba7a80,2,218,4,1110,0.48623853211009177
acc9711,2,394,4,2126,0.5203045685279187
a72cfc0,3,290,5,1496,0.5620689655172414
374b731,3,907,47,5048,0.40683572216097025
d03e92e,4,429,6,2510,0.4568764568764569
8bfb48a,1,190,1,1003,0.6052631578947368
a608acf,3,283,4,1573,0.49469964664310956
aa59c89,2,499,5,2706,0.5430861723446894
d5e0122,3,347,4,2013,0.5446685878962536
60782e9,3,359,6,1842,0.40947075208913647
5fe2abc,4,343,6,1967,0.4897959183673469
4a0930a,4,501,8,2833,0.5508982035928144
cbdf284,3,219,4,1233,0.6027397260273972
5f640dd,2,332,6,1874,0.463855421686747
373dc3f,2,319,4,1591,0.4012539184952978
ead8b47,1,419,11,2454,0.47255369928400953
a4adf34,5,468,4,2679,0.4893162393162393
5a22a42,6,688,5,3868,0.375
c9da758,2,180,3,1078,0.6166666666666667
4714ef3,2,251,4,1347,0.5737051792828686
eb63b28,3,467,4,2437,0.39186295503211993
1ad3bee,2,287,3,1540,0.554006968641115
f11dbe5,2,173,3,919,0.6358381502890174
9e6c4ed,3,525,24,2888,0.42857142857142855
152c2e4,3,378,6,2139,0.49206349206349204
0dabca9,3,455,5,2509,0.37362637362637363
59b254f,4,479,6,2802,0.34029227557411273
9e26c1d,5,775,6,4103,0.39225806451612905
fabcca0,2,182,2,1019,0.489010989010989
8dfaea5,1,217,1,1000,0.5161290322580645
df7b1fe,2,245,3,1488,0.6408163265306123
6d5d422,2,245,5,1282,0.5387755102040817
5661a04,4,295,6,1640,0.5152542372881356
a11ce4d,2,210,1,1231,0.6761904761904762
615bf7d,3,353,4,1857,0.49575070821529743
daea975,1,220,1,1345,0.55
8049c2f,2,239,4,1190,0.497907949790795
d0eb5ad,2,178,3,939,0.5786516853932584
8cad5af,1,675,14,4197,0.6162962962962963
de54c1e,2,289,4,1413,0.5674740484429066
2b59589,3,250,4,1346,0.616
d9eba6d,3,710,6,4317,0.5084507042253521
04df837,4,365,5,1991,0.5068493150684932
d331726,2,179,3,948,0.6089385474860335
ad3e1c9,4,381,6,2179,0.5485564304461942
bf85b45,3,254,5,1484,0.5354330708661418
cc737b5,3,422,3,2576,0.5521327014218009
81f64b1,3,293,7,1560,0.5255972696245734
ff96497,2,845,21,4791,0.4958579881656805
7885a7d,3,225,3,1359,0.5866666666666667
1dbaa5f,2,239,8,1404,0.5941422594142259
f447b67,2,250,4,1450,0.62
7c45326,4,524,5,3004,0.5076335877862596
14b1d67,2,198,1,1008,0.5505050505050505
36823af,1,482,6,2811,0.46680497925311204
aadeafa,1,250,2,1481,0.456
28c14d7,3,611,4,3299,0.3878887070376432
77b81d0,2,214,4,1200,0.5654205607476636
33f66fc,4,424,6,2581,0.4811320754716981
fd7dbfb,2,204,5,1149,0.553921568627451
384b5dd,3,353,10,2102,0.4985835694050991
547205a,4,439,5,2780,0.5079726651480638
ada7e66,3,401,5,2644,0.5311720698254364
c5d4de9,4,494,5,2898,0.49190283400809715
ef7a3b2,3,365,6,2134,0.4273972602739726
5bcf37f,3,331,4,1942,0.5105740181268882
d072354,3,312,6,1576,0.47435897435897434
b815ec0,3,271,5,1477,0.5018450184501845
53fb427,5,747,6,3862,0.3038821954484605
2f31205,4,623,13,3418,0.5232744783306581
6022057,4,445,5,2397,0.5303370786516854
fb67f03,2,194,1,1071,0.6288659793814433
531f610,2,360,3,1986,0.5166666666666667
5e6b559,2,192,1,999,0.609375
381900c,4,377,6,1953,0.41644562334217505
e85e20c,2,290,3,1552,0.5448275862068965
65f5a36,3,409,32,2341,0.49877750611246946
eb3d3d6,2,226,2,1105,0.4823008849557522
de65f82,3,378,2,1902,0.5370370370370371
06ed983,3,380,4,2226,0.5289473684210526
136edb6,3,519,4,2930,0.5048169556840078
4b34887,2,156,1,895,0.6282051282051282
5f6ec57,4,552,5,3148,0.4692028985507246
823226d,4,334,6,1893,0.46107784431137727
5e87948,1,361,8,2321,0.6260387811634349
9380797,1,341,4,1927,0.5601173020527859
3c12509,3,531,20,2875,0.4971751412429379
13154fa,1,225,4,1176,0.48
fb27aa3,2,248,5,1319,0.3951612903225806
0eaa4e4,4,422,5,2473,0.41232227488151657
1cfab57,5,786,8,4322,0.3893129770992366
0d96a6c,2,698,5,3980,0.5143266475644699
4c2ae3a,2,254,5,1390,0.562992125984252
a6de1db,1,159,3,892,0.6918238993710691
a48576c,3,349,3,1900,0.5157593123209169
f86b855,6,685,5,4427,0.4686131386861314
da436e3,3,320,5,1752,0.590625
e81bc41,3,208,4,1241,0.6490384615384616
3f852f7,2,164,2,959,0.5792682926829268
218778e,2,375,3,1913,0.42933333333333334
caf4c50,5,953,6,5269,0.36096537250786986
f8cdfe5,4,456,6,2518,0.5153508771929824
10461dd,3,388,6,2327,0.5180412371134021
045fabf,2,233,3,1352,0.6738197424892703
1cf3716,3,327,3,1939,0.5382262996941896
0644f5b,4,433,10,2560,0.5866050808314087
2c0e0dc,3,551,6,3390,0.6333938294010889
b754ee5,4,494,4,2715,0.520242914979757
c760686,1,443,7,2570,0.54627539503386
664fb12,2,277,3,1437,0.48375451263537905
e7b013f,3,562,7,3211,0.43238434163701067
c282fd3,4,840,7,4764,0.4583333333333333
da750c7,3,413,6,2262,0.44794188861985473
9953a42,3,316,3,1714,0.49050632911392406
ac199a9,3,269,5,1542,0.587360594795539
4eea7c5,2,378,3,2033,0.5052910052910053
ebf5671,4,389,5,2203,0.5115681233933161
bf89237,3,364,4,1824,0.47802197802197804
dd4cacc,3,548,6,2978,0.3905109489051095
997a282,3,458,5,2446,0.4672489082969432
b1d4951,3,406,1,2100,0.4039408866995074
54e97f5,2,268,4,1479,0.5485074626865671
8f490b8,3,249,1,1408,0.5261044176706827
bf55e77,4,521,5,2757,0.47024952015355087
3dc3432,3,338,5,1801,0.47337278106508873
3a53b74,4,570,5,3255,0.4070175438596491
9129562,2,290,1,1459,0.40344827586206894
81fbfc0,3,262,3,1480,0.5992366412213741
036f820,3,331,4,1764,0.513595166163142
b4b47b2,3,264,3,1565,0.5568181818181818
8e47f79,3,370,3,2157,0.5702702702702702
f4f2c49,2,314,4,1849,0.5382165605095541
4246dc0,5,484,5,2907,0.47107438016528924
b9d6f74,2,298,5,1742,0.6174496644295302
01267d1,1,271,4,1567,0.5055350553505535
552af61,3,380,3,2398,0.5763157894736842
41ebc9a,2,157,3,875,0.5923566878980892
01d0836,2,473,6,2863,0.5369978858350951
8fbf117,4,765,6,4329,0.4418300653594771
30e7e7a,4,352,5,2045,0.5369318181818182
2899c5a,3,312,5,1717,0.5064102564102564
9d04ae1,2,295,3,1515,0.49830508474576274
36b2a34,4,449,5,2517,0.43875278396436523
14f90b2,3,813,4,4672,0.5436654366543665
d2aaa14,4,347,6,2112,0.6426512968299711
5de1aa5,2,163,2,953,0.656441717791411
47a87ad,2,251,8,1425,0.5657370517928287
3c7f3f6,2,178,3,995,0.4438202247191011
6969618,4,390,3,2089,0.5512820512820513
a2cc5e2,1,251,2,1260,0.5657370517928287
204b964,5,678,5,3839,0.5088495575221239
48d0510,1,296,3,1651,0.527027027027027
e960524,4,446,5,2797,0.4977578475336323
51771c8,4,475,6,2776,0.5789473684210527
3c4777e,3,561,3,3097,0.43493761140819964
720e373,3,361,1,1972,0.5761772853185596
c68a503,3,430,5,2201,0.4511627906976744
81d8662,1,199,4,1230,0.6884422110552764
46d27e2,3,417,5,2221,0.49640287769784175
002ba53,3,373,6,2208,0.41823056300268097
a0bd23c,4,479,5,2720,0.4989561586638831
94d40ea,4,734,10,3968,0.3991825613079019
71bc28b,4,380,5,2174,0.4263157894736842
40a2276,4,668,5,3571,0.36377245508982037
5a89201,2,294,3,1506,0.41836734693877553
346a63c,4,417,5,2232,0.4748201438848921
dc07e0c,3,294,6,1727,0.47619047619047616
6ea3842,3,440,23,2327,0.48409090909090907
7953bda,4,356,4,2125,0.4410112359550562
ee7ed2f,2,155,6,913,0.6387096774193548
e80ce3f,4,475,7,2559,0.49894736842105264
0c9c20d,2,184,3,890,0.6086956521739131
4799bc4,2,180,3,1072,0.5722222222222222
3865c55,2,238,3,1255,0.4957983193277311
17c3a14,2,268,3,1451,0.39925373134328357
7eff42e,4,446,5,2617,0.4663677130044843
495585f,2,190,3,1028,0.5842105263157895
b9cb7ac,4,394,5,2163,0.46954314720812185
a673f73,3,424,5,2246,0.3891509433962264
f07d210,3,429,4,2525,0.44522144522144524
126187d,1,294,9,1717,0.5918367346938775
12cfb98,4,401,5,2304,0.38403990024937656
a60ed5f,3,274,7,1524,0.572992700729927
292ff9c,3,394,5,2106,0.4213197969543147
b73d319,2,260,3,1382,0.55
68b6530,4,459,5,2476,0.4466230936819172
e3820ea,4,597,11,3402,0.5008375209380235
aa96539,4,569,4,3085,0.46572934973637964
a5274af,4,360,4,2285,0.5138888888888888
fae8a55,3,309,3,1737,0.5210355987055016
d1057e0,1,258,4,1784,0.6395348837209303
ae27b85,3,435,5,2536,0.4689655172413793
dce42d4,2,293,4,1722,0.6552901023890785
5fb1682,3,423,8,2219,0.44208037825059104
4eddf0f,3,327,5,1724,0.5504587155963303
cca24a0,2,257,3,1519,0.5719844357976653
5b3f4c8,2,221,4,1267,0.6108597285067874
34e37d0,4,472,5,2392,0.4364406779661017
dff1a03,5,507,5,2687,0.4457593688362919
9fa501b,3,325,5,1794,0.5015384615384615
577e7c0,4,535,5,2830,0.4336448598130841
1a28f21,3,243,3,1353,0.6584362139917695
7cc95dc,3,286,1,1823,0.6573426573426573
0fc7b60,2,216,4,1146,0.6111111111111112
2080bea,3,303,4,1654,0.45544554455445546
b629788,2,193,3,1060,0.40932642487046633
cf8bb28,1,188,3,1020,0.6329787234042553
141315e,1,315,8,1596,0.40634920634920635
b386564,3,571,4,3034,0.4098073555166375
2fd642e,4,481,5,2799,0.4677754677754678
d60df74,3,428,7,2274,0.411214953271028
2e1a485,1,172,2,931,0.5813953488372093
857f300,4,455,17,2691,0.41098901098901097
7ea5cd7,3,308,4,1628,0.5324675324675324
7906564,4,822,5,4582,0.4124087591240876
47625b4,3,248,4,1408,0.5685483870967742
7f0e5fd,1,285,5,1414,0.43508771929824563
fb53a4e,3,390,6,2275,0.36666666666666664
e7596d4,4,668,6,3748,0.4236526946107784
0ec99dd,5,640,5,3603,0.465625
7597add,3,286,4,1599,0.43006993006993005
18e24eb,3,336,1,1986,0.5595238095238095
07d6f42,3,405,8,2495,0.49876543209876545
5ccd665,2,356,3,1914,0.5084269662921348
0775ccb,3,264,4,1365,0.5416666666666666
48d2e18,2,290,4,1389,0.38620689655172413
ef4858f,2,236,1,1366,0.597457627118644
ae317f3,3,450,5,2340,0.4022222222222222
140eb3b,4,431,7,2524,0.4988399071925754
2dfce3b,2,294,6,1700,0.5884353741496599
6f470e8,2,216,3,1108,0.5277777777777778
627ab92,3,278,4,1541,0.5071942446043165
240c2b5,4,496,7,2835,0.5100806451612904
ebbc97b,2,330,7,1927,0.5303030303030303
8e0ce6d,4,486,5,2689,0.5246913580246914
928d593,3,615,5,2939,0.3902439024390244
131b17a,2,213,2,1211,0.5633802816901409
97d7afa,1,415,4,2293,0.5710843373493976
645bd80,5,555,5,3127,0.3927927927927928
9a9f450,1,241,5,1356,0.6016597510373444
fb7c1ee,4,424,5,2445,0.4080188679245283
42d5993,1,251,3,1313,0.4342629482071713
7a50491,4,387,6,2237,0.4392764857881137
f166cf1,4,448,4,2361,0.5446428571428571
59fb41f,2,322,15,1693,0.2950310559006211
7b6d0b1,2,293,2,1789,0.5938566552901023
d4df1ab,4,433,6,2415,0.5173210161662818
d7367ba,3,345,5,1911,0.5739130434782609
59f4b9a,2,433,5,2367,0.48729792147806006
bedb191,4,658,5,3895,0.4787234042553192
d5f2964,3,316,4,1731,0.4651898734177215
4148241,1,187,3,1125,0.7005347593582888
50677b9,3,281,4,1545,0.49110320284697506
9f5f865,2,282,3,1466,0.5283687943262412
08207e4,3,427,4,2138,0.45433255269320844
977383b,4,364,22,2013,0.4065934065934066
b43185d,3,321,5,1745,0.5358255451713395
b43f1b8,4,437,5,2511,0.45080091533180777
42933d4,3,327,3,1826,0.5443425076452599
e9c5831,2,175,4,940,0.6342857142857142
2e1c6a8,3,304,4,1770,0.5427631578947368
2a912c5,4,429,4,2462,0.5058275058275058
b16e55a,3,326,5,1753,0.5
b33822c,2,189,3,1133,0.6190476190476191
944301c,3,355,3,2122,0.4676056338028169
862c467,2,177,3,1032,0.6949152542372882
6cf5ae1,4,370,5,2245,0.5648648648648649
88c9fcb,4,389,5,2231,0.5424164524421594
a915d97,4,360,6,2002,0.525
1fa24bd,1,243,1,1377,0.5761316872427984
b06ed7d,3,206,4,1173,0.6116504854368932
bcff958,3,340,5,1833,0.5
b74c950,4,455,5,2576,0.5340659340659341
79d5f4a,3,469,5,2515,0.44776119402985076
c0f5c76,4,391,5,2170,0.5191815856777494
3c6d6fb,3,224,3,1187,0.45982142857142855
d93bf92,2,206,3,1024,0.5097087378640777
2fcb0d2,3,393,3,2295,0.5597964376590331
d9319e2,4,414,5,2486,0.49516908212560384
163e68c,3,268,3,1443,0.5485074626865671
c4c74ea,3,245,3,1343,0.5795918367346938
726d43a,4,472,6,2788,0.4427966101694915
fede8f3,3,441,6,2239,0.3900226757369615
3077554,3,264,3,1515,0.4583333333333333
587cddc,3,343,9,2156,0.49271137026239065
2047852,3,307,5,1724,0.498371335504886
be2d121,4,461,7,2598,0.48156182212581344
092a3b6,3,320,1,1620,0.375
acc3c33,3,304,5,1586,0.46710526315789475
9a6133a,4,519,5,2803,0.5183044315992292
b9d83b6,5,675,5,3940,0.45925925925925926
bed37c5,4,471,5,2623,0.45010615711252655
2895919,2,267,4,1559,0.4794007490636704
91b046e,2,167,3,964,0.6107784431137725
8e7c556,3,360,5,2093,0.5055555555555555
9f804bd,2,166,1,917,0.6385542168674698
6f371e5,4,599,5,3234,0.4090150250417362
1039122,1,235,13,1414,0.6425531914893617
7490c48,2,280,7,1391,0.5785714285714286
18bc87c,4,347,5,1995,0.5417867435158501
273fb7d,1,203,4,1225,0.7093596059113301
54e201a,3,211,3,1169,0.6540284360189573
174eb65,3,368,5,2049,0.5081521739130435
996c81d,4,378,4,2341,0.4021164021164021
e759873,3,246,5,1274,0.5772357723577236
8e54f8c,4,356,5,1979,0.5533707865168539
356939e,1,175,1,905,0.5771428571428572
82f3bb7,3,257,5,1357,0.48249027237354086
ac4f2e1,2,170,1,852,0.5823529411764706
2a188a7,4,352,5,2012,0.5710227272727273
b8f26c1,4,626,5,3679,0.5399361022364217
0beb053,3,291,10,1563,0.46048109965635736
e79ee7d,2,300,4,1722,0.5833333333333334
ba36ab2,3,411,5,2095,0.4720194647201946
0785120,4,327,5,1888,0.5565749235474006
2dacefb,4,457,5,2628,0.5054704595185996
603dc9d,2,228,3,1225,0.5350877192982456
b52e1cd,4,629,5,3522,0.424483306836248
2b260d4,3,216,3,1146,0.5462962962962963
773c30a,2,196,4,1161,0.6020408163265306
3302250,1,255,1,1551,0.6549019607843137
b50adb7,1,180,1,1001,0.65
ff63da1,2,248,3,1452,0.5967741935483871
30f8ef9,4,513,4,2935,0.46588693957115007
157c8cb,3,401,10,2093,0.4164588528678304
5d7b1e1,2,631,5,3636,0.4611727416798732
59ebcf6,4,396,5,2263,0.5454545454545454
135d4e6,3,377,6,2280,0.5623342175066313
c1d1fa7,2,156,2,999,0.6346153846153846
fcf80b2,2,155,2,867,0.6516129032258065
e31884d,1,346,4,2015,0.5953757225433526
305dfe1,2,160,3,883,0.59375
c032847,2,193,1,1012,0.5647668393782384
15da71c,2,204,6,1130,0.5637254901960784
f3b965c,2,227,4,1265,0.4933920704845815
97d0bfd,4,324,4,1901,0.4845679012345679
5e52c35,2,294,5,1586,0.5204081632653061
8b8137e,1,289,4,1630,0.5363321799307958
121762e,2,184,3,1016,0.7065217391304348
d38cbdf,1,204,3,1021,0.5147058823529411
4f07c28,2,340,4,1906,0.40588235294117647
fefab6e,2,351,3,1809,0.4928774928774929
48781d3,3,415,5,2343,0.41445783132530123
aa52b3b,1,173,1,1023,0.7398843930635838
4e61f2a,3,260,5,1376,0.5538461538461539
82a43db,3,309,6,1730,0.540453074433657
e4808ce,2,202,3,1117,0.6584158415841584
614d93c,1,287,4,1647,0.3867595818815331
014eba6,1,227,3,1118,0.5726872246696035
1c18756,3,265,3,1624,0.5320754716981132
bb1ec86,2,369,13,1876,0.4010840108401084
8daba5f,1,411,3,2351,0.6204379562043796
f0eb9be,3,287,3,1766,0.5993031358885017
d7b2856,1,159,5,882,0.6540880503144654
1f58110,2,181,4,1007,0.6077348066298343
2aa79b2,3,333,6,1692,0.4444444444444444
8ba2d9d,3,510,4,2717,0.5098039215686274
2e312fd,1,220,2,1092,0.44545454545454544
c1f420e,4,263,5,1514,0.5361216730038023
7d79b75,3,282,4,1569,0.41843971631205673
190c3fe,4,535,6,2914,0.4523364485981308
d5888bd,3,341,3,1853,0.592375366568915
936edef,2,242,3,1224,0.5371900826446281
030cf8b,3,493,5,2919,0.539553752535497
5f4a09b,4,380,4,2193,0.5131578947368421
ec9d365,4,362,4,2179,0.5193370165745856
37b12d1,4,561,5,3205,0.3868092691622103
3a7aa19,3,408,5,2407,0.5759803921568627
9f7fd3d,2,183,3,1033,0.5846994535519126
37ae74c,3,425,5,2523,0.46588235294117647
399db9f,2,167,2,933,0.5748502994011976
3327a87,3,437,6,2299,0.43935926773455375
44567d5,4,480,5,2723,0.51875
21ea962,2,169,1,815,0.6035502958579881
c3b8c6c,1,198,1,1169,0.6262626262626263
326414d,2,269,1,1431,0.5724907063197026
bf2e7ce,3,331,4,1767,0.5740181268882175
abaa5bb,3,244,6,1375,0.639344262295082
43f5d42,3,540,5,3231,0.5703703703703704
fb0e011,3,582,5,3247,0.34192439862542956
26e091d,4,495,6,2978,0.5393939393939394
f29d052,3,582,6,3003,0.40378006872852235
5aed1c1,3,370,26,2024,0.4027027027027027
c25ce3f,2,182,3,5982,0.7032967032967034
1b4d2d6,3,447,5,2527,0.5682326621923938
3523623,2,354,3,1948,0.519774011299435
7da697d,3,393,5,2019,0.455470737913486
8b9296d,1,251,1,1252,0.4820717131474104
e71e75f,2,258,3,1351,0.4573643410852713
52fff42,3,678,7,3595,0.33775811209439527
36bc161,4,493,3,2952,0.5780933062880325
aa3caf0,2,219,1,1220,0.6210045662100456
028d00e,3,322,4,1580,0.5
964c2c6,2,231,3,1366,0.670995670995671
4f1d495,4,389,3,2422,0.570694087403599
d4ebb9f,1,162,1,945,0.6728395061728395
a20e756,3,301,4,1533,0.6079734219269103
aaa4906,3,625,6,3285,0.432
cd99d58,3,436,3,2577,0.536697247706422
54a0093,4,447,5,2475,0.48769574944071586
3fdf204,3,321,4,1728,0.4735202492211838
fc156e4,2,334,4,1713,0.5299401197604791
a44fbb2,3,302,5,1560,0.5132450331125827
32f2382,4,281,4,1466,0.5480427046263345
688ce5d,3,383,6,1953,0.4490861618798956
7534bbd,2,161,2,920,0.6521739130434783
18bfb7e,2,303,3,1586,0.47194719471947194
822fb2e,3,267,3,1512,0.5393258426966292
aa4589f,3,289,5,1586,0.4913494809688581
79d3919,3,349,5,2020,0.5128939828080229
4ffc993,3,254,5,1452,0.610236220472441
843c2aa,4,541,4,3047,0.4584103512014787
41b88e2,2,178,3,1029,0.5617977528089888
966ecb4,3,288,1,1567,0.4722222222222222
58e1214,2,158,1,839,0.5886075949367089
8945fee,3,364,5,1989,0.5467032967032966
31d3659,4,425,5,2460,0.5623529411764706
c559e18,5,863,8,5175,0.3522595596755504
78ac219,4,526,5,2870,0.49619771863117873
c909c7d,3,383,17,2264,0.5744125326370757
cc1f63b,3,341,5,1803,0.5161290322580645
da50585,3,418,5,2251,0.5454545454545454
7ff7dd9,3,428,3,2388,0.4719626168224299
8b19ef6,4,391,5,2094,0.5294117647058824
bddb02d,3,722,7,3927,0.36426592797783935
0b8fea3,3,268,4,1495,0.5746268656716418
e59d33b,4,348,3,2065,0.5402298850574713
208eb37,2,227,5,1439,0.6255506607929515
118d5fb,2,318,6,1734,0.5786163522012578
bff17b5,1,151,4,811,0.609271523178808
71b9fec,3,335,3,1837,0.48059701492537316
b1131cd,3,204,3,1118,0.6127450980392157
da71454,2,281,3,1617,0.604982206405694
ade79ec,2,212,3,1255,0.5801886792452831
ab12472,4,705,5,4093,0.5687943262411348
2c9e52a,3,374,5,1935,0.47058823529411764
c83d850,3,385,6,2074,0.43116883116883115
1d5fd7e,2,274,4,1533,0.5912408759124088
c03a24b,3,367,4,2026,0.555858310626703
328a78f,2,172,3,979,0.6104651162790697
e29e6af,5,680,12,3941,0.4970588235294118
e1df4f0,2,183,3,1153,0.6612021857923497
9650eb6,2,457,5,2381,0.4638949671772429
48f6ee6,2,294,2,1537,0.46938775510204084
5006634,3,273,5,1491,0.5970695970695971
01c3e09,1,206,1,1110,0.5339805825242718
a76077f,5,501,5,2890,0.5169660678642715
99073b3,2,174,3,1022,0.6609195402298851
a61ff31,3,295,3,1674,0.4745762711864407
a75401c,1,160,2,807,0.5625
be96267,2,219,3,1112,0.5205479452054794
43e4564,2,582,10,3247,0.34192439862542956
abdde55,5,552,6,3212,0.4692028985507246
7491084,2,316,8,1758,0.5284810126582279
7e56af4,3,493,5,2568,0.40162271805273836
f75538f,3,481,6,2819,0.5343035343035343
190ca77,5,568,7,3198,0.34683098591549294
92436c5,3,386,10,2076,0.5233160621761658
9c6f763,2,227,1,1208,0.45374449339207046
2085ad3,2,321,8,1864,0.5015576323987538
954f9af,3,379,4,2074,0.40105540897097625
589c1d1,3,367,1,2017,0.4986376021798365
df2b290,2,182,1,920,0.6483516483516484
47dc813,3,293,4,1582,0.5767918088737202
ba45666,3,360,5,2062,0.5111111111111111
170613b,3,340,4,1948,0.4676470588235294
4fa9d9c,4,410,6,2283,0.45365853658536587
dd89be1,4,393,5,2068,0.455470737913486
b0d37fa,4,368,6,1994,0.5081521739130435
3e285b1,2,184,8,1055,0.5869565217391305
ba0c44f,1,221,4,1158,0.42081447963800905
57b9fad,4,386,4,2176,0.45595854922279794
47ba414,2,164,3,945,0.6036585365853658
3c3267f,4,402,5,2278,0.47512437810945274
8ee682c,2,258,3,1450,0.5852713178294574
c701de7,3,430,4,2325,0.4186046511627907
c0058ca,4,474,5,2730,0.42616033755274263
654b522,3,453,6,2431,0.4481236203090508
b0bb62b,3,473,12,2542,0.3890063424947146
1e88fb2,2,239,4,1328,0.5983263598326359
4d0b93b,2,213,2,1200,0.49765258215962443
fefbda2,3,310,6,1882,0.5806451612903226
6ddc70c,2,246,4,1360,0.6178861788617886
57ebb53,4,529,8,3104,0.4952741020793951
680c26b,5,492,5,2679,0.4573170731707317
818fef2,1,168,1,869,0.5595238095238095
0a7ef89,3,317,5,1650,0.41324921135646686
5ee3045,3,259,5,1426,0.6216216216216216
6cbfa0b,4,542,5,2808,0.3948339483394834
15dd182,4,768,6,4360,0.41796875
8ee388b,2,291,3,1691,0.4742268041237113
10f7298,3,235,3,1258,0.6085106382978723
4247306,4,585,5,3245,0.4683760683760684
0c488ee,2,242,4,1247,0.512396694214876
1b01352,3,274,6,1684,0.4744525547445255
0376bcb,3,280,5,1536,0.5571428571428572
2750fc1,3,292,5,1525,0.5684931506849316
6ed9bb3,4,520,4,3033,0.45
3698a15,2,182,4,942,0.6043956043956044
ad2e904,1,176,2,1070,0.5454545454545454
01d6e7e,3,254,3,1367,0.5905511811023622
ccafc96,2,264,3,1461,0.5833333333333334
d7fcf4b,1,282,3,1667,0.6134751773049646
2312dc6,2,160,3,851,0.55625
0fb1945,3,383,4,2155,0.566579634464752
82d48f6,4,545,5,2888,0.3357798165137615
50deda0,3,299,5,1555,0.3879598662207358
513352f,4,395,6,2290,0.5341772151898734
0a31cd0,4,313,5,1666,0.5463258785942492
9d48040,2,252,3,1397,0.5753968253968254
7d52275,3,364,6,1959,0.489010989010989
a2274de,4,399,5,2224,0.43358395989974935
94c1d7b,2,424,10,2178,0.5235849056603774
e9529d2,3,220,3,1196,0.5409090909090909
4094224,4,536,6,3096,0.5093283582089553
9c6dd12,3,288,7,1554,0.5486111111111112
f58b8fd,3,291,4,3725,0.5910652920962199
a5d516b,2,183,5,1099,0.5792349726775956
e88bae9,2,278,5,1501,0.5863309352517986
5e50b4e,4,396,5,2316,0.5050505050505051
57dfbe2,3,302,4,1591,0.5
281c018,3,280,4,1496,0.575
c5fc2d8,3,254,9,1307,0.5590551181102362
b77b3a1,2,358,5,1849,0.49162011173184356
78ab3a1,3,230,3,1372,0.5695652173913044
0b8ed23,3,512,5,2775,0.5078125
fd1716f,1,204,2,1093,0.5637254901960784
56c28f4,3,397,3,2179,0.4987405541561713
3c7212e,4,494,7,2683,0.39473684210526316
a884517,2,213,4,1164,0.6338028169014085
dc53609,4,374,7,2253,0.516042780748663
1f7704a,1,195,1,1123,0.6358974358974359
5f922b4,2,325,3,1715,0.48615384615384616
5984580,4,432,3,2296,0.46064814814814814
e65aa9e,2,198,4,1111,0.5151515151515151
b6c3642,2,155,4,853,0.6516129032258065
2dbac81,4,347,6,1818,0.47262247838616717
c3f8d1e,3,293,4,1653,0.5085324232081911
ba2d4ec,4,664,5,3655,0.5240963855421686
bbf1f1d,3,292,4,1756,0.4691780821917808
3bd10c2,2,413,6,2280,0.5399515738498789
eb7bd34,3,398,7,2261,0.44472361809045224
98837a5,3,284,4,1722,0.5774647887323944
c0debaf,3,370,5,2051,0.4810810810810811
4972301,3,300,4,1597,0.39
66e9710,2,154,2,838,0.5844155844155844
feebd5a,4,624,5,3167,0.42467948717948717
2565957,2,179,3,988,0.6536312849162011
936d03a,4,520,5,2881,0.5769230769230769
d09759b,3,294,4,1624,0.4965986394557823
e8754f8,2,151,3,811,0.6688741721854304
b14c3ac,2,198,2,1201,0.702020202020202
7d57aaf,3,243,5,1366,0.6460905349794238
5fedaa4,2,205,6,1379,0.5170731707317073
7dee746,1,326,1,1865,0.6257668711656442
d24c185,2,234,3,1224,0.48717948717948717
80a82c7,4,417,4,2204,0.4844124700239808
ffc9095,3,412,2,2359,0.5509708737864077
4afda89,4,544,5,3061,0.5275735294117647
b55418f,2,389,3,1913,0.4190231362467866
80c0894,2,206,5,1153,0.616504854368932
3dfc80d,3,262,5,1483,0.46946564885496184
75798aa,2,247,4,1414,0.5708502024291497
5ec4bb9,3,419,5,2450,0.4295942720763723
57b1a71,3,249,5,1353,0.5220883534136547
16d8683,3,234,4,1294,0.5982905982905983
f60205d,5,554,5,3129,0.4259927797833935
82c09a2,3,335,6,1773,0.417910447761194
93f529f,2,279,4,1524,0.5985663082437276
09a62eb,4,462,6,2481,0.45454545454545453
9763ea8,3,615,22,3765,0.48292682926829267
b3f2446,4,393,5,2150,0.5216284987277354
0a7fbd0,4,430,5,2548,0.48372093023255813
4718f97,4,687,6,3776,0.42358078602620086
9077883,3,309,5,1669,0.5048543689320388
bd2967a,2,446,6,2763,0.45964125560538116
6e6eead,2,223,3,1235,0.49327354260089684
0cc9cb5,5,775,5,4331,0.3793548387096774
46d9c7d,3,368,3,1865,0.49184782608695654
2eddc0b,4,448,6,2419,0.4888392857142857
c161eb7,2,186,2,1103,0.6129032258064516
81563a6,2,282,6,1556,0.5425531914893617
e11d005,6,780,5,4510,0.4012820512820513
452c84b,5,634,4,3562,0.4558359621451104
cb9a225,4,558,6,3215,0.3906810035842294
e03613b,1,355,3,2126,0.5521126760563381
751c429,4,458,4,2585,0.5807860262008734
f2cc14d,2,234,4,1308,0.5085470085470085
a468a26,3,452,3,2330,0.43805309734513276
8b68d5d,4,584,1,3202,0.4537671232876712
c8c7f71,1,330,5,2093,0.6121212121212121
f468ccf,3,330,4,1899,0.5212121212121212
61c3e9a,2,256,1,1332,0.51171875
144074a,3,355,3,2049,0.5830985915492958
c905591,5,665,4,4007,0.4120300751879699
f8615f8,3,434,6,2389,0.5345622119815668
f87f7f7,3,331,3,1845,0.5740181268882175
d7b02d4,2,222,3,1224,0.5495495495495496
acecdfa,3,461,4,2587,0.5531453362255966
e233bf6,3,323,5,1871,0.5139318885448917
3f730ba,1,162,1,973,0.7222222222222222
9136091,5,630,5,3343,0.3523809523809524
2289b45,3,193,10,1084,0.5854922279792746
227d74d,2,182,3,980,0.489010989010989
d2a690d,4,304,5,1622,0.4342105263157895
2977ec6,3,429,5,2462,0.5431235431235432
301ae02,4,505,9,2947,0.4376237623762376
a681064,5,601,4,3361,0.49916805324459235
a94515c,3,285,16,1713,0.5929824561403508
54244e4,3,354,3,1871,0.5451977401129944
5a0f5fb,4,397,5,2287,0.5264483627204031
9209bae,5,560,5,3408,0.40535714285714286
d9cb9cc,1,258,2,1375,0.5348837209302325
db372d7,3,267,5,3102,0.5168539325842697
9563943,2,205,1,1099,0.5609756097560976
526454d,4,479,4,2703,0.4279749478079332
fad438e,4,575,7,3139,0.44
1d587b8,3,357,5,1886,0.5014005602240896
40a9cd9,2,245,3,1279,0.5387755102040817
2235d96,5,628,5,3531,0.4554140127388535
51a3194,1,290,7,1630,0.43448275862068964
ce4e3d3,3,381,4,2132,0.4461942257217848
926786c,3,363,7,2138,0.6060606060606061
438648b,5,764,4,4101,0.3769633507853403
5cd143c,2,406,5,2387,0.4876847290640394
9dd3136,2,224,3,1237,0.5669642857142857
466a255,1,167,3,1024,0.7065868263473054
142fbeb,3,478,3,2612,0.4581589958158996
fe36a9d,2,192,6,1145,0.6197916666666666
7c2e2d2,3,353,9,2015,0.546742209631728
c1e1f15,2,228,4,1292,0.618421052631579
0bc0443,3,427,5,2330,0.5128805620608899
0635458,3,343,5,1850,0.5568513119533528
d349bb7,3,317,11,1673,0.48580441640378547
645077f,3,351,6,2006,0.5783475783475783
4e9d2aa,4,454,5,2703,0.3854625550660793
34efe4d,3,564,6,3116,0.5390070921985816
6368413,4,460,5,2548,0.5173913043478261
a1cde0f,3,311,6,1638,0.42443729903536975
246c469,3,222,3,1376,0.7027027027027027
93139ad,3,335,5,1911,0.48656716417910445
300286f,2,196,5,1094,0.576530612244898
ac2295e,4,423,6,2503,0.5626477541371159
9bac66a,4,591,5,3297,0.43147208121827413
b82bf26,3,288,5,1538,0.53125
73193ea,3,303,3,1610,0.5148514851485149
23ff7e3,3,213,8,1277,0.5070422535211268
c69ec85,4,549,5,3070,0.45719489981785066
46939cc,3,313,5,1625,0.48562300319488816
a830f55,5,668,8,3888,0.3907185628742515
7634cdc,3,477,13,2707,0.4989517819706499
242eb2a,3,344,6,1984,0.5930232558139535
8ef955b,3,339,5,1786,0.4247787610619469
4a2249a,4,379,3,2291,0.5118733509234829
2e3ae1a,4,454,5,2782,0.5947136563876652
a5afdd7,2,248,4,1344,0.5080645161290323
296daf4,2,239,10,1342,0.5523012552301255
be705c4,4,314,4,1860,0.6019108280254777
d596c5a,3,352,5,1866,0.5482954545454546
eec4b50,2,162,4,822,0.47530864197530864
d9e7c10,3,436,5,2371,0.48623853211009177
e6d2d03,2,337,3,1942,0.5964391691394659
0a67e11,3,458,16,2749,0.5152838427947598
f43f4f1,2,202,5,1191,0.6188118811881188
99603ab,4,558,6,3104,0.4175627240143369
670daa2,2,242,5,1268,0.4628099173553719
e268cd1,1,168,1,844,0.6666666666666666
0e8c167,1,152,7,835,0.618421052631579
9a8210e,4,699,3,3655,0.4492131616595136
dedd8ba,3,254,3,1467,0.5551181102362205
989e354,4,590,5,3103,0.41694915254237286
823c49c,4,357,4,2125,0.5126050420168067
0c76a09,2,212,3,1015,0.5330188679245284
c93560a,4,596,5,3332,0.5218120805369127
fb003ce,2,194,6,1136,0.6443298969072165
f3d1d93,3,539,6,2978,0.4712430426716141
875543a,4,542,6,2931,0.4095940959409594
39d6bfb,2,285,6,1608,0.5859649122807018
7b7b596,2,278,12,1557,0.5179856115107914
1b0037e,2,212,4,1146,0.5849056603773585
4455bef,3,224,5,1146,0.5223214285714286
25e2100,4,331,4,1942,0.4471299093655589
8cc630f,1,175,1,1009,0.72
23acd87,4,347,8,1967,0.5043227665706052
a658683,1,153,3,771,0.5882352941176471
c337f6a,2,200,4,1176,0.52
766bc64,2,256,4,1419,0.515625
dbbc5e5,5,789,6,4130,0.36755386565272496
4f78439,5,537,6,3075,0.4543761638733706
177409b,2,318,4,1791,0.4748427672955975
67cf4cf,1,161,3,771,0.546583850931677
c3afb02,2,253,4,1448,0.6403162055335968
bb87e68,3,196,3,963,0.5459183673469388
904367b,4,448,6,2493,0.3392857142857143
1e8cded,2,200,3,1094,0.505
ca093d9,2,185,3,1234,0.6918918918918919
ebbe275,4,480,5,2662,0.55625
8084fa4,3,215,3,1247,0.5023255813953489
b8e1a6c,3,263,5,1495,0.5133079847908745
38ea253,4,407,5,2249,0.47174447174447176
f73a4ae,3,476,4,2559,0.44537815126050423
fc5aa1b,3,314,6,1738,0.46496815286624205
f9a3b13,2,248,4,1288,0.6209677419354839
9e46632,3,199,3,1176,0.6683417085427136
fc4bf51,4,374,7,2042,0.4037433155080214
40ad316,2,202,4,1121,0.5148514851485149
a723b09,3,586,5,3383,0.431740614334471
eea10e5,3,485,4,2737,0.5752577319587628
c09c0d0,3,385,5,2005,0.4857142857142857
a4a22a1,3,298,4,1779,0.4161073825503356
4bd15b7,2,287,4,1537,0.5644599303135889
528fde0,2,720,6,4413,0.5611111111111111
10228eb,3,216,4,1243,0.5925925925925926
1a28c7f,3,278,5,1671,0.5467625899280576
a540d37,3,475,5,2549,0.43157894736842106
cb7f6a0,2,208,3,1135,0.5480769230769231
f17fb05,2,213,3,1068,0.49295774647887325
6571282,4,551,6,2906,0.4537205081669691
f524cf4,2,476,5,2773,0.5357142857142857
73b0af7,2,187,3,1014,0.6417112299465241
0269b85,3,240,3,1214,0.5041666666666667
50b3ff8,4,417,5,2396,0.5035971223021583
cf6d57c,1,195,3,945,0.5230769230769231
79b53f9,1,192,3,1095,0.5625
545d121,4,595,5,3365,0.5058823529411764
0b62ebe,2,278,3,1478,0.5755395683453237
8bf13d5,3,255,5,1481,0.5764705882352941
c18c680,2,334,6,1801,0.46107784431137727
ffb4baa,1,161,6,891,0.6211180124223602
17e6981,2,184,3,1042,0.6467391304347826
95ff8f8,4,366,3,2189,0.5901639344262295
bd7fb96,2,196,5,1083,0.576530612244898
c8d4629,4,484,5,2926,0.5867768595041323
02f6c8a,5,468,4,2598,0.4636752136752137
5dfa3a4,4,398,4,2225,0.5125628140703518
76c50bd,2,156,5,893,0.5897435897435898
2024044,2,276,4,1501,0.605072463768116
10bc1b7,2,437,2,2398,0.5102974828375286
b3ef813,4,386,5,2075,0.5103626943005182
c312a83,3,309,5,1753,0.5760517799352751
30acda7,1,211,2,1083,0.5165876777251185
b511f30,3,398,4,2428,0.5
509d767,4,587,5,3518,0.48722316865417375
c18f44f,3,285,7,1477,0.543859649122807
82b38aa,1,205,5,1222,0.6487804878048781
abeef31,2,257,5,1383,0.5369649805447471
f16643f,4,450,5,2342,0.4022222222222222
29f0b19,1,298,1,1837,0.714765100671141
19dee01,2,781,7,4099,0.39436619718309857
34807cc,4,538,5,3247,0.570631970260223
64947c0,2,442,7,2713,0.583710407239819
4f5a72e,4,468,5,2667,0.46794871794871795
60cd095,2,247,8,1281,0.4817813765182186
e22dbf3,4,520,5,2885,0.4826923076923077
4fa782f,2,220,3,1234,0.6227272727272727
e065df0,3,414,5,2220,0.5772946859903382
b2cd6f4,2,184,1,1068,0.6141304347826086
951eb47,4,411,8,2499,0.583941605839416
7582764,2,163,4,829,0.6012269938650306
0abf87b,4,455,5,2515,0.5010989010989011
4b98b72,3,421,7,2322,0.5130641330166271
26e8509,3,226,4,1326,0.6017699115044248
3167320,2,244,6,1349,0.5
c6bd099,3,499,3,2790,0.5090180360721442
2b9dc98,3,370,8,1957,0.5513513513513514
8eec829,2,223,1,1143,0.515695067264574
78c57a0,3,278,3,1555,0.5863309352517986
d9040ef,3,377,8,1927,0.4350132625994695
f61db0d,3,268,3,1618,0.5559701492537313
c5b7d0c,2,300,4,1609,0.49
2688e0d,1,248,6,1535,0.6129032258064516
d6fd8ff,3,362,5,2049,0.6049723756906077
26a2e7d,4,397,6,2290,0.491183879093199
5be5515,4,569,5,3124,0.44815465729349735
952a7af,2,261,3,1393,0.5363984674329502
340938d,3,299,5,1538,0.47491638795986624
b2d9c8e,4,507,5,2929,0.3767258382642998
9f7787b,4,335,6,1806,0.48955223880597015
3c2c934,3,375,5,2208,0.464
a0a15e3,4,409,5,2469,0.5158924205378973
a125890,1,251,6,1547,0.5537848605577689
ace2bd7,2,205,4,1189,0.6585365853658537
a6b4308,2,199,3,1153,0.5376884422110553
545470a,4,470,7,2622,0.4957446808510638
8f1c6b3,3,386,3,2245,0.47668393782383417
c0524f6,4,275,6,1672,0.5490909090909091
55e920d,3,253,4,1402,0.5731225296442688
1f1e073,3,567,4,3154,0.5432098765432098
34e8646,3,344,5,1820,0.5290697674418605
9bd28f8,2,385,3,2099,0.43636363636363634
888d8f7,1,200,1,1126,0.66
5d0887b,3,355,5,1864,0.48732394366197185
141df49,2,219,3,1328,0.589041095890411
7826c05,2,150,1,720,0.5533333333333333
d9c0590,3,298,4,1638,0.5436241610738255
812f71f,2,167,3,821,0.5988023952095808
a35f336,2,234,3,1300,0.6282051282051282
1755744,4,383,4,2372,0.5352480417754569
406731a,6,702,5,4122,0.42450142450142453
758fd71,4,437,5,2503,0.42105263157894735
fbc2ba4,5,881,5,4878,0.4517593643586833
9c08744,4,481,5,2454,0.46361746361746364
b992d5c,3,275,9,1476,0.6290909090909091
defe6bd,3,207,4,1161,0.6521739130434783
1445aea,2,199,11,1090,0.6080402010050251
d598a49,2,241,4,1384,0.6099585062240664
b902f23,2,162,3,947,0.6604938271604939
77b2dc7,2,227,3,1165,0.6211453744493393
ca6daed,4,392,5,2319,0.42857142857142855
cbedebe,5,530,4,3257,0.4188679245283019
7bea671,1,225,7,4586,0.6133333333333333
ed4e14e,4,362,5,2039,0.49171270718232046
2aa5a24,5,557,5,3188,0.48114901256732495
e6e7528,3,195,3,1000,0.6410256410256411
100decf,3,335,4,1866,0.5432835820895522
bae29d5,4,412,5,2452,0.5
1cbab90,6,727,5,4337,0.41127922971114167
12a7aff,3,276,5,1423,0.40942028985507245
a55c186,2,245,4,1163,0.5428571428571428
e5c6f04,2,226,3,1165,0.5619469026548672
bd4db26,3,244,7,1431,0.6557377049180327
5c657d7,2,190,4,1010,0.5631578947368421
a58fd7c,2,226,5,1200,0.588495575221239
c3380a3,2,261,5,1516,0.6513409961685823
f609fe8,3,415,7,2244,0.5132530120481927
e6ec61e,4,391,5,2311,0.5063938618925832
9594ee4,3,334,11,1732,0.45209580838323354
be7a989,3,375,3,2053,0.5226666666666666
e0ee50c,2,431,7,2257,0.505800464037123
dbcb8e2,3,433,4,2394,0.48267898383371827
869ffcc,3,325,5,1895,0.5107692307692308
5a41f05,4,387,11,2244,0.5607235142118863
c5f1310,3,426,5,2232,0.43427230046948356
7ac3dde,4,504,5,2613,0.42658730158730157
e5752c8,4,628,5,3893,0.5398089171974523
8c00849,1,181,4,934,0.569060773480663
c53c3de,3,337,5,2103,0.5014836795252225
cafe815,2,183,1,909,0.6229508196721312
df3edd3,4,685,5,3932,0.4467153284671533
e94eabb,4,424,5,2450,0.5283018867924528
c192588,3,280,5,1426,0.4928571428571429
c2f9e43,1,442,4,2118,0.3733031674208145
d9cc4d7,3,464,6,2674,0.5086206896551724
83aa124,3,376,6,2237,0.526595744680851
a4c05da,1,255,3,1342,0.596078431372549
3e3f686,3,340,5,1817,0.5264705882352941
562a16f,3,314,6,1580,0.4681528662420382
edd1435,4,326,6,1903,0.6012269938650306
545be4c,2,187,3,983,0.6042780748663101
d047d46,3,175,3,956,0.5257142857142857
2ec03c1,3,343,5,1798,0.3673469387755102
d5f4814,5,612,6,3317,0.38235294117647056
9f8a611,3,487,3,2893,0.5071868583162218
5373630,2,197,1,1173,0.6192893401015228
508ef80,2,215,3,1144,0.5348837209302325
de232b2,2,180,4,1002,0.5611111111111111
fb35b95,4,613,5,3481,0.48776508972267535
9847730,4,887,7,4874,0.3258173618940248
f13f21c,5,644,4,3414,0.37267080745341613
888b77e,4,493,7,2694,0.4340770791075051
95030a6,3,435,4,2138,0.39770114942528734
fee447d,2,308,3,1444,0.42857142857142855
8628ef4,4,389,7,2174,0.480719794344473
bfff92e,1,350,3,2000,0.58
7bcbcd8,3,243,3,1261,0.5267489711934157
621f6fc,3,225,4,1436,0.6177777777777778
2b34eff,2,282,7,1601,0.6063829787234043
bd0efb4,3,342,3,1875,0.5350877192982456
92728de,3,498,21,2800,0.46987951807228917
161da84,4,506,7,2850,0.5395256916996047
01247bc,2,251,3,1266,0.5537848605577689
e39f9e8,2,206,1,1017,0.47572815533980584
36d2cfc,2,335,2,1854,0.6149253731343284
f55537c,3,339,5,1996,0.5339233038348082
cd0a006,2,288,4,1550,0.4340277777777778
51224cb,3,292,4,1817,0.613013698630137
c0e3cd8,2,217,1,1159,0.46543778801843316
4bae377,3,370,5,2266,0.4540540540540541
15fc2ac,3,308,1,1633,0.5064935064935064
7440bf9,4,434,5,2590,0.47235023041474655
8bb3873,4,558,5,3310,0.3996415770609319
0227e67,4,669,4,3608,0.47832585949177875
14a0088,2,200,12,1101,0.58
e35f6ff,5,590,3,3274,0.4033898305084746
8c1c38a,2,306,3,1705,0.5032679738562091
847199c,3,270,5,1511,0.4740740740740741
a8d1c30,2,208,4,1187,0.5721153846153846
8f33bf3,5,531,4,3005,0.4199623352165725
eb4ead3,3,463,7,2643,0.4946004319654428
627ee5d,1,252,5,1315,0.5833333333333334
c64bdd6,3,411,6,2222,0.4233576642335766
9a83f8f,4,485,4,2726,0.5175257731958763
0f4a9a2,4,564,3,3054,0.4432624113475177
998557d,3,676,6,3865,0.39349112426035504
1210874,3,305,3,1712,0.5344262295081967
a69f5d6,4,525,5,3057,0.4228571428571429
6ef257d,4,551,28,3122,0.41197822141560797
7d4d397,1,180,1,957,0.5111111111111111
3751711,3,416,6,1986,0.40865384615384615
0931a6e,4,406,6,2181,0.5246305418719212
9bcd8ba,3,320,4,1785,0.403125
53b4b52,4,560,7,3326,0.5142857142857142
e97e384,3,236,5,1250,0.5338983050847458
a4b3e4e,4,348,4,2051,0.5977011494252874
b969335,2,269,4,1376,0.5687732342007435
8dd4edf,3,457,26,2429,0.4420131291028446
17476df,3,371,5,2044,0.5148247978436657
3b5ac80,3,284,3,1724,0.5880281690140845
6009def,3,245,3,1349,0.5755102040816327
bc78068,3,620,10,3571,0.55
e881a82,2,165,4,922,0.5818181818181818
ecedd1e,3,363,3,2110,0.5977961432506887
56482fc,2,206,1,1112,0.6019417475728155
a5e97e6,4,490,10,2872,0.4673469387755102
c766a61,3,336,8,1845,0.49702380952380953
d448370,3,281,6,1707,0.5088967971530249
0926d5e,3,290,6,1748,0.5413793103448276
ffd378d,2,157,3,856,0.5987261146496815
85473b6,4,509,5,2760,0.49901768172888017
ceb15d0,3,301,5,1719,0.584717607973422
abf0922,2,234,4,1460,0.5982905982905983
837a95a,2,273,3,1537,0.46886446886446886
22d825e,4,473,4,2555,0.452431289640592
69ddf90,4,583,3,3230,0.3996569468267582
c51810c,3,349,6,2070,0.5386819484240688
e1864a3,5,736,14,4492,0.42934782608695654
81f1656,2,191,5,1002,0.5392670157068062
a655a6f,3,444,6,2277,0.46846846846846846
f3fbc5b,3,389,8,2085,0.4910025706940874
b612d98,2,217,4,1091,0.4377880184331797
1084b79,4,277,5,1613,0.5703971119133574
344665a,2,154,3,739,0.5064935064935064
5760f67,2,342,5,1761,0.4678362573099415
07b6ce2,2,256,13,1364,0.54296875
afb061d,2,204,3,1100,0.4215686274509804
16729f5,2,388,10,2011,0.38917525773195877
6942868,3,306,6,1680,0.6274509803921569
5920041,2,278,5,1617,0.5035971223021583
0640183,3,485,6,2669,0.47010309278350515
b81213d,1,490,1,2916,0.5551020408163265
b0066a7,2,266,7,1363,0.45112781954887216
8235368,2,154,1,808,0.5714285714285714
2d39640,3,437,7,2423,0.494279176201373
e89c701,2,225,3,1225,0.5911111111111111
bc8e32e,3,378,6,2085,0.47619047619047616
6226875,2,200,1,1151,0.555
2774edc,4,498,5,2790,0.42771084337349397
5719951,3,553,6,3277,0.6075949367088608
e3d327c,5,904,7,5219,0.34845132743362833
0764c35,3,291,7,1819,0.6185567010309279
425a4b9,4,415,6,2284,0.43614457831325304
1eacbaf,1,262,2,1522,0.5687022900763359
a789744,3,413,5,2486,0.5375302663438256
d6f2c78,3,746,1,4393,0.42359249329758714
d6b6b70,5,659,6,3697,0.4264036418816389
46453d7,2,190,3,1074,0.5684210526315789
09da56a,4,538,4,2987,0.516728624535316
5736882,4,455,5,2535,0.41318681318681316
acbaf3c,4,478,5,2541,0.4456066945606695
96b0039,3,354,5,1980,0.480225988700565
ffb595e,3,768,7,4283,0.5013020833333334
fb9e259,4,456,4,2569,0.4956140350877193
c4014f8,1,189,4,1022,0.6137566137566137
607c2ee,2,259,4,1447,0.6177606177606177
95f5a82,3,267,5,1457,0.6404494382022472
c496be4,2,212,2,1110,0.5424528301886793
8ba94ea,1,263,5,1484,0.5665399239543726
1da634a,3,383,6,2274,0.4960835509138381
931145e,2,322,4,1657,0.40993788819875776
e6dcd5f,2,311,3,1576,0.40836012861736337
38eba82,4,405,5,2095,0.454320987654321
3b82d2b,4,456,5,2530,0.46271929824561403
3a0fd12,2,296,1,1536,0.5472972972972973
fe2d3c8,4,763,8,4121,0.35255570117955437
8eee8c8,1,156,3,797,0.6153846153846154
918e455,4,563,6,2910,0.43872113676731794
fba4121,2,247,5,1392,0.5020242914979757
6044442,3,311,4,1577,0.42443729903536975
8b82486,3,315,3,1878,0.5301587301587302
ab84f00,6,817,11,4830,0.4589963280293758
f5f94ad,3,305,7,1665,0.4885245901639344
7690141,2,298,7,1564,0.5671140939597316
1181dec,4,481,8,2829,0.40124740124740127
72c35ac,4,584,6,3293,0.4623287671232877
58ba0d2,3,291,7,1494,0.5498281786941581
a106244,3,290,6,1522,0.49310344827586206
bda11b5,2,245,4,1267,0.5795918367346938
caa8993,2,242,4,1302,0.5619834710743802
33e61e9,2,244,5,1265,0.569672131147541
400105a,1,238,3,1287,0.47058823529411764
15c7911,3,342,4,1926,0.49122807017543857
4b2c8fb,3,513,5,2755,0.4834307992202729
df380ff,5,743,6,4266,0.39300134589502017
16f7c42,3,277,5,1567,0.5848375451263538
7d5fca7,2,449,6,2747,0.6035634743875279
91d5205,4,456,4,3659,0.5
c41860a,2,322,3,1728,0.40372670807453415
2e1bf25,1,399,8,4712,0.47117794486215536
3fc2fb9,3,284,3,1649,0.6056338028169014
485dbac,5,719,5,4062,0.5076495132127955
591a352,2,222,4,1226,0.536036036036036
7ccaeed,3,489,7,2733,0.4887525562372188
d129f6b,4,615,5,3452,0.4926829268292683
3def02e,3,262,5,1538,0.5381679389312977
ec6c140,2,279,4,1615,0.5949820788530465
1580723,2,231,5,1250,0.5151515151515151
870d543,2,158,2,889,0.6139240506329114
1744fe2,2,186,4,984,0.5913978494623656
edd052e,1,161,9,867,0.6770186335403726
580b491,3,474,5,2473,0.41561181434599154
5efcc16,3,307,3,1785,0.5407166123778502
6600e74,3,383,4,2080,0.5822454308093995
f507d40,4,473,6,2816,0.5221987315010571
46dc7f2,2,238,1,1164,0.4579831932773109
a72499e,1,160,3,852,0.6625
797044e,4,428,5,2338,0.37383177570093457
7f33796,2,173,1,971,0.5953757225433526
2833102,4,581,5,3069,0.4199655765920826
a42c72f,4,449,4,2523,0.5077951002227171
bd56425,3,288,5,1543,0.4826388888888889
8e57d69,4,402,8,1968,0.40049751243781095
6aeda00,2,221,5,1259,0.6380090497737556
4fa4ee8,4,664,5,3652,0.3855421686746988
a10dbe9,3,338,5,1711,0.4289940828402367
65b96c3,5,582,4,3458,0.4484536082474227
2bb20b8,3,233,5,1184,0.5150214592274678
06c92ec,3,285,1,1565,0.5964912280701754
d272aa9,2,274,3,1376,0.4927007299270073
245484c,3,386,7,2194,0.46113989637305697
c71d08f,5,487,5,2768,0.4209445585215606
1bd9027,2,195,1,978,0.5538461538461539
dd96c5f,4,428,5,2385,0.4532710280373832
2de0ff3,2,218,1,1217,0.555045871559633
ef4ea80,3,397,4,2135,0.491183879093199
a50ad20,1,225,3,1380,0.5777777777777777
588a24b,3,286,4,1565,0.5979020979020979
843f86a,5,712,5,4153,0.5617977528089888
4a4b42e,3,330,4,1836,0.5212121212121212
f273644,4,438,4,2671,0.4223744292237443
b1c7a02,4,465,5,2498,0.4645161290322581
db9c634,3,396,6,2228,0.3787878787878788
39c239f,4,418,4,2450,0.4354066985645933
b40473e,3,313,6,1863,0.5654952076677316
4d7d425,1,167,5,956,0.5808383233532934
67547f2,1,352,8,1906,0.5596590909090909
7414f02,3,497,5,2772,0.5492957746478874
b136a25,2,174,4,1007,0.5804597701149425
0608fab,3,421,10,2309,0.505938242280285
dd0c245,5,836,5,4717,0.45095693779904306
d442169,2,398,4,2014,0.38944723618090454
31101d2,3,453,6,2589,0.4216335540838852
7ecef29,3,391,5,2001,0.42455242966751916
3cd6a2d,3,499,5,2738,0.3486973947895792
4def97d,2,194,4,1086,0.520618556701031
078c66d,4,386,5,2289,0.41968911917098445
cfa2cd5,2,627,7,3544,0.37799043062200954
0b4df74,4,460,3,2790,0.5108695652173914
fe1279d,3,410,2,2128,0.4926829268292683
175775c,5,423,4,2604,0.5342789598108747
f847d94,4,435,6,2280,0.4896551724137931
b4885af,4,457,4,2389,0.38949671772428884
28d24e7,3,293,3,1601,0.4641638225255973
270fe6b,3,226,5,9457,0.43805309734513276
c74a14f,3,238,1,1238,0.5546218487394958
15f2066,2,238,3,1295,0.5546218487394958
b3857bb,3,252,3,1459,0.5
48de104,3,495,6,2534,0.34949494949494947
03c75d3,4,538,5,3192,0.46654275092936803
dc9c919,3,406,8,2162,0.4236453201970443
788f31f,2,292,11,1559,0.5582191780821918
794bb5f,4,544,4,3025,0.4852941176470588
7cd59eb,3,430,12,2350,0.45813953488372094
10b6508,5,646,6,3514,0.3715170278637771
7972b02,4,550,4,3182,0.52
8a76b69,4,555,5,3315,0.436036036036036
ca341c5,3,428,5,2407,0.4929906542056075
5104a0f,3,283,4,1545,0.519434628975265
353f9af,5,819,13,4867,0.5628815628815629
2eb5af4,3,286,5,1497,0.5209790209790209
9e9556c,5,760,5,4209,0.5078947368421053
d7cf2df,3,425,5,2407,0.43529411764705883
8f7be0a,5,674,5,4102,0.42729970326409494
3ec9ea2,2,155,3,786,0.6387096774193548
55b53b3,3,307,4,1646,0.5798045602605864
62b96b6,2,161,3,912,0.6894409937888198
fcf223a,3,380,4,2297,0.45526315789473687
667ab9c,4,370,5,2059,0.46756756756756757
cfff1cf,1,249,3,1383,0.5622489959839357
54c06cf,4,582,7,2900,0.3694158075601375
65af31e,4,542,5,3293,0.48523985239852396
330d7fe,4,707,4,3804,0.36775106082036774
139ec0a,3,365,5,1979,0.5397260273972603
a2c3b4e,4,400,5,2478,0.545
b43c903,4,405,5,2201,0.45185185185185184
9e4dbb5,3,235,4,1284,0.5659574468085107
ceead0f,4,428,6,2257,0.45794392523364486
cf7d5ce,4,603,8,3585,0.45439469320066334
4808158,4,579,7,3042,0.45595854922279794
6a736aa,3,298,5,1667,0.5234899328859061
236de48,3,286,3,1593,0.5769230769230769
5fe80c4,3,270,4,1446,0.5851851851851851
0a41d42,2,177,5,958,0.711864406779661
ce9e15e,5,533,6,3055,0.45590994371482174
b7a91ae,3,318,3,1835,0.44654088050314467
3756c10,4,412,5,2412,0.5922330097087378
954bbdf,3,365,4,2168,0.5232876712328767
66ddadc,3,369,13,2256,0.5149051490514905
83147ff,2,217,4,1252,0.6221198156682027
906472f,4,394,6,2315,0.5482233502538071
f02843e,5,476,5,2851,0.4789915966386555
9407484,3,383,4,1998,0.48825065274151436
2c00a1c,4,455,4,2338,0.46373626373626375
21c32de,3,213,5,1110,0.5915492957746479
80b646c,6,1129,5,6452,0.4030115146147033
4369929,3,440,5,2474,0.4954545454545455
c383da1,2,372,4,1985,0.532258064516129
49b386d,4,450,5,2354,0.4911111111111111
36e8507,1,194,1,907,0.4793814432989691
1fda3aa,3,424,4,2636,0.5495283018867925
864e49e,5,486,5,2765,0.49176954732510286
9c8b1e6,2,167,3,1049,0.5808383233532934
894d76a,4,430,5,2310,0.46744186046511627
7094f7e,2,210,2,1142,0.5285714285714286
75efe1e,3,354,5,1838,0.4519774011299435
724b563,4,568,5,3213,0.4647887323943662
00fca9b,3,175,5,1092,0.6
4ab52d8,2,190,3,983,0.6105263157894737
5266ddf,6,703,19,4276,0.5078236130867709
b152931,4,472,8,2485,0.4364406779661017
a3049c6,2,230,2,1258,0.6217391304347826
952c47b,4,1015,6,5397,0.41674876847290643
ea897d8,4,516,5,2750,0.41472868217054265
1a76116,3,218,4,1285,0.5871559633027523
6ae08c7,2,352,5,1958,0.48863636363636365
7e494c8,2,206,3,1201,0.6213592233009708
81886f2,3,434,5,2367,0.49078341013824883
71e979c,3,289,5,1497,0.4602076124567474
060a4e7,1,486,1,2597,0.4218106995884774
ce1060a,2,261,2,1341,0.5057471264367817
aa9c596,3,486,7,2719,0.4670781893004115
6be1abe,1,353,4,2005,0.5722379603399433
bcb1b3d,3,308,5,1678,0.525974025974026
fff016d,2,215,3,1122,0.5255813953488372
1cebc9e,2,385,3,1896,0.42337662337662335
67bbfa5,3,278,4,1647,0.5611510791366906
4f13751,2,325,3,1718,0.5323076923076923
06aa705,2,162,3,867,0.5925925925925926
8262ddf,4,557,3,3201,0.5044883303411131
8c59dec,1,222,3,1229,0.5990990990990991
f8636fa,2,178,4,978,0.5955056179775281
f9a69a2,3,364,6,2097,0.45879120879120877
9326b22,3,437,5,2257,0.40503432494279173
61c5578,3,298,5,1620,0.5335570469798657
d325701,2,181,20,1024,0.585635359116022
d7c5fc6,4,484,8,2947,0.4896694214876033
9d04b4e,3,386,8,2092,0.41968911917098445
be29f81,4,488,4,2973,0.39139344262295084
7035b02,2,303,5,1787,0.48514851485148514
7476964,2,226,5,1283,0.588495575221239
244db43,5,611,7,3406,0.41243862520458263
32b179b,2,171,3,984,0.6140350877192983
e6a8dea,3,475,5,2688,0.4336842105263158
4302fcc,3,196,5,1050,0.5102040816326531
b48701e,2,182,3,982,0.6373626373626373
1ea87c7,3,300,4,1612,0.45666666666666667
e3aad31,2,373,5,2317,0.6487935656836461
ed893b8,5,608,4,3574,0.36019736842105265
d636677,3,268,5,1499,0.5671641791044776
fd421e7,2,186,4,1055,0.6559139784946236
b0dbbbe,3,347,2,1777,0.4899135446685879
96880be,3,258,4,1379,0.6124031007751938
c7f6c0e,4,354,5,1900,0.4661016949152542
c8189de,3,457,5,2654,0.49452954048140046
2d39dbb,5,579,4,3124,0.41796200345423146
1fe666e,4,327,5,1781,0.4801223241590214
926c21a,3,258,4,1439,0.5387596899224806
29efbea,2,178,1,925,0.5393258426966292
4e143c4,5,632,5,3810,0.44936708860759494
fdfacd8,4,454,6,2485,0.4669603524229075
25da2fa,3,549,6,3247,0.5792349726775956
704bebe,3,436,5,2518,0.45871559633027525
f566fc9,3,393,5,2273,0.5292620865139949
fe07656,2,386,5,2039,0.36787564766839376
3d98d24,3,289,3,1600,0.5743944636678201
1579cb7,4,555,5,3209,0.41081081081081083
4232755,1,381,1,2119,0.5380577427821522
af908be,3,374,7,2062,0.45989304812834225
d7c93c3,2,175,4,963,0.5828571428571429
d5cb150,3,710,9,3775,0.4084507042253521
045c7fb,4,610,5,3272,0.3819672131147541
dda3ee5,3,299,5,1678,0.5150501672240803
14d1bfc,5,609,5,3376,0.42857142857142855
83910f0,2,197,1,1052,0.6446700507614214
fc3d67e,3,223,1,1217,0.5605381165919282
ec3c926,3,398,5,2334,0.4723618090452261
ea817ee,5,409,6,2403,0.5916870415647921
0cd7e90,3,375,5,2208,0.5626666666666666
3545061,3,571,5,3109,0.37478108581436076
83b21b1,1,367,3,1825,0.2724795640326976
082e9df,4,390,4,2429,0.6487179487179487
77fa317,3,307,6,1798,0.4006514657980456
e6c98dc,2,218,5,1174,0.6513761467889908
ad28a5d,2,230,3,1332,0.5
2bda011,4,443,4,2416,0.5327313769751693
10d4feb,4,443,5,2435,0.44243792325056436
5520857,5,577,5,3336,0.43674176776429807
e2b3740,2,243,1,1300,0.6502057613168725
ba95cd3,2,196,9,1080,0.6071428571428571
a036d3b,4,447,5,2663,0.4519015659955257
194eb61,3,398,3,2074,0.44974874371859297
3854d27,4,513,6,2884,0.5458089668615984
7231133,4,334,4,1989,0.5359281437125748
87c8652,3,215,4,1201,0.6046511627906976
d7ad755,3,225,2,1319,0.5866666666666667
7ff4ccc,3,358,5,1957,0.46368715083798884
6e9ba8b,1,200,1,1140,0.65
ed65a97,3,247,3,1393,0.6153846153846154
a9ea066,2,210,1,1107,0.6047619047619047
37729a0,3,391,5,2090,0.4219948849104859
12f27c0,2,272,4,1383,0.48161764705882354
863925d,3,361,5,2043,0.5041551246537396
9426302,3,257,13,1531,0.6070038910505836
9df167d,3,236,10,1251,0.4957627118644068
474ec4c,1,245,7,1426,0.6816326530612244
b7ba1f1,3,290,4,1686,0.6137931034482759
4827309,2,417,19,2193,0.46522781774580335
3fe1ffb,2,318,5,1926,0.6446540880503144
6bf18d4,5,625,6,3535,0.3984
0ffc18d,3,577,17,3331,0.5268630849220104
1b99396,2,275,4,1407,0.44727272727272727
160bab7,4,373,5,1990,0.5040214477211796
97cb710,3,262,4,1387,0.549618320610687
71aefb8,2,206,3,1203,0.6796116504854369
73ba914,4,488,8,2674,0.5450819672131147
acbe7d6,3,522,5,2683,0.4827586206896552
d6d9605,3,409,5,2324,0.4792176039119804
15bcc7b,4,537,5,3040,0.409683426443203
70ae282,1,173,2,864,0.5780346820809249
e1ca329,3,305,3,1788,0.5901639344262295
8b9fe60,3,331,7,1954,0.4622356495468278
4c300a4,4,377,5,2186,0.493368700265252
d169ba3,3,366,5,2073,0.45901639344262296
dbb2296,2,262,2,1503,0.6526717557251909
f37a266,2,194,2,1059,0.5824742268041238
33c34e1,3,288,5,1569,0.5173611111111112
4f85ac3,4,532,5,3056,0.45300751879699247
5b800b1,3,456,7,2375,0.4583333333333333
a8a3a35,4,541,21,3036,0.48428835489833644
3addf83,4,562,6,3051,0.41637010676156583
4973b27,3,530,9,2952,0.49056603773584906
1659bfc,2,454,25,2512,0.513215859030837
65eb0c4,4,454,6,2270,0.47577092511013214
c62bbd0,3,427,6,2366,0.522248243559719
943f41d,3,267,4,1395,0.5168539325842697
7c87818,6,812,5,4822,0.4445812807881773
2a73724,1,187,4,1017,0.6363636363636364
f5247a7,3,248,4,1409,0.5443548387096774
ca4bd9f,3,367,5,2132,0.5177111716621253
bf2560f,3,395,6,2324,0.5316455696202531
162a9db,2,253,4,1373,0.5375494071146245
00a4469,4,228,5,1390,0.5307017543859649
e04079b,3,397,4,2110,0.4332493702770781
2e9d4a7,3,387,4,2142,0.32299741602067183
f5050a5,3,326,18,1861,0.5644171779141104
582cc56,3,377,6,1916,0.36074270557029176
2c45808,3,536,7,2989,0.5764925373134329
2c83487,1,389,7,2315,0.519280205655527
1b2c90e,3,677,26,3751,0.40620384047267355
e7b14b0,1,305,4,1799,0.6131147540983607
43d5bb4,6,758,5,4461,0.46437994722955145
061ba37,2,385,11,2147,0.5662337662337662
ecf6c8a,2,231,3,1285,0.6147186147186147
dda8663,6,935,5,5442,0.37433155080213903
978a1d7,2,315,4,1874,0.5047619047619047
864ba12,4,566,6,3184,0.4045936395759717
86ae7bb,3,287,6,1656,0.5505226480836237
2c64ebc,4,441,6,2476,0.3832199546485261
82e8b69,3,451,18,2327,0.3436807095343681
3664812,2,268,6,1598,0.44402985074626866
dd852e1,6,828,6,4714,0.47101449275362317
1aaae24,3,304,3,1652,0.46381578947368424
838936a,4,414,7,2394,0.533816425120773
94bae27,1,178,1,1065,0.6067415730337079
74b3cad,2,387,6,2054,0.5038759689922481
4586b43,3,332,3,2042,0.5512048192771084
29ff531,3,262,4,1424,0.6221374045801527
67f2d57,2,175,3,848,0.42857142857142855
351b4e8,3,395,6,2302,0.5417721518987342
34ad8eb,5,537,7,3086,0.47113594040968343
abcc9c9,4,489,3,2519,0.4233128834355828
d34958c,2,211,5,1290,0.5165876777251185
54081d1,4,473,4,2594,0.4376321353065539
0711276,2,162,1,887,0.6481481481481481
54baae1,3,407,3,2364,0.6068796068796068
baf354c,3,315,3,1819,0.5746031746031746
abba911,2,247,4,1307,0.5870445344129555
8452953,2,193,3,1079,0.5958549222797928
6865fed,3,451,6,2337,0.41019955654101997
82ff8fe,4,451,5,2386,0.43015521064301554
af642c8,2,221,1,1121,0.5565610859728507
d4b11eb,3,552,19,3220,0.5144927536231884
ac76dc6,1,298,6,1878,0.6073825503355704
55e517e,2,463,10,2716,0.5291576673866091
c47b3d5,4,476,5,2812,0.4726890756302521
39f7e07,2,198,5,1156,0.6313131313131313
2b075b4,3,229,5,1323,0.537117903930131
2b37663,2,474,6,2883,0.5021097046413502
d34e7d3,4,563,5,2943,0.4103019538188277
84ce7de,3,482,28,2894,0.483402489626556
0db7e99,5,631,4,3739,0.4532488114104596
eb546c7,2,216,6,1099,0.49074074074074076
39f9997,4,474,5,2780,0.4641350210970464
6fa2b46,4,626,5,3656,0.5143769968051118
c20d79b,4,400,5,2274,0.4925
2e3312c,3,342,5,1860,0.5701754385964912
5e0add0,5,543,5,2918,0.4419889502762431
4e616fd,2,204,4,1109,0.5686274509803921
f9da9bf,3,236,4,1379,0.5889830508474576
45bfb80,3,372,5,2073,0.5618279569892473
65c3b4d,3,303,3,1678,0.4884488448844885
edbc542,3,398,6,2090,0.44472361809045224
ed619fc,2,217,5,1239,0.5806451612903226
27e68cc,2,227,4,1118,0.5066079295154186
e005357,2,257,4,1513,0.6459143968871596
a941dc2,1,170,1,877,0.5294117647058824
f510a4b,4,405,5,2269,0.5012345679012346
fd56afe,3,308,4,1706,0.538961038961039
36d1d91,2,233,3,1279,0.51931330472103
d5b5a5c,4,326,5,1765,0.5828220858895705
c9729fa,4,702,8,3541,0.37037037037037035
8893ec6,3,447,4,2317,0.4407158836689038
2c5957b,3,254,11,1622,0.6141732283464567
ccfc77d,4,900,9,4942,0.4266666666666667
73f5cf4,4,474,8,2907,0.4345991561181435
8fc1fe9,3,350,10,1904,0.4085714285714286
bee6b7f,2,186,2,1024,0.6290322580645161
a763494,2,203,4,1111,0.5665024630541872
72c7745,5,591,4,3487,0.48223350253807107
95abb30,4,369,4,2088,0.4363143631436314
0364075,2,188,5,1166,0.5851063829787234
669d1dc,4,527,5,2905,0.3738140417457306
f59fa4d,3,379,6,2103,0.5408970976253298
0acad9f,2,183,3,980,0.5737704918032787
26a6b97,3,473,5,2570,0.38477801268498946
9adfa36,1,163,9,954,0.6134969325153374
8afd92b,2,396,23,2107,0.5454545454545454
3aaa9c1,2,189,5,912,0.5026455026455027
2fe59b4,3,243,3,1451,0.6008230452674898
d6d1058,2,433,5,2326,0.44110854503464203
9f792bd,5,749,5,4519,0.5300400534045394
2ef8816,2,311,7,1915,0.6270096463022508
39a0c64,3,425,4,2308,0.48705882352941177
dc9d5eb,3,704,7,3977,0.3522727272727273
c98ba96,2,194,4,1072,0.5721649484536082
d150ef9,1,250,4,1276,0.516
6e64d71,5,511,6,3088,0.4500978473581213
65fc941,4,427,5,2242,0.39344262295081966
6b5cecd,3,341,6,2037,0.5542521994134897
b300e9b,1,383,17,1987,0.5091383812010444
3497854,3,262,3,1475,0.5343511450381679
821f6ff,3,362,5,1998,0.5386740331491713
8fe0875,2,240,4,1285,0.6041666666666666
939d35a,1,223,5,1248,0.6547085201793722
78569ca,2,374,4,2209,0.6524064171122995
0da2967,4,578,5,3239,0.4083044982698962
3b2cfcb,4,492,5,2550,0.483739837398374
e2b3e6e,2,324,8,1658,0.5030864197530864
994f286,3,1213,6,6614,0.4245671887881286
502014f,2,154,3,814,0.6428571428571429
965e44b,3,418,5,2404,0.45933014354066987
824e4ae,2,183,3,967,0.5737704918032787
7692a92,2,429,5,2637,0.5664335664335665
14b9c3f,3,462,4,2376,0.5086580086580087
9f4e1b8,2,185,4,1083,0.5891891891891892
824682f,2,252,5,1461,0.5238095238095238
a7deac0,2,231,4,1425,0.6363636363636364
29bfa76,3,221,3,1173,0.5248868778280543
865ce43,2,239,5,1381,0.602510460251046
327dc64,4,467,5,2646,0.43897216274089934
85fc7c9,2,303,5,1612,0.429042904290429
52a8741,3,386,5,2137,0.5362694300518135
e1461b0,3,224,4,1334,0.5089285714285714
aadf956,3,338,6,2028,0.5266272189349113
8249055,2,238,1,1407,0.6512605042016807
2324a33,2,233,3,1297,0.6137339055793991
4cba575,3,359,4,2050,0.5710306406685237
d1718e6,2,281,3,1538,0.49466192170818507
05b37db,2,216,3,1195,0.5972222222222222
a5e12ea,3,442,6,2597,0.40271493212669685
c04c9a4,4,508,5,2850,0.5177165354330708
34c5bdc,2,169,3,950,0.5680473372781065
bf680d2,2,188,3,992,0.5797872340425532
3688184,3,293,9,1624,0.4778156996587031
cabe99b,2,259,3,1451,0.6563706563706564
1ea7607,4,325,6,2006,0.5507692307692308
097b864,3,319,7,1823,0.54858934169279
1741756,4,530,3,3003,0.42452830188679247
7c1bec9,5,824,7,4708,0.41504854368932037
78f88f5,4,412,6,2466,0.5024271844660194
596359b,4,506,5,2929,0.5079051383399209
1bd30e5,2,179,3,1012,0.547486033519553
cfb0905,4,488,8,2775,0.48770491803278687
efb6c37,4,436,5,2539,0.48853211009174313
b631510,1,256,4,1580,0.62109375
b02a203,2,169,4,831,0.514792899408284
e9513d5,2,228,1,1247,0.5263157894736842
65ca23d,3,276,5,1596,0.6086956521739131
087c663,4,332,6,1786,0.5451807228915663
69527a4,4,364,5,2136,0.5467032967032966
2d0b80a,4,463,6,2717,0.4816414686825054
78f21f5,4,473,6,2577,0.49682875264270615
4eb95b7,3,298,5,1764,0.5805369127516778
7689f1a,2,261,1,1364,0.5287356321839081
77697a7,3,284,3,1534,0.47183098591549294
f1c54fc,3,282,3,1525,0.475177304964539
5638723,3,373,5,2038,0.4101876675603217
32097dc,4,502,7,2888,0.4900398406374502
f56cbbb,4,414,5,2449,0.4492753623188406
9d44f80,3,275,4,1504,0.5454545454545454
475e950,2,152,3,756,0.5394736842105263
47697bd,2,161,3,888,0.6211180124223602
146aae7,2,326,4,1839,0.5858895705521472
411a4c6,2,248,2,1349,0.4959677419354839
8734c44,4,765,5,4656,0.41830065359477125
cad19f2,3,311,4,1616,0.45980707395498394
6e9e53e,3,312,5,1960,0.6282051282051282
3c03d31,4,401,5,2216,0.47880299251870323
8090923,3,270,4,1451,0.5185185185185185
ec9466b,3,288,5,1480,0.5208333333333334
7f35d9e,2,298,4,1668,0.5100671140939598
2e94a27,3,247,17,1470,0.5060728744939271
dd45719,5,1006,5,5415,0.36381709741550694
059af98,3,431,6,2598,0.5243619489559165
495e8d0,2,397,5,2072,0.49370277078085645
1d031f0,5,581,4,3615,0.5077452667814114
db0f994,3,369,5,2138,0.5311653116531165
0edee1b,2,229,5,1162,0.6375545851528385
882db97,3,240,3,1320,0.5125
a60e958,3,327,1,1923,0.5259938837920489
2469fc0,1,161,1,903,0.7391304347826086
ae4a601,3,398,6,2320,0.5326633165829145
bd2920f,5,560,5,3414,0.4017857142857143
820ece4,3,443,6,2191,0.42437923250564336
aaecbd6,2,302,2,1762,0.6589403973509934
89cee1d,4,519,6,2891,0.37957610789980734
4e3760b,2,358,4,1884,0.5279329608938548
dff3179,2,223,4,1189,0.5874439461883408
dafc727,4,645,4,3671,0.47131782945736433
b8c1a5f,4,375,5,2345,0.5093333333333333
1e6a5d8,3,300,4,1586,0.51
f24757e,3,277,5,1705,0.6534296028880866
75e8016,1,195,4,966,0.48205128205128206
d787938,2,169,3,963,0.6686390532544378
2364b68,3,315,4,1749,0.5682539682539682
bd6ce41,3,271,4,1603,0.6125461254612546
81c231f,2,207,4,1134,0.5652173913043478
51a4fb0,3,479,5,2414,0.4321503131524008
d73b983,5,595,7,3503,0.42016806722689076
82c6d34,2,162,4,903,0.6604938271604939
29ebaab,2,286,3,1458,0.38461538461538464
d7f2966,3,249,5,1313,0.5341365461847389
96fa19f,3,478,3,2542,0.4351464435146444
0079938,3,358,3,1875,0.4664804469273743
c274451,3,264,8,1507,0.5757575757575758
eb87cc5,3,302,4,1709,0.4735099337748344
3f948e1,2,252,1,1362,0.5277777777777778
3e7dd0b,2,238,7,1320,0.6680672268907563
d3c355b,4,485,5,2797,0.5216494845360825
6626793,3,341,5,1837,0.530791788856305
418f0dc,6,712,5,4273,0.5154494382022472
372ad46,2,261,3,1394,0.5708812260536399
5fcd46c,4,402,8,2212,0.43781094527363185
64c9bbc,3,288,9,1712,0.5243055555555556
c1c5139,4,427,9,2357,0.4894613583138173
c5a517d,3,354,4,2002,0.615819209039548
dd7c658,2,186,3,1073,0.5376344086021505
8b54528,1,214,3,1155,0.5700934579439252
400076e,2,621,4,3491,0.5281803542673108
889d909,4,964,6,5315,0.3983402489626556
b06a1a8,2,762,10,4276,0.515748031496063
c2fb070,3,457,9,2530,0.45295404814004375
d4d2562,3,365,4,1957,0.46301369863013697
45b6208,3,222,3,1190,0.5495495495495496
e5c857d,3,304,4,1595,0.4934210526315789
1c8b117,3,293,3,1710,0.5733788395904437
b68aa48,2,297,3,1574,0.5117845117845118
c136710,2,246,5,1264,0.5447154471544715
cbd7ec6,4,511,5,2771,0.3679060665362035
12c365a,3,337,5,1990,0.4896142433234421
0f1081a,2,216,3,1127,0.6203703703703703
aee28d3,4,434,8,2350,0.46543778801843316
74b2fe5,2,249,3,1277,0.41767068273092367
397608e,4,858,6,4871,0.49417249417249415
fe3cccb,3,360,7,2010,0.48333333333333334
b393f44,2,224,3,1254,0.6026785714285714
9b4d62a,2,315,5,1922,0.5587301587301587
6435caa,4,396,5,2226,0.5151515151515151
a3f182d,1,179,2,949,0.6089385474860335
a850453,3,254,4,1415,0.5236220472440944
e265ef2,3,313,5,1694,0.5079872204472844
8336072,4,373,5,2133,0.4718498659517426
4bbcd54,2,208,4,1190,0.5673076923076923
10be2a0,2,381,5,2193,0.5275590551181102
8705667,5,483,5,2672,0.4658385093167702
65d28db,2,201,6,1053,0.5323383084577115
64595eb,4,545,4,3334,0.4917431192660551
5f4c06e,4,685,5,3786,0.4218978102189781
261d0e3,2,602,6,3157,0.4485049833887043
01ad79e,2,198,3,1113,0.6212121212121212
3570c77,2,186,3,964,0.5483870967741935
5bb3e5f,2,190,6,1062,0.5894736842105263
335fa4f,4,470,6,2478,0.46382978723404256
9da6a6d,4,331,3,1981,0.5317220543806647
809fa66,4,351,4,1993,0.4301994301994302
595980e,2,214,3,1231,0.5981308411214953
9f552a6,5,475,5,2617,0.5284210526315789
503ef87,3,496,4,3773,0.5141129032258065
bb7db64,3,346,4,1953,0.48554913294797686
64a167b,4,555,6,2943,0.42702702702702705
764b686,3,314,7,1602,0.46178343949044587
eec3ad0,4,547,6,3215,0.4460694698354662
9a99c0a,4,463,5,2531,0.4146868250539957
c5e49a2,2,171,1,896,0.5789473684210527
7e65183,4,390,5,2262,0.5102564102564102
65b5d44,4,441,5,2698,0.46258503401360546
59eaef5,3,509,8,2989,0.5658153241650294
8db1244,2,273,3,1489,0.4981684981684982
82d3796,2,242,5,1289,0.5247933884297521
6429e74,4,512,6,2765,0.4609375
e3e1455,3,293,5,1516,0.515358361774744
a169df3,4,489,6,2580,0.3803680981595092
539508c,4,424,5,2489,0.5400943396226415
5fbfe66,3,433,5,2278,0.4295612009237875
fdd9bbe,5,815,10,4663,0.449079754601227
2b63205,4,462,5,2806,0.5606060606060606
d024295,2,229,3,1148,0.4847161572052402
eaf9c96,2,172,1,854,0.5813953488372093
b88f0c4,2,273,4,1541,0.5970695970695971
2c9f598,4,457,5,2519,0.3938730853391685
896d775,2,311,3,1705,0.5498392282958199
40b78eb,3,215,3,1187,0.6232558139534884
8943100,2,179,3,962,0.6256983240223464
c16df7d,5,559,5,3221,0.4472271914132379
dba50d5,3,414,5,2393,0.46859903381642515
ce8c005,2,166,3,859,0.5662650602409639
34bcca0,1,342,6,2100,0.5175438596491229
925db3c,2,249,7,1449,0.5903614457831325
3e13ec4,2,240,4,1325,0.5666666666666667
0c5e863,2,243,4,1277,0.5637860082304527
fb0a7af,3,302,3,1668,0.5298013245033113
8e878d8,3,423,5,2238,0.4728132387706856
5f1ad58,2,259,4,1365,0.528957528957529
3f19c05,3,1201,5,6247,0.3180682764363031
79a4025,3,339,8,1832,0.45132743362831856
ca4ee70,4,561,7,3387,0.41532976827094475
396197e,1,290,3,1612,0.593103448275862
9da2c13,4,561,4,3193,0.43493761140819964
954de7d,2,229,2,1344,0.6069868995633187
9055d9f,3,404,4,2198,0.5198019801980198
1ed83f4,3,388,6,2163,0.6030927835051546
582a549,3,204,4,1042,0.6127450980392157
82342be,3,413,3,2301,0.4915254237288136
c1aab47,2,244,7,1243,0.5819672131147541
0f549ce,5,738,5,4385,0.3902439024390244
807c627,2,250,3,1332,0.596
73ec0b9,4,378,5,2169,0.5264550264550265
8230435,6,843,5,5207,0.4365361803084223
8b96e59,1,419,21,2426,0.5751789976133651
fe133db,3,291,5,1518,0.49828178694158076
0a9df6a,4,507,5,2784,0.42209072978303747
4508da1,2,471,6,2495,0.43524416135881105
292cb9f,3,370,5,1960,0.5378378378378378
ad85676,1,311,5,1726,0.4855305466237942
edc099d,2,225,1,1273,0.6488888888888888
7e0aebb,2,168,4,901,0.5476190476190477
e1de5e0,3,337,5,1872,0.5192878338278932
7ebd70b,3,314,4,1763,0.47770700636942676
be34c50,4,570,5,3192,0.4631578947368421
ddb4b6a,3,380,7,2102,0.5236842105263158
7d2a00a,4,370,5,2088,0.4783783783783784
068ad55,3,310,4,1701,0.41935483870967744
341c5e2,1,588,5,3580,0.6139455782312925
6fe17cd,2,252,3,1438,0.5317460317460317
98e52e7,2,244,3,1504,0.6680327868852459
7123d48,3,392,5,2096,0.4872448979591837
2dd6f1d,2,286,12,1559,0.5384615384615384
2b14412,5,909,6,5513,0.39933993399339934
2d818b2,4,400,6,2316,0.5275
502e0b9,3,513,4,2995,0.49317738791423
625611e,2,267,3,1498,0.5468164794007491
1a928ae,2,237,1,1235,0.5443037974683544
be89c37,2,177,4,1038,0.6271186440677966
a58a879,3,262,6,1497,0.5534351145038168
6c67d75,4,419,6,2453,0.5847255369928401
ee6e626,2,258,4,1410,0.5038759689922481
459922f,2,289,5,1434,0.5916955017301038
614d33a,2,192,3,1022,0.5416666666666666
a0bec96,3,203,4,1141,0.4729064039408867
742c60f,2,224,4,1321,0.5535714285714286
190a8d4,3,241,3,1258,0.5518672199170125
6aebd9d,3,440,6,2419,0.48863636363636365
6b85385,3,276,6,1575,0.6231884057971014
fcf5f9e,1,275,3,1612,0.64
2975d96,2,255,5,1422,0.5450980392156862
4bc1460,3,340,1,2003,0.5147058823529411
7e2f7ab,3,415,6,2193,0.4771084337349398
004229b,2,178,1,906,0.5842696629213483
9764f48,3,453,26,2443,0.5320088300220751
1635650,2,156,8,865,0.5833333333333334
5e00d56,2,167,3,918,0.5808383233532934
9744a3c,3,474,6,2592,0.47468354430379744
ca58ee7,6,936,5,5353,0.41025641025641024
9d52dd5,3,390,6,1988,0.4153846153846154
f0df78a,3,497,4,2783,0.448692152917505
4538ac3,3,328,7,1713,0.4878048780487805
441e12f,4,425,6,2249,0.52
94e8b73,3,310,3,1647,0.5870967741935483
02d8dd2,4,472,5,2691,0.5805084745762712
805b24c,5,482,5,2860,0.3983402489626556
2f435d9,3,556,38,2977,0.37589928057553956
ed247f1,2,412,7,2217,0.46601941747572817
d987eaf,3,325,4,1669,0.4
80f3e2e,2,206,2,1088,0.5485436893203883
6024733,4,388,5,2171,0.6469072164948454
2c24e6b,2,181,2,968,0.56353591160221
b8d9df2,3,325,4,1925,0.5784615384615385
6226f71,3,376,4,2015,0.3829787234042553
eae48fd,3,309,6,1616,0.4854368932038835
96634ac,2,227,1,1204,0.5506607929515418
7077598,3,400,3,2131,0.3775
b9606a9,3,406,5,2240,0.458128078817734
888c2f1,4,540,8,2927,0.39444444444444443
df3f185,5,885,5,5367,0.415819209039548
36255e8,3,287,7,1678,0.5156794425087108
b3d943c,4,761,5,4432,0.5413929040735874
5c72d6d,4,610,7,3362,0.4344262295081967
9841c2a,3,649,11,3974,0.4761171032357473
93a1ae8,5,707,6,4067,0.43705799151343705
b8179cf,4,327,5,1888,0.45565749235474007
3312b86,3,739,10,4496,0.42219215155615697
db6668b,2,172,3,963,0.7209302325581395
fb5e093,3,518,32,2933,0.4768339768339768
a948dbe,4,334,4,1956,0.5059880239520959
b02d2d6,4,510,13,2913,0.5294117647058824
d644ad3,4,390,5,2305,0.46923076923076923
d11c131,2,306,1,1733,0.6993464052287581
4856bd0,2,277,4,1557,0.48375451263537905
5a40c03,2,300,4,1499,0.56
82c9864,4,359,3,1821,0.43454038997214484
5c27966,4,372,7,1992,0.5134408602150538
d3d80b9,4,515,4,3088,0.5514563106796116
480c834,4,523,12,3107,0.5506692160611855
c3363a9,3,296,5,1578,0.44594594594594594
0461df3,2,286,1,1505,0.5734265734265734
a853f66,3,381,4,2248,0.6010498687664042
9331963,1,210,1,1009,0.5571428571428572
61a9010,2,179,3,933,0.5027932960893855
efb5ad4,3,447,3,2471,0.4988814317673378
76166f9,2,159,2,818,0.6037735849056604
ac6cc44,3,176,4,946,0.5284090909090909
2e2a0e8,4,421,6,2348,0.501187648456057
0693237,2,318,7,2192,0.4779874213836478
4575e69,5,615,8,3629,0.4504065040650406
7e6f8db,6,696,8,4356,0.4468390804597701
1284ac4,4,398,5,2317,0.4045226130653266
445c11a,1,232,3,1360,0.5905172413793104
9ba7a34,2,544,4,2906,0.43566176470588236
e58330e,2,163,2,1015,0.7300613496932515
ce5eebd,2,309,2,1619,0.5016181229773463
b0bd147,3,295,5,1629,0.48135593220338985
36c5b6e,1,226,2,1302,0.6460176991150443
d4b87f4,3,286,5,1824,0.46503496503496505
165492b,3,322,8,1708,0.5248447204968945
3d33aaa,4,373,4,2148,0.5227882037533512
c291598,4,391,6,2369,0.4961636828644501
18f90f1,3,320,3,1709,0.509375
f68f5cb,5,464,4,2729,0.4676724137931034
2af2552,3,382,5,2071,0.5287958115183246
bda130b,2,227,6,1192,0.5947136563876652
e52f321,3,293,5,1865,0.6279863481228669
d72438a,2,199,1,1165,0.6381909547738693
7392331,3,399,4,2279,0.3558897243107769
7fa9598,2,213,4,1145,0.5539906103286385
389b212,3,347,4,2073,0.484149855907781
6b0d22e,2,167,2,885,0.6227544910179641
4547adf,5,701,6,4123,0.44079885877318115
f93c8fd,2,273,3,1477,0.47619047619047616
7aa58e8,2,231,3,1319,0.5541125541125541
132ccff,4,470,6,2710,0.44680851063829785
0a94ac7,2,361,9,1879,0.6232686980609419
78569cc,2,218,5,1066,0.6100917431192661
e72a879,2,154,2,828,0.5844155844155844
b135cfc,3,444,6,2520,0.4774774774774775
2be7c8e,4,434,9,2310,0.47465437788018433
13637e9,4,301,5,1581,0.46511627906976744
f2d525a,2,195,1,1145,0.6
5de3eb1,2,250,6,1377,0.48
4303cbd,4,484,4,2606,0.4669421487603306
1696647,3,212,3,1192,0.6462264150943396
9211106,5,471,4,2539,0.445859872611465
423d789,4,598,8,3200,0.38461538461538464
05c94e5,3,446,6,2624,0.4461883408071749
4ea4f0f,4,378,6,2036,0.48677248677248675
88eaec8,4,435,7,2483,0.4367816091954023
eca8129,4,542,5,3070,0.4575645756457565
a22e219,2,193,3,1075,0.6373056994818653
cffc4a6,5,633,5,3815,0.4802527646129542
643b19d,3,346,6,2052,0.5606936416184971
a7cb7bb,2,229,4,1172,0.5720524017467249
cda556e,3,337,6,1804,0.5459940652818991
bb879d0,2,289,5,1814,0.6124567474048442
a1a0e21,2,213,7,1251,0.6056338028169014
f007de5,3,431,5,2300,0.3874709976798144
929b955,4,515,6,3119,0.5844660194174758
50e3c8f,4,488,6,2623,0.44672131147540983
d613c8e,3,413,5,2343,0.5738498789346247
30a5a3d,1,219,3,1236,0.5616438356164384
4a8da90,3,357,5,2024,0.5350140056022409
f00c26a,3,347,3,2106,0.6282420749279539
142f458,3,339,4,1763,0.4306784660766962
1e48979,3,520,4,2696,0.4596153846153846
9063dd3,3,278,4,1578,0.5575539568345323
3baaf6b,2,245,4,1294,0.5306122448979592
84468af,3,420,8,1978,0.40476190476190477
518a8e3,3,455,6,2449,0.41098901098901097
8725350,3,400,4,2194,0.5475
3a664f7,2,263,4,1296,0.5171102661596958
7c59798,3,628,1,3322,0.43630573248407645
5d83c70,3,282,4,1626,0.5283687943262412
c278844,3,357,10,2011,0.42016806722689076
e3a9afd,3,205,6,1119,0.5902439024390244
f694e28,3,223,6,1259,0.5739910313901345
1cdccc2,2,199,1,975,0.4271356783919598
d9f4644,3,418,2,2175,0.46172248803827753
01c5073,3,441,4,2323,0.4943310657596372
7797857,4,751,6,4387,0.4540612516644474
9729ecc,3,322,3,1810,0.531055900621118
12a72bd,4,833,5,4667,0.4777911164465786
37c0154,4,566,6,3138,0.3551236749116608
74a9dbc,5,419,6,2383,0.4701670644391408
4a9461d,3,398,15,2148,0.5050251256281407
cb82dc0,3,318,3,1719,0.5188679245283019
d1a6973,2,161,3,936,0.6086956521739131
e135f7a,4,488,6,2683,0.49385245901639346
8af8b09,3,239,4,1354,0.5983263598326359
11428cc,5,667,6,3498,0.49025487256371814
a56b9af,3,313,5,1733,0.5015974440894568
622d034,3,350,10,1935,0.49142857142857144
056a4a4,4,554,8,3087,0.51985559566787
9231594,3,430,6,2441,0.5441860465116279
7bede28,5,452,7,2679,0.47123893805309736
1b5891f,2,188,3,1030,0.6542553191489362
a02fadf,2,303,7,1785,0.5313531353135313
8f4a4e2,1,720,5,3749,0.3958333333333333
3ac8dc9,2,269,4,1383,0.5278810408921933
b669ecd,4,382,6,2311,0.5
91dadd2,2,195,3,1119,0.6410256410256411
05182bf,4,554,5,2887,0.3935018050541516
9946d02,1,204,3,1127,0.6568627450980392
2fdbf31,4,406,5,2335,0.5123152709359606
4667066,2,368,9,2093,0.6059782608695652
77581db,4,441,7,2300,0.5759637188208617
4a16419,4,275,4,1591,0.6218181818181818
7853ba5,3,427,3,2464,0.46604215456674475
d7056aa,3,310,4,1688,0.44193548387096776
757343d,3,412,8,2420,0.44902912621359226
3484e9f,2,154,2,837,0.6493506493506493
e16657c,2,320,3,1661,0.46875
e5ea0d5,3,368,5,2058,0.39402173913043476
6fe9ea8,2,182,1,1070,0.6098901098901099
f0803b8,5,553,5,3276,0.4376130198915009
8377d52,2,228,4,1226,0.5526315789473685
11c96ef,4,342,4,2053,0.5526315789473685
cfdf3f2,3,464,5,2693,0.6206896551724138
fd0351b,2,186,3,1077,0.5645161290322581
3fcff84,3,581,14,3058,0.41308089500860584
f856bc8,2,201,5,1085,0.6567164179104478
ef1438f,1,293,4,1760,0.6484641638225256
bea4ce7,2,271,4,1448,0.43911439114391143
28cf870,2,278,3,1407,0.5323741007194245
af9cca5,4,346,5,2064,0.4508670520231214
9185c9b,3,524,5,2806,0.5
abd24bc,2,273,3,1460,0.5494505494505495
b26c443,2,178,4,920,0.5168539325842697
74318fd,2,227,4,1289,0.5638766519823789
24e64ad,3,255,5,1463,0.6078431372549019
ec82b99,3,354,5,1891,0.4350282485875706
88e1bf9,2,213,3,1165,0.6338028169014085
5e4b977,2,168,1,835,0.5595238095238095
89ba46c,4,443,5,2418,0.5237020316027088
7af41ea,3,316,3,1980,0.5506329113924051
5a92ac6,5,389,5,2372,0.5526992287917738
231b95b,3,423,28,2389,0.4444444444444444
44c494d,3,403,13,2203,0.5285359801488834
694d203,3,302,4,1748,0.5529801324503312
6f331fc,4,470,5,2703,0.5
84cb271,3,375,5,2013,0.3893333333333333
8319ef9,4,362,5,2043,0.4005524861878453
f8a1c0a,3,360,7,2044,0.5472222222222223
a4c474c,4,510,5,2883,0.4803921568627451
7f078cf,3,424,5,2508,0.5377358490566038
268cd47,2,208,4,1221,0.5673076923076923
de87a1c,2,289,1,1604,0.5259515570934256
0ee7d80,3,460,5,2398,0.3934782608695652
7efe0c4,3,436,5,2291,0.4724770642201835
578147d,5,893,5,5112,0.47928331466965285
ba8c337,2,177,4,1010,0.632768361581921
8eb9955,3,298,5,1740,0.5671140939597316
7494af5,3,399,6,2220,0.48621553884711777
2e8ae9f,3,397,5,2174,0.4181360201511335
e3b78ff,3,596,6,3187,0.42953020134228187
071dba8,3,260,3,2260,0.5961538461538461
0bc541d,4,403,5,2151,0.4441687344913151
0aefcef,2,332,3,1756,0.5301204819277109
0ad1f49,2,161,3,850,0.5714285714285714
403b7f6,4,396,5,2346,0.5505050505050505
6b626c6,3,315,2,1642,0.4888888888888889
9292e8f,2,221,4,1161,0.6244343891402715
4f951b4,2,293,9,1767,0.5255972696245734
52d7570,3,230,6,1537,0.6260869565217392
7ec2f7e,3,399,4,2340,0.46867167919799496
fab4fe8,2,211,3,1156,0.6113744075829384
d4a1bcf,3,544,5,3117,0.5073529411764706
c39fd2a,3,486,7,2912,0.4711934156378601
1686625,4,481,7,2600,0.4158004158004158
2830462,4,615,5,3394,0.36260162601626017
372c68e,4,630,5,3476,0.3952380952380952
4a9a74b,4,473,5,2437,0.4355179704016913
e8aa91d,4,545,5,3134,0.44036697247706424
eafac49,2,477,2,2352,0.4528301886792453
07952db,3,298,6,1692,0.4395973154362416
ebbe96c,3,383,3,2195,0.556135770234987
5f46401,4,556,5,3082,0.5539568345323741
0eaa56c,3,493,4,2854,0.4421906693711968
ef70e4c,3,468,5,2618,0.452991452991453
fa1fdf3,2,273,6,1876,0.652014652014652
e36bb08,3,239,3,1383,0.5648535564853556
324d38b,2,175,3,836,0.5371428571428571
60e0c46,1,165,3,982,0.7090909090909091
f006607,3,178,8,995,0.6629213483146067
45a26a2,1,201,4,1264,0.572139303482587
e9928b5,3,256,6,1486,0.53515625
47b45a7,4,370,6,2265,0.5864864864864865
88d8d80,2,207,3,1063,0.4057971014492754
606be34,2,245,4,1342,0.5836734693877551
202006a,4,442,5,2435,0.39592760180995473
414ff8a,5,566,5,3280,0.4469964664310954
aff4169,2,210,3,1137,0.5666666666666667
fb140b4,2,175,3,1890,0.49714285714285716
7af72ba,5,508,29,3216,0.5196850393700787
ead988a,3,297,5,1615,0.49158249158249157
019e8c3,3,507,30,2926,0.4418145956607495
2daf910,1,241,3,1502,0.5062240663900415
a286208,3,288,4,1454,0.4861111111111111
2cc98cb,3,527,5,2737,0.36242884250474383
104c9c2,3,226,3,1273,0.6106194690265486
ef6569d,2,195,3,1119,0.6410256410256411
817dbc6,3,269,4,1483,0.5947955390334573
5387290,3,201,5,985,0.5572139303482587
1866c81,3,243,3,1389,0.551440329218107
3128486,2,215,4,1236,0.6372093023255814
605e033,3,339,4,1789,0.5132743362831859
f2e66b1,3,271,4,1399,0.5166051660516605
d2196a3,3,424,4,2376,0.4386792452830189
2dee5f4,3,273,4,1577,0.663003663003663
e80f2b4,3,524,7,2749,0.43702290076335876
9cf3e02,3,412,4,2308,0.5145631067961165
387e0e5,3,285,3,1735,0.6350877192982456
2f095a0,5,486,5,2893,0.4794238683127572
4ad512b,2,212,3,1097,0.5188679245283019
7bed253,3,353,5,1989,0.5212464589235127
11f80aa,3,369,5,1836,0.43089430894308944
bf2e2df,3,297,6,1493,0.4781144781144781
90246bc,2,310,3,1740,0.5225806451612903
c9f83ef,2,254,3,1384,0.5196850393700787
a356c7c,4,570,5,3332,0.4070175438596491
0e2b7d1,3,570,4,3441,0.512280701754386
a17d5f7,2,226,5,1201,0.4778761061946903
f51f0fa,2,207,5,1067,0.6231884057971014
faa610e,4,461,6,2581,0.42950108459869846
08133fe,3,361,6,1836,0.4376731301939058
6ca477c,4,606,5,3170,0.4042904290429043
c48c366,5,535,6,3223,0.4336448598130841
a8d7467,3,379,4,1991,0.5065963060686016
3d9c7b9,6,597,4,3532,0.5443886097152428
c7a8763,3,346,4,2070,0.49421965317919075
cc0dde2,2,165,4,904,0.5878787878787879
557d939,3,346,4,1948,0.5086705202312138
3e15f18,3,508,4,2720,0.44881889763779526
e3e72ce,3,304,4,1653,0.4605263157894737
8fefb41,4,487,8,2876,0.46611909650924027
7c6e35e,3,337,3,1926,0.5281899109792285
0f8d16d,4,352,5,2082,0.5738636363636364
ed18cb2,3,410,8,2120,0.4926829268292683
4953269,3,258,4,1444,0.4883720930232558
61e8dfa,3,359,5,1894,0.4763231197771588
371c937,4,509,5,2757,0.4656188605108055
9ddf1bf,3,566,5,3063,0.450530035335689
8b5f1fd,4,581,3,3267,0.3855421686746988
3e78c7c,4,460,5,2605,0.4
c19d89d,2,480,25,2891,0.5854166666666667
a6dafc7,4,457,7,2707,0.4617067833698031
0c1322b,1,173,4,928,0.5433526011560693
4a3ef9f,4,516,6,2807,0.4573643410852713
18c9ed8,4,509,8,2818,0.4636542239685658
3192920,2,362,4,1929,0.44751381215469616
001ab80,4,550,4,3077,0.4381818181818182
fc3927a,3,289,4,1554,0.4532871972318339
84acc1d,2,328,7,1753,0.5914634146341463
ca061e6,2,270,4,1367,0.4888888888888889
0acfeeb,4,473,5,2797,0.492600422832981
e75bdf8,2,188,1,987,0.6117021276595744
93ab97b,3,279,5,1569,0.6057347670250897
7aee2ae,2,178,1,1061,0.6573033707865169
29daf40,5,1312,5,7394,0.4192073170731707
403b099,1,161,1,771,0.4906832298136646
f43979d,3,253,6,1461,0.5454545454545454
0728321,4,388,7,2190,0.49742268041237114
c20344e,5,557,5,3122,0.4272890484739677
b875b20,2,167,1,893,0.5209580838323353
72f273b,4,389,5,2333,0.5681233933161953
fd46aef,3,286,5,1603,0.548951048951049
a67bf65,3,287,6,1549,0.5958188153310104
c5bc641,4,367,4,2009,0.5231607629427792
3167722,2,191,3,1161,0.7015706806282722
8345960,2,218,2,1279,0.6009174311926605
4fce83a,3,583,6,2992,0.37735849056603776
7c4b9e5,2,226,3,1224,0.5176991150442478
4e38e77,3,294,3,1665,0.5782312925170068
8d6be06,5,562,6,3456,0.4181494661921708
22ed7ef,2,367,3,1797,0.444141689373297
94cf58f,4,502,5,2983,0.5537848605577689
371081f,5,520,5,3181,0.5288461538461539
65c8c94,3,347,5,2094,0.6772334293948127
9216557,3,389,4,2243,0.6118251928020566
2c91690,3,354,1,1651,0.4887005649717514
ef3b33d,2,171,3,928,0.6257309941520468
4f55fbe,5,521,4,3008,0.4836852207293666
6bd29f5,3,391,6,2064,0.47058823529411764
02ecf18,2,316,4,1497,0.39556962025316456
a39eecf,6,632,5,3460,0.41930379746835444
04a99cb,3,508,14,2978,0.4035433070866142
3a1dd7e,4,604,6,3417,0.48344370860927155
a9cbc46,3,448,4,2476,0.5602678571428571
7f759d2,4,677,5,3599,0.4254062038404727
37c450b,4,623,4,3836,0.4943820224719101
cfdfdfa,3,271,4,1588,0.39114391143911437
1f3890c,2,277,1,1475,0.48736462093862815
b92bdee,1,171,5,867,0.49707602339181284
cf482bb,3,511,4,2707,0.4774951076320939
89a35da,4,382,5,2289,0.5575916230366492
fe4a022,3,475,5,2655,0.44
40d42ad,4,633,10,3580,0.4296998420221169
2402f2d,1,195,1,1197,0.18974358974358974
e43f082,3,217,2,1204,0.5576036866359447
6f51437,4,409,4,2289,0.4841075794621027
1cc8f9d,1,573,5,3588,0.5933682373472949
e426299,2,230,3,1348,0.5347826086956522
103ff95,1,275,5,1588,0.5309090909090909
98a1e0f,4,504,5,2589,0.42857142857142855
a253d76,3,274,3,1505,0.45985401459854014
8936c5c,4,503,5,3017,0.4671968190854871
c18808b,3,391,5,1992,0.44501278772378516
4a84090,2,166,3,926,0.6807228915662651
83c9bbb,3,757,27,4129,0.38969616908850724
62f4cd8,4,355,5,1888,0.5295774647887324
77418ee,4,453,7,2499,0.45695364238410596
0f69e05,3,375,5,1951,0.5253333333333333
e1f5327,3,319,5,1778,0.49216300940438873
24a099b,3,468,6,2382,0.4551282051282051
52f2649,5,641,5,3645,0.5210608424336973
d8dc3f8,2,168,4,968,0.5178571428571429
427013e,3,380,7,1995,0.4421052631578947
01dabde,5,792,5,4347,0.5012626262626263
2522c5d,2,337,3,2013,0.5400593471810089
0fcadb2,2,310,5,1683,0.5580645161290323
f197341,2,215,2,1099,0.49767441860465117
c80a861,3,407,6,2397,0.5798525798525799
97ab7f3,5,538,5,3135,0.4516728624535316
6f62ee5,3,252,7,1337,0.49603174603174605
72718b7,2,212,5,1134,0.5566037735849056
a16a21f,2,236,8,1501,0.6313559322033898
5b8791b,1,317,5,2153,0.6277602523659306
efd7312,3,358,3,1943,0.4776536312849162
8393995,5,504,6,3085,0.44246031746031744
52aa85b,3,327,4,1916,0.5107033639143731
18d08e8,4,469,5,2493,0.3795309168443497
d507c82,3,360,2,1833,0.45
68eaf9f,1,219,3,1167,0.54337899543379
f386e73,3,253,3,1401,0.5691699604743083
f8b885d,3,378,4,2024,0.42857142857142855
6dc6b0a,3,379,5,1997,0.47229551451187335
1446c35,4,392,6,2128,0.4719387755102041
442479e,4,625,6,3471,0.5472
5b1893b,3,291,8,1577,0.5223367697594502
790576f,2,168,3,969,0.6130952380952381
c257539,2,283,3,1640,0.48056537102473496
4f70228,5,626,5,3427,0.4792332268370607
0156ea6,1,174,3,955,0.5689655172413793
dd03d5e,2,377,10,2083,0.5702917771883289
1f113e1,3,263,5,1449,0.49809885931558934
2ab69a7,5,732,4,3898,0.40710382513661203
9b35b9f,2,282,3,1589,0.5070921985815603
d0a6d84,1,193,3,1201,0.7202072538860104
19953a8,4,526,5,2913,0.34600760456273766
d63fc88,3,325,9,1688,0.49230769230769234
a3f3377,3,351,18,2041,0.5185185185185185
1807be3,3,200,3,1141,0.645
614de08,4,473,6,2706,0.3974630021141649
632cacb,2,406,5,2367,0.5
72bb125,5,623,9,3289,0.46709470304975925
35c806d,5,654,9,3848,0.4740061162079511
0187e96,4,519,4,2927,0.5568400770712909
3911a88,2,391,5,2223,0.5831202046035806
1849da9,3,420,5,2102,0.46904761904761905
5d911ab,4,454,1,2482,0.552863436123348
94f5165,3,324,3,1598,0.48148148148148145
71d19fc,3,271,6,1387,0.4944649446494465
a4fcdca,3,248,3,1335,0.5282258064516129
c123b4c,1,166,3,999,0.6807228915662651
a3762d8,4,340,7,1995,0.6323529411764706
dcc75d7,4,300,5,1848,0.5666666666666667
4fc4cab,2,223,3,1308,0.5739910313901345
92ae69d,3,491,6,2578,0.47657841140529533
8947d0c,2,261,8,1488,0.5862068965517241
f95baca,3,402,4,2411,0.47512437810945274
e1ea8ee,3,289,3,1756,0.6885813148788927
975442b,2,371,4,1768,0.38274932614555257
7a86c92,4,592,12,3203,0.5371621621621622
46692fb,2,211,4,1118,0.4928909952606635
8c1c7fc,4,338,5,2069,0.4822485207100592
477bbba,4,484,21,2826,0.49586776859504134
201523b,4,455,6,2550,0.5230769230769231
5c73459,2,295,4,1793,0.5322033898305085
1d0a8db,5,514,5,2959,0.47470817120622566
31610f5,1,218,3,1196,0.6055045871559633
fe546d8,5,557,5,2968,0.3608617594254937
0d8bfc5,3,313,4,1684,0.4696485623003195
ef3ddc1,3,449,4,2316,0.39198218262806234
5fbec4d,5,739,5,4179,0.476319350473613
0519419,4,352,7,2076,0.4772727272727273
6ccda33,2,500,1,2603,0.446
28d472e,5,763,5,4556,0.37876802096985585
6f4d54b,2,190,3,1030,0.6631578947368421
cdff3b2,4,605,13,3471,0.5223140495867769
b5b5033,3,464,6,2758,0.47198275862068967
4a0a356,2,167,3,915,0.6287425149700598
9fae4ef,4,606,5,3501,0.41914191419141916
22d7047,3,290,3,1624,0.603448275862069
982f413,1,439,6,2498,0.4760820045558087
ea7d77b,3,242,3,1377,0.5909090909090909
70abb34,1,312,14,1862,0.6217948717948718
c0b9852,3,185,5,1080,0.6162162162162163
4fc2548,2,407,3,2070,0.5061425061425061
6c636c4,3,293,5,1541,0.5563139931740614
060d2bb,3,237,4,1281,0.5864978902953587
fd2ebe0,3,288,4,1550,0.5
59d98c3,4,422,4,2380,0.45023696682464454
10fe8cc,4,499,4,2536,0.4649298597194389
c115173,3,622,8,3541,0.4180064308681672
03ff4c1,3,442,5,2558,0.5226244343891403
5c80df3,2,414,4,2180,0.41545893719806765
c09b401,4,462,6,2469,0.49134199134199136
452641d,2,534,7,2938,0.5224719101123596
33e6120,2,210,4,1114,0.5523809523809524
366daac,3,328,3,1740,0.524390243902439
4cc0953,2,228,1,1317,0.5789473684210527
402835b,4,480,4,2854,0.42083333333333334
77caafd,1,284,10,1595,0.5563380281690141
aeaa1eb,3,287,5,1600,0.5505226480836237
a7caf1d,4,579,5,3538,0.5613126079447323
5b27416,3,421,4,2589,0.49406175771971494
d31dc56,4,409,6,2306,0.4621026894865526
8cd1c55,2,196,3,1123,0.5969387755102041
cf6e8bb,3,265,4,1548,0.5924528301886792
d4c95d1,3,281,4,1573,0.4875444839857651
e1870ae,3,311,3,1886,0.6012861736334405
a1b39aa,1,202,7,1127,0.5693069306930693
ba47e27,4,503,6,3044,0.5149105367793241
e813e51,3,454,5,2534,0.5110132158590308
2c35c89,4,512,5,2880,0.470703125
7144371,4,430,5,2405,0.5674418604651162
2b0bc6d,3,380,5,2213,0.5473684210526316
58379d1,3,325,5,1762,0.48307692307692307
d2cbf09,4,385,5,1994,0.5064935064935064
49bc040,2,160,3,942,0.6125
5a0a6e7,5,469,4,2816,0.4989339019189765
dd93e56,3,300,4,1670,0.46
1d5b94f,2,171,1,885,0.5906432748538012
e9c5ea9,2,238,5,2324,0.5504201680672269
d7d09c0,3,274,4,1521,0.5109489051094891
d64d128,4,494,5,2653,0.49190283400809715
6f1f88c,4,795,11,4451,0.42515723270440253
6dc736a,3,248,3,1381,0.5201612903225806
da08297,3,417,5,2169,0.4364508393285372
23709d9,1,703,5,3846,0.3485064011379801
0f7dda8,3,350,6,1977,0.48
da6aebe,3,327,7,1788,0.5321100917431193
06fa3b6,3,500,4,2605,0.48
a82b5ef,5,557,8,3404,0.3877917414721723
7fd1119,5,496,5,2978,0.4879032258064516
b103ef4,2,286,4,1579,0.548951048951049
2223f85,4,494,10,2837,0.4676113360323887
4a7e08f,1,168,5,990,0.7023809523809523
84b8678,2,229,3,1302,0.6244541484716157
624ad4d,3,479,4,2473,0.4551148225469729
56ce1c1,2,169,1,954,0.6390532544378699
9186571,2,362,5,1993,0.5524861878453039
7902cba,2,362,11,2146,0.42265193370165743
0a98eef,3,390,10,2153,0.5
5bc5aff,2,216,1,1075,0.48148148148148145
0892cb5,2,285,3,1597,0.6526315789473685
b28b2d9,3,400,3,2183,0.505
214b662,3,281,5,1510,0.4626334519572954
563d1cf,2,158,1,789,0.6075949367088608
3434f04,5,559,6,3257,0.5205724508050089
a395c34,4,444,3,2584,0.45495495495495497
b9d0a53,3,442,6,2258,0.30995475113122173
42ad70e,4,541,6,2863,0.49168207024029575
1494422,4,539,5,2948,0.42115027829313545
feab32e,4,333,6,1894,0.5165165165165165
0b1ab1d,2,197,1,1001,0.583756345177665
d69dd40,2,313,4,4223,0.7124600638977636
9fe31ac,3,279,5,1462,0.5627240143369175
6e0482c,3,380,5,1930,0.35
b4bdae2,2,465,14,2218,0.44731182795698926
3de9f62,3,406,4,2467,0.5566502463054187
00d4911,4,293,5,1705,0.6143344709897611
941e431,3,299,5,1616,0.5652173913043478
b0dc830,1,453,4,2706,0.543046357615894
e837edd,2,169,1,969,0.6272189349112426
5d99b40,3,417,3,2214,0.4988009592326139
43cb52e,2,231,2,1374,0.6017316017316018
7a07c96,4,428,5,2316,0.46261682242990654
468f06d,3,353,6,1967,0.49291784702549574
da0e8fb,1,416,3,2499,0.5817307692307693
20cb752,2,1656,1,8015,0.05495169082125604
61f7a9c,4,716,6,4033,0.4441340782122905
f0f3cba,4,571,6,3305,0.4763572679509632
fe3d113,3,217,4,1126,0.5529953917050692
70a84ef,3,394,5,2386,0.4873096446700508
d57c7b5,3,261,5,1360,0.5747126436781609
b015474,3,264,4,1446,0.45454545454545453
76eddd4,5,712,6,3793,0.4002808988764045
9cf3904,2,268,4,1444,0.5783582089552238
4d8de47,2,163,3,826,0.558282208588957
9f62f3a,3,326,3,1760,0.5644171779141104
f11d525,2,229,5,1266,0.7074235807860262
15de5b1,2,321,4,1993,0.6261682242990654
edf5017,4,599,5,3382,0.42070116861435725
46eaa8b,3,295,4,1598,0.5389830508474577
d8a6d62,3,257,5,1507,0.5680933852140078
d7800bf,3,249,3,1357,0.5461847389558233
896506f,4,670,7,4015,0.5223880597014925
6ad5505,1,224,4,1201,0.47767857142857145
dab2346,3,498,5,2748,0.44176706827309237
c0f89a5,3,473,6,2671,0.4355179704016913
2e86520,2,341,5,2106,0.5219941348973607
ad14bcb,3,297,5,1587,0.4713804713804714
bc7c899,5,505,6,2896,0.39801980198019804
813954b,5,465,7,2837,0.5075268817204301
99a0329,2,242,3,1231,0.5289256198347108
3d37941,5,611,6,3452,0.4762684124386252
a0c461b,2,520,6,2845,0.4442307692307692
51cff10,2,196,4,1106,0.5306122448979592
430de71,3,534,4,3049,0.48314606741573035
a8bcbe0,3,402,5,2161,0.4154228855721393
0ef4f4f,4,481,5,2623,0.38253638253638256
e671912,4,768,4,4355,0.4049479166666667
c5efa97,4,519,5,2850,0.4238921001926782
e254feb,3,295,6,1604,0.5423728813559322
0bfe967,2,253,3,1463,0.6284584980237155
e67b702,4,458,6,2741,0.5218340611353712
dcfe25f,2,379,4,2181,0.5461741424802111
595e8d2,4,488,5,2780,0.4918032786885246
0b551ad,3,214,4,1105,0.48598130841121495
82b2ffc,4,598,5,3431,0.5117056856187291
3dca01c,2,224,4,1310,0.5625
091e483,3,277,5,1559,0.5126353790613718
7ec2cc3,2,371,5,2103,0.42048517520215634
5c964d3,2,212,4,1132,0.6084905660377359
0be5034,2,223,3,1161,0.48878923766816146
46fa387,3,459,4,2620,0.41830065359477125
b3e4b16,3,311,5,1609,0.5466237942122186
41a6642,2,224,5,1344,0.6205357142857143
67b0ded,4,451,5,2574,0.49445676274944567
876217e,3,340,5,1839,0.5176470588235295
e19825b,3,327,4,1943,0.581039755351682
89bcb5b,2,334,4,1513,0.3562874251497006
48aee07,4,435,4,2501,0.49195402298850577
7ff464e,2,287,5,1693,0.41114982578397213
f8514e5,1,274,3,1637,0.583941605839416
64747e6,2,168,6,957,0.6607142857142857
e2b1ad6,2,311,4,1732,0.5627009646302251
468b07c,2,183,4,996,0.5846994535519126
68c44da,4,361,5,2005,0.4376731301939058
11c2627,4,392,5,2187,0.4030612244897959
152609d,1,166,3,839,0.572289156626506
d9fd23e,4,615,17,3634,0.48292682926829267
acdebde,2,165,3,929,0.5575757575757576
335556a,2,201,1,1052,0.46766169154228854
d8dfcbc,2,325,3,1726,0.5692307692307692
50af254,2,209,4,1241,0.3684210526315789
fa5d67a,3,321,5,1895,0.5919003115264797
9e1614b,4,350,5,1990,0.46285714285714286
8863d36,4,394,7,2218,0.5558375634517766
13fe30a,4,369,4,2236,0.5257452574525745
14b8fbb,4,468,8,2649,0.43803418803418803
3e3c20a,2,340,4,1819,0.35
8486e0e,4,393,5,2024,0.4580152671755725
704ca8c,3,287,2,1656,0.4808362369337979
bfb525f,2,217,3,1302,0.5529953917050692
933fdf9,4,490,8,2674,0.5020408163265306
ee13521,5,606,4,3311,0.37458745874587457
fe92183,2,354,3,1731,0.4661016949152542
a35725b,3,331,5,1763,0.4984894259818731
7d6ac01,5,442,7,2461,0.5135746606334841
fa29121,3,452,26,2359,0.4225663716814159
3f4a9c6,5,737,6,4271,0.451831750339213
71c12b0,3,306,5,1579,0.4738562091503268
44cb3be,2,230,4,1186,0.5434782608695652
3be8782,4,428,5,2269,0.46261682242990654
f8d91ef,2,242,1,1269,0.5785123966942148
b0a7822,2,319,2,1808,0.6175548589341693
84ddd05,5,834,5,4761,0.4988009592326139
d404a6c,3,319,1,1702,0.4827586206896552
59901f2,4,574,6,3141,0.41986062717770034
abe938a,1,175,3,930,0.49714285714285716
2b743c0,5,562,5,3341,0.4501779359430605
5b2a930,3,513,5,2663,0.4249512670565302
9a4aba9,2,248,4,1435,0.5040322580645161
632e88e,4,451,7,2606,0.5188470066518847
349e486,3,280,3,1579,0.5535714285714286
9e940ef,2,340,4,1665,0.49117647058823527
b6a7a88,3,224,4,9980,0.5848214285714286
8e01a15,3,212,3,1195,0.6037735849056604
0870f09,3,290,4,1609,0.4482758620689655
3020500,4,638,5,3721,0.46865203761755486
c620a79,4,548,5,2991,0.49635036496350365
20f7124,2,260,1,1288,0.5538461538461539
d7023dd,2,262,3,1488,0.5725190839694656
dc6dfac,4,597,5,3268,0.52428810720268
a534657,4,446,5,2416,0.47757847533632286
f13e69b,4,452,6,2455,0.46238938053097345
75bb63f,4,473,5,2579,0.4693446088794926
ad7c1bb,2,166,4,844,0.5301204819277109
d640a12,2,600,5,3413,0.5283333333333333
c0f7dfe,3,563,10,3249,0.5595026642984015
a39770e,4,398,3,2313,0.5201005025125628
30d4a45,3,416,5,2007,0.39903846153846156
320ae92,1,168,1,824,0.5119047619047619
c61a6eb,2,217,4,1118,0.4009216589861751
a7f296e,2,230,3,1337,0.6260869565217392
0f79e39,3,565,5,2835,0.32212389380530976
a52d490,3,350,3,1912,0.46285714285714286
75e3824,5,713,5,3980,0.4950911640953717
608ace7,2,173,1,946,0.5028901734104047
1542a67,4,566,4,2973,0.42226148409893993
8ec6280,3,232,4,1327,0.5689655172413793
d535c1b,4,420,6,2478,0.530952380952381
93fd504,4,335,7,1821,0.5343283582089552
5272eb0,3,318,4,1817,0.5880503144654088
d1e5244,4,491,5,2710,0.42973523421588594
a9ea38e,6,643,5,3659,0.4370139968895801
0e277d7,3,371,8,1961,0.444743935309973
bb0ee48,3,242,3,1447,0.5454545454545454
61ff5ed,2,592,25,3594,0.4831081081081081
7b9c495,3,437,5,2377,0.391304347826087
b655356,3,449,4,2756,0.6258351893095768
a208781,4,493,6,2682,0.45233265720081134
bc3c595,2,290,1,1452,0.503448275862069
bbecc99,3,364,4,2114,0.42032967032967034
1cc616f,4,556,10,3153,0.49640287769784175
0c0eeb7,3,454,5,2451,0.5154185022026432
d268560,2,266,3,1458,0.6052631578947368
214bad3,4,701,6,4389,0.4222539229671897
c781ab6,5,1210,5,6910,0.3834710743801653
2313cd7,2,200,4,1087,0.555
b512b19,3,435,6,2342,0.4574712643678161
89bd257,1,229,3,1172,0.5414847161572053
b035579,3,253,5,1436,0.6205533596837944
5015b67,2,176,4,1027,0.5454545454545454
80c7f25,3,380,4,2027,0.5552631578947368
472298b,3,437,4,2388,0.448512585812357
65a3145,4,352,5,1909,0.5028409090909091
9597653,3,523,8,2786,0.4435946462715105
96caa63,1,210,3,1197,0.6095238095238096
af45e2b,4,496,5,2818,0.44556451612903225
c6c979c,2,195,4,1077,0.5538461538461539
0975e3f,4,410,5,2375,0.5048780487804878
47824ea,4,658,5,3908,0.4194528875379939
75403ca,4,492,5,2730,0.4146341463414634
613f390,3,374,4,2045,0.42513368983957217
27c2c70,4,602,5,3110,0.33554817275747506
be9cecb,2,172,3,943,0.5930232558139535
732b189,4,425,5,2574,0.42823529411764705
b02736f,4,418,5,2409,0.5311004784688995
23b4894,2,322,3,1716,0.515527950310559
3e30e6c,2,457,5,2538,0.41575492341356673
2203c6a,4,412,5,2327,0.36893203883495146
34b120d,4,491,5,2756,0.3604887983706721
7b28c77,4,493,6,2490,0.37322515212981744
46dd6fb,2,245,7,1268,0.5183673469387755
e05e8dc,2,166,3,980,0.608433734939759
b8c4981,5,986,12,5911,0.49797160243407707
a82fa5f,2,200,3,1064,0.515
76ad1db,2,215,4,1075,0.5302325581395348
ec3323b,1,228,3,1329,0.5833333333333334
f985a3f,3,307,4,1705,0.4820846905537459
a354d9b,5,487,5,2953,0.4722792607802875
d1d32ad,3,270,1,1499,0.6037037037037037
4f8575d,2,188,1,1013,0.6436170212765957
389db01,2,218,3,1132,0.5137614678899083
06939ab,3,271,4,1591,0.5276752767527675
00a3575,2,207,3,1253,0.6086956521739131
84150e8,3,322,6,1834,0.4782608695652174
93e2ad5,3,299,6,1812,0.4816053511705686
80a1c47,3,402,5,2060,0.36069651741293535
eabad33,3,1020,3,5722,0.37549019607843137
71b6e79,6,579,6,3418,0.41450777202072536
dd5e511,2,324,3,1774,0.5648148148148148
1374701,4,632,6,3687,0.43354430379746833
0e85504,1,249,6,1375,0.5863453815261044
6c02528,2,218,3,1232,0.5688073394495413
3c30a03,2,244,8,1434,0.5655737704918032
de9b166,4,779,6,4355,0.4492939666238768
1840279,3,245,3,1357,0.5714285714285714
650f016,4,537,5,2845,0.3929236499068901
70daa75,4,407,4,2255,0.4398034398034398
4bfbfae,3,253,5,1294,0.48221343873517786
f4fc1ab,2,328,5,1849,0.6615853658536586
9d90fe3,5,403,4,2283,0.46153846153846156
22ae235,4,419,8,2422,0.5656324582338902
98bd2f3,1,197,1,1102,0.5532994923857868
7646cd6,4,307,5,1822,0.5765472312703583
32de0f4,3,293,4,1768,0.5324232081911263
233ca6e,3,497,31,2887,0.4688128772635815
dc225ea,2,217,3,1263,0.5990783410138248
4f53e1c,2,226,2,1246,0.5575221238938053
7a2d72e,2,214,4,1135,0.5467289719626168
e8f52e7,3,366,5,1888,0.49453551912568305
4a842cc,1,233,1,1402,0.6652360515021459
e7900f2,2,157,3,977,0.5732484076433121
3dc4b34,3,307,5,1680,0.46905537459283386
670088c,4,337,4,1725,0.42433234421364985
5091e12,6,722,4,4340,0.4792243767313019
47c2307,2,220,4,1110,0.5545454545454546
5d30afd,3,343,5,1911,0.5131195335276968
9d26da6,2,274,4,1634,0.5912408759124088
e0c11f4,2,215,14,1149,0.5302325581395348
d46c951,4,584,4,3352,0.4777397260273973
4603408,3,282,3,1589,0.5957446808510638
aa2c133,5,527,5,3270,0.5028462998102466
c3f8479,4,792,5,4407,0.3409090909090909
595fec4,4,487,5,2942,0.48459958932238195
cb7624a,3,187,3,1030,0.5561497326203209
2fdb1d6,2,185,3,1108,0.6054054054054054
f0c47c7,3,183,4,1001,0.5683060109289617
0848273,4,362,5,1957,0.4889502762430939
0a919e7,2,328,4,1812,0.5
e481600,3,346,5,1850,0.5491329479768786
c9f4cf0,2,254,3,1490,0.5590551181102362
feb63da,1,378,4,1992,0.40476190476190477
b5abb88,3,400,3,2266,0.485
b9cc240,4,442,5,2459,0.48642533936651583
0ea1c1f,4,394,4,2277,0.5279187817258884
54f35f7,3,499,6,2703,0.46893787575150303
aa59ea3,2,218,4,1226,0.5229357798165137
18f621f,2,213,1,1160,0.5539906103286385
29a7d43,5,727,6,4060,0.47730398899587345
1d9e356,3,395,5,2107,0.4481012658227848
a6a80ed,2,552,6,3552,0.5253623188405797
a3f1de6,3,383,11,2271,0.49869451697127937
d6c45e6,2,221,7,1230,0.5475113122171946
1a07cfb,2,285,5,1413,0.519298245614035
b057e26,2,295,4,1570,0.559322033898305
0cdf1ff,5,579,6,3283,0.4162348877374784
e2ba02d,2,243,15,1371,0.5185185185185185
a880da5,2,175,2,1049,0.6685714285714286
8abcbbc,5,801,5,4510,0.4631710362047441
d88e664,2,217,4,1043,0.5023041474654378
811355b,3,212,4,1147,0.5424528301886793
0a22908,6,626,6,3664,0.49201277955271566
a5bb8c7,4,637,8,3691,0.4521193092621664
1aac26b,1,157,1,872,0.6815286624203821
12f28ff,2,184,8,1026,0.6304347826086957
30e3b93,2,253,3,1589,0.6758893280632411
7819a73,2,189,3,989,0.7195767195767195
1591b94,2,213,7,1081,0.5070422535211268
4ea552d,5,516,7,3175,0.4941860465116279
a456bb6,2,197,1,987,0.5634517766497462
ed7fbc3,2,161,4,865,0.5838509316770186
2b1fd83,3,461,5,2402,0.4642082429501085
04b4ad6,3,270,6,1441,0.4703703703703704
4cd668a,3,323,3,1600,0.44272445820433437
497870f,3,351,4,1809,0.49572649572649574
01e64c4,2,247,4,1301,0.5060728744939271
336c6ad,1,185,3,1229,0.5675675675675675
e0112c9,1,257,2,1300,0.48638132295719844
2e68380,2,324,8,1655,0.558641975308642
e3f513b,3,198,5,1064,0.5959595959595959
2986cad,3,616,31,3586,0.512987012987013
d21fbb8,4,451,7,2611,0.43680709534368073
5f6ce63,2,184,4,1042,0.5815217391304348
2fd6657,2,211,2,1079,0.44075829383886256
ef23637,3,254,3,1454,0.6968503937007874
82853da,2,494,7,3044,0.4493927125506073
527b007,4,430,5,2357,0.4883720930232558
09b1823,3,186,1,1109,0.6451612903225806
abb588c,3,275,4,1456,0.4909090909090909
bd6f060,4,339,5,1801,0.48672566371681414
9232640,3,406,9,2429,0.5073891625615764
491d01e,3,303,6,1691,0.5412541254125413
ca0ed2e,2,294,2,1789,0.6190476190476191
8a171f9,3,304,6,1647,0.5394736842105263
26598f5,4,517,5,2948,0.48936170212765956
dd7ad18,2,306,2,1756,0.5490196078431373
c1eb255,3,373,19,2020,0.4343163538873995
5ed0a74,4,459,5,2650,0.45751633986928103
da5ee3f,3,402,4,2172,0.5199004975124378
e4ea808,3,352,4,1934,0.45738636363636365
dea361a,3,323,5,1932,0.56656346749226
9ab59e3,2,300,5,1679,0.5066666666666667
b39b8bb,4,781,5,4604,0.4814340588988476
09c5771,2,334,6,2259,0.6526946107784432
2a97d85,3,305,3,1632,0.521311475409836
a81b2f2,3,232,4,1222,0.5086206896551724
3ebc796,3,397,4,2219,0.5440806045340051
f3de91a,4,771,9,4514,0.37094682230869
889d496,4,506,5,2837,0.4288537549407115
ed21cf1,3,440,6,2545,0.4681818181818182
153e8fe,2,269,3,1378,0.5130111524163569
2e66941,3,252,3,1461,0.5873015873015873
4bca23d,3,351,7,1885,0.4131054131054131
d99d5b0,2,166,3,894,0.5421686746987951
9b20905,3,318,3,1862,0.5283018867924528
90cbd8a,3,476,6,2511,0.4474789915966387
f356a4c,3,460,1,2394,0.33695652173913043
69dfcda,4,490,5,2712,0.4020408163265306
353bc5b,4,530,5,2728,0.3433962264150943
c766758,2,239,3,1414,0.6401673640167364
93dcffc,2,165,1,895,0.593939393939394
08139fb,2,161,3,800,0.5714285714285714
e046d2a,3,242,4,1206,0.4628099173553719
bbf3192,2,230,4,1184,0.6173913043478261
2c6c2bf,3,245,4,1368,0.6204081632653061
952e8a3,3,278,3,1489,0.5287769784172662
053f99e,1,205,3,1064,0.5560975609756098
f26597a,2,226,3,1293,0.504424778761062
0ad08bd,2,194,2,1010,0.5515463917525774
90320ea,3,434,5,2465,0.4930875576036866
3b16819,1,172,1,1021,0.6511627906976745
a22d402,5,1209,5,6972,0.45161290322580644
b4d17d4,1,204,1,1062,0.5637254901960784
995ce5c,3,358,4,1935,0.5251396648044693
89b156e,2,166,4,917,0.5903614457831325
d4147f2,3,204,4,1111,0.46078431372549017
71c1f3d,2,547,8,3310,0.6288848263254113
40cba9a,1,356,5,2054,0.4943820224719101
182536b,3,333,4,1997,0.5345345345345346
13f81b1,2,199,1,1063,0.5728643216080402
59d8128,4,409,8,2453,0.5330073349633252
c149d08,6,670,6,4136,0.3776119402985075
635a4b4,3,425,4,2534,0.5905882352941176
87161f0,2,248,1,1296,0.5201612903225806
7486d70,2,400,2,2105,0.4775
e0b63de,3,247,4,1259,0.5101214574898786
f004f21,1,270,4,1417,0.45555555555555555
cc37102,2,155,3,787,0.567741935483871
05f81ce,4,529,6,2953,0.4007561436672968
61b3999,2,226,1,1233,0.5221238938053098
6a970f5,2,448,6,2565,0.5223214285714286
a65cf4d,4,477,8,2645,0.49266247379454925
86bb2c9,3,294,4,1592,0.5102040816326531
e62c876,2,204,2,1113,0.5686274509803921
7d65d93,1,166,3,954,0.6626506024096386
ba59149,4,459,5,2342,0.40305010893246185
7dd5c0d,3,391,2,2134,0.4424552429667519
8ec8211,3,209,3,1155,0.569377990430622
35ba672,4,428,11,2244,0.4766355140186916
22f55dc,1,187,3,942,0.5775401069518716
734036e,3,320,16,1756,0.5125
9a982b7,3,330,6,1776,0.45454545454545453
1d2f823,2,216,5,1222,0.6296296296296297
823b228,2,360,3,1779,0.40555555555555556
8a38ff3,4,542,7,2999,0.35424354243542433
6578734,4,426,4,2221,0.4647887323943662
a4bfcac,2,256,4,1505,0.6171875
b62d43b,5,512,5,3129,0.494140625
5d01e15,4,369,4,2175,0.5474254742547425
759d361,4,401,5,2169,0.5187032418952618
2d284ae,4,401,9,2117,0.4837905236907731
1de7a3e,2,208,10,1102,0.5384615384615384
3007923,3,233,4,1301,0.575107296137339
dc29de3,2,175,3,1051,0.6457142857142857
307b540,5,582,10,3383,0.47079037800687284
e99ce48,3,376,4,2125,0.4920212765957447
e0b351e,3,478,5,2485,0.4686192468619247
383af6e,3,324,3,1762,0.4783950617283951
d9a15bb,3,387,4,2063,0.4599483204134367
bcaeafd,2,198,4,1158,0.6262626262626263
6162c3a,2,210,3,1194,0.6095238095238096
1c74f89,4,400,3,2161,0.4775
5cfcdf9,3,235,5,1438,0.6382978723404256
5c04c45,3,216,3,1245,0.5277777777777778
3911f96,4,522,6,2779,0.4118773946360153
2836518,3,272,4,1574,0.6139705882352942
0c63220,3,395,2,2146,0.5189873417721519
9629fff,2,301,4,1838,0.5780730897009967
e4a732b,2,263,3,1446,0.5779467680608364
6365f7a,2,324,18,1703,0.5370370370370371
31b73d2,4,426,5,2526,0.49765258215962443
8aaee53,3,257,5,1498,0.5680933852140078
c435fff,2,292,2,1532,0.541095890410959
4c262b2,4,446,6,2633,0.5022421524663677
79dfcd7,6,975,9,5380,0.38461538461538464
8dbbcc8,2,366,6,2078,0.5109289617486339
575d609,3,513,10,2882,0.5282651072124757
e883e8d,3,345,4,1918,0.553623188405797
a7bb990,4,620,4,3684,0.5774193548387097
8b423cb,4,592,22,3538,0.42905405405405406
7d3aad9,2,262,3,1515,0.5687022900763359
ced3bda,2,327,2,1700,0.4740061162079511
b6fdfe8,4,362,4,2106,0.5359116022099447
b509ef3,1,209,3,1330,0.7033492822966507
d8f3bd7,4,587,5,3384,0.45315161839863716
08d4d59,4,457,5,2686,0.4135667396061269
019b862,2,258,1,1451,0.6007751937984496
5ada5db,3,442,4,2356,0.4819004524886878
5e5f641,3,352,5,2079,0.5255681818181818
290cf6b,3,395,5,2156,0.5645569620253165
9a371d4,3,328,6,1863,0.5945121951219512
4db2098,4,520,5,2930,0.4403846153846154
c97e5b2,3,267,2,1381,0.5168539325842697
cff9d2d,4,360,5,2207,0.5388888888888889
5bc984d,3,260,3,1524,0.5076923076923077
41cfc2c,3,280,3,1488,0.45357142857142857
06235e1,4,607,4,3338,0.471169686985173
fcc285f,1,191,2,1105,0.6649214659685864
80b8f92,3,419,3,2229,0.45823389021479716
8a62e5b,4,463,4,2562,0.42116630669546434
3e60172,3,306,3,1782,0.6013071895424836
bd0fd0d,4,490,5,2577,0.463265306122449
9caac09,3,344,4,1912,0.49709302325581395
647cd96,1,159,1,811,0.559748427672956
d77eb24,5,554,6,3099,0.5379061371841155
18f7fc7,2,154,1,781,0.5194805194805194
21ae86b,3,513,5,2775,0.49902534113060426
c3fd587,2,332,4,1782,0.5632530120481928
f7b0d7d,1,243,2,1282,0.5473251028806584
47225d8,2,174,4,863,0.6091954022988506
2e1b5e4,2,302,4,1553,0.47019867549668876
920a499,4,428,5,2638,0.5490654205607477
30869db,1,225,1,1059,0.5111111111111111
f6ccf5b,2,434,3,2333,0.3778801843317972
0f7535d,4,383,5,2228,0.4934725848563969
cf96a90,5,495,5,3117,0.509090909090909
43af0ee,3,302,3,1874,0.5860927152317881
537f360,3,352,5,1979,0.5085227272727273
79bbd9b,5,844,5,4671,0.4253554502369668
be316f2,4,469,5,2668,0.4904051172707889
1d20cae,3,397,5,2258,0.43828715365239296
5ad7706,3,242,3,1393,0.5661157024793388
359b8ee,4,590,7,3308,0.4728813559322034
3395115,3,267,3,1498,0.5655430711610487
2e5b73c,4,500,4,2960,0.478
06be122,2,218,1,1179,0.591743119266055
283ae2f,4,316,6,1892,0.43354430379746833
568497d,3,369,6,2006,0.43902439024390244
29194fa,3,434,5,2485,0.48847926267281105
7c244f3,4,383,5,2099,0.5143603133159269
7969ad0,5,517,5,2975,0.402321083172147
2bcd7b2,3,364,7,2156,0.6373626373626373
442da01,4,470,10,2597,0.44042553191489364
11b1db5,4,418,5,2222,0.39712918660287083
47a5dff,4,547,10,3062,0.4643510054844607
9792fe8,5,501,5,3238,0.469061876247505
f4ca3ba,4,448,5,2534,0.49776785714285715
9749d96,2,185,2,987,0.6
77421ce,1,177,4,961,0.5932203389830508
37b659c,4,389,5,2186,0.480719794344473
77d1a04,4,475,4,2628,0.44842105263157894
eaeef02,3,508,5,2828,0.5196850393700787
158ddca,5,364,4,2204,0.5412087912087912
5de5793,4,413,6,2308,0.5617433414043583
9d733ea,3,510,5,2707,0.41568627450980394
663fde6,2,159,3,960,0.6540880503144654
60000b4,3,230,4,1296,0.6130434782608696
9b3b928,3,405,5,2195,0.43209876543209874
7f8986b,3,361,5,1960,0.5069252077562327
5f35e66,2,309,3,1645,0.5501618122977346
c6a49f8,4,407,5,2430,0.5995085995085995
a63a862,3,331,3,1786,0.46827794561933533
7b190b5,3,427,3,2249,0.42857142857142855
abde127,2,171,3,954,0.695906432748538
44d698b,2,196,3,1035,0.6020408163265306
93632c3,2,197,4,1108,0.6040609137055838
dd5dacd,4,676,6,3786,0.4156804733727811
0098ef4,4,584,5,3351,0.4948630136986301
61d41c5,3,318,7,1696,0.4591194968553459
1ce9669,4,486,5,2703,0.3292181069958848
4be72b3,3,298,6,1666,0.5033557046979866
f29d95b,3,330,4,1849,0.5303030303030303
c50f5ae,3,231,4,1301,0.5844155844155844
0b6df5c,3,428,6,2339,0.5
ce356c9,3,430,3,2224,0.40232558139534885
103d884,4,406,6,2432,0.4753694581280788
9cbf6a3,3,395,6,2247,0.40253164556962023
45d4220,2,208,3,1196,0.6971153846153846
d0113ae,3,342,4,1925,0.4853801169590643
7b20057,1,357,9,2102,0.6022408963585434
4adb263,3,272,4,1478,0.5036764705882353
c1dabba,3,494,5,2959,0.47368421052631576
4cf846a,3,312,5,1744,0.5192307692307693
e1e2a67,3,476,3,2663,0.4831932773109244
578e3c1,3,388,4,2153,0.45618556701030927
265499b,2,394,3,2291,0.5177664974619289
1178b7e,2,180,2,971,0.55
c44be67,3,294,3,1567,0.5272108843537415
99038ba,3,431,13,2640,0.5011600928074246
ce0fa56,3,329,4,1867,0.5379939209726444
85bf4eb,2,263,3,1364,0.5437262357414449
5867764,2,225,1,1160,0.6
6bde4bc,2,169,3,974,0.6686390532544378
0cf9088,3,287,6,1693,0.6062717770034843
a53d268,3,320,3,1902,0.50625
0bee92d,2,303,4,1672,0.43564356435643564
1d34992,3,365,5,1972,0.5013698630136987
8055ec2,3,235,4,1218,0.4595744680851064
00f6ac7,3,368,3,2123,0.49728260869565216
58b61cc,6,653,5,3803,0.4655436447166922
3cc72ff,1,206,1,1157,0.6650485436893204
b7c2646,2,221,5,1327,0.6063348416289592
4f55690,4,491,5,2561,0.4725050916496945
976c6f8,2,207,3,1213,0.5555555555555556
4d63446,2,444,14,2223,0.40540540540540543
8ac535b,3,357,4,1946,0.47619047619047616
2305032,5,645,5,3902,0.5472868217054263
725dd07,2,248,5,1245,0.5524193548387096
00feec3,2,171,3,941,0.6257309941520468
748d54a,2,151,3,855,0.5298013245033113
2dc718b,4,506,5,2916,0.5197628458498024
9f93c72,3,336,5,1757,0.48214285714285715
2cd5385,4,373,3,2014,0.5013404825737265
1fdcd75,4,367,4,2106,0.5340599455040872
fbb4b88,2,178,4,963,0.550561797752809
ff4c9d0,2,481,8,2633,0.3783783783783784
92c37a0,3,254,4,1504,0.6023622047244095
93e1019,5,784,6,4593,0.4604591836734694
5ac14fa,3,329,6,1753,0.5197568389057751
81fde2a,2,178,5,849,0.5168539325842697
ad31471,4,414,5,2258,0.43478260869565216
09b1b24,2,523,1,2727,0.5181644359464627
df4a236,3,363,3,1986,0.45454545454545453
576b6b8,1,172,2,933,0.6627906976744186
8a54ace,3,547,5,2839,0.4405850091407678
4a23085,2,237,4,1318,0.5822784810126582
beed224,4,500,5,2861,0.414
48847db,4,655,4,3762,0.5145038167938931
90b9070,3,317,4,1599,0.3659305993690852
4406d5e,4,481,19,2985,0.4158004158004158
3647ee0,3,281,6,1450,0.5693950177935944
89daab8,4,444,4,2659,0.5022522522522522
1a0ee12,3,545,5,2877,0.3302752293577982
6bf2b8d,4,426,5,2231,0.4084507042253521
7813094,1,281,4,1661,0.6014234875444839
34339c4,3,274,3,1362,0.5145985401459854
a96f4f5,2,413,4,2120,0.46973365617433416
ad6312d,4,596,5,3114,0.38422818791946306
4d8d72c,1,281,4,1492,0.5480427046263345
e96aaaf,3,397,4,2352,0.5768261964735516
7be790c,1,419,8,2106,0.4486873508353222
c3cdc0c,4,404,6,2353,0.48267326732673266
0c85030,1,226,5,1294,0.6769911504424779
b090319,3,513,8,2707,0.48148148148148145
e195a3b,4,493,12,2820,0.49290060851926976
82a33e2,3,209,3,1065,0.5933014354066986
e6bbf25,3,312,4,1830,0.5480769230769231
f53fbe6,4,443,5,2560,0.4650112866817156
ff5c95f,5,564,7,3240,0.50177304964539
0eb2865,5,608,8,3559,0.37993421052631576
72c9aa8,1,279,4,1550,0.5448028673835126
4c772de,3,321,3,1864,0.6043613707165109
202b78d,2,192,4,1002,0.453125
461515a,5,736,12,4284,0.42527173913043476
9b80a7f,2,239,1,1254,0.5397489539748954
4d90b3e,4,365,6,2119,0.5452054794520548
710f5d9,4,393,5,2129,0.5114503816793893
5ef8f8e,3,268,3,1490,0.582089552238806
90a4d07,2,219,3,1080,0.4474885844748858
2c95040,3,215,3,1252,0.5581395348837209
caf4f81,5,790,4,4161,0.43037974683544306
95cfb46,4,458,3,2730,0.4978165938864629
5ae6fe3,3,208,4,1220,0.5576923076923077
6b02476,4,423,4,2253,0.4515366430260047
787fa24,3,386,10,2248,0.5673575129533679
f40883e,1,178,2,905,0.5112359550561798
b3d012d,2,181,4,1102,0.5193370165745856
33f367a,3,494,4,2874,0.4939271255060729
d35e751,4,415,6,2336,0.4843373493975904
1962ad7,4,490,4,2893,0.42244897959183675
e5bb1c0,2,325,5,1934,0.4676923076923077
41f185b,4,529,4,3113,0.4706994328922495
fe2a572,3,624,5,3261,0.46474358974358976
3217d6b,3,253,3,1401,0.5612648221343873
bbce450,4,470,8,2823,0.4574468085106383
65a47e3,4,442,7,2490,0.43891402714932126
215b5af,4,470,5,2626,0.5851063829787234
f132fc4,3,474,5,2663,0.4430379746835443
cc6e400,3,234,4,1348,0.5769230769230769
13d8060,3,303,5,1808,0.5610561056105611
9a10719,4,511,6,2744,0.436399217221135
c37d021,2,283,4,1637,0.5724381625441696
b535764,5,558,6,3369,0.4121863799283154
b08a814,2,366,4,2159,0.546448087431694
e8dfb46,1,162,1,773,0.5432098765432098
5ef300e,4,589,5,3349,0.5178268251273345
33dcf9a,2,259,6,1403,0.5405405405405406
be32742,3,477,6,2734,0.5303983228511531
d6ea1d3,2,172,3,887,0.5290697674418605
d144944,2,156,2,840,0.6153846153846154
846448e,3,288,3,1587,0.4340277777777778
b5aa1d8,4,392,5,2068,0.45663265306122447
0f20721,4,362,6,2145,0.5082872928176796
b3c9e9b,3,290,5,1535,0.5448275862068965
a3025f7,3,419,4,2463,0.5751789976133651
da81c33,2,212,5,1120,0.5849056603773585
7d9484d,4,386,5,2151,0.48704663212435234
f1438af,4,556,5,3147,0.4352517985611511
a83390c,3,357,5,1783,0.3025210084033613
2822b94,4,477,5,2620,0.44234800838574423
ca2c8f2,4,391,5,2298,0.5242966751918159
960e817,3,215,3,1260,0.627906976744186
e26c4cb,5,496,5,2610,0.3911290322580645
7341159,2,403,5,2205,0.5210918114143921
1b5f4fa,4,375,5,2123,0.47733333333333333
667bf45,6,592,5,3164,0.4239864864864865
f69ba8e,4,464,8,2410,0.40948275862068967
a433686,4,441,5,2471,0.36507936507936506
6bf05a5,3,321,3,1930,0.5794392523364486
dc978d4,3,328,4,1884,0.600609756097561
915c0f7,2,190,1,966,0.5631578947368421
57f6a70,3,276,4,1507,0.5253623188405797
ef9a2ba,3,418,6,2226,0.47368421052631576
c3bc0f7,4,343,5,1944,0.4110787172011662
8b57e29,2,238,3,1357,0.4411764705882353
6b3f030,3,253,9,1421,0.6047430830039525
100527c,2,217,1,1122,0.5668202764976958
25024a4,1,382,4,2210,0.5235602094240838
2db6925,5,545,4,3260,0.48440366972477067
22dd848,3,282,3,1451,0.40425531914893614
a06587f,2,293,3,1499,0.5119453924914675
13ed689,3,256,3,1513,0.41015625
dd0b4c0,1,299,3,1533,0.46153846153846156
9b7d16d,4,325,5,1969,0.556923076923077
023c138,4,423,8,2463,0.5531914893617021
3a2c718,3,179,4,1024,0.5977653631284916
10a41ed,2,302,3,1579,0.5132450331125827
e871835,2,355,1,1791,0.38591549295774646
01ec1a3,4,390,7,2145,0.49743589743589745
c493091,2,187,3,960,0.5882352941176471
dfa4956,3,255,8,1396,0.596078431372549
d1354e5,4,621,5,3435,0.4138486312399356
7893cfe,2,313,3,1592,0.5271565495207667
a2ad3dd,2,208,3,1191,0.6490384615384616
70207b5,6,896,5,5022,0.4330357142857143
d8d10fa,3,377,5,2054,0.4403183023872679
96d3c6d,2,270,5,1448,0.5148148148148148
722a7a7,3,392,6,2156,0.5586734693877551
15eb254,1,291,7,1668,0.5807560137457045
d3570a8,5,551,4,3266,0.4900181488203267
679b451,1,170,1,897,0.49411764705882355
9cc61ec,4,541,7,3000,0.40850277264325324
d88b728,3,496,14,3032,0.5080645161290323
bbdb0ca,1,257,4,1570,0.5252918287937743
effed23,2,159,1,884,0.5723270440251572
2c46fcc,1,267,4,1514,0.5093632958801498
36eaa58,4,476,6,2571,0.4789915966386555
1464c1a,2,282,5,1340,0.41843971631205673
d49d8db,3,293,4,1622,0.43686006825938567
317173f,4,593,6,3131,0.3473861720067454
921202b,3,374,7,2171,0.4117647058823529
ab31ce4,4,482,6,2908,0.470954356846473
6dcc16c,1,264,7,1688,0.7045454545454546
3ce7d44,3,233,8,1270,0.575107296137339
13f75ec,5,614,7,3695,0.4511400651465798
48f464b,2,228,4,1221,0.5526315789473685
9dea2ae,2,310,4,1660,0.5548387096774193
6e4cd94,2,203,1,1024,0.541871921182266
6b445e4,3,413,6,2061,0.3389830508474576
2005423,3,307,3,1661,0.5570032573289903
adaef95,2,398,3,2065,0.4321608040201005
e34416f,4,388,5,2227,0.5077319587628866
883dff5,2,300,3,1666,0.5933333333333334
d730f64,3,250,3,1285,0.52
fb307eb,3,443,4,2691,0.5665914221218962
5d47f5c,4,309,4,1732,0.5501618122977346
9459254,3,292,3,1652,0.636986301369863
78236b1,3,308,5,1753,0.538961038961039
cd9d88d,3,218,5,1248,0.555045871559633
6b5cb41,2,184,6,964,0.47282608695652173
d5abea3,3,389,6,2161,0.4498714652956298
f17398f,2,238,5,1212,0.4789915966386555
9005ce5,2,323,5,1802,0.42724458204334365
26fd6e8,3,259,4,1584,0.5366795366795367
22cb8da,2,184,3,1062,0.592391304347826
fb46850,2,167,4,899,0.6047904191616766
3c40328,4,550,4,3116,0.4509090909090909
6adb60a,2,365,3,1936,0.473972602739726
0e22bc3,4,376,6,2129,0.5824468085106383
6d719a6,3,236,3,1322,0.5296610169491526
fa3640b,3,307,3,1790,0.46254071661237783
d3aaf6d,2,185,2,992,0.6810810810810811
0d0a0cb,4,471,6,2468,0.45010615711252655
0811694,4,571,5,3145,0.4798598949211909
79c9ad0,3,335,6,1943,0.4716417910447761
d3eed9a,2,159,4,831,0.5471698113207547
36050fb,4,423,5,2287,0.508274231678487
998c758,3,299,6,1645,0.4916387959866221
0281195,2,295,6,1498,0.5084745762711864
e9538f2,2,206,5,1189,0.6359223300970874
274b414,5,531,6,3019,0.4500941619585687
58a5feb,3,313,5,1680,0.5431309904153354
adfb0fa,4,434,5,2623,0.47465437788018433
7d62d5d,4,494,4,2821,0.4190283400809717
ba1f7ed,3,284,3,1670,0.4084507042253521
4fb5770,4,674,7,3937,0.4821958456973294
a2820da,3,402,15,2228,0.5124378109452736
ac8e95d,2,209,1,1084,0.6124401913875598
3b57e6a,3,326,6,1690,0.4723926380368098
9c14496,3,475,3,2691,0.4610526315789474
48d852b,3,428,3,2309,0.4322429906542056
0fcc1b3,4,585,6,3134,0.3384615384615385
7777397,3,719,10,3781,0.47009735744089015
2773770,3,336,4,1884,0.4791666666666667
bbcbf39,3,281,4,1662,0.5373665480427047
2b0d36b,3,473,5,2683,0.53276955602537
31e0361,4,378,5,2094,0.5317460317460317
fbd60ab,5,826,6,4409,0.4430992736077482
26c804d,3,284,3,1533,0.49295774647887325
c369266,4,588,7,3126,0.5
4a8af26,3,405,4,2141,0.43703703703703706
b05a09a,2,236,6,1380,0.6567796610169492
70b24ac,2,183,6,1038,0.6120218579234973
00daaa2,3,348,4,2030,0.6264367816091954
0778075,2,268,4,1480,0.5671641791044776
98685fe,4,455,5,2721,0.45274725274725275
04bc9b6,4,493,9,2774,0.46247464503042596
40b5365,4,363,4,2180,0.5041322314049587
fb5d9e3,3,241,3,1380,0.6224066390041494
08629e7,3,337,6,1799,0.49554896142433236
bc3b592,2,216,3,1128,0.5416666666666666
bce4012,2,236,1,1302,0.559322033898305
60acb0c,4,345,4,1994,0.5623188405797102
a337e4d,3,276,6,1603,0.5579710144927537
e964d63,4,584,4,3429,0.4520547945205479
40ae87d,4,378,4,2089,0.5052910052910053
f697b8f,3,324,3,1802,0.5185185185185185
4015682,3,208,4,1192,0.6105769230769231
8bd7089,3,306,5,1801,0.6078431372549019
d737262,2,221,5,1119,0.4796380090497738
fe971cf,4,533,5,2953,0.46904315196998125
5c2e1c3,4,372,4,2143,0.5268817204301075
410ce9c,3,324,3,1729,0.5555555555555556
2e91de9,1,218,3,1178,0.5596330275229358
0863447,2,263,3,1442,0.5399239543726235
76ed4ba,3,452,5,2571,0.4579646017699115
fa67286,5,636,14,3519,0.49528301886792453
f230850,3,298,3,1562,0.5234899328859061
5b02768,2,188,1,1116,0.6808510638297872
c3f44d5,4,524,7,3029,0.43702290076335876
9207878,2,317,3,1691,0.4921135646687697
c0dfe25,4,620,4,3409,0.45161290322580644
3107452,2,192,4,1040,0.5885416666666666
fe25490,4,386,5,2002,0.4844559585492228
89d88b5,4,379,5,2191,0.554089709762533
6f3bcc5,2,212,1,1026,0.42452830188679247
7573c96,3,339,5,1802,0.471976401179941
9acbdd6,3,541,4,3001,0.5841035120147874
e4dcbca,5,537,7,3286,0.4972067039106145
9c3f6e4,3,384,4,2307,0.5130208333333334
f471d19,2,206,3,1059,0.49514563106796117
398af51,4,619,4,3679,0.46526655896607433
39bd4eb,2,267,2,1325,0.4344569288389513
6bb33f3,4,582,5,3233,0.4484536082474227
d08d158,2,165,2,800,0.45454545454545453
331ec21,2,210,5,1166,0.6523809523809524
78eb6b8,3,450,6,2596,0.48444444444444446
2b7e769,5,523,5,3186,0.5621414913957935
df999d9,3,359,5,1892,0.48746518105849584
480146f,4,383,6,2259,0.5117493472584856
6583a7e,3,410,6,2233,0.4926829268292683
a8a2337,2,192,3,1029,0.5625
df97546,5,556,6,3181,0.40467625899280574
3d73915,3,305,5,1601,0.5704918032786885
8955592,2,262,4,1453,0.5
7c64ee2,5,672,5,4010,0.33630952380952384
7be7aa5,4,545,4,3222,0.5944954128440367
b7d0710,2,297,6,1473,0.494949494949495
b1624e2,3,312,5,1768,0.5512820512820513
51a69ae,3,358,18,1815,0.5027932960893855
b124b2d,1,185,3,965,0.6216216216216216
7e41fa2,4,408,5,2359,0.4730392156862745
ee6b139,4,652,7,3725,0.48773006134969327
c2e46f1,2,227,5,1272,0.5991189427312775
1e32b1d,4,367,4,2172,0.4822888283378747
45fcc6d,3,330,4,1721,0.4818181818181818
1b734d9,3,283,5,1484,0.4876325088339223
d2c1065,3,380,7,2267,0.6473684210526316
8ff3842,2,281,3,1486,0.4483985765124555
3bcfc9e,1,186,3,1026,0.521505376344086
6c9f26e,3,267,5,1376,0.5280898876404494
8ff1820,4,450,9,2569,0.5133333333333333
c193287,2,156,1,751,0.5961538461538461
e348947,3,211,2,1111,0.5023696682464455
53ece1b,2,258,3,1456,0.46124031007751937
6b57a15,2,399,5,2059,0.48621553884711777
c503e41,5,466,5,2750,0.4978540772532189
dad862d,4,445,5,2531,0.5191011235955056
945f221,4,431,4,2389,0.45707656612529
fddf51f,3,349,5,2059,0.498567335243553
24c6ae0,2,271,8,1596,0.6420664206642066
f148238,1,324,3,1970,0.6450617283950617
3dbb209,3,475,4,2424,0.45473684210526316
73679f2,2,305,4,1800,0.5377049180327869
c91d08f,4,247,6,1460,0.5587044534412956
33ee6ce,3,410,5,2314,0.4682926829268293
7cc1623,4,529,6,2894,0.48582230623818523
83b0019,1,321,4,1738,0.48909657320872274
99cb3da,2,272,2,1454,0.5330882352941176
b1f6d1f,2,186,4,1026,0.5053763440860215
0d23181,2,271,1,1464,0.5387453874538746
3a976b4,2,160,4,856,0.5625
32630a9,3,244,6,1315,0.5614754098360656
b15efce,3,342,3,1857,0.4473684210526316
96b7cea,4,458,4,2594,0.5524017467248908
e2b3961,4,375,28,2041,0.5226666666666666
bab2753,2,286,3,1544,0.5244755244755245
def86fc,2,277,4,1571,0.44765342960288806
800225b,2,207,3,1111,0.5458937198067633
4b1290d,2,195,3,1049,0.6102564102564103
df2161b,2,222,4,1170,0.45495495495495497
304e41c,2,206,3,1178,0.6116504854368932
910d63d,4,476,6,2593,0.4411764705882353
01e0bb8,4,591,5,3432,0.4619289340101523
eb71b85,3,349,5,1700,0.4498567335243553
137152d,3,384,5,2161,0.5338541666666666
25d7df0,1,573,5,2847,0.45898778359511344
a7afa62,2,233,4,1213,0.5536480686695279
246585a,3,264,5,1530,0.5833333333333334
d9b3f52,3,541,5,3141,0.48613678373382624
34ff09f,3,346,5,1891,0.5867052023121387
08669b6,2,319,4,1601,0.4827586206896552
1ab9b01,2,220,3,1265,0.6090909090909091
b63e6e4,3,373,5,1990,0.45308310991957107
f3a876f,3,250,4,1329,0.508
569a513,3,436,3,2367,0.5229357798165137
ed38d2a,3,484,5,2573,0.4462809917355372
4699ca6,2,203,3,1017,0.6059113300492611
e133934,1,221,3,1254,0.5972850678733032
282c1bd,4,335,4,1928,0.3074626865671642
36ed198,4,344,4,2058,0.5232558139534884
12997a5,3,327,4,1984,0.6299694189602446
1dedbfa,3,358,5,1836,0.49162011173184356
14eaf97,3,362,6,2011,0.5082872928176796
f10818c,4,560,7,3130,0.48928571428571427
60fec92,1,331,5,1935,0.41389728096676737
594117c,3,480,2,2745,0.5333333333333333
58daaa3,5,534,5,3200,0.45880149812734083
e3a9504,3,309,5,1695,0.5339805825242718
b119e43,3,257,3,1594,0.6070038910505836
c9d93a1,2,306,3,1685,0.5163398692810458
5b1041d,2,248,1,1456,0.6895161290322581
054e4c8,3,232,3,1325,0.5560344827586207
a1e35a3,2,353,4,2075,0.5070821529745042
5ebc160,3,335,9,1866,0.4746268656716418
8c5c541,2,190,1,1001,0.5894736842105263
aec7837,4,563,7,2971,0.42095914742451157
3747fb6,3,408,26,2162,0.4117647058823529
cf3b381,3,430,3,2403,0.4883720930232558
dcf3a1e,4,459,6,2637,0.46187363834422657
d635ef5,2,205,6,1064,0.5073170731707317
2505b2a,2,154,3,913,0.6298701298701299
dac6521,2,241,3,1235,0.4896265560165975
e7e826b,4,722,25,4676,0.43351800554016623
2426a90,3,351,3,2033,0.4472934472934473
189c65f,2,313,5,1827,0.31629392971246006
6040a53,2,365,1,1933,0.4849315068493151
ce51886,3,461,5,2554,0.46637744034707157
4d83c24,4,398,5,2212,0.4748743718592965
4a70bc3,2,168,2,927,0.6130952380952381
46ca26b,3,267,3,1443,0.5168539325842697
360aac0,3,344,6,2061,0.48546511627906974
f65f855,3,223,5,1183,0.600896860986547
8bdeb9d,2,258,5,1327,0.4806201550387597
f89ba28,3,342,3,1741,0.4590643274853801
24971db,3,475,7,2553,0.4968421052631579
86887d7,3,447,6,2636,0.5570469798657718
dac4eee,4,306,5,1652,0.5424836601307189
40a9a69,3,270,4,1502,0.48518518518518516
3984fa7,2,249,2,1361,0.5381526104417671
fc3e67a,4,380,5,2029,0.5657894736842105
e74239f,2,205,3,1077,0.5902439024390244
2315ee0,4,601,5,3343,0.3610648918469218
3715486,3,280,6,1519,0.45714285714285713
3c60501,1,344,48,2037,0.6627906976744186
b390f9a,3,431,6,2050,0.4176334106728538
630114f,4,453,5,2537,0.5209713024282561
2e5c179,3,296,3,1764,0.5540540540540541
1df4871,4,429,4,2250,0.34965034965034963
01846d8,2,157,4,838,0.6242038216560509
e9a1fe2,4,598,6,3467,0.391304347826087
fb83aad,4,371,4,2232,0.522911051212938
29d4a8c,5,752,9,4033,0.4175531914893617
bf30bb3,3,373,6,2082,0.5067024128686327
dbe526f,2,209,5,1189,0.5933014354066986
a7df23b,1,348,6,2106,0.6379310344827587
5921b89,4,655,5,3642,0.40916030534351144
fa8a790,3,444,4,2562,0.5765765765765766
5b2f5a3,4,403,6,2252,0.5781637717121588
3bc01dc,1,153,4,821,0.5751633986928104
303710c,4,484,6,2651,0.44214876033057854
f28d102,3,287,3,1621,0.5470383275261324
621dec3,4,505,7,2661,0.500990099009901
9c4fcad,4,477,4,2799,0.4360587002096436
2fa5ce8,4,539,5,3191,0.47680890538033394
280c9d5,4,736,5,3911,0.35190217391304346
8131512,2,213,4,1177,0.5727699530516432
0fa8295,4,536,6,3025,0.48507462686567165
9c9c75e,1,187,2,904,0.5080213903743316
d32dbeb,4,364,7,2234,0.532967032967033
173dcbd,2,290,12,1629,0.5241379310344828
098d6c6,2,188,6,1024,0.6329787234042553
f9989ca,3,329,3,1841,0.5379939209726444
4b07312,1,167,3,1015,0.5868263473053892
1cf2302,4,503,7,2732,0.4970178926441352
13e2e99,4,373,5,1937,0.517426273458445
56aa173,2,241,3,1121,0.46887966804979253
830d3bf,2,158,1,969,0.7341772151898734
52de2f6,3,777,3,4118,0.37194337194337196
bc95e84,2,252,3,1296,0.5634920634920635
562ca6d,3,255,3,1338,0.5764705882352941
982dfcd,3,359,7,2192,0.520891364902507
1287951,3,438,5,2424,0.4726027397260274
2598037,2,272,3,1355,0.44485294117647056
0f22798,3,473,5,2942,0.452431289640592
6354384,3,443,5,2423,0.4469525959367946
61c7b5a,4,469,5,2760,0.44349680170575695
2c44bf1,3,309,6,1710,0.56957928802589
dae3018,4,574,5,3279,0.5156794425087108
d413b38,3,308,5,1544,0.5064935064935064
ffab5f8,3,476,5,2594,0.4054621848739496
b431623,4,687,5,3780,0.4410480349344978
cf043c2,4,413,4,2374,0.5786924939467313
0d34dea,1,252,5,1296,0.5833333333333334
06673c8,4,628,6,3459,0.4140127388535032
4e51f74,1,253,4,1624,0.5335968379446641
5ed754b,3,346,5,1812,0.3872832369942196
8c1fec4,3,282,5,1605,0.475177304964539
5e235b1,1,335,4,1913,0.6
720d191,3,377,5,2142,0.5172413793103449
7a2207b,3,326,4,2003,0.6533742331288344
7e517f2,4,545,4,3120,0.41651376146788993
f26cf95,3,288,3,1744,0.53125
6ee0571,3,338,6,1805,0.5325443786982249
9c60ce6,4,367,5,2276,0.553133514986376
4465d4c,2,165,3,900,0.593939393939394
6fd79d3,4,485,5,2456,0.43917525773195876
5180207,3,479,3,2589,0.4363256784968685
b5cd4cc,4,691,5,3900,0.42547033285094066
5b74243,1,370,4,2212,0.6081081081081081
328c079,3,337,4,1910,0.5667655786350149
3ed7d45,3,249,3,1394,0.5863453815261044
e907a55,3,243,4,1400,0.5308641975308642
6a533ce,5,553,5,3198,0.4538878842676311
1d106d5,5,725,6,4277,0.5365517241379311
90e8059,3,531,7,2744,0.4839924670433145
c15c769,5,491,5,3067,0.4725050916496945
15a5d60,2,221,4,1141,0.5475113122171946
e2dc569,2,345,6,2052,0.6695652173913044
55e620e,4,377,3,2170,0.5119363395225465
5c90619,3,184,5,980,0.5760869565217391
3d3a721,4,507,6,2843,0.4418145956607495
19e85b7,3,387,5,2070,0.5736434108527132
f4b6426,3,335,16,1760,0.5373134328358209
dabc74a,3,453,4,2328,0.37527593818984545
5083ea0,2,230,4,1102,0.5043478260869565
f7ae3a3,4,360,5,2080,0.49722222222222223
8c8c4c0,5,751,4,4615,0.38348868175765644
5f73006,3,361,3,1820,0.5041551246537396
6535778,3,371,5,2040,0.46630727762803237
7832599,4,478,5,2736,0.5230125523012552
cceb8d1,3,367,4,2071,0.5449591280653951
046efe7,3,359,4,1920,0.45125348189415043
3834cd0,5,678,5,3762,0.4469026548672566
c72e753,3,596,4,3495,0.4412751677852349
5d6b525,4,514,7,3057,0.4571984435797665
77bf743,2,209,3,1032,0.5311004784688995
4a8528f,3,327,3,1674,0.46788990825688076
da48df7,5,519,5,3204,0.4720616570327553
b15e94d,4,413,5,2324,0.5326876513317191
b1ea813,4,411,5,2243,0.43309002433090027
7eaab02,3,460,5,2392,0.4673913043478261
316c1b7,3,271,3,1483,0.5756457564575646
9bdaaa5,3,267,4,1442,0.5318352059925093
39dca7f,4,353,5,1963,0.46458923512747874
d16b46c,3,248,4,1351,0.49193548387096775
ec4505d,2,396,5,2125,0.49242424242424243
ad14587,3,420,5,2211,0.48333333333333334
47b0dbe,3,438,6,2231,0.3904109589041096
b19e4c2,3,352,22,2062,0.5198863636363636
8b5116e,4,453,4,2393,0.38852097130242824
29b872f,4,525,5,2824,0.5142857142857142
b6ebe79,3,378,4,1966,0.48677248677248675
1cbe5ec,2,226,5,1222,0.5398230088495575
1174cd2,3,304,4,1776,0.5756578947368421
c384cc2,3,203,4,1092,0.5763546798029556
e32743b,2,179,2,979,0.6368715083798883
e044cc8,2,331,5,1925,0.5891238670694864
a3d5702,4,357,6,2037,0.5742296918767507
8e8e950,3,328,5,1827,0.47865853658536583
bd5b950,2,218,3,1218,0.5596330275229358
1c4d399,1,211,1,1147,0.5639810426540285
01bb07c,4,348,6,2063,0.5258620689655172
4ad859a,3,323,5,1850,0.47987616099071206
20cce9b,2,189,1,1133,0.6402116402116402
e3d4dea,4,548,6,3011,0.4854014598540146
7ba0526,4,456,3,2481,0.45394736842105265
947e3c9,3,267,5,1634,0.43820224719101125
12e08a3,3,206,4,1211,0.5970873786407767
94c3802,2,442,10,2563,0.6289592760180995
1614a93,4,485,6,2579,0.4618556701030928
232c60c,3,750,5,4382,0.408
21cd93f,3,263,5,1514,0.5741444866920152
039fed8,2,282,12,1564,0.6382978723404256
4f06c54,4,378,5,2242,0.5052910052910053
ee9a7bb,2,159,1,851,0.5849056603773585
0ff5475,2,303,4,1726,0.6633663366336634
7a8d7c3,4,718,5,3923,0.42618384401114207
a7c39cb,3,278,6,1504,0.5
da4204b,4,509,5,2867,0.4911591355599214
14a6a23,5,557,6,3036,0.43087971274685816
7b084d9,2,412,4,2203,0.5485436893203883
e523f16,2,158,3,806,0.5822784810126582
3508b1d,1,200,2,1199,0.625
4d6ac79,5,606,5,3438,0.43399339933993397
1cab2eb,3,328,5,1841,0.4969512195121951
2308e61,5,541,4,3281,0.5249537892791127
7c2b775,2,564,4,3318,0.599290780141844
2f06170,3,274,1,1449,0.46715328467153283
d48d0fa,2,173,5,936,0.653179190751445
840ac5b,3,334,5,2021,0.5778443113772455
01b9b63,2,179,3,962,0.5363128491620112
4e123c6,3,410,21,2252,0.4560975609756098
20383c7,4,414,4,2323,0.5265700483091788
214e706,1,174,4,925,0.5114942528735632
80b3474,2,201,3,1121,0.6318407960199005
970116e,1,173,1,972,0.6416184971098265
69fd284,2,375,14,2150,0.52
8cd77b3,5,493,4,2925,0.5294117647058824
cb72ed0,4,399,4,2387,0.5413533834586466
d018ccb,3,382,5,2048,0.4973821989528796
151a2ea,3,411,6,2298,0.45012165450121655
f5180f3,3,364,4,2027,0.5054945054945055
b83f457,4,385,5,2212,0.561038961038961
fc2dcf5,2,329,4,1794,0.44376899696048633
290970a,3,469,30,2410,0.43923240938166314
1215ca0,4,488,5,2831,0.4426229508196721
d64db4d,4,518,5,2948,0.44594594594594594
7cb248a,3,344,5,2013,0.5377906976744186
ef79a47,3,311,4,1704,0.45980707395498394
5060536,3,431,4,2398,0.580046403712297
e6f0a4b,3,417,5,2424,0.4628297362110312
88de2df,3,553,3,3054,0.4755877034358047
dee76ef,4,495,4,2833,0.5212121212121212
396b504,2,197,3,975,0.5634517766497462
7473c7f,2,321,3,1928,0.5233644859813084
c8e4d24,4,662,3,3418,0.31419939577039274
8d82dec,3,268,1,1585,0.5671641791044776
9ba5419,3,284,6,1528,0.5563380281690141
d59dfb4,3,324,5,1651,0.49074074074074076
3bd08c8,2,258,3,1534,0.562015503875969
296c49a,4,546,5,3123,0.521978021978022
4dce904,3,272,5,1438,0.48161764705882354
73b4f4b,4,440,5,2221,0.44772727272727275
4b8ee35,1,179,3,1040,0.6927374301675978
b019bb7,2,348,6,1836,0.5373563218390804
ebf137e,2,178,4,961,0.5786516853932584
32c653a,3,449,5,2509,0.46325167037861914
d4f2d1f,2,464,3,2469,0.45689655172413796
91c35c5,2,275,1,1388,0.41818181818181815
757a6c3,3,418,5,2149,0.5191387559808612
1237e4d,2,399,4,2298,0.556390977443609
37af7c5,3,483,1,2824,0.525879917184265
174b49c,3,368,6,1967,0.5353260869565217
c0b222f,4,404,5,2327,0.49504950495049505
6cff6ec,2,357,6,2048,0.5658263305322129
26c61e1,3,272,5,1408,0.5147058823529411
6ed94f5,5,517,3,3108,0.46034816247582205
bc3fd9e,3,402,5,2187,0.42039800995024873
13724f7,3,361,4,2072,0.518005540166205
6e14611,3,332,5,1922,0.5060240963855421
6bd66b3,1,483,5,3104,0.4782608695652174
5268f5e,3,485,6,2548,0.3216494845360825
f72ac2a,3,576,4,3353,0.4375
3283240,4,456,10,2644,0.5548245614035088
719648c,3,250,5,1367,0.612
d8f9c47,4,511,5,2858,0.5499021526418787
a930223,3,438,1,2231,0.3881278538812785
e2c03e0,3,400,5,2206,0.5375
12ec9ce,4,388,5,1962,0.4252577319587629
4b0827c,3,335,3,1710,0.49850746268656715
fc028a8,4,494,4,2885,0.4311740890688259
1e0fde2,3,373,5,1953,0.5254691689008043
074b43d,3,418,5,2294,0.3181818181818182
f457fec,3,251,4,1343,0.4900398406374502
5f2c330,4,504,4,2840,0.44642857142857145
f072fe3,2,262,3,1384,0.5725190839694656
983df9c,4,548,5,3054,0.39416058394160586
3833fd2,3,574,4,2973,0.4059233449477352
67e5706,3,391,4,2067,0.4884910485933504
ae173ca,4,560,8,2935,0.4125
a3c0561,2,164,3,979,0.6402439024390244
d699778,4,308,5,1701,0.577922077922078
651ed18,2,452,5,2768,0.48672566371681414
23129f8,2,212,1,1109,0.4716981132075472
56a82bf,1,206,3,1137,0.5388349514563107
bd20056,2,260,4,1395,0.49230769230769234
9805145,2,279,6,1431,0.5376344086021505
7f80bb9,4,503,4,2845,0.3856858846918489
53be578,6,859,6,4822,0.3713620488940629
e8a05dd,3,500,6,2738,0.412
e801b3a,4,410,5,2505,0.5317073170731708
a2f71d8,3,607,27,3256,0.38879736408566723
9c24e42,2,500,5,2855,0.58
a7b81d5,3,295,6,1537,0.43389830508474575
dbcd1d3,2,523,4,2991,0.5277246653919694
5586de5,2,354,3,1749,0.4661016949152542
36d39c8,2,191,3,978,0.5445026178010471
9ab4613,4,644,6,3548,0.48757763975155277
ecd26ea,5,642,5,3871,0.4392523364485981
c3c95ba,4,512,8,3041,0.5390625
e402d72,3,578,1,3158,0.5034602076124568
82af6a6,3,419,13,2132,0.5059665871121718
4cd774a,3,390,4,1975,0.4307692307692308
99d659c,3,626,5,3466,0.512779552715655
85225fe,1,201,4,999,0.5970149253731343
730a4ab,3,309,4,1695,0.45307443365695793
4f93f72,2,325,6,2007,0.6092307692307692
dca96ef,3,253,17,1496,0.5335968379446641
d0b9036,3,329,4,1769,0.513677811550152
2ed6c19,3,377,5,2105,0.47480106100795755
bfdc096,3,400,9,2098,0.39
53ca0ab,1,182,3,1007,0.532967032967033
0b4b11b,2,226,3,1289,0.5619469026548672
3eaa152,3,380,5,2212,0.5526315789473685
84ac016,2,200,3,1041,0.605
9732ebf,3,279,3,1521,0.48028673835125446
a0702c7,3,400,5,2121,0.435
59669b6,2,251,3,1296,0.5936254980079682
98d7bd2,3,375,5,2076,0.5813333333333334
a323e3f,2,348,9,1929,0.603448275862069
032153a,3,420,5,2296,0.5880952380952381
3f3ff43,4,463,5,2493,0.43412526997840173
7fd135f,2,193,3,1098,0.6424870466321243
9b9c990,3,305,5,1883,0.5868852459016394
7fdbd44,5,612,5,3583,0.3790849673202614
aa95fab,5,481,5,2906,0.4885654885654886
eee5716,3,662,6,3846,0.49697885196374625
5056d44,3,251,4,1486,0.5776892430278885
c975bdf,4,455,4,2377,0.4857142857142857
fbd86c9,2,232,3,1177,0.5301724137931034
3033717,3,334,5,1944,0.4431137724550898
ba867f0,3,339,5,1990,0.4896755162241888
aa5b031,4,562,5,3193,0.3914590747330961
c9759b7,3,320,3,1636,0.46875
99986d6,3,339,5,1812,0.4631268436578171
9647eef,4,504,5,2671,0.2976190476190476
231a04e,2,217,3,1119,0.5714285714285714
68b3d6f,3,465,5,2644,0.5591397849462365
24b2241,3,443,4,2277,0.5417607223476298
4f57f96,2,250,2,1483,0.6
a281c2e,3,578,4,3152,0.4515570934256055
f5aa828,4,399,5,2280,0.518796992481203
7250fdd,4,411,5,2234,0.4257907542579075
5cc4dcc,4,490,6,2628,0.41020408163265304
fd3de20,3,356,5,1890,0.4803370786516854
2c60d12,3,345,5,1826,0.4985507246376812
a7253b6,1,390,5,2229,0.5512820512820513
f687164,2,291,7,1801,0.6632302405498282
9b8cfd9,3,304,5,1546,0.5164473684210527
9959c22,3,376,5,1875,0.5212765957446809
1ce2f50,3,320,4,1812,0.490625
43bbaee,4,522,6,3071,0.44061302681992337
c8fb95a,3,202,4,1115,0.599009900990099
46983df,2,218,3,1244,0.5
c9ba6e8,3,254,5,1262,0.5511811023622047
96fc8c1,1,254,2,1603,0.7007874015748031
8a3e1c0,2,1073,3,5373,0.3718546132339236
59421c0,5,560,7,3158,0.4660714285714286
a4ff59c,3,256,3,1498,0.5703125
ad72f66,3,341,8,1835,0.4780058651026393
93bb1d4,5,657,7,3713,0.4824961948249619
3676aa1,4,332,11,2079,0.536144578313253
3f4fcbb,4,346,6,2059,0.5086705202312138
44671da,1,251,4,1370,0.5139442231075697
b3cbafb,2,253,5,1373,0.45849802371541504
bc51914,1,319,7,1877,0.5235109717868338
da5a8fd,3,446,5,2306,0.3968609865470852
ec00b60,3,307,3,1575,0.50814332247557
ecf39d3,2,200,2,1053,0.585
ad394ea,4,640,5,3650,0.4859375
019e2c4,3,401,5,2287,0.571072319201995
fe153f2,3,415,5,2227,0.5036144578313253
4ea0b14,3,505,6,2716,0.41386138613861384
56c0a2c,2,175,3,877,0.56
14f5af7,3,313,20,1746,0.5271565495207667
e53ed3d,4,552,4,2858,0.43478260869565216
3241fbf,4,328,5,1853,0.5121951219512195
42e95b4,2,246,3,1324,0.6056910569105691
0c059b2,3,243,5,1427,0.5555555555555556
99c2931,3,398,5,2313,0.4949748743718593
1545f83,3,431,3,2236,0.4385150812064965
de6630e,2,452,8,2118,0.3141592920353982
74a2b0a,3,390,26,2283,0.48205128205128206
fdb8a2f,3,582,5,3287,0.46735395189003437
2e03c89,2,477,15,2310,0.4088050314465409
90b6340,4,346,5,2101,0.4797687861271676
4bc8914,2,274,4,1626,0.6423357664233577
1fd8cbc,3,273,3,1610,0.6336996336996337
6f8372d,2,317,3,1689,0.5173501577287066
4ffba77,2,200,3,1065,0.515
c1bec39,4,860,6,5019,0.5197674418604651
8ecf655,4,370,5,2153,0.43243243243243246
724f18c,5,543,6,3137,0.42357274401473294
05806ed,3,401,9,2206,0.5810473815461347
b7a85c7,3,257,5,1464,0.5214007782101168
0d92fb8,4,433,3,2263,0.44803695150115475
0f1ab9c,4,377,5,2091,0.4350132625994695
29a0567,3,197,4,1126,0.5736040609137056
497e049,2,230,3,1167,0.5173913043478261
3adb427,2,193,3,1080,0.47668393782383417
426b7ff,2,252,4,1459,0.5079365079365079
bcedb66,4,351,6,2023,0.5156695156695157
4e6d530,1,166,3,952,0.6445783132530121
ebb91e2,3,206,3,1202,0.5825242718446602
84cf99b,4,429,5,2761,0.47086247086247085
5ee3109,3,280,4,1421,0.45357142857142857
59e7f71,4,432,6,2290,0.43287037037037035
c506c89,1,233,3,1184,0.48497854077253216
ea918ff,3,345,4,1835,0.45217391304347826
ab5f7d5,3,292,4,1633,0.5102739726027398
b8039a4,4,402,5,2145,0.48009950248756217
6161472,2,392,13,2143,0.4770408163265306
25b80f6,3,440,5,2593,0.5113636363636364
3d89f86,3,279,3,1720,0.5125448028673835
c140041,2,187,4,995,0.5828877005347594
0667fd7,3,419,6,2430,0.5322195704057279
ee5102a,2,215,6,1149,0.5441860465116279
043e1a0,3,380,3,2102,0.5736842105263158
2208f3d,2,306,7,1714,0.4673202614379085
c4fcfd3,3,273,3,1389,0.4725274725274725
342eb36,2,351,3,1964,0.5555555555555556
e25a788,2,199,3,1186,0.6180904522613065
f5f7161,1,195,5,1039,0.6461538461538462
ba1da6e,1,172,1,1089,0.6976744186046512
d8d8de9,1,248,3,1363,0.5564516129032258
c167aef,2,205,3,1146,0.5609756097560976
177a7d7,4,396,4,2392,0.5404040404040404
f4e06fb,4,369,9,1986,0.5149051490514905
06633fa,3,630,4,3297,0.4238095238095238
e145336,2,225,3,1164,0.5288888888888889
dad855f,3,421,4,2176,0.5320665083135392
6a20b37,3,378,6,2048,0.5555555555555556
4a35d90,3,391,8,2295,0.42710997442455245
f765c8c,4,445,7,2381,0.5123595505617977
b67e056,3,215,3,1281,0.6093023255813953
41dfd07,3,438,5,2585,0.5342465753424658
f5a52d1,3,505,4,2872,0.49306930693069306
14bc18a,4,368,5,2018,0.5244565217391305
6128748,3,336,4,1963,0.5833333333333334
187ef81,1,216,10,1191,0.5370370370370371
f21d872,3,421,26,2403,0.4584323040380047
fa9b6e1,6,969,5,5744,0.4437564499484004
899e64b,2,247,2,1321,0.46963562753036436
af3fbe6,4,609,8,3407,0.4269293924466338
3faada7,3,364,3,1923,0.4725274725274725
9ebb468,4,337,4,2065,0.56973293768546
984e996,1,640,3,3388,0.5296875
79d4a24,3,282,6,1553,0.5070921985815603
4e0d459,4,500,6,2828,0.464
72886e1,1,329,1,1863,0.5775075987841946
c8d81fe,3,288,4,1740,0.5729166666666666
69f6608,2,190,4,1086,0.5578947368421052
587c2e5,3,298,4,1722,0.5167785234899329
9de4b03,5,603,6,3383,0.43781094527363185
2012c2f,2,295,4,1719,0.488135593220339
a935042,4,522,5,2952,0.46934865900383144
c30ef3f,3,363,5,2022,0.43526170798898073
0e03564,4,331,5,1989,0.5377643504531722
bf9e85d,3,219,4,1172,0.4748858447488584
4009e22,2,190,1,1000,0.6052631578947368
7f5acee,3,415,4,2605,0.5734939759036145
a3a9ebd,3,445,5,2368,0.46292134831460674
0746d1a,2,293,4,1525,0.49146757679180886
e8c970f,3,258,3,1465,0.5968992248062015
c84ddf6,3,482,6,2673,0.4854771784232365
6b00aa5,2,384,5,2139,0.5208333333333334
6058b9a,3,275,5,1572,0.5272727272727272
ab8bca9,2,179,3,979,0.659217877094972
c8a1b23,2,341,5,1604,0.4340175953079179
dbd114e,3,415,5,2399,0.42650602409638555
3f4103d,4,554,7,3126,0.4404332129963899
373a9dc,4,503,5,2953,0.43339960238568587
3958fcf,4,522,3,3032,0.47126436781609193
6eeaebf,3,390,4,2228,0.48717948717948717
8505e01,2,175,2,926,0.5485714285714286
9a5435b,4,482,19,2644,0.4605809128630705
b47a3a8,3,309,3,1635,0.4886731391585761
5f263a7,4,404,5,2234,0.42326732673267325
c26a074,3,318,5,1764,0.5534591194968553
d2d5d91,2,273,4,1391,0.5494505494505495
3e23640,2,364,14,2032,0.5302197802197802
e3f5cb0,3,293,3,1654,0.552901023890785
6fdced4,4,380,11,2158,0.4789473684210526
32ef59e,4,560,5,3276,0.5303571428571429
7a9a64c,4,631,5,3212,0.40729001584786056
5b8f591,3,283,5,1574,0.5477031802120141
2b33dcc,3,296,3,1726,0.5135135135135135
6db71d6,3,421,5,2231,0.334916864608076
d15c0e4,2,274,4,1521,0.5547445255474452
042dc86,3,374,4,2057,0.4839572192513369
cc24973,1,250,1,1256,0.524
6ae7907,3,315,5,1821,0.580952380952381
1bc07ce,3,363,3,1978,0.5730027548209367
08dab5c,3,392,6,2110,0.39540816326530615
67981cb,3,391,6,2201,0.45268542199488493
a11cb5b,2,199,7,1025,0.5979899497487438
9d0d0ae,2,180,4,971,0.6055555555555555
16c2f13,2,237,5,1429,0.6708860759493671
ccfbac7,3,315,3,1819,0.5619047619047619
b127d0f,1,510,15,3023,0.592156862745098
1cf4ea5,2,206,3,1079,0.5922330097087378
45428e8,2,176,2,913,0.5625
06333c3,3,211,3,1187,0.5308056872037915
bd0e1a1,4,471,5,2745,0.5116772823779193
6ab7d0a,3,366,5,1885,0.42896174863387976
1fbf8b4,2,167,2,939,0.5568862275449101
2c7af05,4,463,5,2665,0.4838012958963283
b60a3d8,3,408,6,2113,0.5196078431372549
f225436,3,329,4,1905,0.5623100303951368
cdc1cff,4,493,4,2764,0.5070993914807302
f5c3dd8,2,198,2,1061,0.4696969696969697
421ed60,2,388,4,2110,0.48711340206185566
754690b,1,178,4,973,0.5224719101123596
3572116,2,224,5,1218,0.6116071428571429
3adbfc3,3,566,6,2948,0.4381625441696113
1fb0846,4,400,6,2285,0.4975
d9192d6,4,343,4,1779,0.3848396501457726
a2db68b,3,224,1,1255,0.5982142857142857
656b240,3,204,5,1117,0.5
bd1167a,3,440,6,2524,0.6022727272727273
2ca9101,3,318,5,1849,0.5471698113207547
bef41bf,2,332,1,1573,0.45180722891566266
12a1427,5,594,6,3029,0.46464646464646464
6745748,2,253,4,1523,0.5968379446640316
46dd129,2,225,4,1306,0.38222222222222224
e5491a4,4,559,7,3046,0.38640429338103754
bb76300,2,243,3,1226,0.3991769547325103
dbcfa50,3,375,3,2103,0.472
642c585,3,246,3,1367,0.556910569105691
8fecc8c,4,417,5,2484,0.5875299760191847
edeec3e,3,294,3,1527,0.5068027210884354
9ae8066,4,355,4,2008,0.5690140845070423
3111562,2,170,1,910,0.6352941176470588
14706c7,5,557,4,3330,0.5439856373429084
2c8ea49,3,339,1,1878,0.551622418879056
556383d,3,392,5,2058,0.4260204081632653
375c3d7,4,569,6,3180,0.46221441124780316
9e70c0b,2,249,4,1369,0.5983935742971888
995ea01,3,433,3,2435,0.4665127020785219
1c8abcd,3,246,4,1287,0.5365853658536586
409fa65,4,377,5,2161,0.38726790450928383
0c2f000,2,201,2,1060,0.5970149253731343
dc5279a,2,271,3,1375,0.5129151291512916
6265245,4,584,8,3381,0.511986301369863
90a9318,3,460,19,2635,0.5130434782608696
0f4fadf,3,279,5,1527,0.5878136200716846
7056339,4,586,8,3255,0.49658703071672355
600df53,5,703,6,3713,0.35988620199146515
7b132ff,4,460,5,2490,0.391304347826087
1651722,2,236,6,1248,0.5423728813559322
3a7d684,4,499,4,2777,0.48697394789579157
e44fdbd,2,206,3,1091,0.5242718446601942
706657b,2,273,4,1473,0.5531135531135531
c352a0a,3,595,18,3112,0.46554621848739497
f08abdb,3,318,19,1811,0.559748427672956
f22d50a,2,234,3,1389,0.5128205128205128
ebe2ce0,1,310,4,1930,0.567741935483871
8a950d3,3,291,5,1461,0.5120274914089347
cce806d,3,246,4,1244,0.46747967479674796
83cd86f,4,449,5,2559,0.5167037861915368
9e09cc5,1,416,8,2200,0.5552884615384616
26fcefe,3,480,4,2681,0.3958333333333333
c561760,4,476,8,2807,0.4726890756302521
3c3e5dd,4,484,5,2697,0.53099173553719
ecbfb50,3,431,6,2277,0.46635730858468677
6abe373,4,246,3,1481,0.540650406504065
3df743d,3,364,5,2013,0.45604395604395603
c602ff9,2,229,4,1239,0.5065502183406113
dbe4ae8,2,313,4,1739,0.4984025559105431
c376c72,3,427,7,2257,0.46604215456674475
30b779e,5,717,5,3789,0.36262203626220363
c7a806f,6,636,6,3715,0.4638364779874214
0fe6787,2,605,5,3393,0.5504132231404959
537fce7,4,420,5,2361,0.45476190476190476
3a9c6cf,2,396,4,2411,0.5050505050505051
7c9b4fb,2,162,1,849,0.6111111111111112
192c7f5,3,493,3,2727,0.4117647058823529
558e033,3,404,7,2213,0.45544554455445546
cc08072,5,948,5,5428,0.39767932489451474
dc436b2,1,177,1,1002,0.5819209039548022
f81f43e,4,428,4,2447,0.4696261682242991
a708c0a,1,225,3,1090,0.5555555555555556
fad71e0,3,361,5,1984,0.43490304709141275
43fb35c,5,627,5,3740,0.4082934609250399
cf6dc8a,4,405,5,2233,0.6024691358024692
29d00ed,1,197,3,993,0.5532994923857868
d17dfc0,2,377,3,1980,0.506631299734748
cd7d4a3,2,408,1,2026,0.4166666666666667
ac84bac,2,184,3,913,0.5815217391304348
5f79786,4,536,6,2852,0.47388059701492535
703515b,4,311,5,1799,0.4790996784565916
1991cce,3,368,4,1867,0.5461956521739131
bdb73d9,2,346,4,1952,0.4479768786127168
8bee04f,4,479,5,2780,0.5156576200417536
237beac,2,366,4,1946,0.4972677595628415
cf095da,4,378,5,2153,0.4708994708994709
3af3bfb,1,160,4,866,0.59375
e026924,2,232,5,1417,0.5344827586206896
09c97ba,2,248,4,1363,0.5725806451612904
a81bb80,4,570,5,3081,0.5105263157894737
65e7345,4,500,6,2667,0.418
5d1930b,2,192,5,1098,0.609375
150d761,4,600,5,3504,0.47
6a33f83,4,477,5,2580,0.49056603773584906
8acf0ad,2,171,5,917,0.6081871345029239
8f5a33a,1,177,5,932,0.655367231638418
6bf664d,3,289,3,1538,0.5397923875432526
762d2ae,1,242,5,1193,0.47520661157024796
4b037f4,6,600,5,3691,0.5433333333333333
ed12c28,1,274,4,1656,0.5437956204379562
719aa38,4,599,5,3334,0.3823038397328882
8104655,2,238,6,1298,0.6008403361344538
18f9457,4,620,6,3188,0.38064516129032255
f3ada19,3,254,4,1317,0.594488188976378
55478b1,2,202,1,996,0.5148514851485149
f2bc006,2,318,3,1620,0.550314465408805
f54a011,2,229,22,1217,0.5545851528384279
4170883,3,413,3,2415,0.48184019370460046
f53b37e,4,442,5,2558,0.504524886877828
c7871eb,1,422,4,2341,0.490521327014218
3267b54,2,310,5,1695,0.47419354838709676
ad3380a,4,478,5,2864,0.5543933054393305
867ad09,4,388,4,2208,0.5180412371134021
8355126,1,204,1,1106,0.5343137254901961
43fc6ff,2,211,3,1116,0.5450236966824644
e0062db,3,363,3,2078,0.5013774104683195
89f2ea4,4,520,9,2852,0.4596153846153846
b06b61a,3,323,5,1649,0.3993808049535604
4c75b0f,3,376,5,2108,0.46808510638297873
ab4d119,6,801,11,4524,0.4307116104868914
529c0eb,3,260,3,1339,0.5230769230769231
09915db,3,241,5,1311,0.5975103734439834
11d450b,2,384,5,2130,0.5364583333333334
a952a62,4,292,4,1601,0.5273972602739726
fe0dc2e,4,517,7,3100,0.5609284332688588
4993cfc,4,548,5,2938,0.4197080291970803
18faa4d,3,343,6,1900,0.4577259475218659
31d9589,3,286,5,1639,0.5174825174825175
025d46f,2,285,1,1635,0.5263157894736842
2de9ae4,3,363,4,1985,0.5619834710743802
d1ea482,3,362,7,1899,0.5580110497237569
b05a300,2,221,2,1153,0.5203619909502263
c7930e4,3,383,5,1953,0.4516971279373368
afb761e,3,268,3,1556,0.5335820895522388
d164714,3,255,5,1378,0.5764705882352941
cde8ee7,2,226,4,1335,0.5530973451327433
6c4d482,3,335,5,1739,0.5313432835820896
894fbc9,3,520,5,2935,0.5269230769230769
16114c4,2,350,5,1808,0.5228571428571429
02f14c6,4,321,4,1849,0.6448598130841121
30ff0f0,5,515,6,2782,0.48349514563106794
7457ea1,3,426,4,2449,0.5610328638497653
ecfadac,6,662,5,3766,0.41540785498489424
4f489df,3,517,6,3036,0.5725338491295938
e61599f,2,166,1,958,0.6325301204819277
26527d8,4,693,5,3671,0.43001443001443
323b601,3,415,5,2491,0.472289156626506
57ba363,2,166,1,881,0.536144578313253
7fa0ea9,4,552,5,3130,0.47282608695652173
0a01969,4,380,5,2318,0.5
47762a4,2,238,3,1233,0.6050420168067226
86f807f,6,604,5,3600,0.4900662251655629
0c0b284,3,397,6,2236,0.4609571788413098
aac8ca7,2,247,3,1398,0.4979757085020243
a14c860,4,509,5,2805,0.45579567779960706
efa619f,3,548,7,3276,0.49635036496350365
8e7dc34,5,465,5,2533,0.5118279569892473
3baeae9,2,204,4,1030,0.5098039215686274
0a62a7a,4,688,4,3972,0.5188953488372093
bb94c1d,3,414,6,2263,0.4227053140096618
1cc3ce2,5,509,5,3042,0.4381139489194499
8869eff,2,268,18,1293,0.44029850746268656
3d33d7b,2,261,7,1432,0.524904214559387
dbe00b1,3,290,6,1497,0.5689655172413793
5190863,6,753,4,4593,0.3944223107569721
4e05e94,4,378,4,2153,0.41798941798941797
cb4c1e1,3,378,7,2208,0.5396825396825397
6aff675,3,319,9,1595,0.4231974921630094
5d68fc2,3,411,5,2315,0.5425790754257908
b465df5,3,405,5,2150,0.4123456790123457
3e1969d,1,213,1,1082,0.431924882629108
eb9c14e,4,402,4,2225,0.5696517412935324
5719378,4,321,5,1869,0.5607476635514018
b3340d9,2,317,4,1814,0.555205047318612
b414e20,3,429,8,2365,0.48484848484848486
143ad9a,3,258,3,1325,0.5348837209302325
6d73882,2,287,3,1560,0.5052264808362369
b4b79a0,4,556,5,3163,0.3902877697841727
8bddab9,3,247,4,1351,0.4817813765182186
af5df6e,3,254,1,1380,0.6062992125984252
09344c3,3,420,4,2120,0.4714285714285714
31f7cbe,4,762,7,4371,0.42782152230971127
f5a96d1,3,264,6,1458,0.45454545454545453
5415b21,5,769,6,4588,0.5045513654096229
64cac95,4,433,5,2439,0.5681293302540416
b863a21,2,223,5,1227,0.5605381165919282
a889edc,4,469,5,2540,0.4605543710021322
40e6f7f,4,375,6,2126,0.37866666666666665
e0f2b3c,3,359,6,1732,0.5041782729805014
2c2bb64,4,568,5,3162,0.4471830985915493
2e43333,4,656,4,3395,0.3932926829268293
d65808c,2,281,2,1386,0.49466192170818507
e45d84b,2,270,3,1286,0.5148148148148148
f8c72b6,4,492,6,2731,0.41260162601626016
1196de9,4,396,6,2136,0.42676767676767674
15f9033,3,322,5,1879,0.531055900621118
68ea765,4,343,9,1936,0.577259475218659
9a6bbd2,3,411,27,2282,0.48905109489051096
747e866,2,377,3,1998,0.4880636604774536
d67e3c1,2,302,14,1503,0.46688741721854304
260eeff,3,356,6,1982,0.5168539325842697
d4407cd,2,388,1,1901,0.36855670103092786
14b3ac5,3,429,5,2296,0.4568764568764569
8b08fad,4,571,5,3325,0.44833625218914186
54bd71d,4,443,5,2426,0.4108352144469526
69065dc,3,338,3,1860,0.5384615384615384
2882fdb,2,373,5,2097,0.49865951742627346
5aa4f1a,4,677,5,3780,0.4194977843426883
4a4fd10,3,324,4,1943,0.5216049382716049
0c13438,2,159,4,883,0.6289308176100629
15fa958,4,397,8,2168,0.43828715365239296
f980746,3,247,3,1378,0.5668016194331984
a964bc0,3,478,7,2859,0.5481171548117155
801b999,3,290,1,1605,0.5206896551724138
4333103,4,436,5,2390,0.3853211009174312
bddcbac,3,385,4,2065,0.5662337662337662
eee237d,4,579,4,8488,0.43350604490500866
691550e,3,352,5,2081,0.4772727272727273
dadac5e,2,258,1,1384,0.5232558139534884
0a0388e,2,324,4,1689,0.4876543209876543
19021fe,3,443,6,2371,0.44469525959367945
1ccde24,2,161,3,1033,0.639751552795031
84b7e1c,3,374,4,2012,0.5133689839572193
632a0e8,3,396,5,2080,0.44696969696969696
ee32183,3,306,6,1722,0.5588235294117647
1c8d415,5,754,5,4178,0.39389920424403185
bc650b8,4,736,5,4002,0.3804347826086957
795b70b,4,291,5,1547,0.5360824742268041
76edc07,2,192,1,2889,0.515625
8ef8fe2,4,432,5,2400,0.4097222222222222
9504e97,3,337,4,2080,0.5370919881305638
a7efa1a,4,389,5,2068,0.46786632390745503
4599969,3,299,4,2004,0.5016722408026756
1ee7159,3,400,6,2056,0.3825
b303cb0,5,692,4,4210,0.407514450867052
b0be550,4,386,4,2242,0.5932642487046632
e7c958f,2,337,3,1733,0.4836795252225519
93a78d3,5,718,5,3913,0.48746518105849584
177febf,3,263,1,1411,0.5133079847908745
fcbcc24,5,537,5,3010,0.46368715083798884
1ee7cb0,4,601,5,3503,0.3793677204658902
60ffbdb,3,231,3,1366,0.5367965367965368
eee7aca,3,350,5,1947,0.4542857142857143
012f8f0,3,340,5,1858,0.46176470588235297
6027b51,3,239,3,1441,0.5230125523012552
d842247,4,508,4,2805,0.41141732283464566
b63e093,5,980,6,5261,0.35816326530612247
ebc4033,3,271,4,1489,0.42066420664206644
c291bb7,3,319,4,1810,0.5517241379310345
d55811c,4,600,7,3237,0.37166666666666665
6dea6b8,3,336,6,1956,0.5089285714285714
bdb1446,4,441,3,2698,0.5192743764172335
ad06321,2,221,3,1218,0.5972850678733032
a8c10ca,4,324,5,1939,0.5462962962962963
98bf153,3,366,4,2244,0.4808743169398907
f4d0ca7,4,405,5,2095,0.49135802469135803
d82e5cd,4,363,4,1958,0.39944903581267216
f37b69b,4,492,5,2786,0.46747967479674796
2290a15,5,615,5,3633,0.44390243902439025
705b7fb,2,195,5,1089,0.5948717948717949
a613efa,2,162,5,964,0.5925925925925926
04af97d,4,402,5,2246,0.4651741293532338
3ab54cd,5,680,5,4034,0.4088235294117647
1d56a2d,2,206,4,1213,0.6213592233009708
db2b98a,4,395,5,2053,0.40253164556962023
1be148f,3,410,5,2051,0.32195121951219513
76019e0,5,562,4,3095,0.4786476868327402
b65bc0a,4,405,6,2255,0.47160493827160493
53b3fb9,4,501,5,2661,0.405189620758483
bdea510,2,329,12,1751,0.5866261398176292
1f7a4d9,4,425,5,2661,0.47058823529411764
49ff6fb,2,228,2,1304,0.5087719298245614
1fe34e0,3,388,4,2085,0.49226804123711343
9dadb53,2,199,1,1027,0.5175879396984925
d0a986e,4,540,6,3111,0.42592592592592593
57ed4ff,3,261,5,1543,0.6091954022988506
a337cff,3,271,4,1613,0.5608856088560885
ed14a8a,3,481,5,2710,0.4594594594594595
f59c3a3,1,372,5,2093,0.3870967741935484
cccaefb,3,434,5,2453,0.5506912442396313
a90cacb,1,220,3,1248,0.6363636363636364
739fc35,4,507,22,2842,0.41025641025641024
2388754,3,351,4,1782,0.4415954415954416
86a3a28,3,261,4,1484,0.48659003831417624
a9c4db6,2,252,4,1480,0.5476190476190477
86ae0eb,3,272,5,1519,0.5661764705882353
9016f48,1,301,4,1873,0.5481727574750831
3dd84ba,1,361,13,1927,0.5734072022160664
09cc092,4,666,7,3543,0.3663663663663664
c8f48f9,6,638,5,3749,0.438871473354232
c131d2e,3,323,5,1793,0.5170278637770898
303e5c2,4,480,5,2559,0.5229166666666667
16502ea,2,202,1,1085,0.5891089108910891
f20afb0,3,327,7,1676,0.5474006116207951
4d0565e,3,293,5,1580,0.447098976109215
308f712,3,217,4,1133,0.6082949308755761
59f5500,5,725,6,4041,0.37655172413793103
aa514e3,3,336,5,1856,0.49702380952380953
7b69af5,3,652,6,3823,0.34049079754601225
509f872,1,580,1,3366,0.4862068965517241
abe7f2a,5,549,6,3029,0.4426229508196721
ef43d23,3,484,23,2508,0.3822314049586777
9f6d671,3,179,5,993,0.5139664804469274
96904d6,3,420,4,2149,0.3904761904761905
5d86b93,3,393,5,2186,0.544529262086514
8fae37d,2,244,3,1394,0.6065573770491803
603e4ec,4,351,5,1911,0.5213675213675214
88c60a7,2,288,5,1493,0.5069444444444444
2840b73,3,356,4,1840,0.49157303370786515
9fa1a58,2,168,4,925,0.6785714285714286
55214d4,2,258,3,1433,0.5968992248062015
bdd887b,3,446,5,2636,0.4663677130044843
9e6d437,4,389,12,2136,0.5347043701799485
559611b,4,384,5,2082,0.4765625
77539b9,4,706,5,3734,0.3951841359773371
a097c8b,2,257,4,1522,0.669260700389105
6d7e9e0,3,343,5,1737,0.5539358600583091
bc0267f,3,460,5,2456,0.4826086956521739
1d5fe2b,2,327,6,1792,0.6146788990825688
0acae1e,3,415,4,2282,0.4602409638554217
a1028ad,4,450,7,2651,0.5444444444444444
3402605,2,164,3,837,0.5792682926829268
8a97609,3,303,4,1643,0.5214521452145214
3f198e7,4,441,5,2494,0.47165532879818595
82eba96,3,429,4,2337,0.44755244755244755
f6ba968,2,270,5,1416,0.5666666666666667
8386f57,3,237,4,1265,0.540084388185654
1d31ebd,2,316,5,1682,0.5664556962025317
cdc6945,3,419,3,2356,0.4821002386634845
1361418,3,297,6,3154,0.48484848484848486
4e5f9f7,4,331,5,1781,0.4773413897280967
f751be9,3,416,12,2325,0.4326923076923077
3496a0a,5,583,6,3080,0.40308747855917665
14df8e2,3,473,4,2564,0.5010570824524313
eaf75d4,1,197,2,987,0.4213197969543147
853426d,2,187,3,1009,0.5882352941176471
6c878f6,3,313,6,1787,0.5335463258785943
32b9fb3,2,222,2,1391,0.5630630630630631
61cd11c,3,290,4,1535,0.5241379310344828
9251b3f,5,374,4,2150,0.4839572192513369
5b3d385,3,429,10,2406,0.5384615384615384
8c04088,1,419,5,2577,0.5847255369928401
e5f23c3,4,632,4,3564,0.375
5a7063a,5,912,5,5198,0.48135964912280704
01c8f7a,2,290,5,1537,0.5379310344827586
c4fd319,3,305,5,1711,0.5442622950819672
36b3126,2,235,4,1319,0.6085106382978723
4967255,3,235,5,1167,0.4553191489361702
4a5db0a,3,152,3,798,0.6710526315789473
396898a,2,156,3,837,0.6025641025641025
756b2c2,4,480,6,2800,0.56875
a397eb1,3,340,3,2006,0.5
75a30b4,4,534,4,2899,0.46629213483146065
b218810,3,371,4,2042,0.48247978436657685
6688c12,4,543,6,2932,0.3001841620626151
8a27323,4,422,5,2250,0.46445497630331756
2103089,4,555,5,2934,0.37117117117117115
858bec6,3,258,5,1493,0.6666666666666666
48ace7b,3,322,6,1833,0.39751552795031053
74d22bc,4,505,5,2961,0.4693069306930693
72d5fea,1,167,2,1052,0.7305389221556886
9a7288b,2,162,3,869,0.5432098765432098
7ea777f,2,417,4,2348,0.486810551558753
a3a4c11,4,575,5,3601,0.4991304347826087
5713a82,5,510,5,2850,0.40784313725490196
2c75ee1,3,217,3,1180,0.5345622119815668
c7f45ff,5,509,5,2885,0.4381139489194499
fed66e9,3,404,6,2521,0.6014851485148515
5295209,2,214,1,1163,0.5794392523364486
542ea94,2,452,1,2223,0.3915929203539823
4632334,4,363,5,2076,0.5041322314049587
334d4b0,4,397,5,2284,0.49370277078085645
46bffef,4,449,7,2362,0.5434298440979956
184b77b,2,314,3,1767,0.5445859872611465
96155d7,3,611,5,3226,0.4664484451718494
30aed5f,3,371,5,1866,0.4501347708894879
648d46e,4,494,8,2886,0.5020242914979757
83d9c89,5,590,5,3523,0.511864406779661
f95ae00,3,389,21,2234,0.532133676092545
a1849d8,1,532,7,3179,0.49624060150375937
ec6fc82,4,451,5,2459,0.4146341463414634
0668f09,5,709,4,4207,0.5613540197461213
4afbbfa,1,174,3,1060,0.6264367816091954
2510330,2,268,4,1438,0.5373134328358209
c93db0d,4,409,6,2218,0.5012224938875306
01bd69c,3,259,4,1401,0.5907335907335908
0d1dfcb,2,224,5,1277,0.6071428571428571
59b0500,3,380,5,2054,0.5210526315789473
6278215,3,200,4,1238,0.55
5c7531b,3,375,8,2209,0.5786666666666667
688f7ae,4,605,5,3228,0.47768595041322315
2835045,2,179,9,994,0.5642458100558659
0b0644a,4,369,5,2018,0.5826558265582655
7a5185a,3,463,5,2614,0.4838012958963283
90779cd,3,490,6,2842,0.44081632653061226
96c09c8,2,376,6,1859,0.4015957446808511
fcc6203,2,284,4,1500,0.4647887323943662
aeea8fc,2,210,3,1092,0.5047619047619047
4faf2cc,3,518,5,3038,0.5154440154440154
b888c7c,4,349,5,1750,0.4355300859598854
19d7b55,4,345,7,2049,0.4753623188405797
c229648,1,205,3,991,0.45365853658536587
fce1e83,4,453,7,2575,0.4856512141280353
425325f,4,398,5,2265,0.5552763819095478
3ce331d,2,201,1,1043,0.5671641791044776
c97615c,3,275,4,1334,0.5527272727272727
4fbb5ee,2,307,5,1559,0.46254071661237783
f5b7bcf,4,713,6,4095,0.3955119214586255
d8a1d51,2,223,2,1144,0.5829596412556054
6ef2063,2,242,4,1224,0.5082644628099173
565a109,3,641,3,3539,0.5725429017160687
c6c30d3,2,379,7,1922,0.48548812664907653
32f4d4e,2,295,2,1736,0.5254237288135594
3aea134,4,294,4,1632,0.4897959183673469
3aff9ea,2,238,6,1337,0.6386554621848739
cb90005,3,281,5,1403,0.5587188612099644
15b7ad2,4,434,3,2319,0.49539170506912444
4032f7c,4,533,5,3067,0.425891181988743
512072d,4,538,7,3147,0.5055762081784386
81e4082,3,300,4,1565,0.4866666666666667
6b2b7d4,3,316,5,1795,0.5348101265822784
6603499,3,428,20,2415,0.4485981308411215
49b6cee,1,190,1,1032,0.7052631578947368
a4e2b00,2,582,7,3098,0.5017182130584192
282e717,2,244,2,1454,0.5491803278688525
39a1cc5,3,249,5,1320,0.5060240963855421
10a3665,1,600,6,3222,0.52
bb44e30,3,418,5,2425,0.5430622009569378
73dcfb0,3,255,4,1455,0.5803921568627451
238702a,4,503,8,2781,0.46520874751491054
27feddd,3,376,4,2267,0.5372340425531915
10416ad,5,537,4,3164,0.4581005586592179
6929797,2,186,3,1006,0.5483870967741935
f0cb9b2,1,262,4,1392,0.5
8ef65cd,2,223,4,1135,0.4349775784753363
b086742,2,212,3,1223,0.660377358490566
e24bee7,3,360,4,2048,0.5444444444444444
0e73ffd,4,536,5,2844,0.3787313432835821
91e7a88,1,271,3,1534,0.6678966789667896
377c773,2,249,3,1319,0.5100401606425703
1c8c585,3,365,5,1941,0.4821917808219178
7cc82fb,4,249,5,1425,0.5180722891566265
ada9687,4,565,19,2957,0.2849557522123894
850fee6,3,353,7,2052,0.5014164305949008
aa59609,2,283,3,1462,0.5017667844522968
0f01b9a,4,478,5,2720,0.48535564853556484
f843f05,2,164,1,854,0.5670731707317073
eafa419,3,699,4,3851,0.5135908440629471
0bb7573,2,264,3,1462,0.5946969696969697
a32b014,3,270,3,1438,0.5259259259259259
71d3076,2,243,4,1269,0.5761316872427984
cff51e5,3,404,5,2070,0.49257425742574257
096eae9,3,272,5,1454,0.5257352941176471
4200326,2,237,17,1300,0.5527426160337553
62225f9,4,455,8,2573,0.5428571428571428
883a718,2,242,1,1385,0.47520661157024796
4e9a19c,4,723,5,4240,0.4854771784232365
a8b30ba,2,391,8,2068,0.43478260869565216
54260a3,3,302,4,1743,0.4966887417218543
6597280,2,311,3,1723,0.5209003215434084
faaa141,3,466,5,2475,0.4356223175965665
6f97075,3,371,8,2004,0.5067385444743935
8c1c2c0,3,242,2,1254,0.4462809917355372
b106837,5,975,5,5508,0.4717948717948718
c092a11,3,328,5,1808,0.4847560975609756
df59066,4,432,5,2312,0.4375
951728e,1,166,1,889,0.5662650602409639
4e4dd85,4,430,6,2498,0.4558139534883721
45c449d,1,217,5,1162,0.6082949308755761
5a04f5d,2,200,1,972,0.49
b6da4bf,3,443,5,2537,0.5372460496613995
8acfd18,2,287,5,1641,0.6480836236933798
6540816,4,413,6,2377,0.46731234866828086
735de2e,5,488,5,2509,0.3360655737704918
5d7fc91,4,574,6,3358,0.5034843205574913
106ec05,1,184,5,953,0.6630434782608695
f1527d7,2,152,4,843,0.6118421052631579
f666b1d,2,170,5,904,0.5882352941176471
d2a3539,2,360,6,2018,0.675
b218e90,5,741,5,4302,0.3468286099865047
07492fd,3,255,4,1414,0.49411764705882355
85c1eef,3,442,3,2142,0.3665158371040724
40bdb19,4,701,4,3888,0.5135520684736091
0719241,3,321,5,1707,0.5482866043613707
266c5f9,2,276,5,1512,0.6014492753623188
7c131fd,3,347,5,1928,0.5389048991354467
df04de6,4,348,4,2069,0.5344827586206896
59f0d46,4,736,5,3897,0.39402173913043476
f417b6e,4,435,5,2402,0.503448275862069
32ba187,4,593,7,3410,0.5160202360876898
c8dd865,4,531,5,2920,0.448210922787194
5dfaa6a,4,485,5,2774,0.5237113402061856
e38f2ec,3,324,6,1791,0.4722222222222222
0e4855c,2,420,6,2095,0.42142857142857143
d76797b,4,558,5,3318,0.4265232974910394
486bd0c,3,721,8,3670,0.3828016643550624
5c7a06d,2,287,5,1442,0.49825783972125437
4dc8a00,3,299,3,1635,0.5384615384615384
a2ed022,3,275,3,1554,0.5563636363636364
9c138a6,5,442,5,2443,0.4592760180995475
f492802,2,262,1,1333,0.48854961832061067
bb94198,3,203,4,1238,0.45320197044334976
93a2d85,5,614,7,3411,0.49022801302931596
e02d657,3,394,3,2135,0.4467005076142132
83c6995,2,185,3,1017,0.572972972972973
3992f01,3,363,5,2138,0.5922865013774105
b971d15,2,250,3,1296,0.488
201f6a9,2,223,4,1191,0.5605381165919282
9f4fbfa,2,209,2,1163,0.5406698564593302
eb30a92,3,242,4,1297,0.4628099173553719
547a912,2,262,3,1628,0.6374045801526718
a0f9d33,3,302,4,1722,0.5364238410596026
8461f4b,3,296,5,1526,0.47297297297297297
09f7d1f,2,378,5,1965,0.4603174603174603
ebe4bd5,1,421,2,2642,0.6033254156769596
cdb8035,3,407,6,2134,0.48157248157248156
12591b2,2,223,11,1259,0.6322869955156951
cc77ea3,2,157,3,857,0.6496815286624203
dd565c4,4,608,8,3158,0.4276315789473684
c36e623,2,330,5,1768,0.5060606060606061
57da88c,3,276,6,1489,0.5507246376811594
b961e76,4,373,6,2182,0.4450402144772118
1af678f,2,212,3,1109,0.6226415094339622
228b34a,2,212,1,1036,0.5801886792452831
4c06773,2,266,5,1587,0.6240601503759399
a546e10,3,288,5,1514,0.5486111111111112
e868006,3,316,5,1723,0.4936708860759494
a3127af,3,379,6,2226,0.5382585751978892
ff108ca,3,243,4,1276,0.551440329218107
f4acdab,4,431,5,2550,0.4547563805104408
5c8f827,4,494,3,2607,0.4392712550607287
faf644c,3,340,4,1825,0.5235294117647059
4ec6e7e,1,341,3,1867,0.5542521994134897
1a98406,3,454,4,2284,0.36784140969163
8133ef2,3,323,5,1881,0.47058823529411764
9b46cdb,5,666,7,3819,0.536036036036036
5123248,3,337,4,1853,0.5459940652818991
540e96c,5,496,5,2820,0.4657258064516129
e5c5136,4,413,5,2289,0.5230024213075061
94f1637,2,190,3,1209,0.6368421052631579
cc18f2f,4,391,6,2169,0.5166240409207161
c529e2c,2,181,3,1046,0.574585635359116
1d14e6c,2,279,3,1540,0.5519713261648745
8f31486,2,257,5,1477,0.6147859922178989
11ece20,2,200,1,1160,0.585
903716b,2,231,3,1384,0.6363636363636364
499367b,3,356,4,1982,0.5084269662921348
482ef5c,2,236,13,1358,0.5889830508474576
797e976,2,170,4,896,0.5764705882352941
781dec8,3,303,7,1793,0.5676567656765676
77bf5ff,3,360,5,2097,0.5277777777777778
6268928,1,406,39,2391,0.35714285714285715
39e422c,2,221,3,1260,0.5339366515837104
59dcb0c,2,194,1,1032,0.5360824742268041
a8e26b6,5,697,5,4067,0.45911047345767575
7b844a4,3,386,7,1949,0.4896373056994819
ea3d2d2,2,218,1,1202,0.6238532110091743
0c2f27d,4,506,6,2718,0.391304347826087
c77e108,4,449,5,2596,0.5723830734966593
d74a2c4,3,613,4,3400,0.5203915171288744
eb564e5,4,387,6,2124,0.42118863049095606
4f0d3bc,2,224,5,1272,0.48660714285714285
7dc1904,4,429,5,2480,0.4662004662004662
122fa32,2,234,3,1340,0.688034188034188
4f2f54f,3,369,5,1883,0.43360433604336046
d3bee4b,4,528,7,3115,0.48863636363636365
c48d027,3,508,10,2906,0.36220472440944884
de607a9,4,590,5,3016,0.4745762711864407
c161ff3,3,231,3,1232,0.6017316017316018
e2cc716,2,500,11,2893,0.492
3dcfa42,2,259,5,20459,0.4671814671814672
dd64f5b,6,806,6,4404,0.43672456575682383
528fa4d,4,367,5,2234,0.4904632152588556
3fccfd5,4,523,4,2828,0.44550669216061184
d1cf792,3,222,4,1308,0.5585585585585585
9642b7f,4,359,6,1989,0.47075208913649025
618261b,2,238,3,1385,0.5756302521008403
c284907,1,152,1,805,0.6710526315789473
bd12d53,4,450,5,2628,0.5155555555555555
caf5cc2,2,225,5,1079,0.4311111111111111
a478f42,1,170,1,994,0.6529411764705882
96c77d6,4,512,5,2830,0.44921875
eae9baa,3,276,6,1584,0.4420289855072464
192dd1b,3,451,5,2525,0.3946784922394678
ef4b096,3,351,18,1873,0.4301994301994302
56efbd2,3,303,5,1745,0.6171617161716172
90d13f9,2,314,6,1501,0.4012738853503185
819f0be,3,581,6,3236,0.41480206540447506
d078970,4,459,6,2424,0.4749455337690632
2c157d1,4,610,5,3828,0.48360655737704916
ded1371,1,263,5,1625,0.6197718631178707
a8eb3f5,1,176,3,946,0.5738636363636364
8a3f874,4,529,5,2948,0.46880907372400754
39fa947,1,152,2,737,0.45394736842105265
d2d299b,3,358,5,1926,0.547486033519553
8a9e3a3,4,547,5,3224,0.4990859232175503
68eae4a,3,393,11,2357,0.49363867684478374
c02aca0,3,310,3,1797,0.5258064516129032
41b695b,4,527,5,2894,0.5426944971537002
b61aeaf,5,501,4,2853,0.4870259481037924
f075e71,2,236,4,1222,0.559322033898305
90925e4,3,331,4,1970,0.5589123867069486
b278351,3,401,5,2293,0.4763092269326683
d76a09e,3,413,4,2316,0.5108958837772397
baf92ad,3,441,3,2544,0.48299319727891155
34bc6c6,4,433,5,2292,0.48498845265588914
5a26bdd,2,322,3,1677,0.484472049689441
9921ad6,4,434,7,2423,0.47465437788018433
a3f6028,4,436,3,2372,0.47477064220183485
8172a02,1,160,4,877,0.575
f0cb8d2,2,158,2,987,0.6139240506329114
e0a4c42,4,382,5,2184,0.49476439790575916
2fbed21,4,764,6,4621,0.46727748691099474
fbee000,2,210,6,1094,0.5904761904761905
0c8a07d,2,255,3,1337,0.5058823529411764
0bfeec7,4,513,5,3073,0.6296296296296297
96a2966,2,199,6,999,0.542713567839196
dfc4155,2,411,3,2209,0.46472019464720193
257a5bc,2,255,1,1354,0.5647058823529412
1ca992d,2,232,3,1187,0.5862068965517241
4843b47,3,335,5,1826,0.43582089552238806
4b8a067,5,582,6,3247,0.35223367697594504
20e8865,2,256,6,1446,0.58984375
5a6ac21,3,382,5,2079,0.4397905759162304
6727533,5,761,5,4280,0.3915900131406045
5d147d6,3,241,4,1385,0.4730290456431535
2b3f2d8,3,335,4,1778,0.5104477611940299
987afbf,1,254,6,1400,0.5984251968503937
fc8bb35,3,374,5,1990,0.5508021390374331
d7b6d6c,3,280,4,1352,0.5035714285714286
64d48ae,3,345,4,1950,0.5449275362318841
e99aa60,5,601,7,3376,0.47420965058236275
cfae4f9,2,358,6,2083,0.5782122905027933
c0f48f0,1,428,5,2560,0.38317757009345793
919cc62,3,309,7,1636,0.5598705501618123
28e9a88,5,557,12,3406,0.4524236983842011
