essay_id,group,split
663d2cf,0,train
3a20bfb,1,train
6adae64,2,train
c81ccdf,3,train
9549d7f,4,train
15992f4,5,train
1b7e42c,6,train
e06d5d9,7,train
a779bc6,8,train
ca7b3c6,9,selection
6a5eec3,10,train
591c12a,11,train
d6ef00f,12,selection
7a59c2c,13,train
3dad742,14,train
49e0d87,15,train
66e3ae6,16,calibration
3e9eed3,17,train
4b705ea,18,train
ae6d438,19,train
7d9d6fe,20,train
9f99985,21,selection
df1d356,22,final_validation
48515c1,23,train
a7fe09a,24,train
158f25e,25,calibration
e72915b,26,train
b3ab1d1,27,train
2dc0b75,28,train
9f5b732,29,train
ae9e460,30,train
9f4696c,31,final_validation
f3c4832,32,train
04dbd25,33,train
4e0b72a,34,train
1f48e7a,35,train
3a737b0,36,train
e7401c2,37,train
c8bf57b,38,calibration
a8eef6d,39,train
efc94e3,40,final_validation
6a7fada,41,final_validation
c51614c,42,train
cd4462c,43,train
214ed5c,44,selection
35ffbfc,45,selection
efda9f5,46,calibration
138ecab,47,train
3ec8931,48,train
1e54327,49,selection
b01c708,50,train
72243bf,51,train
31dfb5f,52,train
628c245,53,train
2d454ec,54,train
7e6ee52,55,train
1fb5dc7,56,selection
0fd322d,57,calibration
7be6cbc,58,calibration
201fd9c,59,train
4896b87,60,train
6b68b37,61,final_validation
fffed3e,62,selection
34f9d3c,63,train
15365fa,64,train
f08f42b,65,selection
e9b0d70,66,train
f5875b9,67,train
f83a610,68,train
ea2449f,69,train
4a1ccd9,70,train
7a6088e,71,train
f458714,72,train
26a1960,73,train
c906156,74,train
1da8f12,75,train
0c8f97b,76,calibration
eb74063,77,train
50fbd98,78,train
39f503f,79,train
4bb4988,80,train
0e2b2aa,81,train
6f38e1a,82,train
213f458,83,train
2e01bf8,84,train
c0ff8e8,85,train
bf1a798,86,selection
f994f56,87,final_validation
b1ae3e4,88,train
5af1f7c,89,train
c43fc51,90,train
d95597f,91,train
e85ff31,92,train
10dbcec,93,train
eedcb15,94,selection
43b21f7,95,final_validation
ad846b2,96,train
b06b493,97,train
0347bb4,98,train
4606ad1,99,calibration
1cc6247,100,train
5024f22,101,train
2706317,102,train
20d9bb9,103,final_validation
8f50f17,104,train
5113ead,105,calibration
752878d,106,train
9f98b59,107,selection
87cd32d,108,train
3d34e69,109,train
43c5cb6,110,train
2645e39,111,train
ed7d32a,112,calibration
94e8b11,113,train
2be962b,114,final_validation
7736261,115,train
9d31789,116,train
df2725e,117,final_validation
1c7e08b,118,final_validation
9baa424,119,train
f267c3d,120,train
29851d7,121,train
2853974,122,train
e209f98,123,train
3294135,124,train
8eabfd5,125,selection
c551b04,126,selection
6d3ed36,127,train
2d7e6e9,128,train
87ce827,129,final_validation
6c557af,130,train
9f66ed4,131,calibration
24f699d,132,selection
2b34d79,133,calibration
c1831cb,134,calibration
aa15257,135,final_validation
09a04e4,136,train
0d2ca3c,137,selection
f831bab,138,train
affa314,139,selection
0305a15,140,train
f932640,141,train
3d37123,142,calibration
bc6ca3b,143,train
601ba65,144,calibration
f357d17,145,train
292e15a,146,selection
9a12acf,147,train
4d0c575,148,train
0d20e93,149,train
ccbecd2,150,train
fa35821,151,train
ddc4485,152,selection
a125389,153,train
9f3ee0d,154,train
7673fe9,155,selection
d496ca5,156,calibration
1125efc,157,train
7ab444a,158,train
821138b,159,train
e60066e,160,train
031ab01,161,train
9e3d44e,162,calibration
2171ee8,163,train
e99ab9d,164,train
8d4298b,165,selection
615020b,166,train
0aa6277,167,final_validation
9300f5b,168,train
932fe56,169,train
4e1e89d,170,train
23dbca9,171,selection
94135e7,172,train
ea1734a,173,train
bb7cf0c,174,train
f02d98f,175,train
a14ed8f,176,train
35f642a,177,train
c342e55,178,train
1c03444,179,train
e094603,180,train
c0e889b,181,calibration
716bea4,182,final_validation
4ebd88f,183,train
33c632a,184,train
683ad7f,185,train
42e55d6,186,calibration
f3ab2bc,187,train
b1bd4ed,188,calibration
229397f,189,selection
b0d4bff,190,train
5a1d913,191,train
7e123c1,192,train
ab6c995,193,selection
91ad483,194,train
6d696a5,195,train
4d605cc,196,train
2ec9e00,197,train
f114047,198,final_validation
efe2c12,199,train
8a60615,200,train
a62b401,201,final_validation
e910c29,202,final_validation
6b750b2,203,calibration
9be40af,204,train
d869f96,205,train
4c33872,206,train
00cb5dc,207,train
d6f5942,208,final_validation
668973f,209,train
3112774,210,selection
5687d29,211,train
25bb264,212,train
bfd4a19,213,train
b42c291,214,calibration
6c7fc93,215,train
89ba5a0,216,calibration
37e9bc5,217,train
f50070d,218,selection
892efa3,219,train
0c8abe3,220,final_validation
9504a2b,221,train
6fb84c0,222,train
294affa,223,train
088fd5c,224,train
26aa2e8,225,final_validation
4c1784e,226,train
7d8ddf0,227,train
f4c1321,228,train
e1f561b,229,train
e528ae4,230,train
839a2b5,231,final_validation
93774a5,232,calibration
00a6e71,233,final_validation
c7bc7d4,234,train
b82eed9,235,train
abd1c6d,236,train
1a651c3,237,final_validation
e6cfc5d,238,train
f176d2e,239,train
c0cf509,240,calibration
e18c6e9,241,train
d617cf4,242,train
1c3468c,243,train
61d3a3a,244,train
8a1fcce,245,final_validation
d4240bf,246,final_validation
022b620,247,train
86c0189,248,final_validation
ac23966,249,selection
a1247d7,250,final_validation
59f3a62,251,train
c4d98da,252,calibration
7ff0200,253,train
5a87202,254,train
8885181,255,train
27427c9,256,train
65df960,257,calibration
822982a,258,final_validation
976f65c,259,final_validation
c7e42ce,260,train
01b55c8,261,train
8a526cd,262,train
91d5de5,263,train
3af8e31,264,final_validation
5df9875,265,train
50ce20c,266,train
e701cf8,267,train
6598ef5,268,train
55a48e1,269,train
a63fa18,270,calibration
bad6c34,271,train
413fa86,272,train
ad0a779,273,train
7cb938c,274,train
e661b4b,275,selection
3333188,276,train
23b0b0f,277,train
b5962cc,278,train
9e34d7d,279,train
7cc875a,280,calibration
93fee24,281,train
1ffa5d3,282,selection
2c5309d,283,train
94271ab,284,train
0df054c,285,train
ddc1dce,286,final_validation
6657141,287,train
0264158,288,train
6770d94,289,train
6231af7,290,train
3a3a47b,291,selection
d321e59,292,train
fbb4c9d,293,calibration
f6b60ee,294,train
69f310c,295,train
22955c4,296,train
1482f42,297,train
347f9d9,298,train
e0d868d,299,train
c23bb92,300,train
2ae4810,301,train
c0ada9f,302,train
3aed042,303,train
be8ce73,304,train
d4a8b29,305,calibration
b937932,306,train
54605eb,307,train
9ee0e40,308,train
cfbcfc7,309,final_validation
a901570,310,train
1fcd324,311,train
433b244,312,train
398be0d,313,final_validation
47bfbf4,314,selection
bc84140,315,train
ed76f3e,316,selection
c10455f,317,train
4df2f42,318,train
27c933b,319,final_validation
6a43464,320,selection
d093ede,321,train
91835e2,322,calibration
4146edb,323,train
764530d,324,train
2ce9900,325,final_validation
4170511,326,train
e2f5624,327,train
f90d665,328,calibration
1c5a11c,329,train
3aeffd0,330,calibration
3886ce6,331,train
a6733fa,332,train
61c5216,333,train
62d7e39,334,final_validation
00b2fe2,335,train
37e497f,336,train
bd846c7,337,train
12095b2,338,train
d0776b6,339,train
ee957f3,340,train
bef1ed0,341,train
c930fa2,342,train
15e8c3a,343,train
2440f97,344,train
2199b5e,345,train
1859a6b,346,train
22ed5ef,347,train
0ad0588,348,train
2ea91d5,349,train
2e78299,350,train
305681f,351,selection
e52f7a8,352,selection
d08a5ef,353,train
a00b247,354,final_validation
dc54514,355,selection
4ed1e03,356,train
0ded4da,357,train
1b1975b,358,train
8b7fcc4,359,train
0e82e35,360,train
17a53de,361,calibration
7e22c6c,362,train
3cf0e6c,363,train
f953262,364,train
83cd1ec,365,final_validation
4f661ce,366,train
768ecbe,367,train
fb73e38,368,selection
85f4c1a,369,train
b355884,370,final_validation
b90f1b5,371,train
7d69fe9,372,train
129f4b5,373,train
e9e1f6a,374,train
45a3758,375,train
1bb0b2b,376,train
02a1c3a,377,calibration
c6de3c2,378,train
dbdaa1c,379,final_validation
b1bd537,380,train
4c28b83,381,train
a678979,382,train
815b88f,383,train
c6490ff,384,train
fa29e92,385,train
ceec53f,386,train
2126db8,387,train
81eaec9,388,train
e626f3a,389,calibration
a549027,390,train
d2622d1,391,calibration
44bde0e,392,train
9853a17,393,train
b4945b9,394,train
1b832aa,395,final_validation
077acd9,396,train
57649d1,397,train
09b7da8,398,train
d9d981c,399,train
fef9131,400,train
337506c,401,calibration
2e4ce3b,402,calibration
e2c2e20,403,train
b80959a,404,train
126c1a9,405,final_validation
be9f270,406,train
86e07ef,407,selection
6f38206,408,train
ccf34f3,409,train
7136a44,410,train
5d09d49,411,train
a3c0f35,412,train
d836e6e,413,train
be8e329,414,selection
8a52d1e,415,train
591c21a,416,train
80828df,417,train
4b21cc0,418,train
92a2a91,419,selection
137675c,420,train
57bd6d9,421,train
eb67811,422,selection
4cea9bb,423,train
0d2070c,424,train
65aaead,425,train
b387c56,426,train
bb18184,427,train
2fa6216,428,calibration
24046b8,429,train
8de2ee2,430,train
7d48bb8,431,train
577fa76,432,train
f61050c,433,train
c7f9f5e,434,train
03e687e,435,selection
340e592,436,selection
3db2fd4,437,train
187c555,438,selection
596c46a,439,train
898dc81,440,selection
9aef82b,441,train
3bb67ff,442,train
6ae483f,443,train
ac756fd,444,train
9ebd4a9,445,train
55f64de,446,train
e7b453f,447,selection
875b4d0,448,train
21ebb27,449,final_validation
0f87684,450,train
0a0d3b4,451,train
e5d2529,452,train
92b8c17,453,train
3714edf,454,train
c8ebe7a,455,train
6b9b40e,456,train
3b564b2,457,train
8d80c00,458,train
72f8e27,459,train
4780b02,460,calibration
05c4acd,461,train
1eab2e8,462,train
1e26ea8,463,train
0493c5f,464,calibration
5967002,465,calibration
86cc1c1,466,train
ee28754,467,train
69890f9,468,train
c90aba8,469,train
e80de2c,470,calibration
8241d9b,471,selection
4f693d5,472,train
3194f6f,473,train
d1609f6,474,selection
a771321,475,selection
b3a3543,476,calibration
0613e60,477,train
5183644,478,train
ecb977a,479,train
cbc7fbb,480,train
f064912,481,train
6aeb5e8,482,train
a0d4f2b,483,train
9ba4406,484,train
b02e983,485,train
6d23209,486,train
1fd270c,487,train
44ce55e,488,selection
9851276,489,train
ca42365,490,train
03d074f,491,train
2ab0ffc,492,train
8802ec4,493,train
e0ebf63,494,train
eee850d,495,train
6264a57,496,train
5d48d77,497,calibration
2d1a806,498,train
15a4102,499,train
da6ba15,500,train
ca18c09,501,train
7a80a79,502,train
2c5e0fd,503,train
e955a4d,504,selection
6d18a3c,505,final_validation
bdaf17b,506,train
05efbec,507,selection
f6dea82,508,train
f2427df,509,train
5b5745a,510,selection
f4bd162,511,train
774e049,512,train
894104e,513,train
d669dab,514,train
e51bf95,515,final_validation
90d716e,516,train
e3aad5f,517,train
81d7947,518,final_validation
189a584,519,train
42568da,520,calibration
bffe0e1,521,train
55f8696,522,final_validation
c7463ad,523,selection
33b691f,524,calibration
f8a37b4,525,train
1e762ef,526,selection
0b64865,527,calibration
70cf70a,528,train
e28e48f,529,selection
1a30445,530,train
d9503fa,531,train
3ed4755,532,train
8623f4a,533,final_validation
3e7e439,534,train
a424880,535,train
13554fc,536,train
606dcef,537,calibration
440261d,538,train
fd4c8f9,539,train
799dcff,540,train
1d98e0a,541,calibration
b45d915,542,selection
5f459f9,543,train
22fa8b0,544,train
f4f3ff2,545,train
2209d70,546,selection
18865e7,547,train
8a4316d,548,final_validation
0906ee2,549,train
4e6c7ed,550,train
c24e037,551,final_validation
dcbb085,552,selection
72c20d3,553,final_validation
64f557b,554,train
4a481e0,555,train
76ee5d1,556,calibration
5e44275,557,train
0786ec3,558,train
8eb325a,559,final_validation
111fe95,560,final_validation
33a2f77,561,train
14675ef,562,train
f3ac428,563,train
9d40e4e,564,final_validation
05dcee6,565,final_validation
350a223,566,train
39ed025,567,train
b3c5b67,568,train
bf046f8,569,train
e84514e,570,train
3b755b3,571,train
b9e2f51,572,train
4467522,573,final_validation
fc05c44,574,calibration
450aa09,575,train
4b39f05,576,final_validation
c1500e3,577,train
3130ac1,578,train
1d38f14,579,train
194ce55,580,train
8392f69,581,final_validation
9f37d8c,582,selection
6482ee7,583,selection
77a962b,584,train
d379e1c,585,train
0f18dcd,586,train
a20d4fb,587,train
44bc4d1,588,selection
16ba2ef,589,calibration
40b6251,590,selection
7a34bee,591,train
b28e45b,592,selection
3553386,593,calibration
d068bc1,594,selection
82dd80e,595,selection
fb23988,596,train
0581013,597,train
70ad9b7,598,train
d48708a,599,train
bd55f1f,600,train
839c4b1,601,train
e9a40fe,602,selection
5e7814c,603,train
84aed86,604,selection
56c8283,605,train
75a5226,606,train
a17d69e,607,final_validation
721fac1,608,train
25e0b3f,609,train
86ca13f,610,train
53f4206,611,calibration
8de1ffb,612,train
3745735,613,train
8592385,614,train
21a4446,615,train
4b96296,616,train
7b199f3,617,train
0da206f,618,calibration
f6deba9,619,train
f2a732f,620,final_validation
86e1ed1,621,train
9522242,622,selection
0fb8b19,623,calibration
3837aeb,624,calibration
cecbf38,625,calibration
fa10fcc,626,train
7f20880,627,calibration
e2f214c,628,train
4d6a8a9,629,train
b456753,630,final_validation
9cb54ea,631,train
cdf4b4f,632,train
6d0b106,633,train
b1d5362,634,train
57dd110,635,calibration
e0dc585,636,train
5a7f694,637,calibration
ea1e99d,638,train
1ff2705,639,selection
fd79800,640,selection
a51fdac,641,selection
c423068,642,selection
29139ff,643,selection
7bf0a7b,644,calibration
df12ef4,645,train
b185c75,646,train
9f32834,647,train
945518e,648,train
647368d,649,selection
9888e23,650,final_validation
80c09f7,651,final_validation
0226c11,652,train
ce1d3dd,653,selection
d979a6e,654,calibration
da6b44d,655,train
c0aa325,656,train
adeefca,657,train
7df9a1f,658,calibration
642fdbc,659,train
9547f0c,660,train
d95518f,661,train
ba2d03b,662,train
04cecb6,663,train
f686cd8,664,calibration
d8ac048,665,final_validation
f6ff58e,666,final_validation
b81f18a,667,train
a966992,668,train
5dae838,669,train
d1fd261,670,train
f92f950,671,train
8379b43,672,final_validation
412350e,673,train
988f23b,674,train
1e3e3ac,675,train
e797523,676,train
fee79ef,677,final_validation
21c91d4,678,train
3d098ec,679,train
2ee1a20,680,train
a56bdf8,681,train
d780971,682,train
dbb5b58,683,train
78c495d,684,train
f412fcf,685,train
9862595,686,train
3b882f2,687,train
ac4848b,688,train
ee3303c,689,train
45174e2,690,train
aa23394,691,train
1944939,692,train
72209ee,693,selection
7b00f6a,694,calibration
165914d,695,train
2d6f640,696,train
93e44b2,697,train
5b81dcf,698,train
b1f3891,699,final_validation
38e935c,700,calibration
173dc95,701,selection
c68e728,702,calibration
dc6ca51,703,calibration
44cc40e,704,train
9789803,705,calibration
8a9d6ce,706,train
1188040,707,calibration
a656bc3,708,calibration
a02ab8f,709,calibration
41eab0c,710,calibration
3523b29,711,calibration
d20e3ae,712,train
9c3ac23,713,calibration
3f75229,714,train
423a7ea,715,train
2e622ff,716,train
6ec8d64,717,train
8be1708,718,train
b12bf8c,719,train
8ef6b25,720,train
16d22a1,721,train
3072ba3,722,train
ebdc645,723,selection
9a726e0,724,train
fca3e76,725,train
c5e85f4,726,train
5945c3f,727,train
629451d,728,train
8323832,729,train
7a1b4b5,730,train
8e08170,731,train
0b8e735,732,calibration
bb9e309,733,train
bb515f8,734,train
2dd5ab9,735,final_validation
1de8098,736,train
d116833,737,train
1973fe0,738,selection
11aa299,739,train
977edb4,740,train
3562b27,741,train
6d19518,742,train
c00fcbf,743,train
7dfccab,744,train
6992ea6,745,train
bdef797,746,train
30618ce,747,train
83cec1c,748,train
06a9e59,749,calibration
40b7257,750,train
2d9199c,751,train
a3e37e8,752,train
ddf54b5,753,selection
47875cb,754,train
47256d8,755,calibration
8d735cb,756,final_validation
d84a404,757,train
5a4ec55,758,train
c0d4f9b,759,train
37d7bfc,760,train
938e1a4,761,calibration
bab8e9f,762,train
e1729b5,763,train
97f6c27,764,train
ea9c6be,765,train
d8c4ec2,766,train
6c991ab,767,train
32303e8,768,train
d032c34,769,train
729b908,770,final_validation
d17b0a8,771,train
619e69b,772,train
8b61136,773,train
24afacf,774,calibration
4c4f8f8,775,train
c54f667,776,final_validation
628797a,777,train
0ea84b1,778,train
b1a6f2b,779,train
a93bfb5,780,train
17031a2,781,train
8070941,782,train
4ee5427,783,train
22493ac,784,final_validation
6702efe,785,train
d4d961e,786,final_validation
09b7afb,787,train
530d156,788,train
db9492b,789,train
aad2362,790,train
3c4f080,791,train
c317e8b,792,train
0819c99,793,train
237a974,794,train
79006ee,795,train
299a5f3,796,train
7ea3bbd,797,train
385ea97,798,train
f5d2778,799,final_validation
b4ec661,800,selection
179cb57,801,train
87a0d31,802,train
415c292,803,train
1c4115c,804,train
5a245d7,805,final_validation
ddf1b39,806,train
ac2cc41,807,train
7aa0c2d,808,selection
e4b7235,809,train
aba7d09,810,selection
0d57890,811,train
e50b0e4,812,train
a738aaa,813,train
bf09ba6,814,train
6393898,815,train
fac4912,816,train
56b34c7,817,train
3c126dc,818,final_validation
bcd7375,819,train
5cdd3f5,820,train
0b708bc,821,train
ce96a53,822,selection
1bd9d8e,823,train
05aacdb,824,train
85dd935,825,calibration
8ca8865,826,train
11bcb8c,827,train
5e6063a,828,calibration
d82674c,829,calibration
a96bbf7,830,train
3ba26e9,831,train
62551b3,832,train
250a96a,833,train
29835f7,834,calibration
d80e3b9,835,calibration
8a54108,836,train
68fa125,837,train
ad0c87b,838,train
fbc40bd,839,train
a7e9a07,840,train
be4c476,841,train
f312c21,842,train
5919090,843,train
c99384d,844,selection
904b3e6,845,train
bb72d59,846,train
e8fb1a9,847,selection
8057932,848,train
5a93b8e,849,train
d699bff,850,calibration
d9c8d70,851,train
a9c7fb1,852,calibration
201c1ab,853,train
4a6a1db,854,train
d0c5173,855,train
4cf5c8c,856,selection
52eba6d,857,selection
9e01a54,858,train
5c45f3a,859,train
5514a27,860,train
1d117a7,861,train
73ed5e5,862,train
48f888b,863,selection
091eaf0,864,train
bdc38fe,865,train
937b82a,866,train
e63e799,867,train
7da8223,868,train
febd3b8,869,train
69911a2,870,train
7b6cbe9,871,train
904ff51,872,train
c27e37c,873,calibration
9e5cbf8,874,final_validation
c320e8d,875,train
592c884,876,train
047bb6e,877,selection
32eede7,878,train
65b5e11,879,selection
b8b5abe,880,train
f26c2c5,881,train
01c1169,882,train
d8ba484,883,train
1efd3f9,884,train
5e2079a,885,final_validation
8c7c4fd,886,train
daf6569,887,calibration
cc11483,888,train
24e42b3,889,train
a011468,890,train
caa3e02,891,train
6895712,892,selection
ffcb264,893,selection
9b4b239,894,train
e1e6310,895,train
bd23c17,896,selection
3a17a01,897,train
1af6bd0,898,calibration
53761b9,899,final_validation
07ce28e,900,final_validation
5972f6f,901,calibration
33b12bc,902,final_validation
a4843bc,903,train
df2d044,904,train
511512f,905,train
512ebc5,906,selection
a3a8a5b,907,train
bd13c87,908,train
7aac16c,909,train
2eaad6a,910,train
eb73df2,911,train
a8444c3,912,train
e7cb0c2,913,train
5e39a22,914,calibration
3a46a7c,915,train
bca66ad,916,train
8da1f55,917,selection
22bf7f2,918,train
cd6f974,919,train
5176bba,920,train
98a7fbf,921,calibration
44e0bd4,922,train
da9b194,923,train
5e93c9c,924,train
7847f8f,925,train
917dd2e,926,final_validation
bcca4b1,927,train
5246ba5,928,train
26b13f6,929,train
acdf709,930,selection
f37ecdb,931,train
13ce90a,932,train
9f7903f,933,selection
264856a,934,final_validation
c42027d,935,train
9c048c8,936,train
71905fe,937,train
5c9a0e0,938,train
53a5927,939,selection
39daa94,940,train
4c5ca34,941,train
444a92b,942,train
9325925,943,train
5a1e507,944,calibration
55481c2,945,train
755b8ce,946,train
99278f9,947,final_validation
a69b0d6,948,train
15cf6e5,949,train
9e383cf,950,train
d94f7e5,951,train
3c0d251,952,selection
bafc4a6,953,calibration
825ec37,954,selection
7bf4c14,955,train
bbe2d2e,956,train
5c8f28d,957,train
f4c6509,958,final_validation
b558b1b,959,train
de5e023,960,train
79d0b37,961,train
589d941,962,selection
41549ae,963,train
abd3595,964,train
3cbc0e6,965,train
c2570f6,966,train
fda2857,967,train
5a86d53,968,train
5be08a8,969,final_validation
97f2221,970,train
ca0c6aa,971,train
d719777,972,calibration
ac698da,973,train
2810399,974,final_validation
152258f,975,train
b0d4b82,976,train
96c17fa,977,train
2a0f5b4,978,selection
75e1d6c,979,train
1800723,980,train
9c738bb,981,calibration
2eca07c,982,final_validation
df238bb,983,selection
bfeadac,984,selection
c42f4bd,985,train
b2e60f1,986,train
06aa059,987,train
0c1da05,988,train
522932f,989,train
a3012ff,990,train
a1b74d6,991,train
3495f1e,992,calibration
c963397,993,train
47f3a3d,994,train
04e6cd8,995,train
b9732f5,996,train
74253a3,997,train
63f85c9,998,train
7099582,999,train
aa5c6ea,1000,train
f1723b6,1001,selection
93187ee,1002,train
700baa8,1003,train
ab866a6,1004,train
9757d84,1005,selection
879d150,1006,train
8a88121,1007,train
61a90d9,1008,train
47b9921,1009,train
ebec1ad,1010,calibration
a8828c7,1011,train
7ca0a04,1012,selection
ff74f94,1013,final_validation
69f0465,1014,calibration
6d97a0c,1015,train
8d8c4a0,1016,final_validation
8638ed3,1017,train
a7dbcad,1018,train
52393de,1019,train
24cd6b4,1020,selection
9ddca63,1021,selection
f193c87,1022,train
a52300c,1023,calibration
82a2ba7,1024,train
9b7a85c,1025,train
1fc74a6,1026,train
4ba41e0,1027,train
bb7ec27,1028,train
9de5f10,1029,train
731cf48,1030,selection
ac3fbb4,1031,final_validation
4c03596,1032,train
3d13ded,1033,selection
747407c,1034,train
b79e76d,1035,train
ac95919,1036,train
536f737,1037,final_validation
692b1f6,1038,train
b0e3a05,1039,calibration
4601aa9,1040,train
9e4b505,1041,train
4ec1700,1042,train
0b568f9,1043,final_validation
91b2f7f,1044,train
8276527,1045,train
19712ee,1046,train
b2b1d1b,1047,train
94e5039,1048,train
9d1af92,1049,train
e214a1e,1050,train
273de22,1051,calibration
84cf019,1052,train
54f7632,1053,train
e85f179,1054,train
fb97d68,1055,train
efca066,1056,final_validation
703ac27,1057,final_validation
ed209df,1058,train
f10d44e,1059,calibration
6cbe737,1060,calibration
1c1c470,1061,train
8d19eb4,1062,final_validation
5a5ccda,1063,train
2a519df,1064,train
f0a11d5,1065,train
0200fbc,1066,train
0550fb1,1067,selection
62e1061,1068,train
a34f3dc,1069,train
62d5e45,1070,train
75550fd,1071,calibration
c382fe5,1072,calibration
1061742,1073,train
cba180a,1074,train
bf360e6,1075,train
833f55c,1076,final_validation
e0f1d9e,1077,train
f999185,1078,final_validation
9ac9cfc,1079,selection
cb07a2e,1080,train
6b6ce58,1081,train
ccc30f4,1082,train
ae5a636,1083,train
8b44b6b,1084,train
022a010,1085,train
bc9b957,1086,train
6af0db6,1087,final_validation
4371191,1088,train
61f4d88,1089,calibration
9103420,1090,final_validation
e66bb5f,1091,train
7775977,1092,train
7941894,1093,train
b7e7560,1094,train
a996a9e,1095,train
bb60c4e,1096,train
235422a,1097,final_validation
b030b4d,1098,train
aee6bc7,1099,train
fc9f684,1100,train
cabd0a3,1101,train
fb470c0,1102,calibration
6cf845a,1103,train
4469cc3,1104,train
3fd037e,1105,final_validation
e16a336,1106,train
769ffb8,1107,train
f056e69,1108,train
ca20238,1109,train
4b5df1d,1110,train
fab848b,1111,train
cd0d634,1112,train
64f6bf4,1113,selection
f5235b2,1114,train
80365d2,1115,final_validation
2606118,1116,train
1d80630,1117,train
9be2d6d,1118,train
46df9c0,1119,train
f50c46d,1120,train
b9e8e95,1121,calibration
309de20,1122,train
e3f6385,1123,train
e464b92,1124,final_validation
e2b69b6,1125,train
cb95cc1,1126,final_validation
78bcc7f,1127,train
0a45f5b,1128,train
a42decc,1129,final_validation
953646a,1130,train
85e497c,1131,train
308be53,1132,train
ae0a4a4,1133,final_validation
f477918,1134,train
0c47509,1135,train
c47258b,1136,train
21077ac,1137,train
eaf009e,1138,calibration
949dfa3,1139,train
b808907,1140,train
db8b63b,1141,train
57f4bb0,1142,train
e4d23d9,1143,train
e9831f4,1144,final_validation
2c70dc8,1145,final_validation
c3aa83f,1146,train
e458750,1147,train
f788113,1148,train
65add2a,1149,calibration
8e1c0ef,1150,final_validation
03448b6,1151,train
bf0ec0f,1152,train
c6c4cc1,1153,train
d33e136,1154,final_validation
e1cdb9a,1155,selection
2eb932d,1156,selection
2107730,1157,train
4eb8fa4,1158,train
610be98,1159,train
9fdc1d4,1160,train
ff69c4a,1161,selection
4fa7dae,1162,train
14067fc,1163,calibration
cddb65e,1164,train
96b41cb,1165,train
6c49de7,1166,train
99fcac2,1167,train
4fda769,1168,train
490415c,1169,final_validation
87d747c,1170,train
7012c1c,1171,train
09e6583,1172,train
0f2455f,1173,train
d1cc50d,1174,train
f15a47c,1175,selection
8424b86,1176,selection
6a9fa03,1177,calibration
5007bb4,1178,train
644a7fc,1179,train
5f3892b,1180,selection
3d2d66c,1181,train
88e52a1,1182,selection
d716604,1183,selection
fb868be,1184,train
a63ff90,1185,final_validation
2529033,1186,train
59b98b0,1187,train
2414f7f,1188,final_validation
3ca552e,1189,train
1b07598,1190,train
c74f1c4,1191,train
ad15b8d,1192,final_validation
2079bbf,1193,train
71154c1,1194,calibration
f0719a6,1195,train
3594401,1196,final_validation
c2b3c97,1197,train
5cefbf4,1198,final_validation
41e75d6,1199,train
f24da7f,1200,calibration
b9a4531,1201,train
671da5e,1202,train
e1bc399,1203,calibration
7696be8,1204,train
9fced4b,1205,calibration
6f280f2,1206,final_validation
fb40cba,1207,calibration
d7a9add,1208,train
3cc2f1c,1209,train
b849cb9,1210,train
a99a129,1211,train
ef04c29,1212,train
a621e0c,1213,train
1f1d392,1214,final_validation
128467a,1215,final_validation
c603bae,1216,train
799ccdb,1217,train
df36957,1218,train
b6cbe8c,1219,selection
6ac9dc2,1220,train
c4740ce,1221,train
07a82b9,1222,train
2af05b5,1223,train
5c0836b,1224,train
5ca7d85,1225,calibration
82ff9ec,1226,train
a1e5e62,1227,train
7ec98f8,1228,train
e2926f9,1229,train
6c6ca59,1230,train
7c74a71,1231,train
7c5291b,1232,train
6de7901,1233,final_validation
407f52e,1234,calibration
625e070,1235,train
2eee3a4,1236,train
974bdc5,1237,train
4b34809,1238,train
b4d6682,1239,train
6611c2f,1240,final_validation
78b0217,1241,train
1c37396,1242,train
735c862,1243,train
ede5e1e,1244,train
a10dd12,1245,train
de1b341,1246,train
5508737,1247,train
641a744,1248,train
499a9c1,1249,train
b9f493c,1250,calibration
485b577,1251,calibration
1e34c9d,1252,train
c53fb5e,1253,train
d9311a7,1254,train
a7f913e,1255,train
5177a59,1256,calibration
3fb3a4e,1257,train
a31b1c1,1258,calibration
0e6da97,1259,final_validation
3981208,1260,train
773930f,1261,final_validation
b075ba9,1262,calibration
7768a3c,1263,train
2eb95cd,1264,final_validation
c7b9371,1265,train
fa3f71a,1266,train
2d41e61,1267,final_validation
24ef783,1268,train
d9d5eaf,1269,train
33bf80b,1270,train
546947f,1271,selection
9ad2e47,1272,calibration
175da5d,1273,train
fabb833,1274,train
58e7768,1275,train
f8a31fb,1276,train
a3968b1,1277,train
1a0ee90,1278,train
c18eed9,1279,train
7bbd917,1280,train
5bf57f0,1281,train
69dbdef,1282,train
d2fcaa1,1283,train
c94c5d6,1284,final_validation
b841181,1285,train
ae89cec,1286,calibration
b97afcc,1287,train
4d49830,1288,train
1655699,1289,train
38a752b,1290,selection
8f864b4,1291,final_validation
2d1ecbe,1292,train
db5f317,1293,train
49a6fc5,1294,final_validation
735327e,1295,final_validation
22272c7,1296,final_validation
878982d,1297,train
3b32089,1298,train
2720d23,1299,train
a47b308,1300,train
888121b,1301,train
674351e,1302,train
d52b75b,1303,calibration
c341a23,1304,train
f13930a,1305,final_validation
be61aa1,1306,selection
60c16c2,1307,train
64505c8,1308,train
cf1bac9,1309,train
031e4d6,1310,selection
768684b,1311,calibration
16aed11,1312,train
bf7245a,1313,train
a73365c,1314,train
9419fd7,1315,train
b0b21a6,1316,train
7015381,1317,train
1b14997,1318,calibration
c5bb976,1319,train
638d207,1320,train
02d0224,1321,train
630d014,1322,calibration
8891aa7,1323,train
edb1502,1324,train
85efa6e,1325,train
aac60d1,1326,final_validation
e164fba,1327,train
ffae2b1,1328,train
0d70f3a,1329,train
fe7b204,1330,calibration
2cb68c3,1331,train
e7e7ec1,1332,train
4ce2007,1333,final_validation
9809cd9,1334,train
e7457b9,1335,train
91808c5,1336,train
d3913f7,1337,train
74e1e4e,1338,train
79bdc9f,1339,train
8500192,1340,train
96242ba,1341,train
6d50443,1342,selection
08a4c92,1343,train
a5f0875,1344,selection
de18382,1345,train
f24f8e2,1346,train
7b6ab51,1347,train
14e0d1b,1348,train
4f35aa5,1349,final_validation
140b6e1,1350,final_validation
6100b66,1351,train
3933370,1352,final_validation
60bee14,1353,selection
ae25a55,1354,train
516707a,1355,calibration
cd279d1,1356,train
b5b01ce,1357,train
7d06901,1358,selection
9f14487,1359,calibration
c7cbcd3,1360,train
c0311d6,1361,train
0aaf5f1,1362,train
f6932e7,1363,train
93f73be,1364,calibration
a774f6a,1365,train
6dc2f1b,1366,selection
7b1d35d,1367,calibration
3ac8feb,1368,train
8db7911,1369,train
57d380e,1370,train
e98f570,1371,train
13c085e,1372,train
6124738,1373,calibration
a5a575c,1374,train
ffb588d,1375,train
944ba37,1376,train
97e89ad,1377,train
7d58797,1378,train
a5cc40d,1379,train
b87b1d8,1380,train
d088b14,1381,train
105d8a4,1382,train
1dbcd1d,1383,selection
396c150,1384,final_validation
98e40a0,1385,train
24fd1fd,1386,train
069945c,1387,train
2aca278,1388,train
9f7b7bc,1389,train
bd92855,1390,selection
c4339b8,1391,train
2c5940a,1392,train
9f623df,1393,calibration
f46ecad,1394,calibration
2f05f6d,1395,train
15c5d00,1396,train
d464251,1397,selection
594a437,1398,train
cb9d205,1399,train
a43acca,1400,selection
ec43b08,1401,train
22ba497,1402,train
825c04c,1403,train
13fd809,1404,train
904cc41,1405,calibration
7d129d6,1406,train
22064db,1407,train
4f0b392,1408,final_validation
a332bce,1409,calibration
39b6d1e,1410,final_validation
c8ac4d3,1411,train
6569cfb,1412,calibration
111b844,1413,train
3952208,1414,train
64e1918,1415,train
c10db9d,1416,train
5112af1,1417,train
7708e34,1418,calibration
8078df5,1419,train
6c3a92e,1420,calibration
8aa2a83,1421,selection
36e6143,1422,train
8dcd813,1423,train
b240bfc,1424,train
410ef58,1425,train
59e3ebc,1426,final_validation
90db3bf,1427,calibration
9b719d1,1428,train
89bedb3,1429,calibration
52de683,1430,train
5112f8c,1431,train
dba96f3,1432,train
3a57893,1433,train
73cc4ce,1434,train
98241b3,1435,train
7fd4f07,1436,train
812b075,1437,selection
c893eb9,1438,train
71e3905,1439,train
6725752,1440,final_validation
9ebbf14,1441,train
6caf0ab,1442,train
3ce3447,1443,train
079a340,1444,train
4925668,1445,train
bbd325d,1446,train
3d15bdf,1447,train
e4ab2f4,1448,train
5acc7e6,1449,train
43f253b,1450,train
0237cbd,1451,train
8be1cc9,1452,train
af9cd90,1453,calibration
3e9f3ea,1454,train
21fa6b4,1455,calibration
6b9b211,1456,train
c99572e,1457,train
bcec5a8,1458,train
17e1148,1459,train
a645a4b,1460,train
2a2f394,1461,train
a4d1beb,1462,final_validation
24e9709,1463,train
306d5c8,1464,calibration
3ca4cae,1465,train
f32711a,1466,calibration
d092163,1467,train
9db3108,1468,train
3b53486,1469,train
c614342,1470,train
b175f62,1471,selection
e7ee5ef,1472,train
5897e71,1473,train
7cd97af,1474,train
135c9a2,1475,final_validation
d44bfdb,1476,final_validation
6c73400,1477,train
8c83d4f,1478,train
bbd6e25,1479,selection
9f60771,1480,train
6c27a82,1481,train
127bdc7,1482,calibration
718ee5b,1483,train
6dfe424,1484,train
75df1c0,1485,final_validation
dee5325,1486,final_validation
f7de906,1487,selection
855dc06,1488,calibration
32387e2,1489,selection
adfe724,1490,train
5d14dde,1491,train
dfb34d0,1492,train
bd2797b,1493,train
9f32820,1494,train
8336c95,1495,train
1469a70,1496,train
a2141e6,1497,calibration
7ef2fa6,1498,train
6f7ae5d,1499,train
dddade0,1500,train
9870786,1501,final_validation
3010bb8,1502,train
c17cade,1503,train
081db56,1504,train
a1f2412,1505,train
08b1777,1506,train
4eaf0a7,1507,train
6e37111,1508,final_validation
b47efae,1509,train
3ba1dd3,1510,train
2a26e9d,1511,train
4e9bf56,1512,train
370d1af,1513,train
7f17066,1514,train
87bfbd7,1515,train
c1957cd,1516,train
a7f3634,1517,train
c591447,1518,final_validation
62e810c,1519,train
f3fd856,1520,train
05580e1,1521,calibration
c6e52e5,1522,selection
5e5d510,1523,calibration
8a66f36,1524,train
f63046e,1525,train
9f1e1e7,1526,train
d8b1f47,1527,train
bd50f73,1528,train
bd040e5,1529,train
938a199,1530,selection
24b3411,1531,train
3b69214,1532,train
1ca3291,1533,train
c77359d,1534,train
9128156,1535,train
856fe6e,1536,train
95ee072,1537,train
2753b35,1538,selection
1b3fba8,1539,train
afbbbf8,1540,train
862c8a6,1541,train
456dad6,1542,train
1409186,1543,train
a4fb48d,1544,selection
2837087,1545,train
fc3c94c,1546,train
a09fa5a,1547,train
a1f25ca,1548,train
2a2d8ba,1549,final_validation
e688d2f,1550,train
8399ff9,1551,calibration
ad9b8f0,1552,train
41e1988,1553,train
1f2ec63,1554,selection
5931bf7,1555,train
b20bfad,1556,train
90c9963,1557,train
98cf427,1558,train
9aa64b9,1559,selection
6e59238,1560,train
5d33141,1561,final_validation
2d1c466,1562,final_validation
7152619,1563,train
921d7fe,1564,calibration
ab81c08,1565,final_validation
9c0fcae,1566,calibration
dc77ef3,1567,train
e818b4e,1568,final_validation
68407e7,1569,selection
2dd0e30,1570,train
c0a1802,1571,calibration
aaeb21e,1572,selection
79c8844,1573,train
3c0e026,1574,train
470f64e,1575,train
803954d,1576,train
bc4b400,1577,train
3b0bbb9,1578,train
a13314c,1579,selection
95bfe2c,1580,final_validation
7faa7c0,1581,train
c7423a9,1582,train
16ed2eb,1583,train
60852b4,1584,train
1c24c26,1585,train
ef20989,1586,train
bff3d0f,1587,train
2ab58a5,1588,train
35bc274,1589,calibration
8f3b1a2,1590,calibration
455f8b8,1591,train
9a08fed,1592,train
45a85a3,1593,train
edd86e6,1594,train
c8ecd5a,1595,train
353e838,1596,calibration
571a8fb,1597,train
671b52e,1598,train
76ef15f,1599,train
039b748,1600,final_validation
e8735f4,1601,train
5c66671,1602,train
1032c21,1603,train
a556f77,1604,train
d3ec13a,1605,train
e054a42,1606,train
0deace1,1607,calibration
3de3d97,1608,train
b628717,1609,selection
6504c56,1610,train
99d6eba,1611,train
51d1c42,1612,train
f02ce6a,1613,train
dbe4221,1614,train
a529ecd,1615,train
1cbe327,1616,train
82f301b,1617,train
29cf025,1618,train
61424a0,1619,selection
7e0f98e,1620,train
51ddd6c,1621,train
e950fce,1622,selection
18afcad,1623,final_validation
71eaf6e,1624,train
70348bd,1625,train
a1138fe,1626,train
1f98766,1627,train
5860351,1628,selection
efd13c3,1629,train
1e14a01,1630,train
abcb3e7,1631,final_validation
b45fd50,1632,train
b1cdbe9,1633,train
f6173a5,1634,train
8bd04fe,1635,train
29c499d,1636,train
518142b,1637,train
46369ce,1638,train
f46f588,1639,train
565993b,1640,train
cbd6a23,1641,calibration
da5e16e,1642,selection
e4a792f,1643,train
c09b50a,1644,train
1ae929d,1645,selection
b63917d,1646,train
be0c737,1647,calibration
e5e3801,1648,train
5b8ecef,1649,train
e49f6c5,1650,train
c0dd69e,1651,train
6ad8ce5,1652,train
f7bb751,1653,selection
f191d20,1654,selection
cb02c27,1655,train
54922dc,1656,train
d05321d,1657,train
fcf5ee8,1658,train
89c749c,1659,train
f15b774,1660,train
af97c77,1661,train
fac246b,1662,final_validation
1750767,1663,train
eb351dc,1664,train
bdde981,1665,train
7c8732f,1666,final_validation
62fb64b,1667,selection
b7a4bed,1668,train
fcefbf5,1669,final_validation
5c740dd,1670,train
cb066eb,1671,train
00ccc2d,1672,train
a3ab1a5,1673,train
d6b3e06,1674,train
dc81c67,1675,train
a5f215c,1676,train
3d19d5a,1677,final_validation
68dab53,1678,train
23649bd,1679,train
33ef0e3,1680,final_validation
7efc5dd,1681,train
9224bf3,1682,train
ca7fb0e,1683,selection
3d13edb,1684,train
6c9d025,1685,train
53533e9,1686,selection
0dc777f,1687,train
bde4c47,1688,train
0759934,1689,train
04f47a5,1690,train
fd553c7,1691,train
ad0e063,1692,train
8745830,1693,train
19d3181,1694,train
905f9fb,1695,final_validation
6e1d6c1,1696,train
ce69f4d,1697,calibration
b0f3d31,1698,calibration
8c97f35,1699,train
8ccc143,1700,train
ec0315b,1701,calibration
71af4b4,1702,train
5de8d76,1703,train
3fbe68d,1704,train
4a18904,1705,train
5801bab,1706,train
160dc72,1707,selection
84025bf,1708,train
8bf172b,1709,train
f51ba66,1710,calibration
f593565,1711,train
f4a239c,1712,train
f492772,1713,final_validation
d3321fb,1714,train
a735609,1715,train
4c92a42,1716,train
d49eaae,1717,calibration
f5302c6,1718,train
ffa6b95,1719,train
7bcbced,1720,train
a7cb084,1721,train
11547d4,1722,calibration
d66421a,1723,train
1ea12d7,1724,train
d107e54,1725,train
78c496d,1726,train
5997fe1,1727,final_validation
112f03f,1728,train
2cf48ad,1729,train
972d424,1730,final_validation
682f691,1731,final_validation
2741513,1732,train
41de9e7,1733,final_validation
e2b1708,1734,train
8bb7ea1,1735,train
57998bc,1736,train
58a9eed,1737,train
d57a1f8,1738,final_validation
270e38d,1739,train
2437079,1740,train
4522771,1741,calibration
92ad3f6,1742,train
fc4d2cb,1743,train
f24ba32,1744,train
9706cf0,1745,train
e42224c,1746,train
9fbda7e,1747,train
e5e911d,1748,train
d43da53,1749,train
f3d5df5,1750,selection
9f3a294,1751,train
9932ed8,1752,train
5e5287c,1753,train
c6d8db3,1754,selection
19d6dc5,1755,train
bb9da31,1756,train
72ac8f5,1757,train
ec67501,1758,calibration
7090f87,1759,calibration
481b61e,1760,train
5303733,1761,train
42faeed,1762,selection
96cde53,1763,train
75398bc,1764,train
9f8335a,1765,train
d4c6797,1766,train
7d9fdd6,1767,train
7af9f3a,1768,train
e73e482,1769,train
602ef7c,1770,selection
f993e2f,1771,train
ada100d,1772,train
f977d0d,1773,final_validation
97d36aa,1774,calibration
14d573e,1775,calibration
2bb8a01,1776,train
df14366,1777,train
b93974a,1778,train
aa538cc,1779,selection
415a9a2,1780,selection
921f0da,1781,train
c428258,1782,train
c4048b8,1783,train
e5a3667,1784,train
3ab7697,1785,train
a367429,1786,final_validation
2b87338,1787,train
2887d53,1788,selection
21b32eb,1789,train
2e128b5,1790,train
b7bc4eb,1791,train
95b808c,1792,train
5400dbe,1793,train
937992f,1794,train
7e9eb24,1795,train
6826aa8,1796,train
dc36026,1797,train
46947bc,1798,final_validation
c20f48f,1799,train
997f730,1800,train
f1e743a,1801,calibration
3a611ed,1802,train
c623b02,1803,train
ea134d7,1804,selection
ff98dbe,1805,train
f124a38,1806,train
3f4c511,1807,train
1abc249,1808,train
d726fca,1809,train
1bfcf1f,1810,train
34a1dfd,1811,final_validation
7416c35,1812,final_validation
3f8b27a,1813,train
f0d7b60,1814,selection
3242556,1815,calibration
58d709b,1816,train
9bce452,1817,train
e9c7523,1818,final_validation
f0004f5,1819,train
e0ec319,1820,train
295f8ea,1821,train
a4711ba,1822,train
3aedc23,1823,calibration
0a45f39,1824,train
775ec96,1825,train
f22047d,1826,train
0f2299f,1827,train
58f273c,1828,train
f26bf7b,1829,train
043d7ad,1830,train
66724f4,1831,final_validation
178a016,1832,selection
8c77043,1833,train
9c1a3b2,1834,train
799b4e8,1835,train
83fb177,1836,train
2a3cc3b,1837,train
0fddb97,1838,calibration
a004e6d,1839,train
b5a6e5f,1840,train
2b1618c,1841,train
74023c3,1842,calibration
369bc0b,1843,train
940e8d0,1844,train
83213c9,1845,final_validation
ab74e1a,1846,selection
63899c4,1847,train
a1474d7,1848,train
613006a,1849,train
c36a91a,1850,train
02ab5d2,1851,train
4143c54,1852,train
7016205,1853,final_validation
1226107,1854,train
3b946d1,1855,selection
1e76917,1856,calibration
9867a99,1857,train
6158b5b,1858,final_validation
4d5baca,1859,train
a9535dd,1860,train
232c896,1861,final_validation
e27d0c4,1862,train
4eeb894,1863,calibration
c61cc1b,1864,train
710b137,1865,train
a0f8530,1866,train
fec54e7,1867,train
34229a5,1868,train
1bac87b,1869,train
be0bf59,1870,train
3f7da0e,1871,train
7f06e27,1872,train
95a71d2,1873,train
4bda0ce,1874,train
60d3f68,1875,train
e4ceb7c,1876,final_validation
934ef15,1877,selection
0307ec7,1878,train
770a4ad,1879,final_validation
daf76d6,1880,calibration
ca298de,1881,train
761fbe9,1882,train
a5eaac8,1883,selection
9366611,1884,train
185b9d3,1885,train
016010c,1886,train
ee0dfaf,1887,final_validation
dff0c49,1888,train
fa6f449,1889,calibration
2f242b8,1890,train
0d3ae64,1891,final_validation
fe0199f,1892,train
3a31b70,1893,train
27118ce,1894,train
065c240,1895,train
e8fa635,1896,selection
e58d29b,1897,train
6c7537f,1898,train
41ec8bc,1899,train
b3912ed,1900,train
0e9b816,1901,train
a1b514a,1902,train
b978e8f,1903,train
fee87e7,1904,train
2f3bda4,1905,train
dc91256,1906,train
e57f0b9,1907,train
3f42442,1908,calibration
fcc8652,1909,train
8c26dc6,1910,selection
e253356,1911,train
cdae844,1912,train
1a17d8e,1913,final_validation
8515e83,1914,train
77d423f,1915,calibration
8186437,1916,train
7e7f4f7,1917,train
e001dc1,1918,calibration
6c35427,1919,calibration
32f6344,1920,train
2ebe52d,1921,train
5688842,1922,train
92069ac,1923,selection
65e8227,1924,calibration
a66267b,1925,train
678af37,1926,train
72a4d46,1927,selection
476dee5,1928,train
1caaf3f,1929,train
c4a0ea8,1930,final_validation
1b66af5,1931,selection
09d065f,1932,train
c2ac052,1933,train
9bcc548,1934,train
d0127a0,1935,train
235ab08,1936,train
5e79b7d,1937,selection
6309006,1938,train
f491bd8,1939,selection
3a8262e,1940,train
98fa8f8,1941,selection
1ea8387,1942,train
c663629,1943,train
5bef364,1944,selection
8055d0f,1945,train
a652823,1946,train
aed12e6,1947,train
f1b7227,1948,selection
6fcd793,1949,final_validation
c31b06a,1950,train
25e255c,1951,final_validation
bc44ccf,1952,selection
46f9e1c,1953,train
a06ce47,1954,train
dcb2321,1955,train
dace458,1956,train
269e81f,1957,selection
f5068d7,1958,train
b560a94,1959,train
b1ee739,1960,train
4e81112,1961,train
9df51e9,1962,train
80ecb06,1963,train
9473a2c,1964,train
770370b,1965,selection
ef04147,1966,train
169fccf,1967,train
cb989ad,1968,train
2bdb51f,1969,train
3272c5f,1970,final_validation
89dfaf4,1971,final_validation
6852e97,1972,train
5690be0,1973,calibration
6e80f55,1974,selection
346645c,1975,train
f1b6d21,1976,train
a19a55a,1977,calibration
aa9d793,1978,train
2421da3,1979,train
559b949,1980,train
d28faa7,1981,train
da8d8d2,1982,final_validation
41d05c2,1983,train
14ce186,1984,calibration
890b903,1985,calibration
c3ce525,1986,train
f723eae,1987,train
450420e,1988,final_validation
36bc88a,1989,selection
ca44137,1990,selection
bd5e3de,1991,train
986ea58,1992,train
54215a2,1993,selection
93206fe,1994,train
6502bc2,1995,final_validation
efc5b01,1996,train
08d9638,1997,train
af44cce,1998,train
0dcce8c,1999,final_validation
8be72fa,2000,selection
0dbd926,2001,train
fc3e730,2002,train
54f2887,2003,train
71a67d7,2004,train
83d6879,2005,selection
6a4ff38,2006,train
92daef9,2007,train
94be929,2008,selection
81826e1,2009,train
ffbd0b4,2010,train
a95ef0d,2011,train
13f1744,2012,train
88a1205,2013,train
2cde373,2014,selection
bc3f487,2015,selection
6beb899,2016,final_validation
2472175,2017,train
a248338,2018,calibration
e5c1049,2019,selection
1cb6294,2020,train
4a45fcd,2021,train
9cbb3ed,2022,train
074ba84,2023,train
8cc3b1e,2024,train
fa5bdee,2025,train
5dfd5db,2026,train
033aa4b,2027,train
ef67317,2028,train
b00bbd3,2029,calibration
528d63f,2030,train
d84f0d1,2031,train
1afbef5,2032,train
bb2dd28,2033,final_validation
d6bbc8c,2034,train
417a337,2035,train
43d915d,2036,train
44f4b61,2037,final_validation
e965607,2038,selection
5effe5e,2039,calibration
61e9465,2040,train
2404f31,2041,train
46c6e90,2042,train
2597102,2043,train
19d0d84,2044,train
129f0da,2045,train
032a3bf,2046,calibration
d300174,2047,train
42616c7,2048,calibration
fa60946,2049,train
12bbf33,2050,train
00f3984,2051,final_validation
7ea337f,2052,final_validation
2720b3c,2053,train
377afe7,2054,train
a411b28,2055,train
e930068,2056,final_validation
f92c697,2057,selection
b5a5183,2058,train
69df60a,2059,train
cf89e5a,2060,train
242cec4,2061,train
84f0f81,2062,calibration
ea16a1a,2063,train
e666cd6,2064,train
13846d3,2065,train
2cf2805,2066,calibration
c3967d2,2067,train
6603008,2068,selection
0123792,2069,final_validation
2f1110c,2070,train
341a9c9,2071,calibration
a469ac9,2072,selection
672c071,2073,train
724ec02,2074,train
3fd18bb,2075,selection
f88af91,2076,train
ce5391a,2077,train
e48448c,2078,calibration
6d7892f,2079,train
b03c95d,2080,train
2f0294a,2081,train
6318d10,2082,train
5829766,2083,train
a6888d9,2084,train
41e799c,2085,selection
874f274,2086,train
ff8882e,2087,train
0079f2a,2088,final_validation
59993ff,2089,train
165ec3d,2090,train
44a1d3c,2091,train
18bd3da,2092,selection
db14072,2093,train
8d20032,2094,train
6fbb921,2095,train
2956d34,2096,train
1833139,2097,train
2123c43,2098,train
7e3cc3a,2099,train
9e1c9be,2100,train
7a12686,2101,calibration
77f101a,2102,train
ff9bb09,2103,train
3021d47,2104,train
20744ab,2105,selection
22564a5,2106,train
bb1fd4d,2107,train
db966ad,2108,train
f520f61,2109,calibration
e163ad5,2110,train
24be491,2111,calibration
da478ea,2112,train
0854673,2113,train
ca830b6,2114,train
a5ada4d,2115,calibration
ef20b17,2116,train
e723c40,2117,selection
d4b08dd,2118,final_validation
9ec345f,2119,train
668e285,2120,selection
99f6a46,2121,train
6866c66,2122,selection
82c32c5,2123,train
5eea485,2124,train
2d4f2c1,2125,final_validation
52280f0,2126,train
b49dc5f,2127,train
b5cc81e,2128,train
955ddac,2129,train
537261d,2130,final_validation
f6a5e07,2131,train
d29e7b4,2132,calibration
aff76f4,2133,train
1900da1,2134,train
4f99bd9,2135,train
ab1dd33,2136,final_validation
195345f,2137,train
3e80746,2138,selection
4649f4f,2139,train
f3ef9dd,2140,train
5144819,2141,train
d68a7f7,2142,calibration
a61fb39,2143,selection
4c08e39,2144,train
57797cd,2145,train
eb0ff13,2146,train
a2b9bbb,2147,train
2254969,2148,train
0792205,2149,selection
6e42888,2150,train
053fa01,2151,train
28f0c5d,2152,calibration
74ec2b2,2153,train
7570efd,2154,final_validation
8dd9681,2155,train
46eb091,2156,train
73b7cf1,2157,train
9c1a9ab,2158,train
6abc1ea,2159,train
fba8915,2160,train
0d0b940,2161,train
8274d3b,2162,selection
728ed08,2163,final_validation
a0a89c2,2164,train
ff08987,2165,train
fd165b2,2166,selection
0a30626,2167,train
7f9f257,2168,final_validation
192755f,2169,selection
5668a5f,2170,train
0ba78ec,2171,train
04af4e1,2172,train
d2ce31c,2173,train
be02925,2174,train
7a65a07,2175,train
0804daa,2176,train
9dcac24,2177,train
571b844,2178,train
1575077,2179,calibration
596b93d,2180,train
a9ec2f7,2181,train
a70540c,2182,selection
8bd5589,2183,calibration
d56cdfa,2184,train
6191a13,2185,train
66bca8e,2186,train
e03038c,2187,train
026355a,2188,train
ed8f0ec,2189,selection
163e61d,2190,train
abb62a3,2191,train
df2cd7e,2192,train
31c0221,2193,final_validation
1e29434,2194,selection
add07c0,2195,train
283e586,2196,train
767cfeb,2197,train
6a52154,2198,train
c1b8377,2199,calibration
eefbdf2,2200,train
7a4ba63,2201,selection
110eebe,2202,train
d5e5fe8,2203,calibration
398e51b,2204,train
37f2d28,2205,train
77fe7b6,2206,train
9e5d535,2207,train
33313a8,2208,train
d5591f4,2209,train
4743935,2210,calibration
5efed92,2211,train
2593b36,2212,selection
20cdd57,2213,train
a8f9c65,2214,final_validation
8d3c254,2215,train
6dee91b,2216,train
6426f32,2217,train
a5c90b9,2218,train
e5a9937,2219,train
141f147,2220,calibration
7ee16a7,2221,train
bb33eb0,2222,selection
e381cf4,2223,final_validation
d4bda89,2224,train
eb82391,2225,train
db7fbc9,2226,calibration
1f65a7f,2227,train
9fe2c49,2228,train
39a6d61,2229,train
a4f89e4,2230,train
489ea07,2231,train
e386e14,2232,calibration
09c4d28,2233,train
bd220fc,2234,final_validation
b7f249d,2235,train
45fe812,2236,train
4183f2e,2237,train
a4a7cae,2238,train
cc12684,2239,final_validation
635eab5,2240,train
47fc3e1,2241,train
09ce958,2242,train
643ef90,2243,train
95abb1a,2244,selection
5a3698b,2245,final_validation
9431736,2246,final_validation
02c1ebd,2247,train
2c6bc1c,2248,final_validation
1effa08,2249,train
82a94a8,2250,final_validation
27c472a,2251,train
e288f20,2252,train
9a7bab7,2253,train
5baa53b,2254,train
6b49ba5,2255,train
10b9524,2256,train
b99b705,2257,train
551b327,2258,train
5286e2b,2259,final_validation
a0412dd,2260,train
b5a3a7b,2261,train
f64a78b,2262,selection
773b6f8,2263,train
a46f543,2264,calibration
cf741b4,2265,train
154607a,2266,calibration
0640912,2267,final_validation
7bfc758,2268,train
ade54fc,2269,final_validation
d64cc33,2270,train
c5345d9,2271,train
62880ae,2272,train
d8361b9,2273,train
1fbb311,2274,final_validation
8bdc6d6,2275,train
6dd6055,2276,train
8357eeb,2277,calibration
c5bd38a,2278,train
6828721,2279,train
684e155,2280,selection
0eca72b,2281,train
13dea5a,2282,final_validation
d0bbee3,2283,final_validation
c519dc1,2284,train
18560d1,2285,calibration
3b1a669,2286,train
74f8a54,2287,train
51f5a92,2288,train
3056c98,2289,train
4804ff2,2290,selection
c2a1f15,2291,selection
4a12dd2,2292,final_validation
0040e27,2293,train
5ff6c83,2294,calibration
044b201,2295,train
089aae3,2296,train
3a01df4,2297,calibration
c07bfe6,2298,train
ad62155,2299,train
87652b9,2300,train
54eb1cc,2301,selection
d96a3ea,2302,train
871b8f7,2303,train
148f1e2,2304,train
808e21c,2305,train
c1fbd89,2306,train
7b71e51,2307,selection
73ad80b,2308,train
ef95422,2309,train
66ff4b7,2310,train
cde0de4,2311,train
ce7d585,2312,selection
4145491,2313,train
991bb8e,2314,train
35580f9,2315,train
0bc43f3,2316,calibration
22ad0f0,2317,train
8188cea,2318,train
f97b5ee,2319,selection
40403c9,2320,selection
e962f04,2321,train
320f87a,2322,selection
54fd7fc,2323,train
ed3d24e,2324,train
1b9b518,2325,final_validation
3c5e13d,2326,calibration
f7c4b33,2327,train
caba4d4,2328,final_validation
346ef5b,2329,train
266b6fb,2330,train
41d63b7,2331,train
f949f3c,2332,calibration
ba60110,2333,final_validation
a4c252e,2334,train
5a57116,2335,calibration
f373c56,2336,selection
d4d5074,2337,train
6b10b3b,2338,train
dfac493,2339,final_validation
52b970d,2340,selection
c3cdc02,2341,train
fba7e12,2342,train
633e700,2343,train
c841116,2344,final_validation
937d720,2345,selection
8d8a93d,2346,train
cb1082b,2347,train
873636f,2348,train
d759791,2349,train
c22fea7,2350,selection
a22b36a,2351,selection
5d9d627,2352,train
ed767ef,2353,train
45da3a8,2354,train
5ae32d2,2355,final_validation
ceb1c5f,2356,train
8ab8d63,2357,calibration
5891bcf,2358,final_validation
8b69b1d,2359,final_validation
367b888,2360,train
e297193,2361,train
815397d,2362,train
82a9372,2363,train
4867bc2,2364,train
b2c56c9,2365,train
220280e,2366,train
569f6e7,2367,train
79a90a9,2368,train
f28233c,2369,train
a41ce12,2370,train
3494df9,2371,train
cbd105f,2372,calibration
81636c9,2373,train
3e4b55d,2374,calibration
caa6e26,2375,calibration
a06b9af,2376,train
7870511,2377,train
6be0f72,2378,train
c236426,2379,train
2e44715,2380,final_validation
5c3d868,2381,train
57d55a8,2382,train
79ff04e,2383,calibration
cc30810,2384,train
c111d3a,2385,train
1de153e,2386,train
79db7bd,2387,train
4611da2,2388,train
dc4b765,2389,selection
17f590a,2390,train
a64b3b8,2391,train
8048efc,2392,train
d1525ce,2393,train
d125d72,2394,train
53cd66e,2395,train
143fb6e,2396,train
34b8b55,2397,final_validation
bd04e2e,2398,train
bee8305,2399,selection
d19e4cc,2400,train
d61ed97,2401,train
4cfae34,2402,final_validation
f7414ec,2403,train
11bc37a,2404,train
aa03232,2405,final_validation
23020fe,2406,selection
de21737,2407,train
5e82aa2,2408,train
29a6e58,2409,train
9e3c014,2410,final_validation
de27b5d,2411,train
67ce637,2412,train
6e41e6f,2413,train
5a7d31b,2414,train
bb54676,2415,train
7fc6b23,2416,train
9ecd3e3,2417,train
52f78a2,2418,train
6237ce1,2419,train
8db3141,2420,train
20a8ce1,2421,train
e5cf186,2422,calibration
6759515,2423,calibration
8787e12,2424,train
e90d60c,2425,train
ff998c8,2426,train
5b437eb,2427,train
6936381,2428,train
1b3b613,2429,calibration
ad4d5c6,2430,train
a47a22c,2431,train
84e4ecf,2432,train
661f303,2433,selection
3e43f50,2434,train
047f2c6,2435,train
5b080e5,2436,train
5306280,2437,train
ab32abd,2438,train
63b8e3f,2439,selection
117597e,2440,train
e413e1a,2441,train
90643c9,2442,train
709e39a,2443,train
701924d,2444,calibration
12ff706,2445,train
a65e1f2,2446,train
835a789,2447,train
3978930,2448,train
a2a5042,2449,train
4205550,2450,train
da342ec,2451,train
1ced533,2452,train
b7248bb,2453,train
2c8f20b,2454,train
c6781db,2455,train
7be3d5f,2456,selection
3a1f04d,2457,train
20b3b91,2458,calibration
b1fc8c9,2459,train
6988e04,2460,train
fa1b185,2461,train
362a2d1,2462,final_validation
4e38bab,2463,final_validation
b2c2b7a,2464,calibration
a412148,2465,train
f983854,2466,train
c6c9bf9,2467,selection
d6831f6,2468,calibration
a2f9ade,2469,train
cd6586d,2470,train
5f65e48,2471,selection
678631b,2472,train
a620dab,2473,train
4f719e3,2474,final_validation
2bca925,2475,train
9ed9135,2476,train
1157fa5,2477,train
215bc41,2478,selection
7477a07,2479,train
a199d01,2480,final_validation
366c019,2481,train
78133cb,2482,train
b653a84,2483,selection
f778e50,2484,calibration
719c6f1,2485,train
1c84003,2486,train
d19c417,2487,train
0cb54b1,2488,train
90af7bd,2489,train
9587c8a,2490,selection
060694e,2491,train
eaacc19,2492,train
d3eae26,2493,train
4e197da,2494,calibration
53b7354,2495,train
da50a6d,2496,calibration
536462b,2497,train
9291bf4,2498,train
51e8942,2499,selection
67f1404,2500,train
22085d8,2501,train
8f589bb,2502,final_validation
e3f11a5,2503,train
bfc4eda,2504,train
2d04b73,2505,final_validation
acfb858,2506,train
577ff61,2507,train
f563941,2508,calibration
ce6c762,2509,final_validation
ef56699,2510,train
9468359,2511,calibration
33e2c15,2512,final_validation
62c323b,2513,train
9bf815a,2514,selection
310dca5,2515,train
2ec83d5,2516,selection
5d0602f,2517,train
dabd869,2518,final_validation
44eff2d,2519,train
5bf8a20,2520,train
978be22,2521,train
bfeda64,2522,calibration
82dcd90,2523,train
632de98,2524,train
a8a8f9e,2525,train
310b8bc,2526,train
15c487f,2527,train
e941b58,2528,train
d393d4b,2529,train
e56adc7,2530,selection
15ec4fa,2531,calibration
b1104f5,2532,train
31fffb2,2533,train
6f01026,2534,selection
a196efc,2535,train
a7d384e,2536,train
5143f3e,2537,train
9ecb756,2538,train
dc60914,2539,train
b3e96f4,2540,final_validation
2782b6f,2541,train
ece34cd,2542,calibration
7a94c66,2543,train
5cc564c,2544,calibration
5dfdf3a,2545,train
3c7a135,2546,train
d0be8dc,2547,train
2dc2c45,2548,final_validation
a4dd622,2549,train
cae7a1a,2550,train
9b6a4d6,2551,train
a347f11,2552,train
4aa9f4e,2553,train
7e5452d,2554,calibration
5ef7420,2555,calibration
516aee9,2556,train
3e79213,2557,train
a2cce9b,2558,train
99036bf,2559,train
481d724,2560,train
e5865e9,2561,calibration
3ef0ccb,2562,selection
1a3f98d,2563,train
49b9771,2564,train
e028b12,2565,train
a9b6b73,2566,selection
3154945,2567,train
f40b5d8,2568,train
0962f2b,2569,calibration
2b89aad,2570,selection
746e361,2571,train
c8cbdb6,2572,train
26f510e,2573,calibration
562a5b2,2574,train
de93f41,2575,train
a82d3dc,2576,final_validation
f08a63c,2577,final_validation
1fea416,2578,selection
d9c42c4,2579,train
91ed47e,2580,train
7f87a21,2581,selection
197f299,2582,train
4e5e23c,2583,train
4afb85e,2584,train
adde2f0,2585,train
2ca50cd,2586,final_validation
246057b,2587,train
fe55509,2588,train
26c90a0,2589,final_validation
27d8978,2590,selection
6e3bc7a,2591,train
a18c42c,2592,train
1398913,2593,train
a3aa340,2594,train
b16f679,2595,train
130935b,2596,train
1b0d4bd,2597,selection
cdabeb5,2598,train
140846f,2599,train
e6f8532,2600,train
279e329,2601,train
791322a,2602,train
527009f,2603,train
04d3f9c,2604,train
da5a938,2605,train
8641cda,2606,train
08ab023,2607,train
0b8588b,2608,train
81d2ec4,2609,train
c6c4bd8,2610,train
59cec78,2611,train
a84d1dc,2612,train
d86032f,2613,final_validation
e11ee45,2614,train
84548c2,2615,train
b47da44,2616,train
6ac4c2a,2617,selection
3a99159,2618,calibration
1d1227a,2619,selection
a9e6fc3,2620,train
4735bbe,2621,selection
0033bf4,2622,train
7fad7ea,2623,selection
4d361cf,2624,train
1f535d8,2625,final_validation
637b998,2626,train
9409a54,2627,train
ecafa7f,2628,train
38d8f6c,2629,train
68b8475,2630,train
7f21cc4,2631,train
3654052,2632,final_validation
02f131c,2633,train
0c34cc0,2634,train
e41c360,2635,train
911c11b,2636,train
2e8cee4,2637,train
df0746c,2638,train
0429d4a,2639,calibration
78a2c82,2640,train
2be5e7f,2641,train
5c00e80,2642,train
ae0e9f6,2643,train
bf00ad9,2644,train
430d70e,2645,final_validation
b766957,2646,train
a9502ae,2647,calibration
051429c,2648,train
4d5dd3b,2649,train
f3e7589,2650,calibration
852ed3c,2651,train
5d86e9b,2652,calibration
2cd8edd,2653,selection
f1547e9,2654,train
2ed047c,2655,train
adbad2a,2656,selection
732c234,2657,train
67990fd,2658,train
e224edd,2659,train
a87243c,2660,final_validation
0eb0013,2661,train
c1a0bd9,2662,train
144a332,2663,train
a875d6a,2664,train
6f05de3,2665,train
864d7af,2666,train
0b9d88d,2667,train
673ec30,2668,train
7e6545b,2669,calibration
0c66cb3,2670,final_validation
72d3939,2671,train
05bcd1b,2672,train
90ab0d6,2673,train
54d39cc,2674,train
ab65c05,2675,train
3aedf9d,2676,train
5fbd3bf,2677,final_validation
a5254a8,2678,final_validation
b9d2d22,2679,selection
ca5deab,2680,train
304734e,2681,selection
4991728,2682,final_validation
e6d3293,2683,selection
d11cfd4,2684,train
1bb47b4,2685,final_validation
9517e45,2686,train
5398e83,2687,train
20fe8b8,2688,train
f61869e,2689,train
224e7d7,2690,train
82c3a96,2691,train
db698da,2692,final_validation
f8efea4,2693,train
21b56d3,2694,train
f70824b,2695,train
e941ff8,2696,train
d978161,2697,train
f73964f,2698,train
e43638a,2699,train
027a1f9,2700,train
9c11243,2701,train
046d467,2702,train
18834d3,2703,train
00da297,2704,train
faed228,2705,train
02cd88d,2706,train
821cbea,2707,train
7082c02,2708,train
fb7c7a9,2709,train
58f1cae,2710,train
4d2fe46,2711,selection
a090ddf,2712,selection
f542473,2713,train
63d44e3,2714,train
13917a4,2715,train
14b54d0,2716,calibration
d20bd7a,2717,train
b0e8c53,2718,train
fb9fd40,2719,final_validation
25cb93b,2720,train
51975ae,2721,train
e27d6ff,2722,train
5206f07,2723,train
dc5d479,2724,train
98ea16a,2725,train
92101ff,2726,train
42e2c21,2727,train
1924ce2,2728,calibration
5547307,2729,final_validation
2efa049,2730,train
95d58df,2731,train
c6c6853,2732,final_validation
31c5595,2733,train
ef6aca8,2734,train
e068a9b,2735,train
cff1391,2736,train
a4f476e,2737,calibration
30d6bfe,2738,train
e987a81,2739,train
68427ee,2740,train
d29cf7f,2741,train
6862c30,2742,final_validation
822ec7e,2743,final_validation
8cade18,2744,calibration
4687b25,2745,final_validation
92cf776,2746,train
76648c5,2747,train
44c4dea,2748,train
ccacd9a,2749,train
f49f29e,2750,train
cdf420a,2751,final_validation
80e8016,2752,train
3328793,2753,train
fd851aa,2754,train
7596c98,2755,train
3c603b2,2756,selection
3a4e8d9,2757,train
6546491,2758,train
9802c6e,2759,calibration
6e46ca3,2760,train
f8e6cf7,2761,train
52af483,2762,calibration
42ff84e,2763,train
d0da668,2764,selection
ad4257d,2765,train
2c9e6a6,2766,train
7dd795f,2767,train
878db26,2768,train
85197aa,2769,train
a81eb53,2770,train
98245fe,2771,train
3d6c4db,2772,selection
2a14518,2773,train
141f967,2774,calibration
8bfc1f0,2775,train
28de37d,2776,selection
0030e86,2777,train
54255da,2778,train
1b1d926,2779,train
71077d8,2780,train
d37a1d4,2781,train
bec7613,2782,train
3779f66,2783,train
d3da047,2784,train
668e9d1,2785,train
f73175b,2786,train
9d7fb51,2787,train
5b0850d,2788,final_validation
b330def,2789,train
5e48746,2790,train
f5861a4,2791,train
393fc11,2792,train
7cfa897,2793,selection
ca340eb,2794,train
4a7605d,2795,train
bd83954,2796,train
a092f5e,2797,calibration
8d682cd,2798,train
5c7e6f9,2799,selection
7119d0f,2800,train
68c21d6,2801,train
d493980,2802,selection
971445d,2803,train
5622b3a,2804,calibration
c841d22,2805,calibration
5ccfab5,2806,train
1c9cce1,2807,selection
f6299c6,2808,train
117a386,2809,train
c0c3bef,2810,train
789a96e,2811,selection
7456322,2812,train
1eccede,2813,final_validation
26513d2,2814,calibration
7f37c85,2815,train
af5cb4d,2816,calibration
78ed400,2817,train
4795d3e,2818,train
b6b4127,2819,final_validation
246b556,2820,train
0e00dde,2821,train
e51f18f,2822,train
36dd8e8,2823,final_validation
42a21d9,2824,train
93580a8,2825,train
458a3e4,2826,calibration
7dab4be,2827,train
f43c475,2828,train
204aeb7,2829,selection
f321edd,2830,train
8bbadfe,2831,train
3bb8ecb,2832,train
497b7e7,2833,final_validation
a111d6c,2834,train
ad4e3d6,2835,train
bc5bf52,2836,train
b5d5592,2837,train
da8c829,2838,train
feba238,2839,train
7459fff,2840,train
7bf3cb1,2841,train
5d5f23d,2842,train
9eea4e6,2843,train
3bef3a5,2844,final_validation
48b90fe,2845,train
77c71c3,2846,train
2ec8ca9,2847,train
c624421,2848,train
04e1177,2849,train
13b533b,2850,calibration
e698739,2851,train
3c2c83a,2852,train
0767c85,2853,train
c1c3dc4,2854,train
778b1c3,2855,train
7d4b44d,2856,train
a1a03f4,2857,train
f518c1a,2858,train
997679c,2859,train
243124b,2860,train
2444c8a,2861,train
c547463,2862,train
4301d19,2863,train
f137caa,2864,train
a45d6d9,2865,train
50a970f,2866,train
9d25095,2867,train
099fc28,2868,selection
0ac8051,2869,selection
a95ab46,2870,train
a698a32,2871,train
9898612,2872,train
1498b6e,2873,train
1b2bd26,2874,selection
58ce9cc,2875,final_validation
cff14e2,2876,train
c396ded,2877,train
9a958aa,2878,final_validation
321758b,2879,train
a81dab5,2880,train
c825e74,2881,train
23e63ae,2882,train
ea14ad6,2883,train
c870af2,2884,train
fc68dd9,2885,train
e1b8583,2886,selection
b116271,2887,train
6e79fe9,2888,train
dd43d5b,2889,train
211d058,2890,train
c9feb22,2891,train
08b8798,2892,calibration
5efebdb,2893,final_validation
fa6b1b2,2894,train
a5d543d,2895,final_validation
320475b,2896,train
8a2b6fe,2897,train
834163b,2898,train
e9d46e3,2899,train
4eed718,2900,train
409efc0,2901,train
3bea149,2902,train
c45e3c0,2903,train
06a9fdf,2904,train
2e922a8,2905,train
af8c1c9,2906,train
af2a216,2907,train
28382e5,2908,train
6972b2f,2909,final_validation
7363097,2910,train
ed3db62,2911,final_validation
5225bf0,2912,train
ea84dea,2913,train
c3b868c,2914,train
77b828a,2915,train
761334f,2916,selection
00bee4c,2917,calibration
4b346ce,2918,train
7006ed1,2919,train
8d98a49,2920,train
1085852,2921,selection
6b81b9d,2922,train
d0e706d,2923,train
23bc2c4,2924,train
8101828,2925,train
b78887e,2926,train
392b094,2927,train
8b0c0ce,2928,train
e47a407,2929,train
1f3ac05,2930,train
b2bef39,2931,train
f39431c,2932,train
8004817,2933,train
7cd2bae,2934,train
77c9d3f,2935,train
3785422,2936,train
cd03571,2937,train
01ae85f,2938,selection
bddecb4,2939,train
648f50e,2940,train
98569e1,2941,train
8bb5e74,2942,train
ee9a6d2,2943,train
1a05aeb,2944,final_validation
3623b07,2945,train
590d353,2946,train
5ed55fb,2947,train
78ed392,2948,calibration
cfa680e,2949,train
744cdf9,2950,train
6b08f37,2951,train
7d2ffee,2952,train
86a61e8,2953,final_validation
a47e10e,2954,final_validation
17d277f,2955,train
55c94b9,2956,train
6e54de4,2957,selection
672b3fe,2958,selection
5e27ec0,2959,final_validation
947e919,2960,selection
e7ae41e,2961,final_validation
af057d8,2962,train
bb2243a,2963,final_validation
5430e30,2964,train
3c2b8aa,2965,train
369b6c2,2966,calibration
9106d85,2967,train
d71e96b,2968,calibration
82ff441,2969,train
4c6fd57,2970,selection
44a3cae,2971,final_validation
b254e4e,2972,train
76268de,2973,train
4d2c117,2974,train
91c6024,2975,train
70b3ce0,2976,selection
0b095ea,2977,train
9c8d646,2978,train
a704ae6,2979,train
55c1225,2980,train
cd08ad7,2981,final_validation
db2e65a,2982,calibration
eba1dfa,2983,train
a5f3eba,2984,train
8a5aed7,2985,train
638b1ef,2986,train
c2962e6,2987,train
8f99561,2988,train
b653f5c,2989,selection
7148bb6,2990,train
b996081,2991,train
7fa2c6b,2992,train
50b9edc,2993,train
c74afc4,2994,final_validation
90a8004,2995,train
a0154df,2996,train
9b523f3,2997,train
a1d96a1,2998,train
85b5320,2999,train
9914633,3000,train
6e29e23,3001,train
a7e1ea2,3002,train
cad1883,3003,train
6e46eb2,3004,selection
ab0d3ab,3005,train
c0ee4fa,3006,train
c2d42a7,3007,train
42672b1,3008,calibration
58edf73,3009,train
aab8548,3010,train
cd44a5a,3011,train
5b6c75f,3012,final_validation
25e76b0,3013,train
c3974d3,3014,train
6139fd7,3015,train
64ece45,3016,final_validation
2c5df89,3017,train
289c956,3018,calibration
f546cf5,3019,train
41d957f,3020,train
5b078b2,3021,train
ca72f67,3022,selection
b75e1ba,3023,train
ecda55c,3024,train
e9269d6,3025,train
eefdc66,3026,train
7c24696,3027,selection
135eb15,3028,train
02a059f,3029,selection
60d538c,3030,train
409951c,3031,train
df5d488,3032,calibration
06a9e1d,3033,selection
309bd04,3034,train
dfbaca5,3035,final_validation
7adcf3e,3036,selection
8927e9d,3037,train
cc1d174,3038,train
e92a980,3039,final_validation
acc0f5b,3040,calibration
e88653e,3041,train
47e73e8,3042,train
b51cad7,3043,train
8f57187,3044,train
bdc77e4,3045,final_validation
595ebd3,3046,train
2aaa8cf,3047,train
ac94c8d,3048,calibration
8d8ac7f,3049,train
127dd08,3050,selection
1798e69,3051,calibration
cffa6fb,3052,train
cf8d30d,3053,train
205075e,3054,train
28de5fe,3055,train
e2d253c,3056,train
ec8212f,3057,train
cc28ac9,3058,train
f74b158,3059,calibration
b9a006f,3060,train
05fa0f0,3061,train
9b815d8,3062,train
7895e92,3063,calibration
fae3236,3064,selection
890d02c,3065,train
fd6e5a7,3066,train
857aa7c,3067,calibration
57e1bf2,3068,train
ff88e0d,3069,train
7815231,3070,selection
cad0481,3071,train
a25d09e,3072,train
160e4fd,3073,calibration
b9f35b8,3074,selection
4e27e9c,3075,selection
ee6126b,3076,train
a987cd3,3077,train
fcddb16,3078,selection
6313ae6,3079,selection
2a7dcac,3080,selection
7c4e31f,3081,train
dd226a9,3082,train
04d13e6,3083,calibration
b8c4484,3084,train
d9936bc,3085,train
0232fa2,3086,calibration
83b61bd,3087,final_validation
f1c81a1,3088,train
4b77414,3089,train
9a8599f,3090,calibration
688fdbb,3091,train
cae51a8,3092,train
01bb061,3093,train
eafd71b,3094,train
a1a8e7b,3095,train
71ec6c2,3096,train
1845963,3097,final_validation
c41bf97,3098,final_validation
e50ee0f,3099,selection
6fc833f,3100,train
d0bb1cc,3101,train
ca26a6a,3102,train
c338f9c,3103,calibration
c2a3c50,3104,train
0e289bb,3105,train
41bd378,3106,calibration
4681db6,3107,train
3d74cf4,3108,train
73c8e82,3109,final_validation
6efab09,3110,train
afd6035,3111,train
ec10c42,3112,train
210fff5,3113,selection
ba2fb55,3114,train
151a470,3115,train
20e88fd,3116,train
23ee95d,3117,train
64ee98f,3118,train
1781f4e,3119,train
b763219,3120,calibration
9ba7436,3121,train
cf64f64,3122,train
d1d95ea,3123,train
5fe4eeb,3124,train
c13993d,3125,train
0760ba5,3126,train
c11476d,3127,train
aef34f4,3128,train
36e31bf,3129,train
3888966,3130,selection
2e2e458,3131,train
f527045,3132,train
85f8a7e,3133,train
bd18a8b,3134,train
6747056,3135,train
0e54b40,3136,train
fd8019a,3137,calibration
da9e82a,3138,train
3393759,3139,train
3a0a581,3140,train
f2aaa45,3141,calibration
69715eb,3142,train
0dcf2f6,3143,train
4613f8f,3144,calibration
6cc752a,3145,selection
b72a081,3146,train
32a0d6e,3147,selection
d2d7ffb,3148,train
4f6d629,3149,train
efe002a,3150,train
d617314,3151,selection
52a9b4f,3152,train
38b93a3,3153,calibration
72d135f,3154,train
71e74d8,3155,train
a1c0187,3156,train
0d5876f,3157,selection
dbf7e1e,3158,train
6978f8c,3159,train
3adfa2e,3160,selection
dbbc08b,3161,selection
5e47d03,3162,train
c208b00,3163,calibration
c1f0eab,3164,train
b333fa7,3165,train
9b0dbc0,3166,selection
be34efd,3167,selection
a69a7e8,3168,final_validation
69084e9,3169,train
10787dc,3170,train
fdfee4a,3171,final_validation
7bce53f,3172,selection
565414d,3173,calibration
706a54e,3174,train
e0eb3ac,3175,train
0c82120,3176,final_validation
89155ea,3177,selection
ca12d21,3178,selection
b94c2b6,3179,train
2ded98d,3180,final_validation
c107670,3181,train
b3734f1,3182,calibration
660cbde,3183,train
83c22e9,3184,train
648593b,3185,train
40ab3ee,3186,train
3a275eb,3187,train
77bed99,3188,train
e092b77,3189,final_validation
9f244ee,3190,train
57d9535,3191,train
5e08943,3192,train
0f393ae,3193,train
b4c0303,3194,train
0ada1e2,3195,train
6fa61fd,3196,selection
c1fb803,3197,train
cea013b,3198,train
adb6a5a,3199,train
f2faede,3200,train
29273d7,3201,train
20b7318,3202,train
342724a,3203,train
d35b054,3204,selection
de897ca,3205,calibration
668e16e,3206,train
a8cf68c,3207,train
f6929a1,3208,train
76afaf5,3209,train
4373c2c,3210,final_validation
c85ac45,3211,train
3f1888d,3212,train
7c7715f,3213,train
0f93a88,3214,calibration
d5e312e,3215,train
49fc55b,3216,train
bc1be26,3217,train
92a1ebc,3218,calibration
2eef8db,3219,train
f260d4e,3220,train
4f11a26,3221,train
fc5bc76,3222,final_validation
d013dc7,3223,train
d138a75,3224,train
cedeccc,3225,calibration
9375fe0,3226,train
cd644de,3227,train
a3ad983,3228,train
bcde80b,3229,train
9c637a9,3230,final_validation
b6a5a2a,3231,train
9e6c4ac,3232,train
213b477,3233,final_validation
980a15b,3234,train
ead0533,3235,calibration
41bb18f,3236,train
ebce6a4,3237,train
519100a,3238,train
3684d35,3239,selection
b5365be,3240,train
047a377,3241,train
1b3b11e,3242,train
bc078a4,3243,selection
47626ae,3244,train
9b11f52,3245,train
be496ae,3246,train
1eb708e,3247,train
9953c19,3248,train
f43f81c,3249,final_validation
0065bd6,3250,train
77d9cb5,3251,train
98bb413,3252,train
2ea704f,3253,calibration
5be2475,3254,final_validation
1b5c960,3255,train
9e7f5bd,3256,final_validation
dee7e18,3257,train
b10a002,3258,final_validation
b2f1196,3259,train
ac919b8,3260,train
8831d7a,3261,train
30be42a,3262,train
44f2536,3263,train
774757d,3264,train
046e84a,3265,train
e1e06f9,3266,train
75e727b,3267,train
a7ba001,3268,train
78ae718,3269,selection
8c7090b,3270,train
331e7e8,3271,train
8b47ec8,3272,selection
5e99300,3273,train
f932e4c,3274,train
61a52de,3275,final_validation
66ca8f3,3276,train
e0a82f7,3277,train
a9ae33c,3278,train
f487f7b,3279,train
ca094a9,3280,calibration
858fb4a,3281,train
d3b4032,3282,selection
6d94442,3283,selection
b5c8650,3284,selection
de1769c,3285,selection
868ba1d,3286,train
443d4cc,3287,selection
2af44aa,3288,train
06743f8,3289,train
dc10eb8,3290,train
bd1ac91,3291,final_validation
58a3037,3292,train
78f0cbd,3293,selection
735f77f,3294,final_validation
0ad4908,3295,train
2b6bf6c,3296,train
b701593,3297,train
f016ca9,3298,train
498a10e,3299,train
c46ad0d,3300,selection
3af84f4,3301,train
896afa6,3302,train
984fbbb,3303,calibration
62729e1,3304,train
84a35db,3305,train
922f29a,3306,calibration
e9ed658,3307,train
75abb10,3308,train
61fe513,3309,train
7ca5e5f,3310,final_validation
79c21a0,3311,train
b247721,3312,train
d62d027,3313,final_validation
335fd9b,3314,calibration
b7f8862,3315,train
1fac7bc,3316,selection
7cdf8b2,3317,train
4f5b050,3318,train
7587078,3319,train
d76d97f,3320,train
dc8e9f9,3321,train
5278bcd,3322,train
bf76087,3323,final_validation
74dfb32,3324,final_validation
06ef6d4,3325,train
9cff5ed,3326,train
4d48ec6,3327,train
f16ceb2,3328,train
08f129d,3329,calibration
0ff64dd,3330,train
e85205c,3331,train
9a84d5f,3332,train
434b035,3333,train
25588ad,3334,final_validation
7d1da31,3335,calibration
601c703,3336,calibration
9c91080,3337,train
8b1c3fc,3338,train
f084460,3339,train
b25a820,3340,train
66b8eaa,3341,train
e0e7925,3342,train
ef679e3,3343,calibration
50ecce9,3344,train
f30f924,3345,final_validation
6d5dadc,3346,train
db18689,3347,train
a51404d,3348,calibration
edae929,3349,final_validation
ec9a0b2,3350,train
b9d2914,3351,train
670483d,3352,train
b1d2f95,3353,selection
62720f4,3354,train
d22af96,3355,train
c2dc1f0,3356,train
b6f3190,3357,train
7d860aa,3358,train
43b4de2,3359,final_validation
d798cd9,3360,train
975d6bc,3361,calibration
4a406d9,3362,train
5e08e98,3363,train
de1fddb,3364,train
19e8bd3,3365,calibration
f17679c,3366,train
e354650,3367,train
07d1a3b,3368,train
777c76a,3369,train
5ef2247,3370,train
b4070da,3371,train
61f29a7,3372,train
13f9359,3373,train
2d9b9c4,3374,train
a9c51ed,3375,train
fce105d,3376,final_validation
3594209,3377,train
f9e4d16,3378,calibration
5c371c1,3379,calibration
dacfa3e,3380,train
b6b3010,3381,train
6432cad,3382,train
7715f1d,3383,train
869288e,3384,calibration
399c926,3385,train
8ad36ea,3386,train
75f4205,3387,train
b9dce72,3388,final_validation
64afb15,3389,calibration
7fa4d7b,3390,train
9bd955d,3391,final_validation
bd79de4,3392,train
3dd0ee7,3393,train
7c11660,3394,calibration
8951a7f,3395,train
a5e7068,3396,train
ad31adf,3397,train
01a0d33,3398,train
e2202d5,3399,train
cffc8aa,3400,train
0f91158,3401,train
d36602f,3402,train
fb114d1,3403,final_validation
36a8309,3404,train
82f4346,3405,train
eb7bbaa,3406,train
1111bf7,3407,train
0fab210,3408,selection
54504f2,3409,train
bcbbc36,3410,train
c6beb17,3411,train
1ed10fe,3412,calibration
b946dc0,3413,train
59b6075,3414,train
429eccc,3415,train
0b88519,3416,train
c1efcae,3417,train
13e7ace,3418,train
18f8ef2,3419,train
2c70d54,3420,selection
1f252fe,3421,calibration
dd83c62,3422,train
68c37d4,3423,train
b2fa3a3,3424,train
88b0a4f,3425,train
3cabc05,3426,train
613a17f,3427,final_validation
2b41246,3428,train
bdbc14e,3429,train
cc8319c,3430,train
200ea48,3431,train
d72abd4,3432,final_validation
6f8353a,3433,final_validation
918d6f4,3434,calibration
721e694,3435,train
474e939,3436,train
c94b689,3437,train
e76e2af,3438,train
6cc5bef,3439,train
8228980,3440,selection
2174bd5,3441,calibration
c3a8a5f,3442,calibration
45c5fbe,3443,calibration
f721caf,3444,train
543cd49,3445,selection
c61e4cf,3446,calibration
6b9e3c2,3447,train
fa87d4a,3448,train
9443400,3449,train
141c149,3450,final_validation
8fc8898,3451,calibration
1594f2b,3452,calibration
80998b6,3453,selection
7060c69,3454,final_validation
aa4f2ff,3455,train
bb8683b,3456,train
b45e550,3457,selection
ef3ba7e,3458,train
5c54427,3459,train
6565e3b,3460,calibration
5b0af71,3461,train
26e68ea,3462,train
0a54018,3463,train
4c86695,3464,train
49f2f88,3465,final_validation
09a7f87,3466,selection
118557a,3467,train
24701c6,3468,final_validation
73fece8,3469,train
8779507,3470,train
eb828b6,3471,train
719e49f,3472,train
89d63b7,3473,calibration
08296be,3474,calibration
9ecc83f,3475,train
c28a03e,3476,calibration
1ca4609,3477,train
c58321c,3478,train
17c5f94,3479,train
827ffc5,3480,final_validation
13a7cb9,3481,selection
0a35ec7,3482,train
be5d252,3483,final_validation
9ff1dec,3484,train
ae2834e,3485,train
cac714f,3486,selection
6b5807d,3487,calibration
a4f63d6,3488,train
bea04ac,3489,calibration
3989a43,3490,calibration
33cb44b,3491,train
00d027f,3492,train
658794c,3493,train
ccaa072,3494,train
dde6f61,3495,train
e250c3b,3496,train
7d7dd16,3497,train
34622c1,3498,train
e989f07,3499,train
1193d27,3500,train
2fd5695,3501,selection
e27d629,3502,calibration
5c0e7d0,3503,train
59c1a55,3504,selection
2116512,3505,train
ce9e198,3506,train
6498348,3507,train
9e091e4,3508,train
4d6bbea,3509,train
16ead3d,3510,train
035a4d2,3511,train
35190a9,3512,train
3651ff6,3513,train
663a45e,3514,final_validation
c486ab6,3515,train
793c4ff,3516,train
9f6d017,3517,train
ae4bf83,3518,train
9faa0a4,3519,calibration
faf55f3,3520,train
8ad6fdb,3521,selection
adb7b2b,3522,train
8b5367f,3523,train
6e33b3a,3524,train
322025b,3525,train
0318358,3526,final_validation
fef2540,3527,train
edbe3d7,3528,train
ec1381c,3529,train
fd00c18,3530,final_validation
6aeffd6,3531,train
3342947,3532,selection
7f04a47,3533,train
a9b8802,3534,train
7dad651,3535,train
834c55a,3536,train
795d85a,3537,train
1f94329,3538,train
0ebb30a,3539,train
0502b23,3540,train
10d1d31,3541,train
a7dd51f,3542,train
68b12db,3543,train
91ddfbb,3544,selection
c11c0f6,3545,train
4c6248a,3546,train
49080ed,3547,train
b3491a6,3548,train
f4ab62f,3549,train
e83337e,3550,train
d3f995f,3551,train
3abfed1,3552,final_validation
6ed1320,3553,final_validation
53b7652,3554,train
70a621a,3555,calibration
01a53e1,3556,train
e5efc6c,3557,train
9a638cb,3558,final_validation
b6c2cb5,3559,train
1b45c61,3560,train
25b8754,3561,final_validation
cfa72bf,3562,train
3355650,3563,train
f0beb1f,3564,train
ca8d53f,3565,train
704009b,3566,train
b006918,3567,train
7338a0f,3568,train
cea84d3,3569,train
5b27764,3570,train
4ad7a7d,3571,train
1412e31,3572,train
9082c97,3573,final_validation
9aa7059,3574,train
89666d9,3575,final_validation
85fbd81,3576,selection
e05bf58,3577,train
b0cfdcf,3578,train
eef9cfb,3579,train
d17e95c,3580,train
57fcfea,3581,calibration
d211ba8,3582,train
a9fbd0a,3583,train
ca2218d,3584,train
a6aac56,3585,train
f1a14d4,3586,selection
1d74982,3587,train
79ff0f8,3588,train
4d44646,3589,train
8f24354,3590,train
05e1eae,3591,train
677371d,3592,selection
d24f674,3593,final_validation
f8d19cf,3594,train
3d186cc,3595,calibration
774fcce,3596,train
7524971,3597,train
fa7c1f8,3598,train
b77c339,3599,train
8826760,3600,final_validation
2348e16,3601,train
5c3d2e8,3602,train
5a2a58f,3603,train
07f4106,3604,train
ec8c280,3605,train
c03d757,3606,final_validation
972cdff,3607,train
ed0f076,3608,train
705d0a0,3609,train
89fac32,3610,train
453ecf1,3611,train
807917d,3612,train
7a24b91,3613,train
309eb02,3614,selection
4f5103a,3615,selection
11bdb65,3616,train
bc21d5d,3617,train
46b483f,3618,train
78e8b03,3619,train
77f3342,3620,train
05cb18a,3621,train
4923deb,3622,train
d31123b,3623,train
eafc7f2,3624,train
188dc58,3625,selection
a8da8f4,3626,selection
97b1b67,3627,train
29a6a6b,3628,train
4dafc9e,3629,train
8d67ce2,3630,train
66a8d72,3631,train
1509b39,3632,train
f0c559c,3633,train
2be098e,3634,train
35f9eda,3635,train
5de4838,3636,selection
6bf0065,3637,train
635537a,3638,train
66d946a,3639,train
df1e4f2,3640,train
8e9493f,3641,train
56ead59,3642,train
7ab004a,3643,calibration
4ce9b89,3644,selection
4215a86,3645,train
6d3d481,3646,calibration
31b203a,3647,train
d15e743,3648,train
31fe4d7,3649,train
f14d681,3650,selection
b3d4cd0,3651,train
0ea0f0d,3652,train
829dcfb,3653,train
97fc71d,3654,train
fdeac71,3655,train
5f53317,3656,train
a255252,3657,final_validation
a1439be,3658,train
f06c330,3659,train
20f1f55,3660,train
487d3f8,3661,calibration
e57467e,3662,train
c783ce5,3663,train
186845e,3664,final_validation
18acc14,3665,train
6e2aa67,3666,train
783d431,3667,final_validation
23f2def,3668,train
b08b18e,3669,train
ff2c0ba,3670,train
53c32da,3671,train
9991cf0,3672,train
a32a4c1,3673,train
e265aa8,3674,train
a82d5e7,3675,train
818e2c1,3676,final_validation
ca164e9,3677,train
1423619,3678,train
72b76b5,3679,train
16ea9a9,3680,selection
53b8c98,3681,train
e036b6a,3682,train
79de37d,3683,selection
e91beca,3684,train
da53428,3685,train
ece2415,3686,final_validation
ec2cc36,3687,final_validation
341cf30,3688,train
1f7cf56,3689,train
768dd33,3690,train
1792c42,3691,train
fafaa91,3692,train
9d104b5,3693,train
d0ea34d,3694,selection
483511a,3695,final_validation
887d39d,3696,train
fd4a469,3697,final_validation
bbcf9b5,3698,final_validation
13aa520,3699,final_validation
70a17a9,3700,train
6fe9ea7,3701,train
8d3822e,3702,train
ac7467b,3703,train
f3e38db,3704,train
d825770,3705,train
8dbbb38,3706,train
d192fed,3707,final_validation
286282f,3708,train
6093fe0,3709,train
ac611e6,3710,calibration
1429ab3,3711,train
6a30d2a,3712,selection
79f7075,3713,train
c75f7b4,3714,train
af4b7f5,3715,train
7bf7800,3716,train
2c0db08,3717,train
b31ef08,3718,train
c7fa2e7,3719,train
f7da238,3720,final_validation
9d5d994,3721,train
18397b4,3722,train
5587aec,3723,train
3532621,3724,train
4bde983,3725,final_validation
19b293c,3726,train
878c1f5,3727,selection
3671cdd,3728,calibration
250a6cf,3729,final_validation
7d62b53,3730,train
f36a9eb,3731,calibration
e40eaea,3732,calibration
410ccee,3733,selection
1c84510,3734,train
30f0911,3735,train
1bf0096,3736,selection
19819e9,3737,final_validation
31a4f01,3738,train
f6f4429,3739,train
4a03b92,3740,calibration
ef42b06,3741,train
55fa29c,3742,calibration
e4cde6a,3743,train
77b1295,3744,train
4b131e2,3745,train
b033285,3746,train
6c4019a,3747,train
1763449,3748,train
be4c667,3749,train
722827a,3750,train
6c96e47,3751,train
3e2ab80,3752,train
0595f5d,3753,train
d3cc1d2,3754,train
b137988,3755,train
325ec31,3756,final_validation
a5e1346,3757,selection
6988509,3758,train
b575740,3759,train
8a9effe,3760,calibration
80a808b,3761,selection
cf8b2df,3762,train
cd1bcfa,3763,selection
1d50ef4,3764,train
f374aad,3765,train
f6e5cd0,3766,train
2cccea4,3767,train
3e4589a,3768,train
161797f,3769,final_validation
b5ffb8f,3770,train
e16f93c,3771,calibration
f2b2280,3772,final_validation
36ff4b3,3773,train
093da21,3774,train
2f4bcb2,3775,selection
afe12bb,3776,final_validation
03f8d0e,3777,train
f1a7395,3778,train
8cfbbc9,3779,train
5992b7b,3780,train
6e1111f,3781,train
c26de91,3782,train
c85a60e,3783,train
43baa23,3784,train
596bc3d,3785,selection
23d7e8f,3786,train
963aa9d,3787,train
ccc1098,3788,train
761c4ae,3789,calibration
19a2117,3790,train
a7cc31c,3791,train
d020bab,3792,train
eefd389,3793,train
8cd665c,3794,final_validation
dddc521,3795,train
c559d42,3796,train
22f1552,3797,train
afe48e0,3798,train
7546cf9,3799,train
ec228d8,3800,train
efc14af,3801,train
cb2b378,3802,train
a8d5765,3803,calibration
7ca7bfa,3804,calibration
c36c3b8,3805,calibration
c83262d,3806,calibration
05ff7b3,3807,calibration
0c6cdfe,3808,train
84f61b7,3809,train
6c73910,3810,final_validation
ebd0e73,3811,train
c0dff67,3812,selection
874082c,3813,selection
9a0a834,3814,train
417ecc3,3815,train
f265ba4,3816,train
340e8e8,3817,selection
a7bde28,3818,train
37b999d,3819,train
74706c5,3820,train
c90a358,3821,train
038fd62,3822,train
000d118,3823,selection
c48368f,3824,train
acfd6bb,3825,selection
c39cdcc,3826,calibration
9940cc1,3827,train
44e4879,3828,train
d751233,3829,final_validation
84c3380,3830,calibration
c85920b,3831,train
a188416,3832,train
a3d4bfd,3833,train
0f50ec4,3834,train
652479e,3835,train
7cd65d1,3836,calibration
3e1b6ab,3837,calibration
c241e20,3838,calibration
d2b9b8d,3839,train
25e7fcb,3840,train
130c73a,3841,final_validation
50d9fe2,3842,train
0e54efc,3843,train
6ed964d,3844,selection
c912b38,3845,selection
373fb48,3846,train
b092ece,3847,train
37b0331,3848,train
5422580,3849,final_validation
81ee842,3850,train
79a09b9,3851,train
c07ddfb,3852,train
4a8be70,3853,train
d80af93,3854,selection
a27c3a7,3855,train
8bfa298,3856,train
a420b2e,3857,calibration
ba61675,3858,calibration
08fa0b3,3859,train
390ba85,3860,train
461b4ab,3861,train
e70d68a,3862,train
afc9a75,3863,train
b6e3a7c,3864,train
38562a0,3865,train
042b0cd,3866,train
4c20541,3867,train
f0e57f1,3868,final_validation
aeb4515,3869,train
1723e93,3870,train
4633c99,3871,final_validation
0608495,3872,train
a034266,3873,train
0890d0b,3874,train
dd841ba,3875,train
c6eb3cf,3876,final_validation
cd66471,3877,selection
5047f10,3878,final_validation
fa94664,3879,train
573c091,3880,train
1534fbf,3881,calibration
373b14e,3882,train
376021a,3883,train
c881343,3884,train
7648ff4,3885,train
aac6aa3,3886,final_validation
25e3cc1,3887,train
d548c9f,3888,calibration
fc19ca6,3889,train
47dc56f,3890,train
2c90891,3891,train
3f8fdc4,3892,selection
d80032d,3893,train
5f3aa4a,3894,train
66948f1,3895,train
0155be4,3896,train
af4c619,3897,selection
fe278e1,3898,selection
41eb4a6,3899,train
30f1b0b,3900,train
721a732,3901,train
3b80a89,3902,train
7c9812d,3903,final_validation
bde5adf,3904,train
2bd6f85,3905,train
822846d,3906,train
16d2b9e,3907,selection
8aff2ab,3908,selection
699c331,3909,train
a6526c3,3910,train
e53f0de,3911,train
940c51e,3912,train
3ead430,3913,train
f4b4d72,3914,final_validation
c6a39e7,3915,train
4696a0e,3916,selection
1c5210a,3917,train
51b839f,3918,train
aedc5c8,3919,train
5859154,3920,calibration
2aeff1e,3921,train
29fe49b,3922,train
6696a2f,3923,train
f14dab1,3924,selection
4d8bb17,3925,train
4999445,3926,final_validation
bcf6955,3927,train
854b4e9,3928,final_validation
252141e,3929,final_validation
0a28113,3930,calibration
2fff491,3931,train
5819ded,3932,train
e40991f,3933,calibration
139293a,3934,train
46970c2,3935,train
82269ec,3936,selection
c9147bd,3937,train
1cd1479,3938,final_validation
f08ef16,3939,calibration
50dd1a8,3940,calibration
a10c56b,3941,train
dd8802c,3942,train
95f7700,3943,train
11c06e0,3944,train
f477e87,3945,train
f042fc9,3946,train
47ac3aa,3947,train
2feed4e,3948,train
7044865,3949,train
fb59909,3950,train
27da61e,3951,train
13d1196,3952,train
907365b,3953,train
3ab8183,3954,train
5d7b9ba,3955,final_validation
be08bc8,3956,train
92a3030,3957,train
2d356a1,3958,final_validation
e8b73b1,3959,selection
549c5cc,3960,train
26d67e1,3961,train
3310eaf,3962,train
fd9c2e1,3963,train
f3e53e1,3964,selection
36ac515,3965,selection
47887b6,3966,train
584ba4a,3967,train
2ddb97e,3968,final_validation
b05fcf7,3969,train
ea5dcff,3970,train
447ba4f,3971,train
6744a28,3972,train
f5e13c2,3973,train
5413de8,3974,final_validation
65a3906,3975,train
dfcd14b,3976,train
34b6263,3977,final_validation
7e09846,3978,train
c250ef0,3979,train
80bb922,3980,train
8b09ca0,3981,selection
503066f,3982,calibration
234a75d,3983,final_validation
c312f80,3984,train
1e96953,3985,train
3781369,3986,train
f4a9eb7,3987,final_validation
cab5c96,3988,train
31d8391,3989,train
6ba3d12,3990,final_validation
18a1958,3991,train
66967ca,3992,train
4bda0df,3993,selection
d5d6065,3994,train
6b207f2,3995,train
6b327c0,3996,calibration
22eb6fa,3997,final_validation
930ab5f,3998,train
219799d,3999,selection
06d6248,4000,selection
69ef9eb,4001,train
66a1a71,4002,train
6fc0e42,4003,train
fc7b015,4004,train
966c0af,4005,train
c5773a4,4006,selection
eaab74e,4007,train
1e54a02,4008,train
22312c6,4009,final_validation
39f8317,4010,final_validation
d1c17f7,4011,train
e573505,4012,train
a226459,4013,train
7fb27b8,4014,final_validation
e011069,4015,train
0459116,4016,train
8bc26eb,4017,train
7f318e4,4018,train
37a6cf0,4019,train
9454d53,4020,train
4963bde,4021,train
ba4d6d2,4022,train
abc960f,4023,final_validation
b3e4c3a,4024,train
b7cdb3d,4025,final_validation
b8f5028,4026,train
6954731,4027,train
3b163b8,4028,train
2db61c7,4029,train
b11462a,4030,train
3d9c1c0,4031,final_validation
dce820f,4032,final_validation
0329d02,4033,train
8823cc2,4034,train
d680429,4035,final_validation
622fa19,4036,calibration
77cb526,4037,train
e7418e4,4038,train
b7e84c0,4039,train
c98a9ba,4040,train
bc66a2f,4041,train
7939eec,4042,calibration
440ec2c,4043,selection
b33c427,4044,train
3cdb2c8,4045,train
1ec9d22,4046,calibration
6751494,4047,train
ce00d53,4048,calibration
2d6e6d4,4049,final_validation
b3cc7c1,4050,train
f71c321,4051,calibration
a4bb0c4,4052,calibration
a806bc5,4053,train
b246ab3,4054,train
920d8da,4055,train
095f993,4056,final_validation
b176e16,4057,final_validation
87705ae,4058,train
f4563ff,4059,final_validation
68c3908,4060,train
28d7776,4061,train
d4e815d,4062,final_validation
4078d46,4063,train
b62cbf6,4064,selection
608a467,4065,selection
57733f5,4066,train
fa09542,4067,train
a0f4aea,4068,train
4ff6343,4069,calibration
715c69d,4070,selection
b6c8874,4071,train
9389e5b,4072,train
7a9cd44,4073,train
eb68c0c,4074,train
cbe244c,4075,train
91273c3,4076,train
58f5eb3,4077,train
c2cfb38,4078,calibration
ff4bc0c,4079,final_validation
b5608ce,4080,train
5970470,4081,train
4794787,4082,train
aa66e68,4083,train
8c4fbfd,4084,train
06730ad,4085,train
e5a2fc0,4086,train
42b1a61,4087,selection
535617f,4088,train
e2aaf65,4089,train
3c88c11,4090,train
b494ee9,4091,selection
d8326c4,4092,final_validation
2cf189d,4093,train
cc2b68c,4094,train
4469515,4095,train
98f24c2,4096,calibration
4152101,4097,final_validation
710f583,4098,train
5904738,4099,train
5dcd034,4100,train
2b33aff,4101,selection
0687af4,4102,train
79f463b,4103,calibration
29def82,4104,train
2c71277,4105,train
7103cd4,4106,train
8c7ca7b,4107,final_validation
d1568dc,4108,train
dfcaa20,4109,train
a351a3f,4110,train
297885d,4111,selection
fe2a9ca,4112,train
00aa6de,4113,train
b7fd893,4114,train
e502553,4115,train
5b79a2b,4116,final_validation
f7233fb,4117,selection
5a4758c,4118,train
a814db6,4119,train
8e90a33,4120,train
fed7163,4121,train
4d03cc1,4122,calibration
f275c1c,4123,selection
a8294d1,4124,final_validation
1576626,4125,train
10e68a9,4126,final_validation
0e0ef1b,4127,train
c710937,4128,train
d54e0f3,4129,calibration
0a9488d,4130,final_validation
1c71060,4131,final_validation
11fa7e9,4132,train
5051480,4133,selection
eda6cd8,4134,train
de28be3,4135,train
b98ed7f,4136,train
4c03f8b,4137,selection
e49ef08,4138,train
f454eaa,4139,train
caa1ffe,4140,selection
2280d47,4141,train
6b51c4c,4142,train
03f958f,4143,calibration
287e0bd,4144,selection
7b65be9,4145,train
fb2d7ce,4146,train
5069938,4147,final_validation
62aae76,4148,final_validation
45ba8eb,4149,train
1a714d1,4150,train
883dcf7,4151,train
cc1b64a,4152,train
e731a0d,4153,train
1c388f0,4154,train
f473ec0,4155,selection
9dc468e,4156,train
eaa5794,4157,calibration
8626564,4158,train
4795aab,4159,train
8d8a13e,4160,train
07ca280,4161,train
230cf75,4162,train
8549366,4163,train
83b079f,4164,train
781b2d3,4165,train
6ada9ce,4166,calibration
1952ebf,4167,train
3b0840a,4168,final_validation
c155b60,4169,train
136b806,4170,calibration
6564a7c,4171,train
deb6eb4,4172,selection
e167bba,4173,selection
c10b82e,4174,train
fc37c67,4175,calibration
2d1f0e7,4176,final_validation
b602165,4177,train
1180164,4178,train
ebc439f,4179,selection
2934387,4180,final_validation
e1554c4,4181,train
8eeb7fa,4182,calibration
9cffcca,4183,selection
9a0920a,4184,calibration
ac0d6e4,4185,train
2579053,4186,train
35b8026,4187,train
815d549,4188,final_validation
cd4a80f,4189,train
4548eab,4190,final_validation
a2082ba,4191,train
495da32,4192,train
1828de3,4193,calibration
9059dde,4194,selection
c7d7af9,4195,selection
6f74878,4196,train
d08d9e1,4197,final_validation
7502800,4198,calibration
a441149,4199,train
8988281,4200,final_validation
dbfb38b,4201,train
1fa91e9,4202,calibration
d61ba63,4203,train
2d0c4b9,4204,selection
adbaac9,4205,train
09e971b,4206,train
57c0651,4207,train
e07e781,4208,train
f552c79,4209,train
7883641,4210,train
f1f6379,4211,final_validation
c6ba9b3,4212,train
53c5224,4213,selection
2b082c1,4214,train
308e4ca,4215,train
7036074,4216,train
11c28e1,4217,train
9c28fb0,4218,train
2f46e1d,4219,final_validation
74a0072,4220,train
02a7cff,4221,train
cce77c3,4222,train
8276f14,4223,selection
4fe4421,4224,calibration
eb35740,4225,calibration
dd9ca3f,4226,train
775ee7f,4227,train
c8b9f6b,4228,calibration
32d8fd8,4229,train
218e1e6,4230,train
26479a8,4231,train
4bb8c9c,4232,train
cf521a2,4233,train
184d83c,4234,train
1e18757,4235,train
3986e5a,4236,train
758f833,4237,train
054b8f9,4238,train
b8a49b0,4239,train
9713de0,4240,train
af388ed,4241,train
0b47a00,4242,train
f113b16,4243,calibration
96d4e62,4244,train
0e92d4a,4245,train
aebd3a5,4246,train
8ff090e,4247,selection
58206bb,4248,train
c7430fd,4249,train
7c5cc40,4250,train
6e41a57,4251,train
9f4170d,4252,train
7bf387d,4253,selection
ff2891a,4254,calibration
2823575,4255,train
89c32d6,4256,train
c579dd1,4257,train
3b9e890,4258,selection
90bba6c,4259,train
89db6cc,4260,train
1f4513c,4261,train
e272e4a,4262,train
90d5310,4263,train
0286af8,4264,train
c797511,4265,selection
2530fb7,4266,train
c8ad17b,4267,train
ccb13fd,4268,train
9f16331,4269,train
ae807e5,4270,train
8ceea76,4271,train
e6cb3aa,4272,selection
cd0deb2,4273,train
649bc2d,4274,train
8531c68,4275,train
6c309ce,4276,train
15b2b88,4277,train
2cc2a54,4278,train
14cfa29,4279,final_validation
ad7124b,4280,calibration
36d9eea,4281,train
ba30fe9,4282,train
5810ac1,4283,train
af75b07,4284,calibration
6ae69c0,4285,selection
86f42c8,4286,train
f29b47b,4287,calibration
8423e55,4288,selection
5edd221,4289,train
d0da9a9,4290,calibration
bbbd6d2,4291,selection
3793f1a,4292,train
fb4bfd8,4293,train
f7c3c56,4294,train
eebc4eb,4295,train
b14f68a,4296,train
3fc6349,4297,train
77c5de3,4298,train
a55b2d1,4299,train
86facf7,4300,train
393b2fb,4301,train
6eb71fc,4302,train
e363a0c,4303,final_validation
15c0b38,4304,train
8b7362b,4305,train
62665d9,4306,train
0639535,4307,train
8bf170a,4308,train
d51d3e0,4309,train
c1ee065,4310,train
1216143,4311,train
f8cf83c,4312,train
6e89a9f,4313,train
55511cd,4314,selection
18ed7e6,4315,selection
b8a868d,4316,selection
b109620,4317,final_validation
866e250,4318,train
2ed15ef,4319,train
9b876bf,4320,train
ecd9d0f,4321,selection
408e427,4322,train
dd32ed4,4323,final_validation
9d05411,4324,train
9676232,4325,calibration
715a7f6,4326,train
a73f574,4327,final_validation
7203d3b,4328,train
6fd2b7b,4329,train
ad04e66,4330,train
57fa317,4331,train
c651ee9,4332,train
bfec395,4333,train
effde3e,4334,train
0e47da5,4335,train
64fe59a,4336,final_validation
2f6584c,4337,final_validation
b5de127,4338,train
99f3568,4339,train
87a9020,4340,train
d1254f4,4341,train
25df534,4342,train
0bea5df,4343,train
903f1ba,4344,train
dfde4fc,4345,train
e9b83ee,4346,train
3926c2c,4347,selection
adeba74,4348,final_validation
2ba1e02,4349,train
7b7e5ba,4350,train
54b7156,4351,train
a10dc66,4352,train
d5a1bcc,4353,train
86d1cf4,4354,train
2baa048,4355,train
07a6b84,4356,calibration
2062bda,4357,train
a727549,4358,train
928433e,4359,train
26337f6,4360,calibration
7d50cf8,4361,final_validation
2f82ef0,4362,train
a47ba03,4363,calibration
1739d66,4364,final_validation
a67cdb5,4365,calibration
3c22d23,4366,train
0b9274e,4367,final_validation
7e86c35,4368,train
8fb3a5c,4369,train
287ed5e,4370,train
ee1d27b,4371,train
c0bea40,4372,train
64573a3,4373,train
c19ee85,4374,train
8cf1992,4375,calibration
eee329e,4376,selection
4d87a5d,4377,train
8b885de,4378,train
8953145,4379,calibration
498d8cc,4380,train
e74222f,4381,train
dc84e92,4382,train
0c560ab,4383,selection
8e38ee2,4384,selection
fa4b8a4,4385,final_validation
2630ecd,4386,train
4dc4665,4387,final_validation
530a4d7,4388,train
1a0971f,4389,train
94dfe02,4390,train
894060d,4391,train
50aa92e,4392,train
64b2315,4393,train
150d3d6,4394,train
b0fa733,4395,calibration
6bd8e65,4396,train
22d9b4a,4397,train
1a229bc,4398,train
328aee6,4399,final_validation
c9e31fe,4400,train
51ea10a,4401,train
43c598e,4402,train
0bebdc5,4403,selection
65f10df,4404,train
7373a64,4405,train
9f843b0,4406,calibration
80596c6,4407,train
dca00b7,4408,train
2d9517a,4409,train
4eb357c,4410,train
dcf06e8,4411,train
e9a2fca,4412,train
28070d2,4413,train
9c72dba,4414,train
f42d82c,4415,calibration
77e0ab1,4416,train
bd4b534,4417,train
2009f18,4418,train
d9f6fd6,4419,train
15487ff,4420,train
e1486c8,4421,train
a8b6334,4422,selection
8c28801,4423,train
a444be0,4424,train
95285d8,4425,train
9b94476,4426,train
45310cd,4427,train
99cacc1,4428,train
3bd47c0,4429,train
35578be,4430,selection
75b5154,4431,train
f2ba5e3,4432,train
cb73756,4433,train
1643f02,4434,selection
8049fa8,4435,calibration
b256b1b,4436,train
4b3469e,4437,selection
3bc685b,4438,train
a329f9d,4439,train
2fa5e2a,4440,train
85ec1a2,4441,train
750d989,4442,train
15ee7ec,4443,train
bd359e0,4444,calibration
a83ba4f,4445,train
1d14fc4,4446,train
e614122,4447,train
6f109fd,4448,final_validation
26bc38a,4449,train
bf2b842,4450,train
970d9ec,4451,train
079b107,4452,train
a44c5ec,4453,train
1e1bb4e,4454,calibration
9a54873,4455,train
75b73b8,4456,train
2936d38,4457,calibration
5cdef55,4458,selection
24fc7ae,4459,train
602c8bb,4460,train
8c07a5f,4461,train
ede9eca,4462,final_validation
b9ecda0,4463,selection
04d0713,4464,train
5bf3e0d,4465,train
09e2b3e,4466,train
acb9243,4467,train
acf38f8,4468,train
0cd96ea,4469,selection
23e5178,4470,final_validation
70df38f,4471,selection
08dcd91,4472,train
1649f13,4473,train
1e8c487,4474,selection
e0688dd,4475,train
f4dce53,4476,train
a43fd9e,4477,train
3f8ee4b,4478,train
3306441,4479,train
6fa9527,4480,final_validation
0e86176,4481,train
2705967,4482,train
e02fb94,4483,train
cdc231b,4484,selection
32f658f,4485,train
dea2449,4486,final_validation
0d5afc5,4487,selection
52ebac3,4488,train
8e6dafc,4489,selection
7eabd9d,4490,calibration
284d362,4491,train
c5f6c71,4492,train
f23d471,4493,train
5587a15,4494,selection
6b9febe,4495,train
eb0d188,4496,final_validation
1c36085,4497,train
1758d4d,4498,final_validation
24c8a88,4499,train
29aa983,4500,train
557a81f,4501,train
078120d,4502,train
a7d63d1,4503,train
91f2d1b,4504,train
256a191,4505,train
eaf37c0,4506,selection
f151226,4507,train
c438a8a,4508,calibration
c838d4c,4509,train
85dedad,4510,train
25ccf21,4511,final_validation
00e3edb,4512,train
54a4e88,4513,train
eebeb6e,4514,train
5e0a4eb,4515,selection
8ad02ca,4516,selection
ea4f708,4517,train
954fc01,4518,train
3bea60c,4519,calibration
0d7b70d,4520,train
29705a1,4521,train
9ffa2f1,4522,calibration
1251cb5,4523,calibration
4704fdb,4524,calibration
9439b2e,4525,selection
6ca9542,4526,train
5ab7db3,4527,train
5ace3fa,4528,final_validation
124b5f9,4529,train
9fe42f3,4530,train
944711c,4531,selection
9c9d14e,4532,calibration
2ee76da,4533,calibration
af5819f,4534,train
89add51,4535,calibration
786b550,4536,train
ddd1900,4537,train
1710770,4538,train
8767f3b,4539,final_validation
3df3c06,4540,train
e922094,4541,train
da1c207,4542,train
c262f42,4543,train
dd43138,4544,train
a54fa0a,4545,train
71208a0,4546,train
9c306ee,4547,train
f49a8f7,4548,calibration
0966167,4549,train
9db3db7,4550,train
d809e7a,4551,train
752b719,4552,selection
b9df9cd,4553,train
86b1073,4554,selection
bbea6c5,4555,train
1c7a00d,4556,selection
c28e6b8,4557,train
73599a7,4558,train
dc6cc6d,4559,train
2836ae3,4560,train
bce730f,4561,final_validation
87e6129,4562,train
4f4cefa,4563,train
4735e4c,4564,final_validation
f452054,4565,train
f12d457,4566,train
11b3326,4567,final_validation
c4220dd,4568,train
2f5cf60,4569,train
45630fd,4570,train
4e5c010,4571,train
bce3407,4572,train
26f358b,4573,final_validation
0d96d4e,4574,train
3b480e0,4575,selection
24ce1cb,4576,train
a79494d,4577,train
322a5bf,4578,train
ec74743,4579,train
27e6dd8,4580,train
95a87d0,4581,selection
cc54cd6,4582,train
2187f01,4583,train
81c3e64,4584,train
eb094a5,4585,calibration
5bca159,4586,final_validation
4c2c258,4587,train
e233513,4588,selection
dacd0d3,4589,train
0105e2e,4590,train
36f6d67,4591,train
8ab659a,4592,train
d0fdfd2,4593,train
08cd1b8,4594,train
1f4fabd,4595,train
cb3376d,4596,train
b34c604,4597,train
f0dbf6b,4598,train
45e746e,4599,selection
a56d095,4600,train
23f58d4,4601,calibration
532e10b,4602,train
191f567,4603,train
6c9fb6f,4604,train
10ebd3c,4605,train
c737e6f,4606,calibration
9fc96de,4607,final_validation
9f5fa28,4608,train
0ef82ad,4609,calibration
f6e4a7f,4610,train
693ed63,4611,train
7360fc3,4612,train
49023dc,4613,train
5f16b8a,4614,train
b3a5545,4615,calibration
d39affc,4616,calibration
cbdb095,4617,train
910482c,4618,train
ac1cb0c,4619,train
db6bf94,4620,train
01c5750,4621,calibration
d6d88e1,4622,selection
a07f7d0,4623,final_validation
7f9b49f,4624,train
6a30fc8,4625,train
5a3d282,4626,train
6c6efec,4627,train
995d95c,4628,train
7660c7a,4629,train
ebb5004,4630,train
eb16c06,4631,final_validation
f292c00,4632,train
5e34d51,4633,calibration
f47f7fb,4634,train
fe39a48,4635,train
ea26dc4,4636,train
df46087,4637,train
5ab9d2e,4638,train
512b12f,4639,train
ff19540,4640,final_validation
6357fcf,4641,train
417d7f1,4642,calibration
4d6ebc9,4643,train
1042884,4644,calibration
dcd9634,4645,train
3990b13,4646,final_validation
7209743,4647,train
76f7d05,4648,train
54a4c00,4649,train
a65543a,4650,train
4ca8ff0,4651,selection
bf5428a,4652,train
247e418,4653,final_validation
1d4f21d,4654,train
a377301,4655,train
a86412f,4656,train
a2603aa,4657,final_validation
99d4eb9,4658,train
096aa1c,4659,train
8a90194,4660,train
92388d3,4661,train
aef0757,4662,train
16b44a4,4663,final_validation
9fd7ecd,4664,calibration
43c6f9b,4665,train
d3a7bc3,4666,selection
4932595,4667,calibration
82eec16,4668,train
8a932e3,4669,train
7d1c31d,4670,train
87df675,4671,train
0fc2a56,4672,selection
1cb069a,4673,calibration
66bc323,4674,train
928e5bf,4675,train
283dd5f,4676,train
7959082,4677,train
93732d2,4678,train
b8cc468,4679,train
f4da42f,4680,selection
8b7d41f,4681,train
969205c,4682,train
c8bf3bc,4683,train
24370b2,4684,calibration
ddc5a22,4685,final_validation
d3ac360,4686,selection
0151c0f,4687,train
256ce94,4688,train
7a9384c,4689,train
23d44f9,4690,train
ba4f724,4691,train
a236f49,4692,train
ec8005a,4693,train
79966fb,4694,train
ad66e8e,4695,train
e48707a,4696,train
3dbe4c6,4697,train
94280f2,4698,train
a02b877,4699,train
8d2a95c,4700,final_validation
fde3272,4701,final_validation
8d625bf,4702,train
d82df10,4703,calibration
8166d77,4704,train
beaaa47,4705,train
e01a546,4706,final_validation
4dd14fc,4707,train
bf4401f,4708,calibration
2d2e355,4709,train
ab0ffaa,4710,final_validation
5fa94d8,4711,selection
3f300cc,4712,train
9114bf5,4713,calibration
ef0a7a3,4714,train
330675b,4715,train
f0a7a09,4716,train
a3727fc,4717,train
112723e,4718,train
d23d911,4719,train
8994e37,4720,train
793e363,4721,final_validation
71e1055,4722,selection
67151ff,4723,train
6d2adc4,4724,train
2873095,4725,selection
71845df,4726,train
b0e595a,4727,final_validation
750b478,4728,train
75b0142,4729,calibration
9014b2d,4730,selection
d4c78e7,4731,train
c67fbd3,4732,train
8b9aea0,4733,train
2fefa3b,4734,train
a7b76c2,4735,selection
71956aa,4736,train
5b1dea8,4737,train
ac90f1b,4738,train
b6d2705,4739,final_validation
8ea0a22,4740,train
2365387,4741,train
4061085,4742,train
d08b141,4743,train
833118e,4744,selection
5e3d59a,4745,selection
ad644f3,4746,train
3a20378,4747,final_validation
14afb00,4748,train
25811d9,4749,train
d031d7a,4750,calibration
d7a0626,4751,selection
cc266ee,4752,train
ae61d9c,4753,final_validation
89b77fa,4754,calibration
0912e51,4755,train
ec8c63e,4756,selection
b6945f7,4757,train
b6352d7,4758,train
1af31b9,4759,selection
e68f64d,4760,train
509edaa,4761,train
da85290,4762,train
d42a4ac,4763,train
74891cf,4764,calibration
7e0b6af,4765,train
7a0b369,4766,train
8344fff,4767,calibration
f285fe2,4768,train
07a14a5,4769,final_validation
add5865,4770,train
0516f28,4771,train
0226250,4772,train
c2b5ab0,4773,train
9019f5b,4774,train
5947d1d,4775,calibration
1585281,4776,final_validation
b2f6346,4777,calibration
bb66f48,4778,train
defa1cc,4779,train
421781f,4780,calibration
f437d49,4781,train
a8675e4,4782,train
8402548,4783,selection
d46aa2a,4784,train
ea1b3ad,4785,calibration
f49f96f,4786,final_validation
7617705,4787,train
609b8b9,4788,train
e22df36,4789,train
bd91400,4790,train
54154e6,4791,train
6ad33dd,4792,final_validation
af30d86,4793,calibration
3b02e51,4794,train
144cd37,4795,final_validation
7035dc2,4796,train
ac53b48,4797,final_validation
3f7c2d8,4798,final_validation
acc5ef8,4799,train
b88c3b5,4800,train
0c3a8a0,4801,selection
a57fd78,4802,train
13b3e1f,4803,final_validation
6cd8a38,4804,train
319d75e,4805,train
7768aa7,4806,calibration
d5ea90f,4807,train
c893ec0,4808,train
63668d4,4809,calibration
1b43b9e,4810,train
ae0e8ef,4811,train
eec45e2,4812,train
021271e,4813,train
3c670cf,4814,selection
2617ac7,4815,final_validation
12489e3,4816,train
91506ed,4817,train
7036f2d,4818,train
090c52d,4819,train
60e148b,4820,selection
44eb982,4821,train
807972f,4822,final_validation
443672b,4823,train
8435ac2,4824,train
c68a3c9,4825,train
72f0594,4826,train
c69f642,4827,train
7337377,4828,selection
104ebd4,4829,train
fa3ffaf,4830,train
b209a7f,4831,train
93ef0d8,4832,train
2d3ac02,4833,calibration
5700ff4,4834,train
d8338f9,4835,final_validation
a332888,4836,train
dd770d8,4837,final_validation
c92dce5,4838,train
27c512c,4839,selection
4337759,4840,train
0e233ca,4841,train
fe78ad2,4842,train
7f681fe,4843,final_validation
bcb1ec7,4844,train
abd70b9,4845,train
e8d2ce4,4846,train
dd9b0f0,4847,train
3c9291d,4848,selection
c33893b,4849,train
32ddb3a,4850,final_validation
9e83f64,4851,train
299a003,4852,train
c183c9c,4853,train
481b89b,4854,calibration
d11f475,4855,train
5852b0c,4856,train
6b20789,4857,train
c38cf59,4858,train
65b060f,4859,train
80c6855,4860,train
919a690,4861,train
56fcc78,4862,train
381c00c,4863,final_validation
10be9c6,4864,train
1bae5bf,4865,final_validation
17ff7c0,4866,selection
26c493a,4867,train
142c979,4868,selection
37e110f,4869,train
70bb147,4870,final_validation
4e81433,4871,calibration
c58f3b3,4872,selection
db7ce90,4873,train
619dc74,4874,calibration
d0fac48,4875,train
32d6a9c,4876,train
77298de,4877,train
c9eaef7,4878,train
22ba4b2,4879,train
7d11870,4880,train
3a8b10d,4881,train
5ada2e1,4882,calibration
b8ee42c,4883,train
10a4863,4884,final_validation
3c5860f,4885,calibration
b5bd747,4886,train
82d055f,4887,final_validation
ae7dc92,4888,train
8521413,4889,train
8c35402,4890,train
14bec6e,4891,train
212f1e9,4892,train
1f649f0,4893,calibration
0f247b7,4894,train
73762dd,4895,calibration
d507ed3,4896,train
8d1c468,4897,train
4408754,4898,train
d53934b,4899,train
8fd287f,4900,train
4b434e1,4901,final_validation
0946813,4902,selection
2cb191e,4903,train
7b0bb8f,4904,train
c487f64,4905,train
c04225a,4906,train
f99f8c7,4907,train
d7fd73d,4908,train
9638825,4909,train
5649ce7,4910,train
f2e0731,4911,train
9f988da,4912,train
1d8869d,4913,train
ad11bff,4914,train
1bf4ba6,4915,train
42c06b3,4916,train
217c2ee,4917,final_validation
96ac275,4918,calibration
200fcf4,4919,calibration
7ad05e0,4920,train
617c9b4,4921,selection
6c5867f,4922,calibration
55fb114,4923,calibration
20f1ea0,4924,selection
8109b66,4925,train
e112df6,4926,train
7813ea7,4927,train
18ad0fa,4928,final_validation
4204a15,4929,selection
e897b21,4930,train
af9e3fd,4931,train
474f4f1,4932,calibration
9469de5,4933,train
8b5b48f,4934,selection
72daa06,4935,train
e8c4fce,4936,train
2caa790,4937,selection
ff44d61,4938,train
20bf31c,4939,train
abd3b0b,4940,train
5196465,4941,train
28cfca6,4942,selection
783f267,4943,train
a752c11,4944,train
6640d05,4945,train
a28f423,4946,train
04d409d,4947,train
71d8782,4948,train
769bbc9,4949,selection
fe4c46f,4950,final_validation
f89a159,4951,train
05fa43a,4952,train
9a6daae,4953,train
e1b50d7,4954,train
8abfff9,4955,selection
17d3737,4956,train
b821bd2,4957,train
b086887,4958,final_validation
e24bc2b,4959,final_validation
b06624a,4960,train
b8bff70,4961,train
f7860d2,4962,train
7f0cbfd,4963,train
af0b4d5,4964,train
eb828bd,4965,train
46be9c7,4966,train
cd3902f,4967,train
b5b8a2a,4968,train
31c49e5,4969,train
f2f350b,4970,final_validation
2b491f4,4971,train
c7238b0,4972,train
2916425,4973,selection
96895a0,4974,calibration
1621180,4975,final_validation
fc63f37,4976,final_validation
99b0b02,4977,selection
7d9a963,4978,final_validation
5c57d50,4979,final_validation
9dde278,4980,train
fa57cde,4981,calibration
51fd470,4982,train
4f63fb6,4983,train
03ffbb2,4984,train
bfb039b,4985,train
d7e4bda,4986,train
863da41,4987,train
098d10a,4988,train
8ae14a9,4989,train
7023d2d,4990,calibration
4fce0ed,4991,train
1829b0f,4992,train
a19d424,4993,train
68f7f6e,4994,train
93d44b9,4995,train
3ffd355,4996,train
21133d1,4997,train
1cfb413,4998,final_validation
b299795,4999,train
cce5898,5000,selection
6cfd94f,5001,train
6795492,5002,selection
bdaaf3a,5003,calibration
716b63f,5004,train
7bc3482,5005,train
eb75b33,5006,train
a7875a6,5007,train
7617ff3,5008,train
9a40be1,5009,train
4c6a800,5010,selection
552b6ba,5011,selection
7561d85,5012,train
98b9976,5013,calibration
33fd8e1,5014,train
391f6fa,5015,train
5efaf31,5016,train
1099610,5017,selection
9cd5951,5018,train
ea436e2,5019,train
3946e1a,5020,calibration
19518a6,5021,train
b9425e5,5022,train
9c4d83e,5023,selection
fee4774,5024,train
d683a92,5025,train
ad0262a,5026,train
42f54eb,5027,selection
ebd73f6,5028,calibration
38c496c,5029,final_validation
b5a1979,5030,train
f2e3cfb,5031,selection
25a6704,5032,final_validation
aac896c,5033,calibration
45373dc,5034,train
bc02829,5035,train
969cb92,5036,final_validation
7ab9574,5037,train
0cf8c55,5038,train
ce30566,5039,selection
7874eeb,5040,train
9b7b295,5041,train
ec37599,5042,train
e82deeb,5043,train
7c9f58b,5044,calibration
fdd251e,5045,train
52f452e,5046,train
5af2cfe,5047,final_validation
cb1522b,5048,final_validation
80cbc93,5049,final_validation
c2f0a67,5050,calibration
e5206d7,5051,train
c1aec49,5052,train
897cac7,5053,train
8a242ae,5054,train
1a14e33,5055,train
dbad9f3,5056,train
8769deb,5057,train
ff4bcd5,5058,train
a1dc706,5059,final_validation
f1a54d4,5060,train
81388a1,5061,selection
aa0bd36,5062,final_validation
3a7a186,5063,train
36523ec,5064,train
eea5e34,5065,train
2e6c099,5066,train
b1612e0,5067,train
b6d1b2a,5068,selection
f4f2f12,5069,train
301c5a5,5070,train
3f892e1,5071,train
36f1f67,5072,calibration
bbd6f66,5073,train
d5081a7,5074,train
c62d306,5075,train
6eb9060,5076,selection
4e85bd3,5077,train
a12cb0a,5078,train
3d100f8,5079,train
1a57ee0,5080,train
b52cc68,5081,train
7b823fe,5082,train
62bc176,5083,train
bf24abd,5084,train
17d73bb,5085,selection
48f4678,5086,train
e8a0cd3,5087,calibration
197ea96,5088,calibration
4458086,5089,train
7af26d3,5090,train
7e05e3b,5091,train
fe0aea3,5092,train
a688b7a,5093,train
5a3eba0,5094,train
0c9029c,5095,train
fe52b79,5096,train
811c907,5097,train
85f35d3,5098,selection
7d3d04f,5099,calibration
47d6008,5100,train
b16cd75,5101,train
4a2334e,5102,train
0da70c3,5103,train
9d48bc5,5104,train
3bcd4b3,5105,train
3a79c7f,5106,train
1a5ce0c,5107,selection
e2d0be6,5108,train
79f0b51,5109,selection
67395cf,5110,train
80e35ee,5111,train
662abe5,5112,train
85215b2,5113,calibration
4057621,5114,train
19c4c74,5115,train
9b2d996,5116,train
7beb5b6,5117,train
d2d0ad7,5118,train
ec32da2,5119,train
9b47d83,5120,train
c5a5c3b,5121,train
6a5d75d,5122,train
323cdd6,5123,train
e471f5a,5124,train
d119e87,5125,train
6a7a8ef,5126,train
51dfce2,5127,calibration
94d6290,5128,train
42500f0,5129,calibration
40aaa0e,5130,train
f0e0674,5131,train
18c3c09,5132,train
9d79792,5133,train
897a51a,5134,final_validation
7b9f86d,5135,final_validation
4649053,5136,train
3cfff58,5137,calibration
a2e903f,5138,selection
d66cdbe,5139,train
23f176c,5140,train
5290f9d,5141,train
7ec3069,5142,train
610d03b,5143,train
b882670,5144,train
dd1c507,5145,train
51d14d3,5146,train
f389a4c,5147,train
1f008dc,5148,final_validation
bfaad32,5149,train
3074cde,5150,train
6e06652,5151,selection
e4f6f94,5152,train
1ac7f5b,5153,calibration
01ec06b,5154,train
b42fc25,5155,train
faa9fe2,5156,final_validation
43fc657,5157,train
7c76079,5158,train
349f3b8,5159,train
5a091fb,5160,calibration
1ac3740,5161,train
96e24cc,5162,selection
0c02064,5163,train
dff8a22,5164,calibration
44e88b0,5165,train
ae8766b,5166,train
e8faa39,5167,train
bdd54af,5168,train
5fc543b,5169,selection
9d1a448,5170,train
3f02e1c,5171,train
ee28a50,5172,calibration
fef1e50,5173,train
acf3b94,5174,train
4bcd05d,5175,train
809939b,5176,final_validation
d50b813,5177,train
d61378e,5178,train
27e155e,5179,train
df0a3ec,5180,train
7061185,5181,train
f281512,5182,train
1d7c97a,5183,train
93c1334,5184,train
bf84e83,5185,train
9c64a04,5186,train
e9115fb,5187,train
53b8ebf,5188,train
36340af,5189,final_validation
48f29aa,5190,calibration
5ddf42d,5191,calibration
9301f78,5192,train
d863753,5193,selection
442f36d,5194,calibration
63d70fa,5195,final_validation
64e21f5,5196,selection
6db3435,5197,train
5b327ac,5198,calibration
9d5eacc,5199,calibration
1418cf5,5200,train
e1c7ab2,5201,train
53ef2d4,5202,final_validation
7c41b2c,5203,selection
87d2a83,5204,train
06d32ab,5205,train
3644611,5206,train
1c80539,5207,train
3c87dc2,5208,train
d2e169d,5209,train
39d96a1,5210,train
0e222f1,5211,final_validation
96addd4,5212,train
52504c7,5213,train
c2ebc90,5214,train
1f5d349,5215,train
262b8dd,5216,calibration
d25d977,5217,train
5d64786,5218,selection
f7c62d8,5219,train
d991ec4,5220,train
e338a4c,5221,train
7cc6019,5222,final_validation
f0178dd,5223,train
ad87f74,5224,final_validation
04ef8ff,5225,train
b815e6f,5226,train
305bda4,5227,train
9ea622e,5228,train
d93507a,5229,train
445fe77,5230,train
c680658,5231,train
f8b68e8,5232,train
a1cd4ce,5233,train
4180c40,5234,train
126b69a,5235,final_validation
95eb489,5236,train
9d17f4f,5237,calibration
e8ce1b0,5238,train
b73a7ab,5239,final_validation
f23935a,5240,train
587411b,5241,train
cb5293e,5242,train
8cfc1df,5243,final_validation
037ac1f,5244,train
e2ec643,5245,final_validation
e2c1ac1,5246,selection
3b3df14,5247,train
dee4c3c,5248,selection
561e47d,5249,train
031bbb0,5250,train
3c8bd10,5251,train
9406d8d,5252,train
94bb008,5253,selection
58c42d8,5254,final_validation
c173c02,5255,final_validation
e9c55a9,5256,train
316583e,5257,selection
a1b24c3,5258,train
0e426b4,5259,final_validation
57d35c9,5260,calibration
247f18e,5261,train
e63e0bf,5262,train
716b03a,5263,train
c221707,5264,train
177d6f6,5265,train
4d4b577,5266,train
13daa2a,5267,selection
323c0b8,5268,train
fb64847,5269,calibration
37c61d1,5270,train
4d2c60f,5271,final_validation
f7c06a5,5272,train
ce18d67,5273,calibration
ebff20e,5274,train
4446626,5275,train
b305cf7,5276,final_validation
5f49ea6,5277,train
0f8c08a,5278,train
223b86d,5279,train
7664b2d,5280,train
23b5db1,5281,train
a057d58,5282,train
1ed0f53,5283,train
2792d0f,5284,train
fea267a,5285,train
b9f8f54,5286,train
6665abd,5287,final_validation
04defeb,5288,train
bbbd46b,5289,train
6579a27,5290,train
7d72685,5291,train
24cc082,5292,calibration
4df7e4e,5293,train
ddc1cdd,5294,train
e4df2a6,5295,train
0e78aef,5296,train
9d3da12,5297,train
da0a649,5298,train
d2373ef,5299,train
22b89af,5300,train
e476e48,5301,train
fc17862,5302,train
29edcfa,5303,train
03afc1e,5304,train
dffdcdd,5305,train
4f3b6dc,5306,train
336f368,5307,train
ad789c5,5308,train
81a1bfb,5309,train
775de31,5310,selection
1bd9707,5311,train
535dda0,5312,train
a3f2c8f,5313,train
e3f99d1,5314,train
8c70dbc,5315,selection
1e15bb2,5316,calibration
fece07e,5317,train
2676d1f,5318,train
4834d5d,5319,train
43c6947,5320,train
33f68cf,5321,train
d298559,5322,train
2d8bbe2,5323,calibration
f02836d,5324,train
c4ecf88,5325,selection
7d1bcdd,5326,final_validation
49b3030,5327,final_validation
7a2b44a,5328,train
94848c8,5329,train
c3b3b4b,5330,train
517aed3,5331,selection
90d7a84,5332,train
736f95b,5333,train
b60b996,5334,final_validation
9e2113a,5335,train
05b0858,5336,train
a9296c5,5337,train
3d441b0,5338,train
da34069,5339,train
16cfecb,5340,train
c61d606,5341,selection
9b84ec0,5342,train
84d33bd,5343,calibration
85af2b9,5344,train
25d53c6,5345,train
241d49c,5346,selection
f7c9ffb,5347,train
1259ea4,5348,train
4fed77e,5349,train
8ea97f1,5350,train
6a92849,5351,train
fa0e53e,5352,final_validation
281b69e,5353,calibration
5148d30,5354,train
c14759b,5355,selection
b4e02d9,5356,train
b1682f4,5357,final_validation
35fd114,5358,train
83929a3,5359,train
ba93660,5360,train
222659a,5361,train
60db628,5362,final_validation
c89eda8,5363,train
0fa92b4,5364,train
070faae,5365,train
67c0531,5366,train
2a7701b,5367,train
bd6185f,5368,train
4cbcf7f,5369,final_validation
1b92860,5370,train
03dc26a,5371,train
d358b72,5372,train
ab45303,5373,final_validation
7c47a9c,5374,train
8882d49,5375,train
624a904,5376,train
0345980,5377,selection
9dc6cd2,5378,train
e4e3d0f,5379,selection
d7af7ab,5380,calibration
99120c9,5381,train
0ae3894,5382,train
504953b,5383,final_validation
2bc341e,5384,train
e6e9441,5385,final_validation
a955a53,5386,train
4f86aed,5387,train
8ede676,5388,train
255b12f,5389,final_validation
2edae7a,5390,train
bfd1123,5391,selection
95bd900,5392,train
426ddb6,5393,train
eb1fdc1,5394,selection
d7203b6,5395,train
d5dc915,5396,train
c03c5de,5397,train
e5f3160,5398,train
b3fe753,5399,selection
ecea555,5400,selection
6ba40d5,5401,train
3ccf356,5402,train
1ead4a5,5403,selection
ddca848,5404,selection
6f65423,5405,train
a875a8e,5406,train
f743847,5407,calibration
cf44547,5408,train
fd86eb2,5409,train
3c56be8,5410,selection
f2640ea,5411,train
bc882fe,5412,selection
5e78328,5413,calibration
eda4388,5414,train
71a1944,5415,train
7d34dd4,5416,train
6b07f61,5417,train
f19ed9c,5418,final_validation
bc89849,5419,train
47812b1,5420,train
aaced97,5421,selection
a0ebb9d,5422,final_validation
8d0350d,5423,train
2dd56e8,5424,final_validation
f4f6bf2,5425,train
1c139c1,5426,train
6289b2c,5427,train
0760f30,5428,train
eac6509,5429,train
723c2ad,5430,final_validation
26de96d,5431,train
f59c21c,5432,train
d18a663,5433,selection
bd25752,5434,train
95e6b7a,5435,train
a7f685b,5436,train
d2c7e76,5437,calibration
cdd506f,5438,train
811be0e,5439,train
54697bd,5440,train
1d12e5e,5441,train
f695ac7,5442,calibration
ebbfacd,5443,selection
24adfc3,5444,train
a52306b,5445,final_validation
4677e9c,5446,train
9885293,5447,train
e4cd5f0,5448,train
e5c3b9b,5449,train
9301dc5,5450,train
9606866,5451,train
9df4209,5452,train
a3fb7e1,5453,train
36644c1,5454,calibration
1a8f6e7,5455,train
75ef893,5456,train
4779250,5457,train
144515c,5458,train
3b42d54,5459,train
f47a3af,5460,train
c09d765,5461,train
84195f6,5462,train
bceec3e,5463,selection
9b15bd0,5464,train
dac3832,5465,train
4728682,5466,train
36da545,5467,train
6d87001,5468,train
915416d,5469,selection
5a5cd94,5470,train
19db546,5471,train
6cafb50,5472,train
cbbc4a8,5473,train
9793146,5474,train
a8543d2,5475,calibration
a0520ae,5476,train
37deeb5,5477,train
9ee0c20,5478,selection
fbc0771,5479,calibration
bb8453c,5480,train
736b2a8,5481,selection
cd1df72,5482,final_validation
9f79642,5483,train
a58d8b9,5484,train
cf909c1,5485,calibration
bd4a2dd,5486,calibration
96b30ed,5487,calibration
4dc320a,5488,train
190716b,5489,train
9e9a1d4,5490,final_validation
30516cb,5491,train
ea7d445,5492,train
9cc5892,5493,train
8aa59a6,5494,train
2a162fa,5495,calibration
1ff00d8,5496,train
d6def17,5497,train
2a4ca7b,5498,train
e4131fa,5499,train
5912bde,5500,train
230f9dc,5501,train
b4b4034,5502,selection
2a785b1,5503,train
bcc379e,5504,final_validation
8eb8fa9,5505,train
6a3ad47,5506,train
00e5687,5507,train
c5400c9,5508,selection
a90f403,5509,train
7354440,5510,train
c966d0a,5511,train
a2de144,5512,train
d7a5814,5513,train
43e2c1f,5514,train
d0b5ffb,5515,train
48b152e,5516,train
7444b30,5517,calibration
a67771e,5518,train
7ab50d9,5519,calibration
b44db48,5520,train
c3c6f38,5521,train
5ff1058,5522,train
2def8af,5523,train
2bec064,5524,calibration
2eb32bb,5525,train
8b21814,5526,calibration
455a671,5527,selection
fbe8b9e,5528,train
c2a99a4,5529,train
cb4bb86,5530,train
c61d32d,5531,final_validation
c0679f5,5532,train
507d9d0,5533,final_validation
d292135,5534,train
81f7222,5535,train
c1ab5cb,5536,train
7a8028c,5537,train
aacf8d1,5538,train
2aa01a0,5539,final_validation
1ef0af4,5540,final_validation
76324c1,5541,train
a7e49c9,5542,train
471bc23,5543,train
0f5c12f,5544,final_validation
35e09c5,5545,train
5987254,5546,train
518c141,5547,train
7bbc704,5548,train
23748b3,5549,final_validation
84c9a84,5550,train
8907348,5551,selection
2b237a3,5552,train
31e190f,5553,calibration
dd5a7fc,5554,train
32333f3,5555,selection
9402ac5,5556,train
2556150,5557,train
f1ce560,5558,train
ae24b49,5559,selection
c79938a,5560,selection
a5c16f9,5561,train
4667092,5562,train
bc09367,5563,train
11eda40,5564,train
871c045,5565,train
da4b065,5566,train
c2e8d1a,5567,train
3bd062d,5568,train
8fa257f,5569,train
8e63734,5570,train
48679e4,5571,train
c660bab,5572,train
854f4a6,5573,train
6a3b34a,5574,calibration
203dcec,5575,final_validation
5c94970,5576,train
9721f9c,5577,calibration
55759f8,5578,train
e9d29ff,5579,train
27382f8,5580,train
2dba1aa,5581,final_validation
a27c28d,5582,selection
3d4bc2e,5583,selection
529dccc,5584,train
bcf3683,5585,selection
ec094aa,5586,final_validation
d73f3f4,5587,train
32e5340,5588,train
e90de0d,5589,train
3b20a11,5590,final_validation
1d9389b,5591,train
58969ec,5592,train
f3f84e5,5593,selection
8c1e2db,5594,train
d9929eb,5595,train
a423c92,5596,train
44497d4,5597,train
70542b0,5598,train
87cf25a,5599,train
0f89327,5600,train
1035807,5601,final_validation
a041c53,5602,train
4b6d0bb,5603,final_validation
7694be2,5604,train
e4fff57,5605,calibration
ebd2317,5606,final_validation
7fa6c4e,5607,train
a6a581e,5608,calibration
53a31e8,5609,train
107348c,5610,train
5b4da4a,5611,train
c252897,5612,train
cd56bc6,5613,train
723a7df,5614,train
40ac432,5615,train
2107217,5616,selection
2e1756a,5617,train
8136c43,5618,final_validation
b5af145,5619,train
375c9a7,5620,train
43dea20,5621,train
2b2431b,5622,calibration
940d9dd,5623,train
e4a3b7f,5624,calibration
beaf095,5625,train
25e14a4,5626,train
a21b848,5627,calibration
2078da0,5628,train
c29258f,5629,calibration
fd5b5a2,5630,selection
287950c,5631,train
eb1d4a6,5632,train
11e9122,5633,selection
f7c3307,5634,train
313de19,5635,train
f2dbee7,5636,train
1c745e9,5637,train
8bcbb1d,5638,calibration
48ff14c,5639,selection
debbe70,5640,train
78c8c18,5641,final_validation
40e315e,5642,selection
1c98fd5,5643,selection
a6bcef5,5644,train
ba2ac34,5645,selection
e90721b,5646,train
c636e4e,5647,train
590ddca,5648,final_validation
a367504,5649,train
1221dcf,5650,train
395e093,5651,train
f37af89,5652,train
b8a4245,5653,train
1dd6a58,5654,train
80209f9,5655,final_validation
4ff04b6,5656,train
3584839,5657,train
7f6d300,5658,train
e165a2c,5659,train
aed76f0,5660,final_validation
e872439,5661,final_validation
934510c,5662,train
a1c5818,5663,train
99eb2f4,5664,train
cb77f5e,5665,calibration
a7d3e8a,5666,train
1bf8cee,5667,train
fbf29c5,5668,train
8f3c920,5669,train
47d8c55,5670,calibration
3e0799a,5671,train
ef98af3,5672,train
f7f1ffa,5673,train
7bf1945,5674,train
1feabe5,5675,train
2dab24c,5676,train
f8a150c,5677,train
72bafca,5678,train
7703b3c,5679,train
fc31f23,5680,train
8248967,5681,train
1b9a9c7,5682,calibration
913c55c,5683,train
cd42609,5684,calibration
547172d,5685,train
feb26c7,5686,calibration
0a99d52,5687,train
c6a6763,5688,train
3d890b6,5689,selection
cd151bf,5690,train
e164e8c,5691,train
95e04fe,5692,calibration
044a23f,5693,train
66fc2ac,5694,train
e4eb42f,5695,train
7fe7bcd,5696,train
4cdd49b,5697,train
d214529,5698,train
e61d232,5699,calibration
ac0ce23,5700,train
d053807,5701,train
088c6ac,5702,train
9f8b7c7,5703,calibration
2274cbb,5704,train
543e550,5705,train
bf215a7,5706,train
8462dd5,5707,train
1dd9df1,5708,calibration
9387d88,5709,train
e16157a,5710,final_validation
88efd41,5711,train
d3b40cd,5712,train
9f76a8f,5713,train
4599770,5714,train
0d077e2,5715,train
67edd82,5716,final_validation
f4e9538,5717,train
ae00902,5718,train
0973664,5719,train
94f3beb,5720,train
307c738,5721,train
8465a70,5722,train
4aea2ed,5723,calibration
e6bea39,5724,train
e1de598,5725,train
131a75b,5726,train
79240bb,5727,train
b9b3bdc,5728,selection
7ba3171,5729,train
4fabf67,5730,train
0ae1dee,5731,selection
1e1b741,5732,train
d35288c,5733,train
fe094f8,5734,train
249867d,5735,train
60f98e5,5736,train
1191933,5737,calibration
dc86d27,5738,train
3846b82,5739,final_validation
99890ed,5740,train
4078d22,5741,calibration
834ec54,5742,train
0b35fa9,5743,train
b5403e4,5744,train
8d0fdf7,5745,train
e3c6b7b,5746,selection
d9111ae,5747,selection
3a2b8f0,5748,train
068aea7,5749,train
b79920d,5750,train
d0f2283,5751,selection
7f1ca89,5752,train
7bae5dc,5753,train
66e3b69,5754,train
1a76a83,5755,train
95debff,5756,calibration
87bd6c1,5757,train
598318b,5758,train
b1c3c6d,5759,train
11acec7,5760,train
79cbb62,5761,selection
c40bfc3,5762,train
545ac34,5763,calibration
269a23e,5764,train
f0e3d25,5765,train
4b79d77,5766,train
e89eaf8,5767,train
b44edd8,5768,final_validation
e6b50a4,5769,final_validation
4733890,5770,final_validation
4ff8278,5771,selection
bd8eae9,5772,train
9740146,5773,train
6861f05,5774,train
a4c3f8e,5775,train
83d10b5,5776,train
4359c17,5777,train
2a45bab,5778,calibration
a28d58a,5779,train
fc433b2,5780,train
2a161b2,5781,calibration
de0bb1e,5782,train
2565613,5783,train
835a6a9,5784,train
246252f,5785,train
2ae04e2,5786,final_validation
290d458,5787,train
7d7b8ca,5788,train
79f5ecd,5789,train
722a9ce,5790,train
6f3dc33,5791,final_validation
4ed8b25,5792,final_validation
9be0af0,5793,train
bec344a,5794,train
d04405b,5795,final_validation
f9318b4,5796,train
4faefe0,5797,train
0ea87c4,5798,train
adc51a2,5799,train
f1f03de,5800,train
a8171b6,5801,train
405f294,5802,train
fe98796,5803,train
77f3262,5804,train
037545d,5805,calibration
862d957,5806,final_validation
e6c6d0a,5807,calibration
5fbd61b,5808,train
326c204,5809,train
b602291,5810,train
1d410d6,5811,final_validation
00a541a,5812,train
0a31858,5813,train
a994c35,5814,train
882fdc3,5815,train
ef4fa08,5816,train
20af98d,5817,selection
4bc17fe,5818,train
8131b15,5819,train
3d03dc5,5820,train
cf315d3,5821,train
dd80d9b,5822,selection
86bb83d,5823,train
25b1560,5824,train
07d41ed,5825,train
5316172,5826,train
ab87c93,5827,train
4d80945,5828,calibration
88a7b3e,5829,train
5c39595,5830,train
96b79d0,5831,final_validation
6299beb,5832,selection
70e51aa,5833,train
2444a41,5834,train
879a4e7,5835,train
ec636ad,5836,train
aacc50f,5837,calibration
64bc610,5838,train
97ba927,5839,train
e711992,5840,train
76e4447,5841,train
537ade6,5842,train
008341a,5843,selection
ae95733,5844,train
79f7f20,5845,train
ee04cf8,5846,train
1d6c98e,5847,train
e5a9b76,5848,train
6e4237e,5849,calibration
2cad978,5850,train
bdc23a5,5851,calibration
28028e0,5852,train
efe6199,5853,train
f621c2e,5854,train
9be8232,5855,selection
7cd47c4,5856,train
7557f5c,5857,train
897681e,5858,train
3515161,5859,train
31b903a,5860,train
f787aa6,5861,train
da452c5,5862,train
7cd47f9,5863,train
a250110,5864,train
9b3341c,5865,train
fc7760b,5866,train
3baea30,5867,train
6d3a41b,5868,train
9a8c8da,5869,train
ee20f18,5870,train
7fd68b2,5871,train
8aed5a6,5872,calibration
53469e5,5873,selection
474d602,5874,calibration
7126e0c,5875,train
8baa9c6,5876,calibration
a0e57ff,5877,train
ba02db4,5878,train
d850373,5879,train
ea3f4cc,5880,train
6ef1237,5881,train
643143a,5882,train
b6aa357,5883,train
34885ae,5884,calibration
a8895c0,5885,train
a389ab4,5886,train
e42cb67,5887,selection
ae5bbc2,5888,train
813a77a,5889,train
b580903,5890,train
b65e4ea,5891,train
8f9adaf,5892,train
989bfc1,5893,train
e37ca46,5894,train
86bc70c,5895,train
490a973,5896,train
8ed6e26,5897,final_validation
12309f9,5898,train
ab71e49,5899,calibration
dffef97,5900,calibration
4591576,5901,train
b5d5729,5902,train
122ba79,5903,train
024a3bb,5904,calibration
cc7b185,5905,final_validation
c0ff68f,5906,final_validation
4870ad6,5907,calibration
03f2d76,5908,train
6a83431,5909,train
6fc893c,5910,train
208907c,5911,selection
685cd71,5912,train
2a838f9,5913,train
a4fc9c0,5914,train
041804e,5915,train
33d95e1,5916,train
6fe2f23,5917,train
b4e5144,5918,train
ee9b83d,5919,train
00c3589,5920,train
d96aded,5921,calibration
af1daa8,5922,train
83b6723,5923,train
6514350,5924,train
805203f,5925,train
e1f6e33,5926,train
f3d1bdb,5927,calibration
681190f,5928,train
b388756,5929,train
6fecbec,5930,train
c4b4df0,5931,train
81e7d02,5932,calibration
654bc3a,5933,selection
2f28033,5934,train
d625185,5935,train
fd70ce5,5936,train
f4c4b8d,5937,selection
eec6b2d,5938,train
589fd79,5939,train
dcf0c21,5940,train
651a65c,5941,train
8401528,5942,train
cd726da,5943,train
4c3e4c6,5944,train
522892b,5945,train
176fde9,5946,train
e904906,5947,final_validation
1e8d2f8,5948,train
511bedd,5949,train
e8e2728,5950,final_validation
07a2516,5951,selection
e00a88d,5952,train
e104ebf,5953,selection
d8eb63c,5954,train
ce18845,5955,train
d5b6ed5,5956,train
d5b6859,5957,final_validation
d23aa23,5958,selection
bd0abd2,5959,train
5ea32c7,5960,train
6b71179,5961,train
76c44e4,5962,train
9652adf,5963,train
ec0bc1f,5964,train
c9f673e,5965,train
db5caa0,5966,train
11dca95,5967,train
da4f24a,5968,train
5c38fae,5969,train
d6e067b,5970,train
c1feb27,5971,train
d07ec0b,5972,train
eb690f4,5973,calibration
867d224,5974,train
84bdfb7,5975,final_validation
fef8172,5976,train
a66aa56,5977,calibration
bcdbb5d,5978,selection
c863729,5979,train
4bcf5ca,5980,selection
1fdd140,5981,final_validation
de3c518,5982,final_validation
37af59a,5983,train
4f769e6,5984,calibration
2504d68,5985,train
660de82,5986,train
a08552e,5987,train
28f131b,5988,train
9074727,5989,train
cbc28c7,5990,train
42c494d,5991,train
4c8547d,5992,selection
8fc5a7f,5993,train
5e76217,5994,train
23ed908,5995,train
0b0f882,5996,final_validation
dcc7aa6,5997,train
e498c83,5998,train
05508b4,5999,train
14a193b,6000,train
042167f,6001,train
9540590,6002,train
23a874d,6003,train
b984bfa,6004,train
9168693,6005,selection
1072f17,6006,train
d26fc28,6007,train
eda2975,6008,train
7bc3b89,6009,calibration
acffb3c,6010,final_validation
84cf4d5,6011,train
0681136,6012,final_validation
2ee34f0,6013,train
a1c6553,6014,train
3d1a0fa,6015,train
0f6cdb4,6016,final_validation
a72a583,6017,calibration
3993eb1,6018,train
3f58f82,6019,train
b1460ba,6020,train
fde3769,6021,final_validation
5ceec09,6022,final_validation
cfceaa3,6023,train
2833cfd,6024,train
72e7f44,6025,train
83b5ab4,6026,train
db5bba2,6027,train
eb570a3,6028,train
43147af,6029,selection
d40f0dd,6030,train
dc8f531,6031,train
7fcc28f,6032,train
14cb817,6033,train
18df808,6034,train
cbee6a1,6035,train
5320672,6036,calibration
e36e85a,6037,train
2802c3d,6038,train
8b02a08,6039,train
12b0d0a,6040,train
6000f26,6041,train
6eafe43,6042,train
555645e,6043,train
212f8b4,6044,train
9060375,6045,train
20db990,6046,train
58b20f6,6047,selection
06cbce6,6048,train
e16b27c,6049,train
847b5c3,6050,train
62a744f,6051,train
3c9f409,6052,train
73c5c3d,6053,train
2ec5f1f,6054,final_validation
a2f716b,6055,train
74b9f2a,6056,calibration
a6e087b,6057,final_validation
2f76f40,6058,train
a5e4cbf,6059,train
8ee249b,6060,selection
8845fa8,6061,selection
6e86c83,6062,train
5d286e5,6063,train
655cb15,6064,train
7cc6127,6065,final_validation
dc31c99,6066,train
f2123ce,6067,train
6010267,6068,train
9062d8c,6069,train
7603cbe,6070,final_validation
c7ee763,6071,selection
db19681,6072,train
9569b39,6073,train
f1c3e51,6074,train
dba5c50,6075,train
2972937,6076,train
571ac5d,6077,train
3f3d61b,6078,train
d254bc7,6079,train
8152488,6080,final_validation
dc06527,6081,train
257c46e,6082,selection
da97203,6083,train
1ae83ab,6084,selection
a924b9d,6085,train
59a4420,6086,train
e0680f7,6087,train
9b8bb52,6088,train
5fec381,6089,train
491120f,6090,train
79e39c3,6091,final_validation
08f5a36,6092,train
6f7f3f7,6093,train
07309cb,6094,train
eede6b5,6095,train
a346bdd,6096,train
bd8bf56,6097,final_validation
27dce02,6098,final_validation
5e6ebf8,6099,train
8f6429a,6100,train
0cecb68,6101,train
6a0460e,6102,train
7e27e0f,6103,selection
cbc3627,6104,calibration
51865e0,6105,train
64867ac,6106,train
5bf3f75,6107,train
d4cbdec,6108,train
762cf74,6109,train
bed66bb,6110,train
d39dbc5,6111,train
f5aee10,6112,train
9139e3e,6113,train
60add36,6114,train
2787866,6115,train
1343a02,6116,train
f346b06,6117,train
45b937e,6118,train
71c9986,6119,train
75221d7,6120,train
86f34ea,6121,final_validation
44730c2,6122,train
63d1e92,6123,selection
d5fd4d3,6124,train
4332440,6125,train
5ab40d6,6126,train
9f5396a,6127,selection
cf8e39f,6128,final_validation
9ca1c60,6129,train
d7e7480,6130,train
3e19af4,6131,train
4dd2e34,6132,train
6a14c3d,6133,calibration
b592a97,6134,train
31530b2,6135,train
daf7282,6136,train
4711ef3,6137,train
f757267,6138,train
377cdc4,6139,train
3a153f0,6140,train
d3c55a0,6141,selection
c82d4bc,6142,train
1b0c156,6143,selection
9bef913,6144,train
9802055,6145,train
e88da5f,6146,train
9e6ccfe,6147,train
3f0f953,6148,train
6189c99,6149,selection
154f5c1,6150,train
618a932,6151,train
d5945d1,6152,train
b2e51f4,6153,calibration
a45719a,6154,train
38844bc,6155,train
2e56afa,6156,train
0e9a9d3,6157,train
32644d5,6158,train
8ec3d6f,6159,train
7a0e845,6160,train
3d10946,6161,train
b4b9ff0,6162,train
5cfbd1d,6163,selection
fc98949,6164,train
15b1360,6165,train
a9bd3cc,6166,train
837e94c,6167,train
23eb690,6168,train
764e06b,6169,train
f559aba,6170,final_validation
c065798,6171,final_validation
f07b408,6172,train
3d1f831,6173,train
fcf0ded,6174,train
efe2f52,6175,calibration
d35875f,6176,train
3348cd7,6177,selection
28e7f41,6178,calibration
b1bd0ec,6179,final_validation
665b527,6180,calibration
f2f9c27,6181,calibration
2bd315e,6182,selection
f206358,6183,final_validation
980f643,6184,train
428a9b9,6185,final_validation
fe78d5b,6186,train
59e5c22,6187,final_validation
c0c9b8d,6188,train
e3ea792,6189,train
18a40e7,6190,train
1f0e22b,6191,train
092ff4e,6192,train
2c3f197,6193,train
4e90694,6194,train
a54dbd6,6195,train
6051407,6196,train
0b3ab03,6197,train
e514043,6198,calibration
dc8b110,6199,calibration
2357683,6200,train
a7f84c4,6201,selection
d47f566,6202,train
a8a46d4,6203,train
c3bdabe,6204,train
80d54a1,6205,train
a62419e,6206,train
4562e98,6207,final_validation
f370958,6208,final_validation
790efcf,6209,train
c3c5c1c,6210,calibration
892da1a,6211,train
71e018b,6212,calibration
6efef30,6213,final_validation
ac4a293,6214,train
c4359fe,6215,train
ed5a05c,6216,train
79192bf,6217,train
fbccbda,6218,train
a67a151,6219,train
1798ecb,6220,train
b7108d5,6221,selection
8dfe413,6222,train
d24d888,6223,train
a73649d,6224,calibration
2633709,6225,final_validation
58f3ec0,6226,train
1c1d128,6227,train
101b994,6228,train
e9fd355,6229,train
6215c79,6230,train
4a7ce79,6231,train
7a4f314,6232,train
b835460,6233,train
f4add9c,6234,calibration
7e7ed1d,6235,train
f7ff7f5,6236,calibration
16b2a71,6237,final_validation
f03d8a5,6238,train
b768e96,6239,train
d4c76ab,6240,train
3419d3c,6241,calibration
e1db186,6242,train
ad553ad,6243,calibration
854619a,6244,train
f13a33a,6245,final_validation
2c2a9be,6246,train
25b184e,6247,train
8423af7,6248,final_validation
91c3f8d,6249,selection
1b23e99,6250,final_validation
d9d0ecc,6251,train
4049cd4,6252,train
9fa048b,6253,train
13dd74d,6254,calibration
314040c,6255,train
195da78,6256,train
52cd2c8,6257,train
add6dbe,6258,final_validation
6b29e4e,6259,train
c70b97c,6260,train
fc4ff7b,6261,final_validation
f48e2a1,6262,train
969034d,6263,train
e9fd6d0,6264,train
ffddf1f,6265,train
ee4f643,6266,train
8d7747d,6267,train
dee5040,6268,train
f690002,6269,train
cda1813,6270,train
7a163c8,6271,train
0c9e34e,6272,train
b82f899,6273,train
65c3dcd,6274,train
86f19d9,6275,train
015ac93,6276,train
bddf5ed,6277,train
3ef5d91,6278,train
802ed80,6279,final_validation
030b9ea,6280,train
351f9f9,6281,calibration
6ba80c5,6282,calibration
17bb4bc,6283,final_validation
6df9eae,6284,train
8a77302,6285,calibration
3418a39,6286,calibration
41c10b3,6287,train
b970805,6288,train
942f7ca,6289,final_validation
903ab17,6290,train
4d90197,6291,calibration
8289969,6292,train
68eb7fd,6293,train
e3f153e,6294,selection
165bbd7,6295,train
da8033f,6296,train
87a9424,6297,train
1bdcde3,6298,train
af2214c,6299,train
30ef32c,6300,final_validation
8306a62,6301,train
3feb2e6,6302,train
0bb0bc1,6303,train
51a76e8,6304,selection
8d7c140,6305,train
bc3cab8,6306,train
d09afb5,6307,final_validation
de9464a,6308,train
71aa653,6309,calibration
2ee3686,6310,final_validation
39a8344,6311,train
417000a,6312,selection
ebb6fff,6313,final_validation
23ac622,6314,train
2ba03f1,6315,calibration
4c41929,6316,train
1ff3b4f,6317,train
87f2c68,6318,train
9f0da63,6319,selection
c6b5ee2,6320,train
f4023d7,6321,train
0f8c21d,6322,selection
c6114f7,6323,train
69e9bd2,6324,train
884d01c,6325,selection
5800430,6326,train
6bddec6,6327,final_validation
8618ef2,6328,train
d0dfc29,6329,train
a3fec0b,6330,calibration
de78366,6331,train
d24acda,6332,train
d9a091f,6333,calibration
663ab69,6334,train
8197f4a,6335,train
06e25aa,6336,train
c30afa3,6337,calibration
de241d6,6338,train
bf07b8b,6339,selection
ea860f6,6340,train
61fc0e5,6341,train
eceead9,6342,train
7f3c6dd,6343,calibration
7a699e0,6344,train
3788995,6345,final_validation
bbfbe27,6346,selection
9dd4052,6347,selection
4509c10,6348,final_validation
3c82a94,6349,final_validation
8107605,6350,final_validation
2e619b0,6351,train
8ecb00d,6352,train
1608b25,6353,selection
691a37f,6354,train
ade13bf,6355,train
1c3d190,6356,selection
df8563d,6357,train
5cf885b,6358,train
062455d,6359,selection
0bb5c8c,6360,train
4ff021d,6361,calibration
a63b06d,6362,train
4ee68be,6363,calibration
61d1b5f,6364,train
b67f605,6365,train
fbb93e4,6366,train
e7a28b3,6367,train
535295e,6368,train
b09149d,6369,train
6c1d134,6370,train
a82cc2a,6371,train
2917d93,6372,train
9ab1d8e,6373,final_validation
f0f058a,6374,train
3380b17,6375,train
7256c38,6376,calibration
945612a,6377,train
905684d,6378,train
870b4ba,6379,train
1f7e64f,6380,calibration
d78d5c9,6381,final_validation
1872f71,6382,train
42ea1c5,6383,train
f1885bc,6384,train
f5ba92e,6385,train
bf09b3d,6386,train
9016294,6387,train
f8f1b6d,6388,selection
280a8d8,6389,train
2efbb29,6390,train
91f03ee,6391,calibration
744e5b8,6392,train
40d1fe4,6393,train
1747469,6394,train
6d869af,6395,train
b21b1dc,6396,final_validation
613b483,6397,selection
f1c44eb,6398,train
ec7f48b,6399,train
c5e21f4,6400,selection
cbbcc9f,6401,train
c4d54a6,6402,train
34296bb,6403,train
f1835d0,6404,final_validation
6ebd28f,6405,selection
40ff095,6406,train
bc187b0,6407,selection
583ae2d,6408,train
04575a9,6409,train
e51434c,6410,train
29fa226,6411,train
12ec7bb,6412,train
f03ad07,6413,train
7f5f56d,6414,train
d786da7,6415,train
ba68192,6416,calibration
7ba4828,6417,calibration
1ef816d,6418,train
ff8f5bb,6419,selection
acffe17,6420,train
c2333c4,6421,selection
d60b8b5,6422,final_validation
d2b91e5,6423,final_validation
dbd027f,6424,train
0e3c6eb,6425,train
bc15825,6426,train
fdd0ddc,6427,train
b2fea62,6428,train
6706804,6429,train
d7c9776,6430,calibration
9f13fa5,6431,train
541fe37,6432,train
6c209af,6433,final_validation
88bcf3f,6434,train
b27ae7c,6435,train
c6bcaaa,6436,train
d20dfa2,6437,train
966de07,6438,train
854c999,6439,train
6125d49,6440,train
1eff034,6441,train
b5d0ba1,6442,train
cd76853,6443,final_validation
1097d92,6444,train
9abea88,6445,train
9245d63,6446,train
2fc7982,6447,train
3735524,6448,selection
9a150e3,6449,train
a7a891d,6450,train
5f51576,6451,train
592eec0,6452,train
b8330aa,6453,train
537f4ef,6454,calibration
8c89d5d,6455,train
5a72fcc,6456,train
5071ba9,6457,train
3085037,6458,train
d100700,6459,final_validation
e8976d7,6460,train
f9ec677,6461,train
4b3357a,6462,final_validation
ab8f0aa,6463,train
164ffb9,6464,train
d046df0,6465,selection
9d4a923,6466,train
4a3b0dc,6467,selection
ab7926e,6468,train
eda0755,6469,selection
6d738b8,6470,train
7c4d4fa,6471,train
3e0eb38,6472,train
e376553,6473,calibration
ab500d0,6474,train
55d6e17,6475,train
300566e,6476,selection
4530e97,6477,train
264902b,6478,calibration
af85030,6479,calibration
664676c,6480,final_validation
6c22e4f,6481,train
363e205,6482,selection
0d91c5e,6483,final_validation
5a7d2db,6484,train
c0b989a,6485,train
a0d3aa1,6486,train
df1b408,6487,calibration
36351aa,6488,selection
2bca0d3,6489,train
e2d9a03,6490,train
754265b,6491,train
b5b6164,6492,train
a5456c7,6493,train
c954cd3,6494,train
29d8985,6495,calibration
7e89431,6496,train
a36d110,6497,final_validation
cf67ce2,6498,train
f7dfe14,6499,calibration
e067824,6500,train
b75a43a,6501,train
5b54ba3,6502,train
a7ec7ab,6503,train
c30d020,6504,train
15a509c,6505,train
6efb0f2,6506,selection
0066c7c,6507,train
3157b9b,6508,train
3c4f799,6509,train
abbcf44,6510,train
22c55c4,6511,train
3d04367,6512,selection
eb336b4,6513,train
4e0ef8e,6514,train
5018d4f,6515,train
5a867c7,6516,train
46ab8e9,6517,train
b9f4768,6518,calibration
1326f2f,6519,train
d83eb9d,6520,calibration
cdcc97e,6521,selection
4d00492,6522,train
1ccaa99,6523,final_validation
c625628,6524,train
9588686,6525,train
e85e962,6526,train
198070f,6527,train
b574b32,6528,train
c24566f,6529,train
5fc3237,6530,train
f850485,6531,train
ebce1a1,6532,train
077377d,6533,train
bef8748,6534,calibration
38740e0,6535,train
9583fe3,6536,train
f9b5eb6,6537,train
fa3ca97,6538,train
7a17b43,6539,train
a977730,6540,train
d10e15c,6541,train
a4a70c3,6542,selection
d80564c,6543,calibration
338612b,6544,train
bcd3585,6545,final_validation
6aec058,6546,train
a54e4af,6547,final_validation
e796771,6548,train
62b65c4,6549,train
2f3101d,6550,calibration
b5bca3c,6551,final_validation
d4db57e,6552,selection
a9fc13b,6553,train
f6d106f,6554,train
b57b6c9,6555,train
d7054db,6556,calibration
efd30c6,6557,train
9ad9ce8,6558,train
a8d35fd,6559,train
e52a741,6560,train
10ee01f,6561,final_validation
128dd5a,6562,selection
b4683aa,6563,train
3db22d6,6564,train
713dfda,6565,train
15dede4,6566,final_validation
2c1e68d,6567,train
4880189,6568,train
4866853,6569,train
25f55c7,6570,train
5a99050,6571,train
f6d3c54,6572,selection
ddeb7ff,6573,selection
9526e66,6574,train
a1de23c,6575,train
409ca29,6576,train
8615067,6577,train
3acd644,6578,train
d3b13b0,6579,train
5359db5,6580,train
29399d5,6581,train
ee674d3,6582,train
2f1c523,6583,selection
6953953,6584,train
161a6b4,6585,train
ab616aa,6586,train
07122f0,6587,selection
cd4cff6,6588,train
96a93ed,6589,train
74f76a7,6590,train
101ff6a,6591,train
5e1ddbf,6592,selection
7b2ab96,6593,calibration
71272ff,6594,train
f3d9d49,6595,train
de69117,6596,train
8141a69,6597,train
bc0bf87,6598,selection
d5a54e6,6599,train
919c02d,6600,train
2b29c21,6601,calibration
42721ba,6602,selection
7b73775,6603,calibration
ac6a5bf,6604,train
a840d69,6605,train
274d9d2,6606,train
985e46a,6607,train
7628f84,6608,train
63e3792,6609,train
6d25307,6610,final_validation
39dad84,6611,calibration
eea7072,6612,train
c63b3bc,6613,train
5e3312c,6614,calibration
fc1fe3c,6615,train
1c3aaf7,6616,final_validation
62369a8,6617,train
067d842,6618,train
5e2a283,6619,train
09df111,6620,train
51dc8d8,6621,train
0262618,6622,train
1a9cda1,6623,train
883fcc4,6624,selection
ad5a5d8,6625,train
096b178,6626,train
e8af119,6627,train
6ece30d,6628,calibration
49db5d5,6629,train
837b949,6630,train
5bd28b9,6631,calibration
cb7833a,6632,train
979bea4,6633,final_validation
65ea1b1,6634,train
72297fc,6635,final_validation
536477f,6636,final_validation
c9fd0a5,6637,selection
c85eac3,6638,train
4efc996,6639,train
8ba4781,6640,train
35852a8,6641,train
3ea421a,6642,final_validation
2809bd6,6643,train
b92304e,6644,train
d51b27c,6645,train
8a48d1b,6646,train
93d8870,6647,calibration
02d1c60,6648,train
6d7f8fa,6649,train
96ba96c,6650,calibration
59ed27b,6651,train
c949ffe,6652,final_validation
cc0bb04,6653,train
c540400,6654,train
cae9df8,6655,train
1baa473,6656,train
1853495,6657,train
2c73a1c,6658,calibration
caf6bec,6659,train
1cf05de,6660,selection
bd55fc0,6661,train
cf28308,6662,final_validation
8950f29,6663,train
581e044,6664,train
d69aff4,6665,train
dc712c0,6666,calibration
46a61ed,6667,train
27ec6d0,6668,train
88a0020,6669,train
b44e1e5,6670,train
1623c9f,6671,train
9b16e52,6672,selection
c37ca8b,6673,train
2a1adef,6674,train
dd90072,6675,train
ceed91e,6676,train
68b898b,6677,train
2254f30,6678,final_validation
dd001c4,6679,final_validation
a14214f,6680,train
cbcf284,6681,train
04a4c98,6682,train
1b7279b,6683,train
ecc8d90,6684,calibration
c18d19c,6685,train
d5530ac,6686,train
87e9e35,6687,train
b50562f,6688,train
949e0f0,6689,train
7b00fb7,6690,train
b74cb35,6691,train
e9be80d,6692,train
18cbfcc,6693,selection
ba5ac94,6694,train
9b76b36,6695,train
27f5975,6696,train
a28a827,6697,train
6f29499,6698,train
8893ad1,6699,train
b11d402,6700,final_validation
934d876,6701,train
ef5fa8f,6702,train
c93e9c5,6703,final_validation
75cc5b9,6704,train
078f997,6705,train
13e2ae4,6706,train
1d24933,6707,train
ccefbd7,6708,train
50cf267,6709,train
473f48b,6710,final_validation
fbee407,6711,calibration
ced362b,6712,train
3641b74,6713,train
bef8651,6714,train
9941ca3,6715,train
a30e5f6,6716,calibration
52fe408,6717,train
f27cd14,6718,train
881860a,6719,train
d763419,6720,train
5992dc7,6721,final_validation
6a13512,6722,train
1319f06,6723,train
71e37ee,6724,train
93f511e,6725,final_validation
d682dd8,6726,train
c94198e,6727,train
361d73f,6728,train
a1539c2,6729,calibration
04b354e,6730,final_validation
408b7f2,6731,train
fd5869f,6732,calibration
14c87c2,6733,train
3d64e68,6734,selection
416fcdf,6735,train
b1d8c2e,6736,train
10cd7ba,6737,train
c7d948c,6738,train
d90758e,6739,train
e840ce7,6740,train
377e36b,6741,final_validation
e02e34e,6742,train
f8db3e1,6743,train
db8d3d5,6744,train
359321d,6745,train
758b89c,6746,train
08519b2,6747,selection
6b6e638,6748,train
88c5fdb,6749,train
1f04460,6750,train
00ef89f,6751,train
37102dc,6752,train
9c16b65,6753,train
db90b66,6754,train
927c364,6755,train
730846b,6756,train
a3651c1,6757,train
ed339e2,6758,train
7549990,6759,train
ecdf554,6760,train
6b3ba23,6761,train
cd65096,6762,calibration
81a634b,6763,train
9d0baaf,6764,final_validation
ffc11a8,6765,train
fb27a3a,6766,train
03237a6,6767,train
5ac97a0,6768,selection
b6e35e4,6769,train
7ac5274,6770,train
5d47af5,6771,calibration
0670d67,6772,train
7b3945a,6773,train
ba4f6db,6774,train
f4cd58b,6775,train
5285dca,6776,train
6244328,6777,train
cfce9c8,6778,train
f9c92af,6779,train
076f000,6780,train
74b1690,6781,train
b35f2a2,6782,train
2a911f5,6783,selection
fda6f30,6784,train
2b4375b,6785,train
6ed1d58,6786,train
36d421c,6787,train
6f1773b,6788,train
1a1c096,6789,calibration
5c5ba80,6790,train
4e91ceb,6791,train
b13ce0e,6792,train
f9fde81,6793,train
08a4217,6794,train
ac51bff,6795,final_validation
3a0f754,6796,train
5a1f872,6797,final_validation
4334c97,6798,train
5272dd3,6799,calibration
97aea5f,6800,final_validation
0aba46b,6801,train
5ea741b,6802,train
5bbf0ed,6803,train
b4a2dd2,6804,train
44a5724,6805,train
9040279,6806,train
c9d4074,6807,train
7210183,6808,selection
e877365,6809,train
5147145,6810,train
78c3ec3,6811,train
b80fb5a,6812,train
0e495a2,6813,train
494d653,6814,final_validation
cc3a94c,6815,train
2a7d71d,6816,final_validation
be177ee,6817,calibration
64abb4c,6818,train
5711c2b,6819,train
6248e6f,6820,final_validation
58ec073,6821,train
f5d62cb,6822,selection
718bcde,6823,calibration
c09062e,6824,calibration
0d18ff3,6825,train
fc7710f,6826,train
651a702,6827,train
11ffe5f,6828,train
7f840dc,6829,train
d9cb2a4,6830,train
fd0ccb2,6831,train
3d95296,6832,calibration
e86e8a9,6833,calibration
98be7e6,6834,train
ce714ad,6835,train
4e0d5df,6836,calibration
0dff325,6837,train
158f63a,6838,selection
dd8656a,6839,train
b64c616,6840,train
59e32c9,6841,train
99d5f44,6842,calibration
b80669b,6843,train
a396a59,6844,train
0296469,6845,train
7739354,6846,train
535d764,6847,train
9d4e9b4,6848,final_validation
9f4432e,6849,train
d7d13df,6850,train
e7e0308,6851,train
7835426,6852,selection
bbc0087,6853,train
6c6eecf,6854,train
5a730aa,6855,calibration
3f8e2ac,6856,selection
6435496,6857,train
0ee0e5c,6858,train
f136e6c,6859,calibration
961baf8,6860,train
24ae08e,6861,train
ec6e134,6862,train
107c77b,6863,train
0bb7157,6864,train
cfe9cbf,6865,train
79705f2,6866,calibration
5791fc9,6867,calibration
7c47fed,6868,train
dbf00cf,6869,train
bfac718,6870,train
8371fe7,6871,final_validation
6b9a6c6,6872,train
e1490d1,6873,selection
8641177,6874,train
678d7d6,6875,train
70e622a,6876,train
3662bff,6877,selection
f0a82e3,6878,selection
bb0f3b1,6879,train
8f2c255,6880,selection
6073945,6881,train
72c14dc,6882,train
c7d73a4,6883,calibration
af8ac7c,6884,train
dd90728,6885,calibration
5ac9060,6886,train
5020b8d,6887,train
cda310b,6888,train
d4913bb,6889,train
82a598a,6890,train
e03444d,6891,final_validation
b16a4ce,6892,train
92a2621,6893,selection
fedc245,6894,calibration
50d3e20,6895,final_validation
aa9455b,6896,calibration
0616815,6897,train
eda1180,6898,train
cb202d1,6899,calibration
f4c3bdb,6900,train
9f91572,6901,train
3c24a62,6902,calibration
9fe8c87,6903,train
e6363da,6904,calibration
cb44d67,6905,train
a194df9,6906,train
82d0240,6907,final_validation
2bd6edc,6908,final_validation
9450130,6909,train
70509cc,6910,selection
4433232,6911,calibration
4fe1732,6912,train
c25501c,6913,train
627aaf9,6914,train
2f4c5e7,6915,train
0a07f07,6916,train
fb89c7e,6917,train
80c7166,6918,train
860fd6e,6919,train
7542726,6920,selection
9483182,6921,train
0d28420,6922,train
415914f,6923,calibration
7cef27a,6924,train
7ddb665,6925,final_validation
ff7020a,6926,final_validation
8a6ba9e,6927,train
e2cd1e4,6928,selection
780f29a,6929,train
228188e,6930,train
3aba100,6931,train
b0da884,6932,train
cf6c1cf,6933,train
bcbbbd3,6934,final_validation
9701060,6935,train
4a71171,6936,train
d712c51,6937,train
ff25a21,6938,train
d820a1b,6939,train
977e010,6940,train
96f54c8,6941,final_validation
056f9ed,6942,train
24e71c9,6943,train
0279487,6944,train
b29999d,6945,final_validation
3147bb8,6946,calibration
b9b8fea,6947,calibration
30c179a,6948,calibration
599dc3f,6949,calibration
f17b67f,6950,train
baa2f42,6951,calibration
10ca44e,6952,selection
bc3a92e,6953,train
feafaea,6954,train
680d445,6955,train
d09b772,6956,train
674d254,6957,calibration
a36cf12,6958,train
bc21ea8,6959,final_validation
b518165,6960,final_validation
2e3e13b,6961,calibration
e3f3a45,6962,train
0689c67,6963,train
50ed966,6964,train
bbe4b84,6965,train
8291f47,6966,train
83c8872,6967,train
e93b8c1,6968,train
0dd2328,6969,train
58c1bd1,6970,train
c4a89ac,6971,train
e61eb19,6972,train
434ddb5,6973,calibration
a673a39,6974,train
11160a7,6975,calibration
78ac23e,6976,train
55130fa,6977,train
860b60b,6978,train
7c3270a,6979,train
5cc9f66,6980,train
c647936,6981,train
7cf67d3,6982,train
b4322b4,6983,train
6692341,6984,train
cbff5cb,6985,selection
f3cbad7,6986,train
22bde71,6987,train
bcec1b9,6988,train
39115ab,6989,train
ca5a97d,6990,train
fb7e5d8,6991,train
c8cacc0,6992,final_validation
6865630,6993,calibration
e66f424,6994,train
bb7429d,6995,train
d4e0802,6996,train
b7ed507,6997,train
dbe3115,6998,train
36c3a79,6999,train
3b493e0,7000,train
6fe2b9f,7001,selection
42caf8b,7002,selection
0f820c4,7003,final_validation
e5ec49d,7004,train
390f734,7005,train
2a38aa5,7006,train
2b41dea,7007,calibration
27215d2,7008,selection
248162f,7009,calibration
9db4251,7010,train
8e87556,7011,train
1b56257,7012,train
608dab7,7013,train
25a717b,7014,train
44d8489,7015,train
6e0d125,7016,train
3739677,7017,train
bd4bdbf,7018,train
59101f7,7019,selection
e1f841c,7020,train
6aac645,7021,train
11a8058,7022,train
b0ea0e8,7023,train
072c8a3,7024,train
3fb5a5f,7025,selection
d7d0216,7026,train
0338170,7027,train
4e9354c,7028,train
55d7f9a,7029,train
1ae540b,7030,calibration
dcc56a5,7031,train
6a88483,7032,selection
4fbfc65,7033,calibration
80148ab,7034,train
75506d5,7035,final_validation
2b5d872,7036,train
1f4aec1,7037,train
e430494,7038,train
e4ca453,7039,calibration
0425a6e,7040,final_validation
b8299a4,7041,train
a45ebe3,7042,train
55b79be,7043,calibration
5c80a5e,7044,selection
7243ba1,7045,train
5d6a802,7046,selection
2d9dbe2,7047,train
65a56d6,7048,final_validation
2ba276d,7049,train
7f5780c,7050,train
ec9ef19,7051,train
08fb0fb,7052,train
22299e4,7053,train
2129e90,7054,train
c9459a1,7055,train
f6e43bc,7056,train
7e9871d,7057,train
2db3e5d,7058,train
f48c53a,7059,train
287d547,7060,final_validation
e1c6d96,7061,train
ac845ca,7062,train
d38aa66,7063,train
dc927cf,7064,train
790697f,7065,train
df32c3c,7066,final_validation
57c88d2,7067,train
fa115a1,7068,calibration
e7606cc,7069,final_validation
1d1b8dd,7070,calibration
6a52cf6,7071,train
3af343a,7072,train
9be4687,7073,train
3dcaf37,7074,final_validation
6508359,7075,train
a2cb039,7076,train
6a3b773,7077,final_validation
f3fd32c,7078,train
1a86ceb,7079,train
2a847b0,7080,train
17930b3,7081,train
d9cbe7f,7082,calibration
534e7dc,7083,train
af927c0,7084,train
0dd48cd,7085,train
02a7530,7086,selection
fa492e4,7087,train
9b51fc0,7088,train
cd6d09a,7089,final_validation
3b9e818,7090,train
962163b,7091,train
af0e18e,7092,train
11aee92,7093,train
c737af8,7094,train
3bbd49a,7095,train
fc72567,7096,train
5080e44,7097,selection
3e837e8,7098,train
0b23a57,7099,final_validation
499c208,7100,calibration
cd9cf36,7101,train
9e31ec8,7102,train
66762b6,7103,calibration
92eeb85,7104,selection
0e51031,7105,train
bfd1981,7106,selection
2a52391,7107,final_validation
3ca0f42,7108,train
2de78c5,7109,train
ebd19e1,7110,train
eeffdbf,7111,train
1a87f1c,7112,train
7b8e1ca,7113,train
e4b5afb,7114,train
cc2d280,7115,train
f6ccff9,7116,calibration
8a513f7,7117,train
ecc8665,7118,train
13caa1f,7119,train
a81b2e1,7120,train
69cdfba,7121,train
c711ade,7122,train
479c18d,7123,train
6555b9f,7124,train
9715113,7125,calibration
93ecd40,7126,train
51e9c41,7127,train
827c7de,7128,selection
e4020f0,7129,calibration
18621a8,7130,train
e0fd054,7131,train
1d5cd11,7132,train
56c1dfe,7133,train
deb4eb3,7134,selection
c10b9f2,7135,calibration
e4373b5,7136,train
822adb5,7137,final_validation
91300cb,7138,final_validation
41ff99a,7139,calibration
e06815a,7140,train
7802637,7141,train
7b6980b,7142,calibration
479771b,7143,train
af34318,7144,train
c6db974,7145,train
5d33f39,7146,selection
7fec8f4,7147,train
9acd11d,7148,train
089a7f7,7149,train
5c1f480,7150,train
3734dc3,7151,train
a00ba58,7152,final_validation
acda8eb,7153,train
4938e41,7154,train
9b852ba,7155,train
6cb0aab,7156,train
96e0a80,7157,train
f8502ab,7158,train
5abf3c2,7159,train
99e00e2,7160,train
1e44652,7161,final_validation
95b26a0,7162,train
a63a502,7163,train
8fa86e4,7164,train
b436485,7165,train
1064c41,7166,final_validation
37931dc,7167,final_validation
73aa6a7,7168,train
ecbdf77,7169,selection
282e565,7170,train
bfb3334,7171,train
91323e2,7172,train
b36d202,7173,train
15f29a6,7174,final_validation
68012ae,7175,selection
1b6388e,7176,calibration
2de483e,7177,final_validation
cce0c08,7178,train
60d442a,7179,train
e6ce72d,7180,train
5f920c0,7181,train
af29c9b,7182,selection
2444077,7183,train
acb6361,7184,train
80d9532,7185,train
9eb908c,7186,train
a201549,7187,train
3fe0efe,7188,train
c89cf64,7189,train
80b1f21,7190,train
2d75dd5,7191,train
efd13e6,7192,train
4bfbf8d,7193,selection
7855f61,7194,train
ad3c2f1,7195,train
c4dd60a,7196,final_validation
30d2268,7197,train
4408d03,7198,train
3e34984,7199,train
2e1430e,7200,selection
3581478,7201,train
65fc8bb,7202,final_validation
f0cae6d,7203,train
515891f,7204,train
7146020,7205,train
74aab02,7206,train
ee992fd,7207,train
802db86,7208,train
9fc4dab,7209,train
ab31560,7210,calibration
4afe849,7211,train
07c7556,7212,train
668f526,7213,calibration
eb04575,7214,final_validation
3abb6ee,7215,train
c35a9db,7216,train
62c2590,7217,final_validation
b98dd39,7218,train
1b3c850,7219,calibration
1b26302,7220,train
ad78cf2,7221,train
218c97f,7222,train
f60d685,7223,train
6980a5a,7224,train
1999c5d,7225,train
1fe9c77,7226,train
9a4d82b,7227,train
b463b68,7228,train
83f3017,7229,train
66ced2a,7230,final_validation
1bfefc4,7231,train
2941225,7232,train
5f12a6b,7233,calibration
7de9381,7234,selection
4cacca6,7235,train
dcc69b7,7236,train
aee6430,7237,train
1ccb947,7238,train
bc034fb,7239,train
4d03639,7240,selection
443c5e7,7241,final_validation
2c9eca0,7242,train
808ae03,7243,calibration
3a77919,7244,train
471269c,7245,train
61c8ddd,7246,train
8a4f77b,7247,calibration
4258514,7248,calibration
8431a92,7249,final_validation
3ea008d,7250,train
817914a,7251,train
56690c7,7252,train
2c81e5c,7253,train
2590aa5,7254,train
4b920ac,7255,train
7fec7af,7256,train
7c2dd03,7257,train
3605e2a,7258,train
bd72301,7259,train
f5c7dd4,7260,final_validation
11c2e4b,7261,final_validation
ad81c8e,7262,train
15dc957,7263,train
b4d82ca,7264,calibration
192d275,7265,train
21deec8,7266,train
7e86a5c,7267,final_validation
9e753f8,7268,selection
06c7ba1,7269,train
3118039,7270,train
a9e2391,7271,train
14a1792,7272,train
17e47df,7273,train
af2c054,7274,selection
fee0693,7275,train
5d3b6f8,7276,selection
adc8e8b,7277,final_validation
db6a373,7278,train
59fd54d,7279,selection
4c8d894,7280,calibration
c090ee2,7281,calibration
5f1fa9f,7282,calibration
29743cd,7283,train
007db64,7284,train
f882376,7285,train
ea57a9c,7286,train
a0d94f0,7287,calibration
1be4323,7288,train
f6cffab,7289,train
a7435de,7290,calibration
3818643,7291,train
3935ed0,7292,calibration
7173c41,7293,train
19e5a11,7294,train
3bf4a7e,7295,train
c117260,7296,train
4eb8e93,7297,train
04e00f8,7298,train
9b02a20,7299,train
3d0abd2,7300,train
9554d9a,7301,selection
07e7133,7302,train
302c03d,7303,train
dff9ecc,7304,calibration
02dabc0,7305,train
189e376,7306,train
788982e,7307,train
bf264d4,7308,train
da89a81,7309,train
a511e5c,7310,train
aedb3b2,7311,train
e47dbdc,7312,calibration
e564726,7313,train
fdfda85,7314,train
650449d,7315,calibration
fbd405f,7316,train
a6eb57e,7317,train
52dea19,7318,train
a0ba91c,7319,train
17a53e0,7320,train
1c45114,7321,final_validation
af570fc,7322,train
2027926,7323,train
2fd5e11,7324,train
da881e9,7325,selection
6df56fa,7326,train
f8d4a7b,7327,train
9241144,7328,train
2d1abb9,7329,selection
cbfd6dd,7330,train
4e2154b,7331,train
617c836,7332,train
20dda58,7333,train
2b6d2b7,7334,train
0087059,7335,train
b27eb8e,7336,calibration
3717326,7337,calibration
80461ae,7338,final_validation
21100ac,7339,train
032db9e,7340,train
e21cc71,7341,final_validation
70e2f22,7342,calibration
7a92d80,7343,train
14b486e,7344,train
e02219b,7345,train
2d95b14,7346,train
102db72,7347,selection
e59ae28,7348,selection
1ff02e8,7349,train
a8eb961,7350,train
edab83a,7351,train
2e4bd8f,7352,train
a9da167,7353,calibration
ec5396d,7354,train
21679eb,7355,train
5041370,7356,train
399c5b4,7357,train
f949ff3,7358,final_validation
ac972d8,7359,final_validation
e7f5218,7360,train
c43ffd8,7361,calibration
baeebc5,7362,train
9787d80,7363,selection
201eeec,7364,selection
bac3c69,7365,final_validation
bf718b2,7366,calibration
0c4ede2,7367,calibration
c5c1b30,7368,train
6e2d013,7369,selection
fc2d2e7,7370,train
26ad098,7371,final_validation
29338c6,7372,selection
ec84765,7373,train
6241fb7,7374,train
ad2558e,7375,calibration
8575877,7376,calibration
8ff1420,7377,train
60a7049,7378,train
08dac82,7379,train
685b699,7380,train
560237a,7381,calibration
f5fde5b,7382,train
c38c5d4,7383,train
eeb480d,7384,train
7d4c87d,7385,final_validation
d630b1f,7386,train
8efa809,7387,final_validation
176dd5b,7388,selection
be203c9,7389,calibration
5f5e59d,7390,train
0aec0b5,7391,train
bcd7018,7392,train
07cde52,7393,train
d79dfff,7394,train
69f77d8,7395,final_validation
a22327b,7396,train
f911b99,7397,final_validation
4a2adc3,7398,train
3868a3c,7399,train
d2fb7aa,7400,train
65c2a57,7401,calibration
0cae471,7402,selection
7e4ede0,7403,selection
9060cd6,7404,final_validation
dc3eff7,7405,final_validation
caba837,7406,train
62f12f9,7407,calibration
0d67d1f,7408,train
8048856,7409,train
1d62313,7410,train
a82e4d8,7411,train
38b605a,7412,final_validation
87c531e,7413,calibration
929161a,7414,train
d92b4de,7415,train
b739003,7416,train
05adbff,7417,train
b2c3f69,7418,train
b38b576,7419,train
1aa4ccf,7420,train
2eecc01,7421,train
83ece0c,7422,train
215999a,7423,train
b4e721a,7424,train
ebb75d5,7425,train
9fed850,7426,calibration
c2e134c,7427,final_validation
f711b4b,7428,selection
a1199c5,7429,final_validation
56d4f26,7430,train
49942e7,7431,train
da7968c,7432,selection
35e422a,7433,train
9fa7764,7434,train
7ddf11d,7435,final_validation
86828ea,7436,train
02b6da9,7437,calibration
5caa2b6,7438,train
25a9af8,7439,train
9901256,7440,train
7cdc02d,7441,train
414784d,7442,train
4ee39a8,7443,train
a5b3af7,7444,train
e44552c,7445,train
89ccf66,7446,train
2f8022d,7447,train
813c0d2,7448,train
ca6be42,7449,final_validation
0c88bb6,7450,train
47ccf06,7451,train
a58a003,7452,train
102d4b2,7453,train
e4eec93,7454,train
d2b8d68,7455,train
7c66fba,7456,train
0dba702,7457,train
58ce1cc,7458,selection
aa7230b,7459,calibration
e9dc2b4,7460,train
fd2de62,7461,train
aaea0e6,7462,train
9a09520,7463,final_validation
a909770,7464,train
0081f18,7465,selection
7bb751c,7466,train
9fac427,7467,train
0913268,7468,train
0e88742,7469,train
a5301b8,7470,train
9e1909b,7471,train
a6ac854,7472,calibration
ee76074,7473,selection
127b51e,7474,train
2e8fd2b,7475,train
98330f5,7476,train
323bd4f,7477,train
5e6a643,7478,train
f577114,7479,final_validation
c9068a7,7480,final_validation
4910896,7481,selection
d6ca3a3,7482,train
33cdec2,7483,calibration
0c6c628,7484,selection
62441fa,7485,train
8cf9d9a,7486,train
81748a3,7487,train
39b8a74,7488,train
61eaa75,7489,final_validation
660de37,7490,train
418f2bf,7491,selection
6f8a68e,7492,train
54b547a,7493,final_validation
bb05c80,7494,train
8078135,7495,final_validation
e4b94b2,7496,train
a3e01b5,7497,train
1cf90a1,7498,train
ca561e4,7499,calibration
dada74b,7500,train
7df2309,7501,final_validation
c2f04df,7502,calibration
0a494e5,7503,final_validation
8ee2877,7504,final_validation
02c0440,7505,selection
8fe730c,7506,train
e0ddf22,7507,train
6c5966a,7508,final_validation
866c9af,7509,train
7063170,7510,train
f50c103,7511,calibration
c137306,7512,train
9cac97c,7513,selection
6309f92,7514,calibration
8bd955a,7515,train
b235e94,7516,final_validation
ada370c,7517,train
4721465,7518,final_validation
e12095f,7519,train
c5ffba9,7520,train
158d50f,7521,train
de106b0,7522,train
5b0ae13,7523,final_validation
78aa0e3,7524,calibration
1fc5bd7,7525,train
790af05,7526,train
bbdf689,7527,train
7dcb253,7528,calibration
3933960,7529,train
d338bff,7530,calibration
2ece958,7531,train
0571af0,7532,train
0b4ecc7,7533,train
c6bc72e,7534,final_validation
a84d37f,7535,train
f37b2e6,7536,train
a7199db,7537,train
f1bd22f,7538,train
62ed79a,7539,selection
cf1e807,7540,train
29c2c2d,7541,train
84c84a8,7542,selection
084e848,7543,train
8a5813c,7544,train
abcd1c4,7545,train
d85ca40,7546,train
bd50091,7547,calibration
0d64085,7548,train
7b4925f,7549,train
b92df25,7550,calibration
fdee4f3,7551,calibration
ac8c2d6,7552,train
fc95fdd,7553,train
4fd22d9,7554,selection
033a27e,7555,final_validation
2929f3b,7556,train
95100d2,7557,train
8e99fb4,7558,train
94a91d5,7559,selection
702a56c,7560,train
0f560cf,7561,train
4a210f9,7562,train
e1f6a8f,7563,selection
d9d166b,7564,train
de8f65b,7565,train
c4f88c8,7566,train
3aea048,7567,final_validation
e28f77c,7568,train
b3093d6,7569,calibration
6858eb1,7570,calibration
6340303,7571,selection
56bf90e,7572,selection
78c4efe,7573,train
d513e3a,7574,train
84f8bd2,7575,selection
d15a4ad,7576,train
200d3eb,7577,calibration
b95f77e,7578,train
21b9c41,7579,train
fd6d95a,7580,train
f187667,7581,calibration
75e6161,7582,train
32e72b8,7583,train
265c64f,7584,train
80a8ff9,7585,calibration
b6dec37,7586,train
d5ff1e5,7587,train
23f9c2e,7588,train
50c43b3,7589,train
69128c4,7590,final_validation
f99cbc4,7591,train
cf2728d,7592,calibration
e83c954,7593,train
e74919c,7594,train
2d001ad,7595,calibration
2bb7f66,7596,train
01665d5,7597,final_validation
91b555c,7598,train
5948fc6,7599,train
3aea5c1,7600,selection
4536037,7601,train
2784f18,7602,train
b1b3814,7603,train
2148c4b,7604,selection
1ec6478,7605,train
f03682c,7606,train
5fcfe02,7607,train
6230b27,7608,train
657782c,7609,train
5e5dab1,7610,train
919db95,7611,train
9a70680,7612,calibration
54d26d4,7613,train
7f1b9d0,7614,selection
b465af2,7615,train
fd1db26,7616,train
c06faec,7617,calibration
4bc1b8b,7618,train
85f4d7b,7619,train
89cbdf8,7620,train
58212c0,7621,train
53bba22,7622,calibration
cfcc66d,7623,train
eafc6cc,7624,train
7c4e27f,7625,train
69769d8,7626,train
b2c6f69,7627,train
c44350f,7628,calibration
6c409c4,7629,train
d5149be,7630,final_validation
85333dd,7631,train
9e1a696,7632,train
20a1cb4,7633,calibration
a36a079,7634,train
8ec9dfa,7635,train
03ec474,7636,train
44c8550,7637,train
259ee08,7638,selection
a79a19f,7639,train
bcf9b57,7640,train
742bc2d,7641,train
b93c06a,7642,selection
edf05ec,7643,final_validation
62f4634,7644,train
f3ada95,7645,calibration
2747e79,7646,train
ae95a0c,7647,train
380aeda,7648,train
4fe9973,7649,train
e88655c,7650,selection
1100c54,7651,calibration
299d0f0,7652,train
895b8a3,7653,train
88403b0,7654,train
7aaa76f,7655,calibration
0b2a399,7656,train
9c50ac5,7657,train
1911daf,7658,selection
6285f83,7659,train
c1337a6,7660,train
ab12904,7661,train
64df225,7662,calibration
b47249c,7663,train
601be40,7664,train
3b20650,7665,train
a10b883,7666,train
f9bfb1e,7667,train
5b06e68,7668,train
656fd47,7669,train
40daf82,7670,train
38a36e7,7671,train
a361a02,7672,train
e4446a2,7673,train
6c4842f,7674,train
29388ff,7675,train
7cf88de,7676,calibration
191f22e,7677,train
3c81830,7678,train
b5822cd,7679,calibration
c3ec025,7680,train
d7e01ba,7681,train
2fd49c6,7682,train
eafb16c,7683,train
106d4c6,7684,train
2ee795c,7685,train
167f589,7686,train
3a70d68,7687,calibration
bbc22db,7688,train
1db605b,7689,train
f5860f8,7690,train
dfa0ecd,7691,train
b11b1af,7692,train
d0747b6,7693,train
babf897,7694,calibration
0870d64,7695,train
e530376,7696,selection
9de090c,7697,train
14174ed,7698,train
63caf95,7699,train
01bb2f3,7700,train
7683eee,7701,train
dd170f2,7702,selection
64f2611,7703,selection
c6baf8a,7704,train
2f2ac3d,7705,train
4fe07b6,7706,train
d2d423b,7707,train
213de64,7708,final_validation
2c7d7f3,7709,train
dc13e1b,7710,final_validation
41fa076,7711,train
acaec30,7712,train
089b9f0,7713,train
9c46b2d,7714,calibration
33bd296,7715,calibration
bf967d9,7716,train
03194a0,7717,final_validation
21662c7,7718,train
80f0b1c,7719,train
3324df9,7720,train
0dc6aae,7721,train
cbfb6ff,7722,train
1edf4db,7723,calibration
93fe2af,7724,final_validation
bebb184,7725,calibration
4546ec3,7726,train
6282dfe,7727,train
db2d113,7728,calibration
1b58c10,7729,train
2d8bc0e,7730,train
784d732,7731,final_validation
aa30a4b,7732,calibration
24e61ae,7733,train
03705ca,7734,train
45a316a,7735,train
795e183,7736,train
7b48329,7737,train
5e64b9b,7738,selection
136fadf,7739,train
48c70fe,7740,calibration
ae0c1d5,7741,train
1c4c81e,7742,final_validation
a38da1b,7743,train
74b7fb1,7744,train
e2915cd,7745,train
1315576,7746,train
b6a4f1d,7747,train
7f6ca15,7748,train
5874c46,7749,train
b6f265c,7750,calibration
495a06b,7751,train
8e514da,7752,calibration
a8b26b9,7753,train
a943ebd,7754,final_validation
2d25ccf,7755,selection
7d7c32f,7756,calibration
5ff1aa5,7757,train
4afa8b6,7758,calibration
c3da063,7759,train
2bd6a10,7760,selection
1c56823,7761,train
ddc4ddf,7762,train
4442f3c,7763,train
734354a,7764,train
7c28fb0,7765,train
09c0506,7766,train
7663e9d,7767,train
daad9d6,7768,train
e1b3de4,7769,train
a6db438,7770,train
0607ed1,7771,train
bffde1f,7772,train
13d0391,7773,train
8dbc20e,7774,selection
138da74,7775,train
2e676b6,7776,train
f61a159,7777,train
284c676,7778,calibration
7e01920,7779,train
e03ff2a,7780,train
47da28b,7781,train
178f445,7782,train
6755e88,7783,calibration
fa3ec06,7784,train
f0b0ed0,7785,train
b861ada,7786,final_validation
4ba65c3,7787,train
07cd836,7788,train
12ad17a,7789,train
9163d1f,7790,train
75bb61f,7791,train
b5937a4,7792,selection
db325fc,7793,train
21958fc,7794,final_validation
dd03fb4,7795,train
d3557e5,7796,calibration
e686134,7797,final_validation
dc1426e,7798,train
e97a9f5,7799,train
1e5bfd5,7800,train
9a46d11,7801,selection
2cfa990,7802,train
9e1754d,7803,train
9bcbd42,7804,final_validation
a28c0ab,7805,train
77e5e0d,7806,train
61e1ab3,7807,final_validation
33071db,7808,train
de61739,7809,train
6584f28,7810,train
d5e9a58,7811,train
10aea63,7812,train
e4f2929,7813,calibration
c9299e8,7814,train
f7ca7e4,7815,train
f6ccd35,7816,train
4151723,7817,train
5bb00d7,7818,train
3c23544,7819,train
61d399c,7820,train
1ef1180,7821,selection
cd7ffd1,7822,train
fe0917e,7823,final_validation
333d99e,7824,train
cca4654,7825,train
c0d358b,7826,train
34f8227,7827,train
421b60f,7828,final_validation
77de1a5,7829,train
b3f07d4,7830,selection
8bedd80,7831,final_validation
f5a3527,7832,train
91d444b,7833,train
5579f11,7834,train
dc0c0e4,7835,train
9040045,7836,train
6b816ad,7837,train
7e072ba,7838,calibration
8db93a2,7839,train
f96293b,7840,train
374a74c,7841,selection
a99524d,7842,train
f035da5,7843,train
eaea4c1,7844,train
a98bccc,7845,calibration
6b02148,7846,train
e42ebd1,7847,selection
ece25d4,7848,train
4b50f50,7849,train
e4185ae,7850,train
f710362,7851,train
ed29ba5,7852,train
6324de9,7853,train
df8ac51,7854,train
b7da861,7855,final_validation
e8deb0e,7856,train
14c579b,7857,final_validation
6e6ea11,7858,calibration
c1e7446,7859,final_validation
8df4b84,7860,train
8fca85d,7861,final_validation
4270df5,7862,train
ed327ab,7863,train
47f4d37,7864,train
83c3db4,7865,calibration
4d4f171,7866,train
3c29492,7867,train
54f8ee6,7868,train
37dc455,7869,selection
7132e94,7870,train
9a6aefa,7871,train
26d36e5,7872,calibration
49b0696,7873,train
99e65f8,7874,final_validation
4e8a2eb,7875,calibration
c433787,7876,train
5517825,7877,train
c83eee5,7878,train
fb8de51,7879,train
0edb7ff,7880,train
a257c6b,7881,train
290c870,7882,train
ad07e4b,7883,train
dde38cc,7884,train
caf6416,7885,train
f1a13ac,7886,train
e04cf83,7887,train
5b65fad,7888,train
eb419a8,7889,final_validation
43a5fd6,7890,train
f391354,7891,train
20db8b2,7892,train
c331692,7893,train
9f7b5da,7894,final_validation
2557bb7,7895,calibration
1083f35,7896,train
60b34ba,7897,final_validation
489e52a,7898,train
0b153d1,7899,selection
c0d1832,7900,train
7b00389,7901,train
b1515f1,7902,train
1a26c65,7903,train
b81815a,7904,train
bbfa079,7905,final_validation
8784f93,7906,train
3916a44,7907,final_validation
1ba50c1,7908,train
efd6465,7909,calibration
d136a52,7910,train
ea9b94d,7911,train
1ef2f49,7912,train
1af7afc,7913,train
8a56381,7914,train
d6d654f,7915,train
f180e09,7916,final_validation
0e02ecd,7917,train
a9f0b6b,7918,train
f81d850,7919,calibration
8af588a,7920,train
2bbf923,7921,train
4837056,7922,train
9ff5651,7923,selection
4105c60,7924,calibration
e572cf7,7925,train
898e566,7926,train
1f06856,7927,train
48907d1,7928,selection
5531c2d,7929,train
e7b77a5,7930,train
f2b3076,7931,train
33f9c31,7932,final_validation
00fd564,7933,calibration
b0c2363,7934,train
faf6ad9,7935,train
fea6ee2,7936,train
8a50bce,7937,train
e7829cd,7938,train
80a6291,7939,final_validation
363d99c,7940,train
8145b0e,7941,calibration
84d7c0e,7942,train
35c1b10,7943,calibration
a9e55ea,7944,calibration
9cd87c2,7945,train
7b83f05,7946,train
3def10f,7947,train
94950c1,7948,train
8fa96ed,7949,final_validation
cf6eebc,7950,train
c11f2f6,7951,train
271dcfb,7952,train
232fafd,7953,train
a4b330d,7954,calibration
85cd3d9,7955,train
4a1a43f,7956,train
08cec1d,7957,selection
5bdedc7,7958,train
e81b491,7959,calibration
28ebecb,7960,calibration
256734b,7961,train
bb15869,7962,train
1b68c4b,7963,train
b2ce49b,7964,train
f810a4f,7965,train
1d3853c,7966,train
b606f8d,7967,train
54772a9,7968,train
67f1eb9,7969,train
474c621,7970,calibration
3a41205,7971,train
8efd892,7972,calibration
e5d23e9,7973,train
f87fdcb,7974,calibration
decd887,7975,final_validation
ddd2a8a,7976,train
fb794cf,7977,final_validation
94f1fce,7978,final_validation
11fb07e,7979,train
243e03f,7980,train
874375a,7981,train
f41e6d1,7982,train
bf041d5,7983,train
7924343,7984,train
9fc5125,7985,train
6372aa0,7986,train
c96c6d7,7987,final_validation
9f83cbf,7988,train
9457870,7989,train
21a8d76,7990,selection
4f7fcd0,7991,train
429a441,7992,final_validation
64084ea,7993,train
20ec8b0,7994,train
0af2d2d,7995,train
35edf9f,7996,train
b5f6a6e,7997,train
76506c9,7998,train
aa8946d,7999,train
6a5a5ad,8000,calibration
c34b128,8001,train
cbd49f8,8002,train
0aa8caf,8003,train
48ba8f5,8004,train
d467bb2,8005,train
d1914a2,8006,train
62b0410,8007,train
7bb3a15,8008,train
e3bcbd1,8009,train
6c9aebf,8010,train
afb3938,8011,final_validation
d46b685,8012,train
5284dea,8013,calibration
9c43336,8014,train
831d17e,8015,train
0c61969,8016,train
8aadd66,8017,train
be4fdc7,8018,train
2cf8c75,8019,train
1af0ccd,8020,train
06cb1df,8021,train
08407fe,8022,selection
d356dc9,8023,train
370df5f,8024,calibration
4b10de1,8025,train
7f540a5,8026,train
6f65bbb,8027,train
a93921c,8028,calibration
1f71276,8029,calibration
176fce7,8030,train
682b513,8031,train
89e732c,8032,train
e063914,8033,final_validation
719595f,8034,final_validation
ef7fe09,8035,train
79504b3,8036,train
f30a2b1,8037,selection
81d143e,8038,train
8e7cce2,8039,train
ac3fdcc,8040,calibration
3dcd7e8,8041,train
c3208b3,8042,train
862b7d7,8043,train
fecaec0,8044,train
f6e0319,8045,train
b83cb77,8046,train
3bc1052,8047,train
75d4b67,8048,train
127e739,8049,train
2389ddc,8050,train
17a6ac5,8051,train
29b9ef3,8052,train
f705868,8053,train
c6392b4,8054,train
ad10d41,8055,train
99dedf4,8056,train
a17bd04,8057,train
706d693,8058,train
d4aaa2a,8059,train
34e6274,8060,train
39a0218,8061,train
9680a60,8062,train
9b6c2ce,8063,train
d286ab2,8064,train
cf0e733,8065,train
9e49aed,8066,selection
7736d47,8067,train
c4deb2e,8068,calibration
4104399,8069,train
f628167,8070,train
9f181dc,8071,calibration
07dd0fd,8072,train
66209d0,8073,train
a99ca12,8074,train
deaf9d5,8075,train
9dcd73c,8076,train
11ab02b,8077,selection
40aedc0,8078,train
7bb7223,8079,selection
66de556,8080,train
c8948b3,8081,train
a0b35e6,8082,final_validation
5edf56a,8083,train
f05fbc1,8084,train
9bcf360,8085,final_validation
8e5c3ce,8086,train
383e230,8087,train
f53d743,8088,train
3f15b98,8089,train
50abc78,8090,train
b1dea4b,8091,train
27c0af1,8092,train
845ae54,8093,train
3168ef6,8094,final_validation
df22b27,8095,train
f8fe1ca,8096,train
b1b6428,8097,selection
f897850,8098,train
952fed2,8099,selection
94428a2,8100,selection
439e4a1,8101,train
62b41a7,8102,final_validation
03ae0c4,8103,train
c4adfd0,8104,train
f3c5fdd,8105,train
4f584fc,8106,train
f733076,8107,train
43d40a3,8108,train
3a481f7,8109,train
a82eb41,8110,train
c860efb,8111,calibration
504d063,8112,train
efa3c2e,8113,selection
45a5be8,8114,train
bce6378,8115,final_validation
bc2c839,8116,train
82ffec5,8117,train
db1689b,8118,train
07e96aa,8119,train
5730f65,8120,train
2b057fb,8121,train
f7c1419,8122,train
e05e602,8123,train
841c5f6,8124,calibration
bca97ce,8125,train
56ecb8f,8126,train
b051cda,8127,train
b5dda6c,8128,train
c7e5b0f,8129,train
f3b8391,8130,train
4b2ae1b,8131,train
1bd1109,8132,train
0033037,8133,selection
317fa74,8134,selection
8a64697,8135,train
f0d879d,8136,calibration
a510e35,8137,train
6c80131,8138,train
dda125c,8139,calibration
8a26294,8140,train
3e92243,8141,calibration
583a1a6,8142,calibration
d878b34,8143,train
d43535e,8144,calibration
49e78be,8145,final_validation
8cd41e6,8146,train
cc77365,8147,final_validation
ce0be14,8148,selection
213fc89,8149,final_validation
4a1beff,8150,train
2d6ecf2,8151,selection
2736215,8152,train
b27e01b,8153,train
61829ce,8154,selection
d1f55bc,8155,calibration
ee1e9a5,8156,train
9e6ea7f,8157,calibration
8de8114,8158,train
94d4c0f,8159,train
bfdd088,8160,calibration
eb6d8fc,8161,selection
3d68e8b,8162,train
5446002,8163,train
ce81872,8164,train
5e9c6d0,8165,selection
ab4898e,8166,train
c097714,8167,final_validation
8bddae6,8168,calibration
fed700f,8169,selection
72d06e4,8170,train
85efad1,8171,train
ca5625f,8172,train
4fdc11e,8173,train
88eed90,8174,train
6fe4eb5,8175,train
3fd3ab7,8176,train
6ead7d4,8177,train
7b5cdd2,8178,train
eaf9b82,8179,train
e3fa7fd,8180,train
64e3c99,8181,train
77e4a63,8182,train
0f3483e,8183,train
a468634,8184,train
687f32e,8185,train
ae3994d,8186,train
941fc37,8187,selection
d926aa2,8188,selection
f33de44,8189,train
545a0f3,8190,selection
9e404d4,8191,train
24af377,8192,train
a52b535,8193,selection
2059452,8194,train
358bc70,8195,train
1e1d55f,8196,final_validation
2b83b27,8197,train
4da0062,8198,train
d8a2b0d,8199,train
4653b67,8200,train
717fb16,8201,train
def966f,8202,final_validation
29ce267,8203,calibration
273ea57,8204,train
b6779d5,8205,calibration
d65c27e,8206,train
305a4e4,8207,train
11f89ce,8208,train
6418384,8209,final_validation
3786747,8210,train
7d1829d,8211,train
289b64b,8212,train
cef65f8,8213,final_validation
e939170,8214,train
a8c0065,8215,train
9489333,8216,train
32f232d,8217,train
fb4c732,8218,final_validation
32f9b1d,8219,train
02da02a,8220,train
ab2b805,8221,train
5be63fc,8222,train
085f158,8223,train
62b94ff,8224,train
c4f0bd2,8225,selection
35666d3,8226,train
bc5e602,8227,train
01c46fa,8228,calibration
31ea4a0,8229,selection
c4d222a,8230,train
2101c39,8231,selection
f7fcd15,8232,selection
7b76d55,8233,selection
2606925,8234,selection
e57c038,8235,train
849dd76,8236,train
50cf7e6,8237,train
75a6339,8238,train
fd45453,8239,selection
ac53aed,8240,train
f92d35c,8241,selection
69e2cdc,8242,calibration
4d6b8ea,8243,train
4ceefe6,8244,train
a83b54b,8245,train
ce5f251,8246,selection
d48339a,8247,final_validation
11b679d,8248,final_validation
d88f3fc,8249,train
846d2a2,8250,final_validation
78e7a3f,8251,final_validation
d656985,8252,train
76b2040,8253,calibration
d67d2c2,8254,train
27d745e,8255,final_validation
1a10d27,8256,selection
3982990,8257,selection
a0e10ae,8258,final_validation
d16503d,8259,calibration
98f995a,8260,train
a1fc67f,8261,final_validation
58ca596,8262,train
6cc889f,8263,train
7cb7c5e,8264,train
9b358e5,8265,final_validation
9981ce3,8266,final_validation
01a39ed,8267,train
55ac220,8268,final_validation
795e021,8269,train
e5d4c5d,8270,train
877914b,8271,train
1a5babf,8272,train
8009260,8273,final_validation
236f38c,8274,selection
a82df4d,8275,train
953f9ef,8276,train
1582312,8277,final_validation
5aa769f,8278,selection
4889825,8279,train
6951784,8280,train
8500af6,8281,train
621d3f0,8282,train
8cf6d8b,8283,final_validation
2542bb4,8284,selection
29f91ca,8285,final_validation
adf8adf,8286,train
8096d1d,8287,train
ad8b905,8288,train
2c5f6ae,8289,final_validation
a501ce4,8290,final_validation
ce2e7ba,8291,selection
3d0cbc9,8292,train
ab490fb,8293,train
6b97c5f,8294,train
6588df5,8295,selection
d552343,8296,train
560cfe8,8297,final_validation
a815b01,8298,train
860245a,8299,selection
79ecfd6,8300,train
2a36c77,8301,train
bf738fe,8302,calibration
a6c22d2,8303,train
e9f6b71,8304,train
3f19352,8305,final_validation
2b7513d,8306,train
c62bfaa,8307,train
3906f96,8308,train
5993357,8309,train
3fe4901,8310,train
3832cfe,8311,train
d2d6be7,8312,train
930d1c2,8313,train
1b6c945,8314,calibration
f59a340,8315,train
1f28e13,8316,train
7b6d1f8,8317,train
4c1ae2c,8318,train
5149fd3,8319,final_validation
e203c24,8320,train
59222be,8321,calibration
108d15e,8322,selection
be12d44,8323,train
d1b5929,8324,train
c8019ba,8325,train
98bf596,8326,train
9a57298,8327,train
f30ae24,8328,train
183678c,8329,train
68a22c3,8330,train
1f78438,8331,train
38d7876,8332,calibration
9b13fdc,8333,final_validation
27d8c7f,8334,final_validation
c83f4c0,8335,train
c753797,8336,train
8a3c5fd,8337,train
f808998,8338,train
ba2b771,8339,final_validation
c96e9d6,8340,calibration
fcac377,8341,selection
5a8d9b6,8342,train
288c02f,8343,train
e96d264,8344,train
868ce52,8345,train
b6a062f,8346,selection
b4bab3d,8347,train
50fa26f,8348,train
a4801ba,8349,train
63ca7f6,8350,train
7a87575,8351,train
9140a3a,8352,train
c0b28c2,8353,selection
fda9df8,8354,train
435a100,8355,train
1f06ef4,8356,train
8193171,8357,train
36fd5ae,8358,train
14a8933,8359,train
3b9a570,8360,calibration
688b494,8361,train
645d471,8362,calibration
6d69401,8363,train
60ebb07,8364,train
87a984f,8365,selection
9a5e60c,8366,final_validation
e849943,8367,train
a93459e,8368,train
f5a6bfe,8369,train
2ae8014,8370,train
ade71b5,8371,train
b7c4c75,8372,train
56ae3e1,8373,train
94d977e,8374,selection
f2b690b,8375,selection
9d7bddd,8376,train
a068742,8377,train
6e29395,8378,train
07c48b4,8379,train
436c83d,8380,train
7784a34,8381,final_validation
9176404,8382,selection
3f57bee,8383,train
5e9ef47,8384,train
93f09b0,8385,final_validation
036e19b,8386,final_validation
f5e157f,8387,train
e0c94eb,8388,train
7c8c746,8389,calibration
ad267b2,8390,calibration
ce34d62,8391,train
63e0593,8392,train
7fe5930,8393,final_validation
badc888,8394,calibration
e6631d0,8395,train
0f967f0,8396,train
e3b538f,8397,final_validation
400b44f,8398,train
e4ba378,8399,train
f0cf383,8400,train
746e6d5,8401,selection
04ea96d,8402,train
83b20db,8403,train
52bab68,8404,train
a361772,8405,train
4af15c8,8406,train
df2acd5,8407,train
3c13b79,8408,train
603df6a,8409,train
a06da16,8410,train
b71d27f,8411,train
a7407bc,8412,train
c29eca8,8413,train
85f8412,8414,train
362d18f,8415,final_validation
1e23fee,8416,train
05592d5,8417,selection
05ae003,8418,selection
ad980d6,8419,train
f6aceb4,8420,train
10698ad,8421,train
867bdc0,8422,train
9aaf6d5,8423,train
f6de3e7,8424,selection
ce2ef24,8425,train
c6694d5,8426,calibration
a431cea,8427,train
dc50ee0,8428,selection
dc77aca,8429,calibration
b36ff44,8430,train
819ef1b,8431,calibration
3e9dcd5,8432,train
ed8e7cc,8433,train
56b9a21,8434,train
1fa1932,8435,train
cbd5c1b,8436,train
a157ef0,8437,train
7a20045,8438,train
f81b391,8439,train
a993de4,8440,selection
66e9092,8441,train
bc56baf,8442,train
7242039,8443,train
57f53f2,8444,train
747c708,8445,final_validation
a55a0fd,8446,train
9c2e29d,8447,train
35e2bbc,8448,train
451c89c,8449,train
23e30c0,8450,train
3dd7796,8451,train
9476b21,8452,train
7bd14db,8453,train
b2317e0,8454,calibration
888ed54,8455,selection
eb8e2fd,8456,selection
3272cf9,8457,train
0e680b3,8458,calibration
3f488c7,8459,train
494c3eb,8460,train
a8c1526,8461,train
bc58d4b,8462,selection
564b781,8463,selection
aacafda,8464,final_validation
dcda789,8465,train
ab47cd1,8466,train
d54478f,8467,train
c76391f,8468,selection
21f5006,8469,train
04f1fc3,8470,train
9d66f87,8471,train
798836c,8472,train
1085eef,8473,train
b6994cb,8474,train
3256f36,8475,train
e6605dc,8476,train
c9b67ff,8477,train
e5a7bcf,8478,train
02a9d14,8479,final_validation
039e817,8480,train
268cbfc,8481,train
34ee1a0,8482,train
588a4ce,8483,selection
7fd2d14,8484,train
b5f3117,8485,train
d4bee32,8486,train
f2a6de4,8487,final_validation
97da44f,8488,train
27e50f2,8489,final_validation
8a844ca,8490,train
bcb9d79,8491,calibration
da3c348,8492,train
b595104,8493,train
8c820ae,8494,train
492ece5,8495,train
b9c57fb,8496,train
32090e3,8497,train
e5e6810,8498,train
b670f65,8499,train
a657a2a,8500,train
a994c0b,8501,calibration
62c1262,8502,train
03fb253,8503,final_validation
2e37b89,8504,final_validation
3905809,8505,train
6db09d8,8506,train
1abf7b9,8507,train
5b3b31a,8508,train
5f7439b,8509,train
b7346f8,8510,calibration
10e0b91,8511,train
929dbaa,8512,train
034dbcf,8513,final_validation
e7f598c,8514,train
607cd44,8515,train
7162eb1,8516,train
dd43506,8517,train
52ec23c,8518,train
9a04aa2,8519,calibration
413d044,8520,final_validation
9806479,8521,final_validation
791384e,8522,train
cd7941c,8523,train
d5a2731,8524,train
9382923,8525,train
a25d61b,8526,train
d17e84c,8527,final_validation
ebe5148,8528,train
dbf756e,8529,calibration
98e7f31,8530,final_validation
5d843d0,8531,train
c801518,8532,train
b106e35,8533,train
1af5f9b,8534,train
784933d,8535,train
b2f2659,8536,calibration
d8d429b,8537,train
5acd760,8538,train
64e9501,8539,train
a698bb4,8540,train
385790a,8541,calibration
56b0da9,8542,selection
1f07cb9,8543,train
471ba4e,8544,train
27be78b,8545,final_validation
8525a80,8546,train
5a9f2f4,8547,train
dae56ee,8548,train
546556b,8549,final_validation
db2e4b6,8550,calibration
2f7eae5,8551,train
8552d2d,8552,train
772bf01,8553,train
af44b3f,8554,train
32ad275,8555,train
5ed59c1,8556,train
471f8d3,8557,train
2a70d56,8558,train
38321da,8559,train
1d287cc,8560,train
538f361,8561,train
00b3311,8562,train
f8af013,8563,calibration
255a2a4,8564,train
96d1a1b,8565,train
8e56db9,8566,final_validation
3417267,8567,selection
1731db0,8568,train
134b993,8569,train
6fb25b4,8570,train
2336577,8571,train
13b6591,8572,train
aa71931,8573,final_validation
2e10f49,8574,train
7edcf9f,8575,train
8ab44d2,8576,final_validation
89a47b1,8577,train
dbc3874,8578,train
f273998,8579,train
1c030ff,8580,train
a5f1644,8581,calibration
ca5cb31,8582,train
3261155,8583,calibration
505f901,8584,calibration
9a18591,8585,train
bc873a6,8586,train
71c4a6d,8587,train
0d190c0,8588,train
e146891,8589,train
551b7f5,8590,final_validation
6c353b6,8591,train
244587b,8592,selection
1ddd510,8593,train
90cc6f8,8594,train
e6ec16d,8595,train
22a5954,8596,train
d258cb9,8597,train
ffa77dc,8598,final_validation
09763fb,8599,calibration
38ca5e0,8600,train
471cd36,8601,calibration
2438f66,8602,calibration
aab740b,8603,train
9c1ed5d,8604,train
66e4d49,8605,calibration
e15385d,8606,train
433d0c2,8607,train
9acc5ac,8608,train
8236b4f,8609,train
bc412ca,8610,train
974d35e,8611,train
7d943e5,8612,final_validation
b5d9d54,8613,train
da5a58b,8614,train
db27efe,8615,train
2e99f1e,8616,train
0bf03a7,8617,train
6bd3ac7,8618,train
e036358,8619,train
ed032be,8620,calibration
5ba51c8,8621,train
1374736,8622,train
c370ff5,8623,train
a381193,8624,calibration
31f70db,8625,train
4f796a7,8626,selection
d204dcb,8627,calibration
2e8c47c,8628,train
c48a5bd,8629,selection
0b059bd,8630,train
6539b8d,8631,train
27d8ecd,8632,calibration
aebe3cb,8633,train
898bf33,8634,final_validation
6edf6de,8635,train
19382b5,8636,train
51c9e95,8637,train
19d2d0a,8638,train
2cf20ff,8639,train
d41c23e,8640,train
d9f36b2,8641,selection
1cd0bbb,8642,train
4f28605,8643,train
d3c0cb9,8644,train
0a834e9,8645,train
758520e,8646,train
dc0a3e8,8647,calibration
059f496,8648,final_validation
6263477,8649,calibration
b87a989,8650,selection
b09dfdd,8651,train
e02b84d,8652,final_validation
eddab2b,8653,final_validation
357c8cc,8654,calibration
7edd874,8655,train
5ffa1fa,8656,train
bdabc83,8657,calibration
e50e799,8658,train
5d31922,8659,calibration
8439c0e,8660,train
833c539,8661,train
5225ffc,8662,train
27e7609,8663,calibration
a1f1050,8664,train
a962a05,8665,train
80ea52e,8666,train
a2c2911,8667,train
fad3429,8668,train
4ab8bc1,8669,calibration
60b1652,8670,final_validation
fbc6a12,8671,train
5288e6f,8672,calibration
c6b85ec,8673,train
84119fd,8674,train
8ee7f5f,8675,calibration
d4ba980,8676,train
74b325a,8677,selection
95b6395,8678,train
87dfa93,8679,train
3785d1d,8680,calibration
441ba57,8681,train
f5cc0f2,8682,selection
9465a3e,8683,train
b4dfa5c,8684,train
22e1e7a,8685,train
24ff191,8686,train
5500c06,8687,train
0b53b04,8688,train
bfc96fc,8689,train
f7dd4d8,8690,train
7fac76e,8691,train
6ebfedc,8692,train
4378d9a,8693,train
ebf9d50,8694,train
932f7ad,8695,train
7f42751,8696,train
89a8630,8697,train
8af880c,8698,train
357ce9b,8699,train
f1191c2,8700,selection
b6f6276,8701,train
2344268,8702,train
59ec7e2,8703,calibration
b18df38,8704,train
8aaa311,8705,calibration
8c44632,8706,train
61efac6,8707,final_validation
b425a2a,8708,train
e42198c,8709,train
d9d132a,8710,train
f563279,8711,calibration
995e34c,8712,train
3fc04bb,8713,train
6f7f125,8714,train
b29a26e,8715,calibration
3590bf5,8716,final_validation
44cce77,8717,train
91e224d,8718,train
429f1e2,8719,train
bc8ea5d,8720,selection
4761e38,8721,calibration
e8d8944,8722,train
986dd49,8723,selection
9a5b643,8724,train
0435f85,8725,train
cb16964,8726,calibration
0b271eb,8727,train
6c94afd,8728,train
7c01ea5,8729,train
4456d26,8730,calibration
594ab7d,8731,train
c933387,8732,train
9844f20,8733,calibration
3cdaa47,8734,train
ec0b21c,8735,final_validation
9787503,8736,selection
b89cdae,8737,train
30a39cd,8738,train
bcbfae4,8739,calibration
2f1718a,8740,final_validation
0e5feb0,8741,selection
402c653,8742,train
7d671b9,8743,train
e48896a,8744,final_validation
1c4beb6,8745,calibration
0b700a7,8746,train
f3e44e7,8747,train
071de41,8748,selection
0e46514,8749,train
1473f9c,8750,train
9852c3d,8751,calibration
0e8864c,8752,calibration
557aedb,8753,train
0cb8a22,8754,final_validation
467a47d,8755,train
484f0b3,8756,train
814c6b5,8757,selection
d6d04cd,8758,train
bf5aec4,8759,train
943b1a9,8760,train
9adc8c8,8761,train
71a568d,8762,train
60d63dd,8763,train
19ea9ea,8764,train
b82b067,8765,train
0ba0a50,8766,selection
62179d1,8767,train
32b617d,8768,train
e2bbbed,8769,calibration
9d45eaf,8770,train
0b15a66,8771,train
63504d6,8772,train
95a0fa6,8773,calibration
85d6bbe,8774,train
cd11d3b,8775,final_validation
c027ba2,8776,train
4dfe465,8777,train
64e6b50,8778,train
9b0d0e7,8779,final_validation
6c56dcd,8780,final_validation
4611cbc,8781,final_validation
d6baaa5,8782,selection
c0e4dc0,8783,calibration
94a3939,8784,final_validation
c445bc3,8785,selection
62a61d6,8786,selection
798dcd3,8787,calibration
ae92436,8788,train
e8919c1,8789,train
7bccaa9,8790,train
8a9d35f,8791,train
0cffbfb,8792,train
52c8f85,8793,train
f01b436,8794,train
8f6da1c,8795,train
2b164b9,8796,calibration
42e3e86,8797,selection
0210900,8798,train
65f3733,8799,train
ed8f1b7,8800,train
3ddc72e,8801,train
4490ec6,8802,selection
a82dbe9,8803,train
3245968,8804,calibration
c039048,8805,train
a644369,8806,train
77bc471,8807,train
a645234,8808,train
b7b815f,8809,train
49cfbaf,8810,calibration
303c11b,8811,train
38589ae,8812,train
cc818e9,8813,train
2e95e4d,8814,final_validation
21f7c6a,8815,train
aa7225b,8816,train
0c4420d,8817,calibration
018fbeb,8818,train
97692d2,8819,train
2a41ece,8820,train
56a02b7,8821,final_validation
314b42e,8822,final_validation
3f761e1,8823,train
eb2dd89,8824,train
4b30666,8825,train
309fe3b,8826,selection
4caa6f2,8827,train
8fe2c25,8828,train
bd205b0,8829,train
c2acd73,8830,calibration
6b1490f,8831,train
6c7a79d,8832,train
bdaa1b9,8833,train
7a7e7bb,8834,train
904e0b5,8835,train
4cefbe8,8836,train
073d5b0,8837,train
34ad424,8838,train
963705b,8839,train
05c2752,8840,calibration
a287310,8841,train
dcff054,8842,final_validation
1ca2b1e,8843,train
49fb6be,8844,selection
c92bec1,8845,selection
5493121,8846,train
c0efe51,8847,calibration
62b5df5,8848,train
08f22e9,8849,final_validation
bf39c86,8850,train
0f51dbd,8851,train
f4e8fd1,8852,train
8d87606,8853,train
b9514fb,8854,final_validation
ac16db3,8855,train
dccfda3,8856,calibration
7b7b6b3,8857,train
165ce2a,8858,final_validation
196e078,8859,train
15c7e62,8860,final_validation
edb2ade,8861,train
9637baf,8862,train
490a3ed,8863,train
9846f0c,8864,selection
fd2bd08,8865,train
830ada6,8866,final_validation
b75e3d6,8867,train
e98fbee,8868,train
124fff0,8869,train
9691df5,8870,train
49e51c4,8871,train
0f384b3,8872,train
ce835ba,8873,train
8c0e66a,8874,train
3e4ba35,8875,train
3698f22,8876,train
a4eba1b,8877,train
9b2d95f,8878,train
3f5213f,8879,train
d852c77,8880,selection
4db6acb,8881,train
8fba769,8882,final_validation
c3576dc,8883,train
471fb53,8884,train
9cf7dd7,8885,train
6bb7c62,8886,train
3c883cd,8887,train
ff5e20b,8888,final_validation
26434a0,8889,train
bdb70ab,8890,final_validation
191623d,8891,train
7f55753,8892,selection
6ebb9fa,8893,train
c8a4759,8894,train
7a6d548,8895,train
459951c,8896,train
289dbd1,8897,train
510944a,8898,train
2689ce0,8899,train
1a401ae,8900,train
6cec5ed,8901,train
e6149d1,8902,train
236bdd3,8903,train
087f29f,8904,train
d40c1ad,8905,train
cbb9876,8906,train
9ece952,8907,train
e880962,8908,train
0fc04b5,8909,train
7388575,8910,calibration
9b45163,8911,train
6f47cd6,8912,calibration
c9ef046,8913,train
b55f366,8914,train
9cc2227,8915,calibration
5c0cf35,8916,train
2620677,8917,calibration
faee97d,8918,train
cece966,8919,train
356a199,8920,train
39c8524,8921,train
4f9f184,8922,train
28b808f,8923,train
8d94b1a,8924,selection
dd41e75,8925,train
995506e,8926,calibration
4316541,8927,train
8fb2390,8928,train
acf9971,8929,calibration
7d11ab9,8930,train
0af56e8,8931,train
56f5293,8932,train
d914e6f,8933,train
4bf08a1,8934,final_validation
3b98314,8935,train
9985008,8936,train
876000b,8937,train
e0d239c,8938,train
7f41025,8939,train
d360054,8940,train
cfb8cd5,8941,train
b87929d,8942,train
42f073f,8943,train
caf5ac3,8944,train
2fb426c,8945,train
514afa4,8946,train
77fa5e0,8947,calibration
3a7ccc8,8948,train
eb387da,8949,train
7df7949,8950,train
06d752e,8951,train
5204283,8952,train
32f477a,8953,train
5de25ca,8954,calibration
b101f70,8955,train
1b86671,8956,calibration
19676b0,8957,train
12ea160,8958,train
7b59f1a,8959,train
7979641,8960,train
3fe12c4,8961,train
66b5046,8962,train
6f33e1d,8963,train
91f9dd8,8964,train
6f30b0c,8965,final_validation
d0d5c01,8966,train
59860b0,8967,train
7f2b3e2,8968,train
da1c048,8969,train
d1ec52e,8970,final_validation
06cf397,8971,train
a9aeeba,8972,final_validation
f7c7aeb,8973,train
75a696d,8974,final_validation
e13d2f6,8975,train
442a914,8976,train
2ff865b,8977,selection
7bec740,8978,calibration
0539a44,8979,train
2ad0a98,8980,train
92f46f7,8981,train
587f42e,8982,train
a8193a3,8983,final_validation
b7b3b53,8984,train
8be9ba7,8985,train
3e11caa,8986,selection
7d38751,8987,final_validation
c25a8dc,8988,final_validation
235ca29,8989,train
567bfa6,8990,calibration
4db787e,8991,selection
1379de4,8992,selection
713df60,8993,final_validation
de5f4a9,8994,train
e596f8b,8995,train
3fe76e7,8996,train
52bd729,8997,train
8d3dc6d,8998,selection
0ba0895,8999,train
d648e2f,9000,train
b6a7244,9001,train
d02f43e,9002,selection
8dd7df0,9003,train
f7706af,9004,train
e7b19e4,9005,train
87e034c,9006,train
bdfe5c7,9007,train
86687d9,9008,train
d81ea74,9009,train
708eea4,9010,train
6a638b1,9011,train
3122de5,9012,train
3953491,9013,train
add97e8,9014,calibration
866f4b5,9015,train
6745144,9016,train
2431df1,9017,train
5737c3e,9018,train
9e291ab,9019,train
b0dc5e4,9020,train
94bbf8d,9021,selection
81a7cb4,9022,train
b9ce947,9023,selection
b160aea,9024,train
8d6ab91,9025,calibration
ebcf800,9026,train
3b223d8,9027,train
8a4e789,9028,train
edd6430,9029,train
a826aa8,9030,final_validation
10402f2,9031,final_validation
d2ef605,9032,train
0916c73,9033,train
991002b,9034,train
d497eb1,9035,train
6ed0346,9036,train
629039e,9037,calibration
c302026,9038,train
8035bd1,9039,train
7b729ba,9040,final_validation
581e39d,9041,train
5b94668,9042,train
eef8c2c,9043,train
40abe90,9044,train
8afd659,9045,selection
738e445,9046,selection
58a74f7,9047,train
4e14b2f,9048,train
9612d64,9049,calibration
2a3f826,9050,train
131a126,9051,selection
6185c81,9052,train
73274a3,9053,train
a5dceeb,9054,train
fe05dee,9055,train
5a68bcb,9056,calibration
ddc656c,9057,train
69e41e7,9058,train
f9e3c52,9059,selection
39cecd2,9060,train
a3e45a7,9061,selection
814c2ae,9062,train
6f1d082,9063,train
28d3646,9064,train
e29f5d5,9065,final_validation
4a8d31e,9066,train
9f55d5a,9067,train
545ddff,9068,train
6755b68,9069,train
89b52db,9070,train
7929404,9071,train
9036351,9072,calibration
0544d67,9073,train
4309da2,9074,train
8cb44f5,9075,train
dd7857b,9076,calibration
efc8e98,9077,calibration
a73ac54,9078,train
04b6e9b,9079,train
82defb4,9080,train
c57bd0d,9081,final_validation
c1c1d81,9082,train
be6041f,9083,final_validation
b483c82,9084,train
1f0364d,9085,final_validation
b672d4e,9086,train
126046a,9087,train
a40b2d7,9088,final_validation
c6544e8,9089,train
955a73f,9090,train
318dac4,9091,train
da4f161,9092,train
db8c22e,9093,train
a885b01,9094,calibration
e5b6aff,9095,train
c044d1a,9096,train
b90d8f4,9097,train
f69ae83,9098,train
786771d,9099,train
3a2ffd1,9100,train
ec9a106,9101,train
68f3aaa,9102,selection
f22a833,9103,train
21d86cc,9104,calibration
5913470,9105,train
b1eeba2,9106,train
0c72406,9107,train
769f7db,9108,train
7e84242,9109,train
a17c573,9110,train
d4efac8,9111,train
c104717,9112,selection
807b8d6,9113,final_validation
d625d1c,9114,final_validation
e18a71c,9115,train
1aed39d,9116,train
85b6c46,9117,train
a526c57,9118,calibration
f2b1720,9119,train
2c3b302,9120,train
6492b4d,9121,calibration
a88a91c,9122,train
179fd6b,9123,train
9145057,9124,train
c765c60,9125,calibration
9c06337,9126,train
78dc0c3,9127,calibration
ad9c9d2,9128,train
1c8ac21,9129,train
70ae3fd,9130,train
e9d4e22,9131,train
2b85ea9,9132,train
2312fc6,9133,train
06e2db4,9134,train
7b8a8d4,9135,train
e40a58f,9136,train
0bbbed5,9137,final_validation
990a4a3,9138,train
8893b2c,9139,final_validation
4163451,9140,train
dba8941,9141,train
8d5be25,9142,train
04a4399,9143,train
9c8a075,9144,selection
4916699,9145,train
e66d620,9146,train
a2e21d8,9147,train
c0ced28,9148,train
17fd420,9149,train
a4b454f,9150,final_validation
0084f6c,9151,train
0afe6a6,9152,train
32edbd4,9153,final_validation
e2a9ae6,9154,train
e7ec99d,9155,calibration
2578c02,9156,train
22507ef,9157,train
ca49967,9158,train
7d7bf6b,9159,train
83ede3e,9160,train
73adf47,9161,final_validation
b24cf8e,9162,selection
241385f,9163,train
9b3744a,9164,train
63ef83b,9165,train
6549f7f,9166,train
8ca924c,9167,train
5061c20,9168,train
ea722cd,9169,train
e608ad1,9170,train
f352687,9171,train
9805788,9172,selection
dbd15ac,9173,train
c45f5ce,9174,train
76f504c,9175,train
7a43765,9176,train
1740c90,9177,train
1a69914,9178,train
ebe791f,9179,train
e328a1a,9180,train
0c047cd,9181,selection
31dd5a1,9182,train
8a469e5,9183,train
945f7ba,9184,train
adf1541,9185,train
cadee56,9186,train
60f70f2,9187,final_validation
cc01bbd,9188,selection
09af24e,9189,selection
90c8486,9190,selection
e5b83a8,9191,train
d8b7938,9192,final_validation
22a129c,9193,train
d03f666,9194,train
86ad5a8,9195,train
e2bcd8c,9196,train
f7d8f77,9197,selection
6beaab6,9198,final_validation
1a19cfb,9199,train
935e748,9200,final_validation
9560f32,9201,train
bd5978b,9202,train
5e0e50f,9203,calibration
6962895,9204,train
75ba4ef,9205,selection
b3bd895,9206,train
d666983,9207,calibration
a381f89,9208,train
db77ad3,9209,final_validation
ec49c39,9210,calibration
71aaa97,9211,train
8a7446c,9212,train
08c3b51,9213,train
c3277c0,9214,calibration
efcf556,9215,calibration
ef34e97,9216,train
5e39f74,9217,train
8ef018e,9218,train
7ff8122,9219,train
c597562,9220,train
a187d56,9221,selection
5aae84f,9222,selection
6048a5c,9223,selection
2748f2a,9224,train
58d338b,9225,train
3f19bd4,9226,selection
59ba1a1,9227,train
f70c0fc,9228,train
5a8ffae,9229,final_validation
41867ee,9230,train
ae1326b,9231,train
492fb37,9232,selection
48c8d1f,9233,train
a6b5976,9234,train
e0781ac,9235,calibration
97112c1,9236,train
c3015a5,9237,train
e920a01,9238,selection
3e665c1,9239,calibration
5d23658,9240,calibration
702ca03,9241,train
d6a3753,9242,train
8e0862d,9243,train
03da458,9244,final_validation
b37e80d,9245,train
b2e0ad5,9246,train
a6fe2a9,9247,train
5a0b24e,9248,train
040ba87,9249,train
9a24bd9,9250,train
20f1b82,9251,train
acc0f9d,9252,train
8ab16db,9253,train
31c2e4e,9254,train
7bb72d2,9255,selection
d7038fe,9256,calibration
d58ff18,9257,selection
e26876b,9258,selection
541f93c,9259,selection
ad28e86,9260,train
537796a,9261,selection
6b9b583,9262,train
9b3fd14,9263,selection
5cebc1a,9264,selection
3623362,9265,train
0bcac40,9266,train
cbc19cc,9267,calibration
bd1080f,9268,selection
da302f5,9269,train
acc1e20,9270,final_validation
32ae080,9271,train
a97eb60,9272,calibration
94a8456,9273,train
433ec6b,9274,train
7fbdc67,9275,train
2c8144c,9276,selection
423355a,9277,final_validation
425a1cd,9278,selection
ea5e6cd,9279,train
e33c88f,9280,train
41feba2,9281,calibration
6e990ee,9282,train
a0ecb4b,9283,train
74a6173,9284,train
cc07126,9285,train
ed9ca2f,9286,final_validation
1f7ff01,9287,train
691f21e,9288,train
074fd98,9289,train
e65ae5a,9290,train
db45d38,9291,train
8a44244,9292,selection
000fe60,9293,calibration
eac90b3,9294,train
4c17fcf,9295,train
466e970,9296,train
52b89ea,9297,train
f08cc3e,9298,train
a984775,9299,selection
338cf3b,9300,final_validation
fd362ae,9301,final_validation
326d2f5,9302,calibration
50ab02f,9303,selection
3572e50,9304,train
93d5e79,9305,train
6badd4e,9306,train
6410f68,9307,train
192cc79,9308,train
2240658,9309,train
d9b142b,9310,train
21fb085,9311,final_validation
0e782a4,9312,train
1ecaf51,9313,selection
dd10951,9314,train
248e116,9315,train
25c8837,9316,train
be5c2e7,9317,final_validation
4a46db3,9318,train
bb5d9b1,9319,train
6578feb,9320,train
1707c2e,9321,train
7bbbdc7,9322,selection
78b92a0,9323,selection
06b51cb,9324,train
9bd57f9,9325,train
13f1eb5,9326,train
8e23aab,9327,train
47d7ad3,9328,train
9f6fc50,9329,final_validation
7d6d30a,9330,train
17fe311,9331,selection
1a0ff6e,9332,train
35b9791,9333,train
8358b15,9334,train
9e4fee7,9335,train
d31f217,9336,train
268d81a,9337,train
dbad79f,9338,train
fd51489,9339,train
ef93daa,9340,train
3dd3f00,9341,train
933c51d,9342,train
6c90c1d,9343,train
615011e,9344,train
d9cb4a4,9345,selection
ef74c34,9346,selection
0ac26e9,9347,train
7b84689,9348,train
af12c8a,9349,train
3decd13,9350,train
3df555a,9351,train
2a1e9ef,9352,final_validation
7cfefa0,9353,calibration
ca310ad,9354,final_validation
035fd2d,9355,train
839485b,9356,train
55e8f8c,9357,train
5ec9f9d,9358,final_validation
bcb8d76,9359,calibration
c5d69ce,9360,train
19df6c7,9361,train
99b452f,9362,train
97b86bc,9363,train
1926426,9364,train
6a506f2,9365,train
10444ef,9366,selection
1c3ad49,9367,train
348647d,9368,selection
2ba53eb,9369,selection
2c4ce2c,9370,train
4bb1fa5,9371,train
08def35,9372,train
200f74f,9373,final_validation
34ba9f1,9374,calibration
89a05a7,9375,calibration
f7c8057,9376,train
fe6ef52,9377,train
fa80335,9378,selection
99be5d5,9379,train
823960d,9380,train
3f46dfc,9381,train
668213d,9382,train
8538010,9383,selection
564fda9,9384,train
c801796,9385,train
31e5878,9386,train
6870667,9387,final_validation
ef70f74,9388,train
06c3953,9389,train
6d24baf,9390,train
c7619b0,9391,calibration
e284ce9,9392,train
d70fe0c,9393,train
5b33e2a,9394,selection
a6ad743,9395,train
1a252f8,9396,train
0de82fe,9397,train
85f5495,9398,train
58ef980,9399,train
75c1146,9400,train
9ac0f34,9401,train
fe0abe4,9402,train
fb768c2,9403,train
7b43ed3,9404,train
d6f213f,9405,selection
f26eb1e,9406,train
0feef16,9407,selection
21d3475,9408,train
38b22fd,9409,train
374f667,9410,train
8c803bb,9411,train
caebbee,9412,final_validation
554ae4e,9413,train
a572f95,9414,train
c4877f9,9415,train
1868e57,9416,train
5129a0b,9417,selection
043d5a8,9418,calibration
40aea3c,9419,final_validation
bbd6e51,9420,train
c8a1bfd,9421,train
64d8a72,9422,selection
1013fcd,9423,train
823a2a2,9424,train
4cf20cf,9425,selection
5d4a2bf,9426,final_validation
639781e,9427,train
b85b50c,9428,train
c8b7e84,9429,train
a482ee4,9430,final_validation
0ef994a,9431,train
cd32f6d,9432,train
1ef395a,9433,train
33b606a,9434,train
ef602ce,9435,train
bd0afc4,9436,final_validation
ab3211b,9437,train
c411407,9438,train
be7c6bd,9439,calibration
4fec4c2,9440,train
65de009,9441,selection
ff4426e,9442,selection
7f66ed8,9443,train
bce4b7f,9444,train
d81bdc5,9445,selection
129237b,9446,train
6a56c51,9447,train
837ac19,9448,train
8d9682b,9449,train
4784274,9450,train
5ce6e6e,9451,train
7d10a79,9452,train
2734a49,9453,selection
5652951,9454,train
c998974,9455,train
7b64361,9456,calibration
5f78443,9457,calibration
d463cd2,9458,train
aac4bfe,9459,calibration
ef29f25,9460,final_validation
2ad190b,9461,train
b5bd8b8,9462,train
adae5e9,9463,train
0cf0f8e,9464,train
c060418,9465,selection
0630503,9466,train
725701a,9467,train
6959d73,9468,train
9371007,9469,train
a2ffd16,9470,train
727d100,9471,calibration
08e2ae1,9472,train
ca552f6,9473,train
e55d0a9,9474,train
8100b68,9475,train
5f06a48,9476,train
87719e2,9477,train
ec4bb27,9478,final_validation
e1fcb27,9479,train
5f4fdc1,9480,selection
c72c7ff,9481,train
3d2985e,9482,train
06047ac,9483,final_validation
44bca10,9484,train
e32b3f7,9485,train
7200dfd,9486,train
ee8161c,9487,train
fc59dc3,9488,train
3fdaaec,9489,train
0047cb3,9490,train
077eeea,9491,train
14c37b2,9492,train
9d21d81,9493,final_validation
0224c63,9494,train
821add8,9495,selection
49f49a3,9496,train
908493d,9497,train
83eb2af,9498,train
0da50b1,9499,calibration
7108253,9500,train
4393d81,9501,train
0b72cc9,9502,train
1e2c5f1,9503,final_validation
8b4327d,9504,train
ff988c9,9505,train
c2e8bd2,9506,calibration
1e98d70,9507,train
07a7832,9508,train
4c6b885,9509,calibration
e9bdad6,9510,train
29e4c71,9511,train
b649349,9512,train
33b6860,9513,train
b4c9b45,9514,selection
b73b97e,9515,train
fa56b19,9516,train
99f273c,9517,train
6c84f16,9518,train
b160f34,9519,train
fd53f42,9520,train
e2714d3,9521,train
f0c190e,9522,final_validation
cdef38a,9523,train
bfb7d17,9524,calibration
23d1582,9525,selection
5c0dcf4,9526,train
ea18a54,9527,train
7cb12eb,9528,calibration
cdb8686,9529,final_validation
566528a,9530,train
bd80d69,9531,train
e2f6e1d,9532,train
39ca929,9533,train
6d8b37d,9534,train
4314782,9535,train
69e8f9e,9536,train
5f95578,9537,train
99bba77,9538,calibration
bc40edd,9539,train
06041d8,9540,train
3fa6785,9541,train
b51348e,9542,train
b03d8d2,9543,train
cc88583,9544,calibration
0dec069,9545,train
ee1f963,9546,final_validation
bc5d605,9547,calibration
6dd916e,9548,train
30ee72d,9549,train
fe10f02,9550,train
4d6e484,9551,final_validation
ac8e39c,9552,train
d55925e,9553,train
be0d8c0,9554,calibration
86a9f0d,9555,train
a2919c3,9556,train
768f1ef,9557,train
eb8f967,9558,train
d1bb139,9559,train
fe936f8,9560,train
e221e9b,9561,train
c8ced2c,9562,train
f16b9e9,9563,calibration
16e1b85,9564,final_validation
c31b9fc,9565,train
dc0bb2e,9566,selection
0add2dc,9567,train
e7309a3,9568,train
859107e,9569,train
52b037c,9570,train
4f0e1e0,9571,train
49c3efc,9572,train
f527b86,9573,train
0999761,9574,train
232ae04,9575,train
2bfdedf,9576,train
9ffbcd2,9577,train
c09f013,9578,train
c255b1f,9579,train
d9738d3,9580,selection
3af6a4a,9581,train
b0fa8bc,9582,final_validation
da508af,9583,train
00a6693,9584,final_validation
34a170f,9585,calibration
b5c151d,9586,selection
056394c,9587,calibration
729d99e,9588,train
8256551,9589,final_validation
5bdbe50,9590,train
b09306b,9591,train
8d985e2,9592,train
1c935d2,9593,train
c163697,9594,train
6dc1f12,9595,train
3889cc7,9596,train
d8b2798,9597,train
88784a0,9598,train
2169b0a,9599,train
f54039b,9600,selection
6136e73,9601,train
714a2c3,9602,train
ebc0784,9603,train
49597fd,9604,train
a3de134,9605,train
5ab9aee,9606,train
3984590,9607,train
3f662e8,9608,selection
f955669,9609,calibration
98702c4,9610,train
ff982af,9611,selection
1dee883,9612,train
08a5c68,9613,calibration
99491b5,9614,train
0c8039c,6692,train
c77265c,9616,train
a0a4296,9617,calibration
3bf2e42,9618,calibration
b64812e,9619,train
99a411a,9620,train
8707908,9621,calibration
09330dc,9622,train
4656468,9623,final_validation
d71408c,9624,train
1783b9f,9625,selection
e379e7a,9626,train
cfec3bc,9627,train
1be7b59,9628,selection
704db62,9629,train
b4a9b4a,9630,final_validation
0211cb6,9631,final_validation
4a04ad6,9632,train
d9a2d87,9633,train
0ab5467,9634,final_validation
b98a8e7,9635,train
0540b80,9636,train
28645f2,9637,train
d1e43ab,9638,train
3eaecf8,9639,train
c2216d9,9640,train
d0178e8,9641,train
37ef1ef,9642,calibration
8fc6d64,9643,train
6f15dae,9644,train
9e8effb,9645,train
15f3aec,9646,selection
c2b3309,9647,calibration
1c2e15b,9648,train
6561024,9649,train
f973c05,9650,final_validation
664f9f3,9651,train
b9c3e06,9652,train
d855308,9653,train
f4f1df7,9654,train
e2aa3a0,9655,train
006d0e1,9656,selection
66dbd71,9657,final_validation
2cd0e7d,9658,final_validation
60a22b9,9659,calibration
874ca36,9660,train
d1ce732,9661,calibration
d641974,9662,train
d0cb8fd,9663,train
2e443f0,9664,selection
163ac0f,9665,train
f34772f,9666,calibration
07e4b76,9667,selection
c6ec467,9668,train
62edb06,9669,train
37ffbbd,9670,train
3022fa6,9671,selection
ca986e1,9672,train
e78ba08,9673,selection
fb71126,9674,train
d45a14a,9675,train
9e8ccf4,9676,train
123dd58,9677,train
2850024,9678,train
1179156,9679,train
342ac7e,9680,train
297822d,9681,selection
d8cf53c,9682,train
73a8c12,9683,train
4f1ec05,9684,train
ed284d6,9685,train
88ff1f2,9686,train
cba7a80,9687,train
acc9711,9688,train
a72cfc0,9689,train
374b731,9690,train
d03e92e,9691,train
8bfb48a,9692,train
a608acf,9693,train
aa59c89,9694,train
d5e0122,9695,train
1f500e3,9696,final_validation
2c3c7f9,9697,final_validation
60782e9,9698,train
5fe2abc,9699,train
4a0930a,9700,train
19ea366,9701,selection
cbdf284,9702,train
9af0764,9703,final_validation
5f640dd,9704,train
373dc3f,9705,train
ead8b47,9706,train
a4adf34,9707,train
5a22a42,9708,train
208f29c,9709,selection
ede2718,9710,calibration
c9da758,9711,train
72d90ad,9712,selection
4714ef3,9713,train
eb63b28,9714,train
1ad3bee,9715,train
f11dbe5,9716,train
eaa07cd,9717,calibration
9e6c4ed,9718,train
152c2e4,9719,train
0dabca9,9720,train
59b254f,9721,train
9e26c1d,9722,train
8db2234,9723,final_validation
fabcca0,9724,train
8dfaea5,9725,train
df7b1fe,9726,train
6d5d422,9727,train
5661a04,9728,train
a11ce4d,9729,train
acd3a8d,9730,selection
868d0af,9731,final_validation
ab0ec19,9732,calibration
804d058,9733,final_validation
615bf7d,9734,train
fef9414,9735,selection
daea975,9736,train
8049c2f,9737,train
0c720f3,9738,selection
d0eb5ad,9739,train
8cad5af,9740,train
de54c1e,9741,train
3c034ac,9742,selection
a0bed6b,9743,final_validation
2b59589,9744,train
d9eba6d,9745,train
04df837,9746,train
d331726,9747,train
371835b,9748,calibration
78192f8,9749,final_validation
ee9afef,9750,selection
f5456ae,9751,final_validation
ad3e1c9,9752,train
bf85b45,9753,train
cc737b5,9754,train
1d9cb5d,9755,calibration
81f64b1,9756,train
ff96497,9757,train
97e6bcb,9758,calibration
53ee71c,9759,selection
1f92b35,9760,final_validation
a187966,9761,final_validation
8a6e42b,9762,selection
7885a7d,9763,train
1dbaa5f,9764,train
f447b67,9765,train
1edbc51,9766,selection
7c45326,9767,train
cc93324,9768,final_validation
14b1d67,9769,train
8058404,9770,final_validation
aab55ee,9771,final_validation
72b2c6e,9772,final_validation
cc7e82a,9773,final_validation
36823af,9774,train
286ff14,9775,final_validation
aadeafa,9776,train
28c14d7,9777,train
ffb732c,9778,final_validation
43cd26b,9779,final_validation
4d04b46,9780,selection
77b81d0,9781,train
33f66fc,9782,train
fd7dbfb,9783,train
384b5dd,9784,train
547205a,9785,train
ada7e66,9786,train
6670e51,9787,calibration
c5d4de9,9788,train
f3e2f5a,9789,calibration
ef7a3b2,9790,train
5bcf37f,9791,train
d072354,9792,train
b815ec0,9793,train
53fb427,9794,train
2f31205,9795,train
6022057,9796,train
fb67f03,9797,train
215e6f7,9798,selection
531f610,9799,train
76c4ac9,9800,final_validation
5e6b559,9801,train
381900c,9802,train
a5b09cd,9803,selection
b30add3,9804,calibration
e85e20c,9805,train
65f5a36,9806,train
eb3d3d6,9807,train
de65f82,9808,train
06ed983,9809,train
136edb6,9810,train
4b34887,9811,train
5f6ec57,9812,train
823226d,9813,train
5e87948,9814,train
9380797,9815,train
3c12509,9816,train
3432298,9817,calibration
13154fa,9818,train
fb27aa3,9819,train
0eaa4e4,9820,train
8087773,9821,calibration
1cfab57,9822,train
0d96a6c,9823,train
da5588c,9824,selection
95bdc27,9825,selection
f548859,9826,calibration
4c2ae3a,9827,train
8cf3994,9828,final_validation
a6de1db,9829,train
a48576c,9830,train
f86b855,9831,train
da436e3,9832,train
f071635,9833,calibration
e81bc41,9834,train
3f852f7,9835,train
218778e,9836,train
caf4c50,9837,train
f8cdfe5,9838,train
10461dd,9839,train
045fabf,9840,train
37404a5,9841,final_validation
1cf3716,9842,train
0644f5b,9843,train
3f82654,9844,selection
2c0e0dc,9845,train
b754ee5,9846,train
1c71fb3,9847,calibration
c760686,9848,train
664fb12,9849,train
3ec8e01,9850,selection
e7b013f,9851,train
d13ae8e,9852,selection
c282fd3,9853,train
da750c7,9854,train
0f0fc7a,9855,calibration
4185a2a,9856,final_validation
fc30cc5,9857,selection
788f5c1,9858,calibration
605618c,9859,final_validation
9953a42,9860,train
ac199a9,9861,train
4eea7c5,9862,train
67fcadc,9863,final_validation
bf6f0e4,9864,final_validation
ebf5671,9865,train
bf89237,9866,train
dd4cacc,9867,train
691ef51,9868,final_validation
24e41cc,9869,calibration
997a282,9870,train
c3e0f50,9871,selection
b1d4951,9872,train
54e97f5,9873,train
912e059,9874,final_validation
8f490b8,9875,train
dc3d2fe,9876,selection
c42edb6,9877,selection
bf55e77,9878,train
3dc3432,9879,train
3a53b74,9880,train
9129562,9881,train
81fbfc0,9882,train
036f820,9883,train
b4b47b2,9884,train
8e47f79,9885,train
f4f2c49,9886,train
b45d486,9887,selection
4246dc0,9888,train
6bd20d5,9889,selection
b9d6f74,9890,train
01267d1,9891,train
552af61,9892,train
e666996,9893,selection
bcdbf52,9894,calibration
41ebc9a,9895,train
cf82152,9896,final_validation
01d0836,9897,train
8fbf117,9898,train
30e7e7a,9899,train
0c5c345,9900,selection
c164c8d,9901,selection
2899c5a,9902,train
9d04ae1,9903,train
36b2a34,9904,train
44b5fc5,9905,calibration
14f90b2,9906,train
d57e683,9907,calibration
d2aaa14,9908,train
5de1aa5,9909,train
47a87ad,9910,train
d198ebf,9911,final_validation
3c7f3f6,9912,train
10642eb,9913,final_validation
6969618,9914,train
fc040f4,9915,selection
a2cc5e2,9916,train
204b964,9917,train
48d0510,9918,train
e960524,9919,train
51771c8,9920,train
3c4777e,9921,train
720e373,9922,train
c68a503,9923,train
81d8662,9924,train
46d27e2,9925,train
002ba53,9926,train
a0bd23c,9927,train
94d40ea,9928,train
71bc28b,9929,train
cd9e877,9930,calibration
40a2276,9931,train
5a89201,9932,train
346a63c,9933,train
dc07e0c,9934,train
6ea3842,9935,train
7953bda,9936,train
ee7ed2f,9937,train
e80ce3f,9938,train
0c9c20d,9939,train
3090536,9940,final_validation
4799bc4,9941,train
168bb04,9942,calibration
b9717ba,9943,final_validation
3865c55,9944,train
17c3a14,9945,train
7eff42e,9946,train
d5f3444,9947,final_validation
495585f,9948,train
b9cb7ac,9949,train
da98e49,9950,calibration
a673f73,9951,train
84390cc,9952,calibration
f07d210,9953,train
126187d,9954,train
12cfb98,9955,train
a60ed5f,9956,train
36c2717,9957,calibration
9306f0a,9958,final_validation
292ff9c,9959,train
13c7a43,9960,calibration
be11cd7,9961,selection
b73d319,9962,train
68b6530,9963,train
e3820ea,9964,train
aa96539,9965,train
a5274af,9966,train
fae8a55,9967,train
611c12d,9968,calibration
d1057e0,9969,train
ae27b85,9970,train
221dbc7,9971,calibration
dce42d4,9972,train
f006a31,9973,calibration
5fb1682,9974,train
4eddf0f,9975,train
cca24a0,9976,train
4ae7748,9977,final_validation
5b3f4c8,9978,train
3d17283,9979,calibration
34e37d0,9980,train
dff1a03,9981,train
9fa501b,9982,train
ac606b5,9983,selection
577e7c0,9984,train
169ec25,9985,final_validation
6943ce3,9986,selection
1a28f21,9987,train
7cc95dc,9988,train
0fc7b60,9989,train
2080bea,9990,train
b629788,9991,train
17d4184,9992,calibration
cf8bb28,9993,train
141315e,9994,train
b386564,9995,train
2fd642e,9996,train
d60df74,9997,train
2e1a485,9998,train
e88fa76,9999,final_validation
857f300,10000,train
7ea5cd7,10001,train
7906564,10002,train
47625b4,10003,train
6d3fda7,10004,selection
7f0e5fd,10005,train
fb53a4e,10006,train
e7596d4,10007,train
0ec99dd,10008,train
bff982d,10009,calibration
7597add,10010,train
ac8fa95,10011,final_validation
18e24eb,10012,train
07d6f42,10013,train
e1d1b25,10014,final_validation
32aedc2,10015,final_validation
79bd60c,10016,selection
5ccd665,10017,train
0775ccb,10018,train
48d2e18,10019,train
67436ca,10020,final_validation
ef4858f,10021,train
34fec4f,10022,final_validation
ae317f3,10023,train
140eb3b,10024,train
2dfce3b,10025,train
bef3518,10026,final_validation
33504eb,10027,selection
6f470e8,10028,train
f130918,10029,calibration
627ab92,10030,train
240c2b5,10031,train
8183909,10032,calibration
ebbc97b,10033,train
8e0ce6d,10034,train
928d593,10035,train
4e1b427,10036,selection
131b17a,10037,train
97d7afa,10038,train
645bd80,10039,train
9a9f450,10040,train
77cdf2e,10041,final_validation
fb7c1ee,10042,train
42d5993,10043,train
7a50491,10044,train
c05b975,10045,selection
f3dce75,10046,selection
f166cf1,10047,train
59fb41f,10048,train
7b6d0b1,10049,train
a39b9cd,10050,calibration
d4df1ab,10051,train
d7367ba,10052,train
59f4b9a,10053,train
bedb191,10054,train
d5f2964,10055,train
4148241,10056,train
e7396f8,10057,selection
50677b9,10058,train
9f5f865,10059,train
08207e4,10060,train
fd58f1e,10061,calibration
722e307,10062,final_validation
dc4d6bd,10063,calibration
2980c32,10064,calibration
977383b,10065,train
b43185d,10066,train
b43f1b8,10067,train
42933d4,10068,train
e9c5831,10069,train
2e1c6a8,10070,train
e91124e,10071,calibration
2a912c5,10072,train
b16e55a,10073,train
b33822c,10074,train
944301c,10075,train
862c467,10076,train
2be103b,10077,calibration
7781e65,10078,final_validation
6cf5ae1,10079,train
3252ee0,10080,selection
88c9fcb,10081,train
a915d97,10082,train
1fa24bd,10083,train
b06ed7d,10084,train
bcff958,10085,train
b74c950,10086,train
79d5f4a,10087,train
c0f5c76,10088,train
e4e44d7,10089,selection
3c6d6fb,10090,train
b62c722,10091,selection
d93bf92,10092,train
2fcb0d2,10093,train
d9319e2,10094,train
163e68c,10095,train
c17082b,10096,calibration
c4c74ea,10097,train
726d43a,10098,train
fede8f3,10099,train
3077554,10100,train
587cddc,10101,train
25fc2cd,10102,calibration
2047852,10103,train
be2d121,10104,train
092a3b6,10105,train
acc3c33,10106,train
d61fa9d,10107,selection
9a6133a,10108,train
27dcaba,10109,calibration
b9d83b6,10110,train
743db8f,10111,calibration
bed37c5,10112,train
2895919,10113,train
91b046e,10114,train
8e7c556,10115,train
bd4f4fc,10116,selection
9f804bd,10117,train
6f371e5,10118,train
1039122,10119,train
7490c48,10120,train
18bc87c,10121,train
273fb7d,10122,train
54e201a,10123,train
174eb65,10124,train
996c81d,10125,train
3de5352,10126,final_validation
360214a,10127,final_validation
e759873,10128,train
8e54f8c,10129,train
356939e,10130,train
82f3bb7,10131,train
0ed8aad,10132,final_validation
ac4f2e1,10133,train
2a188a7,10134,train
24811c2,10135,final_validation
b8f26c1,10136,train
0beb053,10137,train
e79ee7d,10138,train
d21cf9b,10139,calibration
ba36ab2,10140,train
0785120,10141,train
2042022,10142,selection
2480abd,10143,calibration
2dacefb,10144,train
603dc9d,10145,train
aadba76,10146,calibration
b52e1cd,10147,train
2b260d4,10148,train
773c30a,10149,train
179f4f1,10150,final_validation
3302250,10151,train
b50adb7,10152,train
ff63da1,10153,train
30f8ef9,10154,train
157c8cb,10155,train
ff0aba9,10156,selection
5d7b1e1,10157,train
f03f35a,10158,calibration
59ebcf6,10159,train
135d4e6,10160,train
c1d1fa7,10161,train
fcf80b2,10162,train
04e1cec,10163,calibration
9727e8b,10164,selection
c64f6b6,10165,calibration
e31884d,10166,train
305dfe1,10167,train
c032847,10168,train
15da71c,10169,train
f3b965c,10170,train
779e9e1,10171,final_validation
97d0bfd,10172,train
5e52c35,10173,train
8b8137e,10174,train
121762e,10175,train
d38cbdf,10176,train
4f07c28,10177,train
fefab6e,10178,train
db008ce,10179,selection
48781d3,10180,train
903c321,10181,selection
aa52b3b,10182,train
9cdbfeb,10183,selection
4e61f2a,10184,train
51d1a18,10185,final_validation
82a43db,10186,train
e4808ce,10187,train
614d93c,10188,train
014eba6,10189,train
1c18756,10190,train
bb1ec86,10191,train
8daba5f,10192,train
f0eb9be,10193,train
d7b2856,10194,train
9512bb3,10195,calibration
63e267c,10196,calibration
1f58110,10197,train
e30ea9f,10198,calibration
2aa79b2,10199,train
8ba2d9d,10200,train
2e312fd,10201,train
c1f420e,10202,train
7d79b75,10203,train
190c3fe,10204,train
524f91a,10205,selection
4d3f08e,10206,final_validation
c84f8c1,10207,final_validation
d5888bd,10208,train
c63c8c8,10209,selection
936edef,10210,train
030cf8b,10211,train
5f4a09b,10212,train
ee591fd,10213,calibration
3015118,10214,calibration
ec9d365,10215,train
37b12d1,10216,train
3a7aa19,10217,train
9f7fd3d,10218,train
37ae74c,10219,train
399db9f,10220,train
3327a87,10221,train
44567d5,10222,train
21ea962,10223,train
c3b8c6c,10224,train
326414d,10225,train
ad2182f,10226,calibration
ce37fb3,10227,calibration
c0c92f8,10228,final_validation
bf2e7ce,10229,train
ea8d794,10230,selection
abaa5bb,10231,train
d7b59ec,10232,final_validation
43f5d42,10233,train
fb0e011,10234,train
26e091d,10235,train
f29d052,10236,train
5aed1c1,10237,train
c25ce3f,10238,train
1b4d2d6,10239,train
3523623,10240,train
7da697d,10241,train
c7e3380,10242,selection
8b9296d,10243,train
cb5292e,10244,calibration
ff91759,10245,selection
cafa345,10246,calibration
e71e75f,10247,train
52fff42,10248,train
36bc161,10249,train
aa3caf0,10250,train
028d00e,10251,train
964c2c6,10252,train
4f1d495,10253,train
52594dc,10254,calibration
bb4c434,10255,calibration
61a6d4b,10256,final_validation
f8cc34f,10257,final_validation
a9196cd,10258,selection
d4ebb9f,10259,train
a20e756,10260,train
aaa4906,10261,train
53c5a91,10262,final_validation
c76c83a,10263,selection
cd99d58,10264,train
54a0093,10265,train
3fdf204,10266,train
fc156e4,10267,train
a44fbb2,10268,train
6bc585a,10269,selection
32f2382,10270,train
688ce5d,10271,train
7534bbd,10272,train
18bfb7e,10273,train
822fb2e,10274,train
aa4589f,10275,train
79d3919,10276,train
4ffc993,10277,train
843c2aa,10278,train
def7afe,10279,final_validation
62c46a1,10280,calibration
41b88e2,10281,train
b5804d9,10282,final_validation
966ecb4,10283,train
58e1214,10284,train
8945fee,10285,train
31d3659,10286,train
c559e18,10287,train
78ac219,10288,train
f227ea1,10289,final_validation
f3a1686,10290,selection
d3f67cc,10291,calibration
c909c7d,10292,train
cc1f63b,10293,train
da50585,10294,train
7ff7dd9,10295,train
8b19ef6,10296,train
bddb02d,10297,train
0b8fea3,10298,train
e59d33b,10299,train
c7e5fc4,10300,selection
208eb37,10301,train
118d5fb,10302,train
bff17b5,10303,train
71b9fec,10304,train
580a307,10305,selection
b1131cd,10306,train
3a280d9,10307,selection
da71454,10308,train
ade79ec,10309,train
ab12472,10310,train
2c9e52a,10311,train
c83d850,10312,train
d86072f,10313,final_validation
1d5fd7e,10314,train
4051e5d,10315,selection
c03a24b,10316,train
328a78f,10317,train
e29e6af,10318,train
ef27076,10319,final_validation
e1df4f0,10320,train
9650eb6,10321,train
48f6ee6,10322,train
5006634,10323,train
c6fb45a,10324,calibration
6ba8ec4,10325,final_validation
e1a6cbe,10326,selection
091a770,10327,calibration
cfdc4d7,10328,selection
01c3e09,10329,train
a76077f,10330,train
eceacc7,10331,final_validation
99073b3,10332,train
a61ff31,10333,train
a75401c,10334,train
be96267,10335,train
43e4564,10336,train
abdde55,10337,train
7491084,10338,train
7e56af4,10339,train
f75538f,10340,train
190ca77,10341,train
92436c5,10342,train
9c6f763,10343,train
beb153b,10344,calibration
feac597,10345,selection
2085ad3,10346,train
954f9af,10347,train
589c1d1,10348,train
4ed05bb,10349,selection
c63b26e,10350,calibration
df2b290,10351,train
dc5e967,10352,selection
47dc813,10353,train
ba45666,10354,train
170613b,10355,train
90849db,10356,final_validation
4fa9d9c,10357,train
dd89be1,10358,train
b0d37fa,10359,train
3e285b1,10360,train
ba0c44f,10361,train
57b9fad,10362,train
47ba414,10363,train
3c3267f,10364,train
8ee682c,10365,train
c701de7,10366,train
c0058ca,10367,train
654b522,10368,train
b0bb62b,10369,train
1e88fb2,10370,train
4d0b93b,10371,train
fefbda2,10372,train
6ddc70c,10373,train
739ee9e,10374,calibration
57ebb53,10375,train
680c26b,10376,train
818fef2,10377,train
0a7ef89,10378,train
2aee9ae,10379,selection
4bf890b,10380,final_validation
fdc85ec,10381,final_validation
5ee3045,10382,train
6cbfa0b,10383,train
26e8410,10384,selection
15dd182,10385,train
8ee388b,10386,train
10f7298,10387,train
8ccf443,10388,final_validation
84af9b5,10389,final_validation
a99d180,10390,calibration
4247306,10391,train
0c488ee,10392,train
9eb8719,10393,calibration
1b01352,10394,train
0376bcb,10395,train
2750fc1,10396,train
6ed9bb3,10397,train
3698a15,10398,train
ad2e904,10399,train
a1902ef,10400,final_validation
e364c29,10401,selection
2e85901,10402,selection
0fe6e52,10403,final_validation
01d6e7e,10404,train
ccafc96,10405,train
d7fcf4b,10406,train
2312dc6,10407,train
0fb1945,10408,train
851502e,10409,final_validation
82d48f6,10410,train
50deda0,10411,train
513352f,10412,train
0a31cd0,10413,train
9d48040,10414,train
2323c66,10415,final_validation
7d52275,10416,train
439ad10,10417,selection
a2274de,10418,train
94c1d7b,10419,train
6cd0f65,10420,calibration
b5dd327,10421,selection
5f471a1,10422,final_validation
e9529d2,10423,train
4094224,10424,train
9c6dd12,10425,train
f58b8fd,10426,train
a5d516b,10427,train
e88bae9,10428,train
5e50b4e,10429,train
57dfbe2,10430,train
281c018,10431,train
c5fc2d8,10432,train
b77b3a1,10433,train
78ab3a1,10434,train
0b8ed23,10435,train
fd1716f,10436,train
56c28f4,10437,train
3c7212e,10438,train
a884517,10439,train
dc53609,10440,train
1f7704a,10441,train
5f922b4,10442,train
5984580,10443,train
18869b7,10444,selection
e65aa9e,10445,train
b6c3642,10446,train
2dbac81,10447,train
c3f8d1e,10448,train
ba2d4ec,10449,train
bbf1f1d,10450,train
3bd10c2,10451,train
9447d8a,10452,calibration
eb7bd34,10453,train
98837a5,10454,train
c0debaf,10455,train
850bbf9,10456,final_validation
629f419,10457,final_validation
4972301,10458,train
8825d32,10459,selection
66e9710,10460,train
bdd685e,10461,selection
feebd5a,10462,train
2565957,10463,train
936d03a,10464,train
287b18b,10465,calibration
d09759b,10466,train
df429af,10467,selection
e8754f8,10468,train
b14c3ac,10469,train
7d57aaf,10470,train
f821560,10471,selection
5fedaa4,10472,train
7dee746,10473,train
9d6f98e,10474,calibration
d24c185,10475,train
e288d9b,10476,calibration
80a82c7,10477,train
ffc9095,10478,train
4afda89,10479,train
b55418f,10480,train
feec511,10481,selection
80c0894,10482,train
3dfc80d,10483,train
c14ce77,10484,selection
75798aa,10485,train
5ec4bb9,10486,train
57b1a71,10487,train
16d8683,10488,train
f60205d,10489,train
82c09a2,10490,train
93f529f,10491,train
09a62eb,10492,train
9763ea8,10493,train
b3f2446,10494,train
e196327,10495,selection
0a7fbd0,10496,train
4718f97,10497,train
9077883,10498,train
95c792b,10499,calibration
bd2967a,10500,train
1943465,10501,calibration
6e6eead,10502,train
0cc9cb5,10503,train
46d9c7d,10504,train
2eddc0b,10505,train
1c49271,10506,calibration
c161eb7,10507,train
bb35211,10508,calibration
4d4448d,10509,selection
81563a6,10510,train
ddf464d,10511,selection
e11d005,10512,train
067a23d,10513,final_validation
452c84b,10514,train
cb9a225,10515,train
aeeb0be,10516,final_validation
e03613b,10517,train
175ec92,10518,calibration
a8dfab2,10519,final_validation
751c429,10520,train
8fffb65,10521,final_validation
f2cc14d,10522,train
a468a26,10523,train
8b68d5d,10524,train
c8c7f71,10525,train
9b765e0,10526,final_validation
24694b6,10527,selection
f468ccf,10528,train
61c3e9a,10529,train
144074a,10530,train
348eb9c,10531,calibration
c905591,10532,train
79d77f2,10533,calibration
f8615f8,10534,train
f87f7f7,10535,train
d7b02d4,10536,train
304b672,10537,calibration
d669dfa,10538,final_validation
acecdfa,10539,train
e233bf6,10540,train
3f730ba,10541,train
9136091,10542,train
4e3f7b9,10543,selection
2289b45,10544,train
227d74d,10545,train
04c4f26,10546,selection
0cdc0d0,10547,calibration
d2a690d,10548,train
2977ec6,10549,train
301ae02,10550,train
a681064,10551,train
a94515c,10552,train
0bacb0f,10553,final_validation
54244e4,10554,train
32dc789,10555,final_validation
ece8404,10556,final_validation
5a0f5fb,10557,train
9209bae,10558,train
7b17381,10559,final_validation
db0b11e,10560,calibration
81e3c04,10561,final_validation
d9cb9cc,10562,train
f5e49e4,10563,final_validation
f8f4fe9,10564,selection
2ca537b,10565,calibration
13fb244,10566,calibration
db372d7,10567,train
9563943,10568,train
526454d,10569,train
fad438e,10570,train
1d587b8,10571,train
40a9cd9,10572,train
2235d96,10573,train
51a3194,10574,train
ce4e3d3,10575,train
926786c,10576,train
e4a6768,10577,final_validation
e2797ec,10578,calibration
a55e6fa,10579,final_validation
961718f,10580,calibration
438648b,10581,train
5cd143c,10582,train
9dd3136,10583,train
466a255,10584,train
142fbeb,10585,train
fe36a9d,10586,train
a8dcdb4,10587,final_validation
7c2e2d2,10588,train
c1e1f15,10589,train
10efec8,10590,selection
0bc0443,10591,train
0635458,10592,train
d349bb7,10593,train
645077f,10594,train
4e9d2aa,10595,train
34efe4d,10596,train
6368413,10597,train
a1cde0f,1749,train
68796bc,10599,selection
7c6a45f,10600,selection
e86c998,10601,selection
246c469,10602,train
c825455,10603,final_validation
93139ad,10604,train
9942efd,10605,calibration
aac6485,10606,final_validation
300286f,10607,train
ac2295e,10608,train
9bac66a,10609,train
eca2749,10610,selection
b82bf26,10611,train
73193ea,10612,train
23ff7e3,10613,train
03c0382,10614,calibration
c69ec85,10615,train
46939cc,10616,train
a830f55,10617,train
7634cdc,10618,train
242eb2a,10619,train
8ef955b,10620,train
4a2249a,10621,train
76b6a48,10622,final_validation
dbcdee0,10623,calibration
2e3ae1a,10624,train
5eac6d2,10625,calibration
a5afdd7,10626,train
296daf4,10627,train
0e7a613,10628,calibration
89034e7,10629,selection
be705c4,10630,train
d596c5a,10631,train
eec4b50,10632,train
d9e7c10,10633,train
e6d2d03,10634,train
0a67e11,10635,train
f43f4f1,10636,train
99603ab,10637,train
670daa2,10638,train
e268cd1,10639,train
0e8c167,10640,train
9a8210e,10641,train
dedd8ba,10642,train
6217c6c,10643,selection
989e354,10644,train
cbc7883,10645,calibration
823c49c,10646,train
035e3c7,10647,selection
0c76a09,10648,train
c93560a,10649,train
82bb7d4,10650,calibration
fb003ce,10651,train
da6836e,10652,final_validation
7af3b06,10653,selection
f3d1d93,10654,train
875543a,10655,train
39d6bfb,10656,train
7b7b596,10657,train
1b0037e,10658,train
2154584,10659,calibration
4455bef,10660,train
76ee970,10661,calibration
25e2100,10662,train
9d3e9d5,10663,selection
8cc630f,10664,train
23acd87,10665,train
a658683,10666,train
c337f6a,10667,train
766bc64,10668,train
ecf45f7,10669,final_validation
dbbc5e5,10670,train
cd877de,10671,calibration
1831d64,10672,calibration
4f78439,10673,train
177409b,10674,train
d39ff4c,10675,final_validation
67cf4cf,10676,train
c3afb02,10677,train
bb87e68,10678,train
904367b,10679,train
1e8cded,10680,train
188d7b9,10681,final_validation
ca093d9,10682,train
ebbe275,10683,train
8084fa4,10684,train
b8e1a6c,10685,train
0fa3969,10686,calibration
38ea253,10687,train
f73a4ae,10688,train
fc5aa1b,10689,train
f9a3b13,10690,train
9e46632,10691,train
fc4bf51,10692,train
40ad316,10693,train
a723b09,10694,train
eea10e5,10695,train
bd2306a,10696,final_validation
5cb6e56,10697,final_validation
c09c0d0,10698,train
a4a22a1,10699,train
4bd15b7,10700,train
528fde0,10701,train
10228eb,10702,train
1a28c7f,10703,train
a540d37,10704,train
b78fd4d,10705,final_validation
490d612,10706,final_validation
4a3d281,10707,selection
cb7f6a0,10708,train
f17fb05,10709,train
6571282,10710,train
f524cf4,10711,train
17df6b8,10712,calibration
73b0af7,10713,train
0269b85,10714,train
359b327,10715,selection
50b3ff8,10716,train
9d4e141,10717,selection
cf6d57c,10718,train
493f79e,10719,selection
79b53f9,10720,train
bea37ee,10721,final_validation
545d121,10722,train
eab45cd,10723,selection
01e78c7,10724,final_validation
fcd09f7,10725,calibration
74e6cc1,10726,final_validation
095042a,10727,final_validation
0b62ebe,10728,train
8bf13d5,10729,train
c18c680,10730,train
ffb4baa,10731,train
d1cd1ee,10732,calibration
17e6981,10733,train
95ff8f8,10734,train
bd7fb96,10735,train
c8d4629,10736,train
02f6c8a,10737,train
5dfa3a4,10738,train
76c50bd,10739,train
5f6e51d,10740,selection
b040412,10741,selection
2024044,10742,train
366ba9d,10743,selection
10bc1b7,10744,train
b3ef813,10745,train
c312a83,10746,train
55d9189,10747,final_validation
30acda7,10748,train
ef64f8d,10749,selection
b511f30,10750,train
509d767,10751,train
c18f44f,10752,train
82b38aa,10753,train
abeef31,10754,train
f16643f,10755,train
29f0b19,10756,train
19dee01,10757,train
34807cc,10758,train
64947c0,10759,train
5135522,10760,final_validation
4f5a72e,10761,train
295777d,10762,final_validation
60cd095,10763,train
e22dbf3,10764,train
4fa782f,10765,train
79e3483,10766,final_validation
e065df0,10767,train
b2cd6f4,10768,train
ececd6f,10769,final_validation
951eb47,10770,train
7582764,10771,train
0abf87b,10772,train
4b98b72,10773,train
15318de,10774,calibration
574441f,10775,selection
26e8509,10776,train
3167320,10777,train
c6bd099,10778,train
2b9dc98,10779,train
8eec829,10780,train
78c57a0,10781,train
d9040ef,10782,train
f61db0d,10783,train
c5b7d0c,10784,train
2688e0d,10785,train
c7aa884,10786,selection
3db20b3,10787,final_validation
fbb6e0e,10788,calibration
d6fd8ff,10789,train
26a2e7d,10790,train
5be5515,10791,train
952a7af,10792,train
340938d,10793,train
b2d9c8e,10794,train
9f7787b,10795,train
3c2c934,10796,train
981ed9b,10797,selection
a0a15e3,10798,train
a125890,10799,train
ace2bd7,10800,train
a6b4308,10801,train
545470a,10802,train
8f1c6b3,10803,train
a99aa01,10804,selection
c0524f6,10805,train
55e920d,10806,train
1f1e073,10807,train
34e8646,10808,train
9bd28f8,10809,train
897534e,10810,selection
888d8f7,10811,train
29ad56e,10812,calibration
5d0887b,10813,train
141df49,10814,train
7826c05,10815,train
d9c0590,10816,train
812f71f,10817,train
a35f336,10818,train
1755744,10819,train
cb15b48,10820,selection
9817fb6,10821,selection
3d9dfb7,10822,selection
2b93ab0,10823,final_validation
406731a,10824,train
758fd71,10825,train
fbc2ba4,10826,train
9c08744,10827,train
58c1aed,10828,final_validation
b992d5c,10829,train
defe6bd,10830,train
1445aea,10831,train
d598a49,10832,train
b902f23,10833,train
77b2dc7,10834,train
e793127,10835,selection
ca6daed,10836,train
cbedebe,10837,train
7bea671,10838,train
ed4e14e,10839,train
2aa5a24,10840,train
9f477c5,10841,calibration
e6e7528,10842,train
100decf,10843,train
9aaa5b7,10844,selection
c133921,10845,final_validation
fe1f124,10846,calibration
1fa88bb,10847,final_validation
bae29d5,10848,train
1cbab90,10849,train
12a7aff,10850,train
a55c186,10851,train
e5c6f04,10852,train
bd4db26,10853,train
e4c6e3e,10854,final_validation
0a0f8b3,10855,calibration
5c657d7,10856,train
a58fd7c,10857,train
f970683,10858,calibration
c3380a3,10859,train
f609fe8,10860,train
e6ec61e,10861,train
16bf5a2,10862,final_validation
9594ee4,10863,train
be7a989,10864,train
e0ee50c,10865,train
dbcb8e2,10866,train
869ffcc,10867,train
5a41f05,10868,train
c5f1310,10869,train
7ac3dde,10870,train
e5752c8,10871,train
f79495b,10872,selection
8c00849,10873,train
c53c3de,10874,train
cafe815,10875,train
308a06b,10876,final_validation
1679026,10877,final_validation
df3edd3,10878,train
580d378,10879,selection
e94eabb,10880,train
c192588,10881,train
f305dac,10882,calibration
c2f9e43,10883,train
d9cc4d7,10884,train
83aa124,10885,train
a4c05da,10886,train
3e3f686,10887,train
2e0ecaa,10888,selection
562a16f,10889,train
b18fefa,10890,calibration
1c7a738,10891,final_validation
edd1435,10892,train
c7c591e,10893,selection
545be4c,10894,train
d047d46,10895,train
7228e60,10896,final_validation
2ec03c1,10897,train
d5f4814,10898,train
9f8a611,10899,train
5373630,10900,train
508ef80,10901,train
4f6582d,10902,selection
de232b2,10903,train
fb35b95,10904,train
5fd5851,10905,calibration
9847730,10906,train
f13f21c,10907,train
888b77e,10908,train
95030a6,10909,train
fee447d,10910,train
8628ef4,10911,train
3a0b1c6,10912,final_validation
7c8726a,10913,calibration
1a6b16e,10914,final_validation
bfff92e,10915,train
7bcbcd8,10916,train
621f6fc,10917,train
2b34eff,10918,train
bd0efb4,10919,train
92728de,10920,train
161da84,10921,train
bbed051,10922,final_validation
01247bc,10923,train
e39f9e8,10924,train
36d2cfc,10925,train
07c589a,10926,calibration
f55537c,10927,train
cd0a006,10928,train
51224cb,10929,train
c0e3cd8,10930,train
4bae377,10931,train
fac278c,10932,final_validation
15fc2ac,10933,train
d0c3c61,10934,selection
7440bf9,10935,train
8bb3873,10936,train
0227e67,10937,train
14a0088,10938,train
e35f6ff,10939,train
8c1c38a,10940,train
b3c4503,10941,final_validation
847199c,10942,train
a8d1c30,10943,train
8f33bf3,10944,train
eb4ead3,10945,train
627ee5d,10946,train
c64bdd6,10947,train
9a83f8f,10948,train
0f4a9a2,10949,train
998557d,10950,train
1210874,10951,train
a69f5d6,10952,train
6ef257d,10953,train
7d4d397,10954,train
e47176c,10955,calibration
3751711,10956,train
0931a6e,10957,train
9bcd8ba,10958,train
53b4b52,10959,train
3cd190e,10960,selection
e97e384,10961,train
a4b3e4e,10962,train
b969335,10963,train
8dd4edf,10964,train
eb8ed2d,10965,final_validation
17476df,10966,train
d96ddd6,10967,calibration
3b5ac80,10968,train
6009def,10969,train
bc78068,10970,train
e881a82,10971,train
ecedd1e,10972,train
56482fc,10973,train
a5e97e6,10974,train
c766a61,10975,train
d448370,10976,train
0926d5e,10977,train
ffd378d,10978,train
5f360ee,10979,selection
85473b6,10980,train
bfff3fe,10981,calibration
ceb15d0,10982,train
abf0922,10983,train
837a95a,10984,train
22d825e,10985,train
69ddf90,10986,train
c51810c,10987,train
e1864a3,10988,train
81f1656,10989,train
9db2ecb,10990,final_validation
7fb3bdd,10991,final_validation
707366a,10992,final_validation
a655a6f,10993,train
75e24a5,10994,calibration
a2e75b2,10995,selection
f3fbc5b,10996,train
b612d98,10997,train
1084b79,10998,train
344665a,10999,train
5760f67,11000,train
07b6ce2,11001,train
a851540,11002,final_validation
afb061d,11003,train
e7aaaf1,11004,calibration
16729f5,11005,train
983602b,11006,final_validation
8120133,11007,final_validation
6942868,11008,train
5920041,11009,train
0640183,11010,train
b81213d,11011,train
b0066a7,11012,train
8235368,11013,train
2d39640,11014,train
f6b3766,11015,calibration
2e1f63f,11016,selection
e89c701,11017,train
bc8e32e,11018,train
6226875,11019,train
2774edc,11020,train
5719951,11021,train
e3d327c,11022,train
8590b7f,11023,final_validation
0764c35,11024,train
425a4b9,11025,train
8bb5ea3,11026,calibration
21e1fd4,11027,final_validation
1eacbaf,11028,train
a789744,11029,train
d6f2c78,11030,train
d6b6b70,11031,train
46453d7,11032,train
36b4fc8,11033,selection
09da56a,11034,train
5736882,11035,train
acbaf3c,11036,train
f1cb989,11037,final_validation
96b0039,11038,train
ffb595e,11039,train
1bee451,11040,selection
fb9e259,11041,train
c4014f8,11042,train
607c2ee,11043,train
95f5a82,11044,train
c496be4,11045,train
8ba94ea,11046,train
4803882,11047,calibration
1da634a,11048,train
1675f05,11049,final_validation
931145e,11050,train
e6dcd5f,11051,train
38eba82,11052,train
aa04729,11053,final_validation
3142f8d,11054,final_validation
3b82d2b,11055,train
3a0fd12,11056,train
fe2d3c8,11057,train
8eee8c8,11058,train
e22abc7,11059,selection
918e455,11060,train
e385ea5,11061,calibration
e1a65d5,11062,final_validation
fba4121,11063,train
6044442,11064,train
8b82486,11065,train
ab84f00,11066,train
f5f94ad,11067,train
7690141,11068,train
1181dec,11069,train
72c35ac,11070,train
58ba0d2,11071,train
ac39bfd,11072,final_validation
a106244,11073,train
a7988f2,11074,selection
bda11b5,11075,train
1549de8,11076,selection
caa8993,11077,train
33e61e9,11078,train
400105a,11079,train
15c7911,11080,train
55d55f6,11081,selection
4b2c8fb,11082,train
9b3f766,11083,calibration
6b08619,11084,final_validation
36ad5dc,11085,selection
df380ff,11086,train
16f7c42,11087,train
7d5fca7,11088,train
7ff1ac8,11089,final_validation
acffe7b,11090,selection
91d5205,11091,train
c41860a,11092,train
2e1bf25,11093,train
3fc2fb9,11094,train
485dbac,11095,train
591a352,11096,train
1194992,11097,calibration
60e483f,11098,selection
7ccaeed,11099,train
d129f6b,11100,train
3def02e,11101,train
ec6c140,11102,train
1580723,11103,train
870d543,11104,train
1744fe2,11105,train
edd052e,11106,train
580b491,11107,train
5efcc16,11108,train
6600e74,11109,train
f507d40,11110,train
46dc7f2,11111,train
a72499e,11112,train
0fc32e0,11113,calibration
ee94b0a,11114,final_validation
797044e,11115,train
65c9859,11116,final_validation
7f33796,11117,train
2833102,11118,train
a42c72f,11119,train
bd56425,11120,train
8e57d69,11121,train
6aeda00,11122,train
4fa4ee8,11123,train
a10dbe9,11124,train
f269b92,11125,final_validation
65b96c3,11126,train
2bb20b8,11127,train
06c92ec,11128,train
d272aa9,11129,train
245484c,11130,train
c71d08f,11131,train
1bd9027,11132,train
dd96c5f,11133,train
2a3da2b,11134,final_validation
2de0ff3,11135,train
ef4ea80,11136,train
a50ad20,11137,train
588a24b,11138,train
843f86a,11139,train
4a4b42e,11140,train
f273644,11141,train
a30598b,11142,final_validation
9d81d73,11143,calibration
184a02e,11144,selection
8fcaf46,11145,calibration
b1c7a02,11146,train
d6a6b74,11147,calibration
db9c634,11148,train
39c239f,11149,train
b40473e,11150,train
8cf48b2,11151,final_validation
4d7d425,11152,train
67547f2,11153,train
7414f02,11154,train
53483f1,11155,selection
b136a25,11156,train
0608fab,11157,train
dd0c245,11158,train
ee3ac2a,11159,calibration
d442169,11160,train
31101d2,11161,train
e720e1c,11162,calibration
7ecef29,11163,train
3cd6a2d,11164,train
4def97d,11165,train
078c66d,11166,train
cfa2cd5,11167,train
0b4df74,11168,train
acd5ada,11169,final_validation
fe1279d,11170,train
175775c,11171,train
f847d94,11172,train
b4885af,11173,train
28d24e7,11174,train
270fe6b,11175,train
c74a14f,11176,train
15f2066,11177,train
b3857bb,11178,train
e71d471,11179,selection
48de104,11180,train
03c75d3,11181,train
fd99f36,11182,final_validation
d7dbef8,11183,calibration
dc9c919,11184,train
788f31f,11185,train
a7d0a3d,11186,calibration
a6d0dda,11187,calibration
794bb5f,11188,train
f4c0e9a,11189,selection
7cd59eb,11190,train
10b6508,11191,train
7972b02,11192,train
8a76b69,11193,train
ca341c5,11194,train
5104a0f,11195,train
57ad6d4,11196,final_validation
92ada7c,11197,calibration
0890e40,11198,selection
353f9af,11199,train
2eb5af4,11200,train
9e9556c,11201,train
d7cf2df,11202,train
8f7be0a,11203,train
3ec9ea2,11204,train
0dd6015,11205,calibration
7a31834,11206,selection
55b53b3,11207,train
62b96b6,11208,train
fcf223a,11209,train
667ab9c,11210,train
3743779,11211,final_validation
bcec00b,11212,calibration
0ad4de2,11213,calibration
cfff1cf,11214,train
df662b3,11215,selection
54c06cf,11216,train
65af31e,11217,train
330d7fe,11218,train
5738cb1,11219,selection
139ec0a,11220,train
a2c3b4e,11221,train
ef05158,11222,selection
b43c903,11223,train
9e4dbb5,11224,train
ceead0f,11225,train
170bb86,11226,calibration
30720e9,11227,selection
6b80d53,11228,selection
42be951,11229,calibration
cf7d5ce,11230,train
48c86d8,11231,selection
b2c9e39,11232,selection
4808158,11233,train
3ff2177,11234,selection
6a736aa,11235,train
236de48,11236,train
5fe80c4,11237,train
0a41d42,11238,train
ce9e15e,11239,train
b7a91ae,11240,train
95ffc61,11241,calibration
3756c10,11242,train
0ea9cf8,11243,calibration
954bbdf,11244,train
66ddadc,11245,train
83147ff,11246,train
906472f,11247,train
f02843e,11248,train
9407484,11249,train
2c00a1c,11250,train
d055690,11251,calibration
21c32de,11252,train
80b646c,11253,train
4369929,11254,train
c383da1,11255,train
e45e3ee,11256,calibration
f3b4324,11257,selection
49b386d,11258,train
36e8507,11259,train
1fda3aa,11260,train
864e49e,11261,train
9c8b1e6,11262,train
9df9b34,11263,final_validation
1a289be,11264,final_validation
894d76a,11265,train
7094f7e,11266,train
75efe1e,11267,train
724b563,11268,train
00fca9b,11269,train
8b85452,11270,final_validation
5fa2ac3,11271,final_validation
4ab52d8,11272,train
2211051,11273,selection
5266ddf,11274,train
b152931,11275,train
a3049c6,11276,train
952c47b,11277,train
ea897d8,11278,train
1a76116,11279,train
6ae08c7,11280,train
7e494c8,11281,train
81886f2,11282,train
a7154f4,11283,selection
6cd2501,11284,selection
71e979c,11285,train
060a4e7,11286,train
ce1060a,11287,train
aa9c596,11288,train
218d0ed,11289,selection
6be1abe,11290,train
bcb1b3d,11291,train
97cf8e5,11292,selection
8951f27,11293,calibration
fff016d,11294,train
1cebc9e,11295,train
97c3868,11296,calibration
67bbfa5,11297,train
4f13751,11298,train
06aa705,11299,train
8262ddf,11300,train
8c59dec,11301,train
f8636fa,11302,train
ca698d0,11303,selection
f9a69a2,11304,train
9326b22,11305,train
c34313f,11306,calibration
87a30e1,11307,calibration
a186185,11308,calibration
61c5578,11309,train
d325701,11310,train
d7c5fc6,11311,train
3e1faa5,11312,selection
82c4468,11313,final_validation
9d04b4e,11314,train
be29f81,11315,train
7035b02,11316,train
7476964,11317,train
244db43,11318,train
32b179b,11319,train
ef6eea5,11320,final_validation
32d692d,11321,final_validation
e6a8dea,11322,train
8409a9d,11323,calibration
7771f66,11324,selection
4302fcc,11325,train
fc4e0e3,11326,calibration
b48701e,11327,train
5283e8c,11328,selection
0b488e9,11329,final_validation
1ea87c7,11330,train
10f74e8,11331,selection
dd0877c,11332,calibration
e3aad31,11333,train
59f5bcf,11334,selection
ed893b8,11335,train
d636677,11336,train
32bf2eb,11337,calibration
8b627c2,11338,calibration
253a54b,11339,final_validation
fd421e7,11340,train
b0dbbbe,11341,train
96880be,11342,train
c7f6c0e,11343,train
c8189de,11344,train
2d39dbb,11345,train
1fe666e,11346,train
926c21a,11347,train
29efbea,11348,train
4e143c4,11349,train
c29152d,11350,final_validation
fdfacd8,11351,train
25da2fa,11352,train
38aec83,11353,final_validation
704bebe,11354,train
f566fc9,11355,train
e7716bf,11356,final_validation
fe07656,11357,train
3d98d24,11358,train
6d893ff,11359,selection
93745f9,11360,selection
77387d5,11361,calibration
2450980,11362,final_validation
1579cb7,11363,train
4232755,11364,train
3514f75,11365,final_validation
af908be,11366,train
d7c93c3,11367,train
d5cb150,11368,train
3dce6b8,11369,selection
b9a5928,11370,calibration
045c7fb,11371,train
cd50393,11372,selection
ffcb061,11373,selection
dda3ee5,11374,train
1b7ce1c,11375,final_validation
14d1bfc,11376,train
83910f0,11377,train
a94a96e,11378,final_validation
fc3d67e,11379,train
ec3c926,11380,train
ea817ee,11381,train
0cd7e90,11382,train
3545061,11383,train
83b21b1,11384,train
aa4d178,11385,calibration
082e9df,11386,train
b99ba91,11387,calibration
a8bd45e,11388,final_validation
524ed9f,11389,calibration
5b21c38,11390,selection
77fa317,11391,train
5a79f2d,11392,selection
e6c98dc,11393,train
ad28a5d,11394,train
2bda011,11395,train
10d4feb,11396,train
5520857,11397,train
e2b3740,11398,train
d8fe8c6,11399,selection
ccfc7b5,11400,calibration
ba95cd3,11401,train
a036d3b,11402,train
1872cf4,11403,calibration
194eb61,11404,train
3854d27,11405,train
7231133,11406,train
87c8652,11407,train
d7ad755,11408,train
3902084,11409,final_validation
7ff4ccc,11410,train
6e9ba8b,11411,train
ed65a97,11412,train
50c9675,11413,final_validation
a9ea066,11414,train
37729a0,11415,train
12f27c0,11416,train
482815c,11417,calibration
863925d,11418,train
2163377,11419,calibration
9426302,11420,train
9df167d,11421,train
474ec4c,11422,train
b7ba1f1,11423,train
4827309,11424,train
3fe1ffb,11425,train
6bf18d4,11426,train
0ffc18d,11427,train
1b99396,11428,train
160bab7,11429,train
97cb710,11430,train
71aefb8,11431,train
73ba914,11432,train
acbe7d6,11433,train
d6d9605,11434,train
475637e,11435,selection
15bcc7b,11436,train
70ae282,11437,train
e1ca329,11438,train
3e63dd4,11439,selection
8b9fe60,11440,train
4c300a4,11441,train
1944ada,11442,selection
76dc873,11443,selection
d169ba3,11444,train
dbb2296,11445,train
f37a266,11446,train
33c34e1,11447,train
ace9d62,11448,calibration
b2def99,11449,calibration
4f85ac3,11450,train
5b800b1,11451,train
a8a3a35,11452,train
f0203e5,11453,calibration
3addf83,11454,train
274eaf9,11455,selection
4973b27,11456,train
a6447b7,11457,selection
62faff2,11458,final_validation
b627738,11459,final_validation
1659bfc,11460,train
65eb0c4,11461,train
c62bbd0,11462,train
943f41d,11463,train
7c87818,11464,train
bae2934,11465,calibration
2a73724,11466,train
b59e6e2,11467,final_validation
f5247a7,11468,train
56d6e03,11469,calibration
fc2b46e,11470,calibration
ca4bd9f,11471,train
bf2560f,11472,train
162a9db,11473,train
00a4469,11474,train
e04079b,11475,train
acc6d52,11476,selection
2e9d4a7,11477,train
220b3d6,11478,final_validation
f5050a5,11479,train
582cc56,11480,train
ec4a337,11481,selection
2c45808,11482,train
2c83487,11483,train
e2925cb,11484,calibration
1b2c90e,11485,train
e7b14b0,11486,train
43d5bb4,11487,train
061ba37,11488,train
ecf6c8a,11489,train
dda8663,11490,train
978a1d7,11491,train
864ba12,11492,train
86ae7bb,11493,train
2c64ebc,11494,train
82e8b69,11495,train
3664812,11496,train
dd852e1,11497,train
7959105,11498,selection
07e11fc,11499,selection
3259adf,11500,final_validation
1aaae24,11501,train
838936a,11502,train
94bae27,11503,train
74b3cad,11504,train
4586b43,11505,train
29ff531,11506,train
67f2d57,11507,train
e164ec6,11508,calibration
351b4e8,11509,train
fe069d3,11510,selection
44d4d56,11511,final_validation
cd2398d,11512,selection
34ad8eb,11513,train
abcc9c9,11514,train
d34958c,11515,train
54081d1,11516,train
0711276,11517,train
54baae1,11518,train
baf354c,11519,train
abba911,11520,train
2c23e62,11521,selection
5ba4509,11522,selection
8452953,11523,train
0bf39e6,11524,selection
6865fed,11525,train
82ff8fe,11526,train
af642c8,11527,train
c8c318d,11528,calibration
d4b11eb,11529,train
b45be45,11530,selection
ac76dc6,11531,train
55e517e,11532,train
c47b3d5,11533,train
39f7e07,11534,train
2b075b4,11535,train
15f01fe,11536,calibration
2b37663,11537,train
d34e7d3,11538,train
84ce7de,11539,train
0db7e99,11540,train
eb546c7,11541,train
7ada6b1,11542,calibration
39f9997,11543,train
6fa2b46,11544,train
c20d79b,11545,train
2e3312c,11546,train
5e0add0,11547,train
4e616fd,11548,train
a2b772a,11549,calibration
f72f3fe,11550,final_validation
8f68651,11551,final_validation
f9da9bf,11552,train
45bfb80,11553,train
65c3b4d,11554,train
edbc542,11555,train
ed619fc,11556,train
27e68cc,11557,train
42620ae,11558,calibration
4d3c72c,11559,final_validation
e005357,11560,train
a941dc2,11561,train
f510a4b,11562,train
fd56afe,11563,train
36d1d91,11564,train
d5b5a5c,11565,train
c9729fa,11566,train
8893ec6,11567,train
2c5957b,11568,train
ccfc77d,11569,train
6979b76,11570,final_validation
e45168f,11571,calibration
73f5cf4,11572,train
8fc1fe9,11573,train
bee6b7f,11574,train
a763494,11575,train
72c7745,11576,train
95abb30,11577,train
0364075,11578,train
669d1dc,11579,train
bfdc429,11580,calibration
f59fa4d,11581,train
0acad9f,11582,train
33b29e8,11583,selection
26a6b97,11584,train
9adfa36,11585,train
8afd92b,11586,train
3aaa9c1,11587,train
2fe59b4,11588,train
d6d1058,11589,train
9f792bd,11590,train
2ef8816,11591,train
39a0c64,11592,train
2a62a1c,11593,final_validation
dc9d5eb,11594,train
c98ba96,11595,train
d8a95e6,11596,calibration
09d976b,11597,final_validation
d150ef9,11598,train
6e64d71,11599,train
65fc941,11600,train
6b5cecd,11601,train
b300e9b,11602,train
74053ff,11603,calibration
3497854,11604,train
821f6ff,11605,train
dc22ef5,11606,selection
8fe0875,11607,train
939d35a,11608,train
78569ca,11609,train
0da2967,11610,train
3b2cfcb,11611,train
07d2045,11612,calibration
e2b3e6e,11613,train
994f286,11614,train
502014f,11615,train
965e44b,11616,train
c76ecf7,11617,calibration
824e4ae,11618,train
7692a92,11619,train
14b9c3f,11620,train
9f4e1b8,11621,train
824682f,11622,train
ba98667,11623,calibration
a7deac0,11624,train
29bfa76,11625,train
6c27120,11626,selection
865ce43,11627,train
327dc64,11628,train
85fc7c9,11629,train
a511e3b,11630,selection
52a8741,11631,train
e1461b0,11632,train
aadf956,11633,train
8249055,11634,train
2324a33,11635,train
4cba575,11636,train
774ced1,11637,calibration
d1718e6,11638,train
b466d9a,11639,calibration
05b37db,11640,train
a5e12ea,11641,train
c04c9a4,11642,train
34c5bdc,11643,train
e95a2a6,11644,calibration
bf680d2,11645,train
d2cd3fb,11646,calibration
3688184,11647,train
cabe99b,11648,train
1ea7607,11649,train
097b864,11650,train
1741756,11651,train
7c1bec9,11652,train
78f88f5,11653,train
596359b,11654,train
1bd30e5,11655,train
a95297f,11656,selection
cfb0905,11657,train
efb6c37,11658,train
2e091c6,11659,selection
b631510,11660,train
ab7f92e,11661,calibration
a56c345,11662,selection
b02a203,11663,train
e9513d5,11664,train
65ca23d,11665,train
4b39a5d,11666,final_validation
42c8dba,11667,calibration
087c663,11668,train
bb09a77,11669,selection
69527a4,11670,train
2d0b80a,11671,train
f824156,11672,selection
78f21f5,11673,train
f9f5aea,11674,calibration
7090fb2,11675,selection
78e7c87,11676,final_validation
4eb95b7,11677,train
7689f1a,11678,train
62c051c,11679,selection
77697a7,11680,train
f1c54fc,11681,train
5638723,11682,train
32097dc,11683,train
292fbde,11684,calibration
0f200d8,11685,final_validation
f56cbbb,11686,train
562b33a,11687,calibration
9d44f80,11688,train
475e950,11689,train
47697bd,11690,train
146aae7,11691,train
411a4c6,11692,train
8734c44,11693,train
cad19f2,11694,train
6e9e53e,11695,train
3c03d31,11696,train
80f3404,11697,selection
8090923,11698,train
ec9466b,11699,train
510515d,11700,final_validation
012c9be,11701,calibration
7f35d9e,11702,train
2e94a27,11703,train
dd45719,11704,train
059af98,11705,train
495e8d0,11706,train
6641d35,11707,selection
1d031f0,11708,train
db0f994,11709,train
0edee1b,11710,train
761f7e9,11711,selection
882db97,11712,train
a60e958,11713,train
2469fc0,11714,train
ae4a601,11715,train
e710f91,11716,final_validation
e277f2c,11717,selection
bd2920f,11718,train
820ece4,11719,train
6353224,11720,calibration
3403e97,11721,selection
45dcd48,11722,calibration
f89c26e,11723,selection
aaecbd6,11724,train
89cee1d,11725,train
0b76940,11726,final_validation
fc4f014,11727,calibration
4e3760b,11728,train
dff3179,11729,train
fd25459,11730,final_validation
dafc727,11731,train
b8c1a5f,11732,train
1e6a5d8,11733,train
f24757e,11734,train
75e8016,11735,train
80f0ce0,11736,final_validation
d787938,11737,train
fe271f4,11738,calibration
2364b68,11739,train
bd6ce41,11740,train
81c231f,11741,train
51a4fb0,11742,train
d73b983,11743,train
7a7d479,11744,final_validation
82c6d34,11745,train
29ebaab,11746,train
e9307c9,11747,final_validation
d7f2966,11748,train
f3d0beb,11749,final_validation
96fa19f,11750,train
0079938,11751,train
c274451,11752,train
eb87cc5,11753,train
3f948e1,11754,train
9a9eeae,11755,final_validation
3e7dd0b,11756,train
d3c355b,11757,train
6626793,11758,train
418f0dc,11759,train
5dc2e40,11760,calibration
372ad46,11761,train
5fcd46c,11762,train
64c9bbc,11763,train
27fabca,11764,final_validation
c1c5139,11765,train
c5a517d,11766,train
91680e1,11767,selection
cf36e7d,11768,calibration
dd7c658,11769,train
8b54528,11770,train
9239800,11771,final_validation
400076e,11772,train
889d909,11773,train
a3271fe,11774,final_validation
b06a1a8,11775,train
23da144,11776,calibration
c2fb070,11777,train
aa29a15,11778,calibration
d4d2562,11779,train
1f7c690,11780,calibration
45b6208,11781,train
e5c857d,11782,train
1c8b117,11783,train
8b81a7a,11784,calibration
b68aa48,11785,train
a255d2f,11786,calibration
c136710,11787,train
cbd7ec6,11788,train
b1b4b79,11789,selection
12c365a,11790,train
0f1081a,11791,train
aee28d3,11792,train
74b2fe5,11793,train
3ff53d1,11794,calibration
1839865,11795,selection
397608e,11796,train
3cb6145,11797,calibration
fe3cccb,11798,train
b393f44,11799,train
9b4d62a,11800,train
6435caa,11801,train
02a1298,11802,final_validation
a3f182d,11803,train
a850453,11804,train
92b03b2,11805,calibration
e265ef2,11806,train
431933e,11807,selection
8336072,11808,train
4bbcd54,11809,train
f3fe5c4,11810,final_validation
10be2a0,11811,train
8705667,11812,train
81d56c1,11813,selection
65d28db,11814,train
64595eb,11815,train
5f4c06e,11816,train
261d0e3,11817,train
01ad79e,11818,train
3570c77,11819,train
2d65e94,11820,final_validation
5bb3e5f,11821,train
335fa4f,11822,train
9da6a6d,11823,train
04ec9a4,11824,final_validation
809fa66,11825,train
ed22963,11826,selection
1461849,11827,final_validation
595980e,11828,train
9f552a6,11829,train
503ef87,11830,train
b45560e,11831,calibration
bb7db64,11832,train
64a167b,11833,train
764b686,11834,train
eec3ad0,11835,train
d337d53,11836,calibration
9a99c0a,11837,train
c5e49a2,11838,train
0fc99a9,11839,final_validation
7e65183,11840,train
65b5d44,11841,train
3b7149a,11842,selection
59eaef5,11843,train
86befef,11844,selection
8db1244,11845,train
505023c,11846,calibration
82d3796,11847,train
8f938f1,11848,selection
f66e6b9,11849,calibration
6429e74,11850,train
e3e1455,11851,train
c814755,11852,final_validation
0d5a937,11853,calibration
a169df3,11854,train
539508c,11855,train
5fbfe66,11856,train
261fd43,11857,selection
49f24e5,11858,selection
a7bbe08,11859,calibration
fdd9bbe,11860,train
6f7c6f1,11861,final_validation
2b63205,11862,train
d024295,11863,train
eaf9c96,11864,train
b88f0c4,11865,train
a59d236,11866,final_validation
2c9f598,11867,train
896d775,11868,train
7e2d45b,11869,selection
40b78eb,11870,train
cf3e46a,11871,selection
8943100,11872,train
c16df7d,11873,train
dba50d5,11874,train
3d52352,11875,calibration
ce8c005,11876,train
34bcca0,11877,train
925db3c,11878,train
3e13ec4,11879,train
0c5e863,11880,train
fb0a7af,11881,train
8e878d8,11882,train
5f1ad58,11883,train
7b835c7,11884,selection
3f19c05,11885,train
377abd0,11886,calibration
c8dc41b,11887,selection
79a4025,11888,train
ca4ee70,11889,train
396197e,11890,train
9da2c13,11891,train
954de7d,11892,train
9055d9f,11893,train
b849d52,11894,selection
1ed83f4,11895,train
582a549,11896,train
82342be,11897,train
c1aab47,11898,train
31e4327,11899,calibration
effa881,11900,final_validation
0f549ce,11901,train
807c627,11902,train
2d034c8,11903,final_validation
f94730e,11904,selection
7029c66,11905,calibration
73ec0b9,11906,train
d18a202,11907,calibration
8230435,11908,train
8b96e59,11909,train
fe133db,11910,train
0a9df6a,11911,train
4508da1,11912,train
49373d9,11913,calibration
292cb9f,11914,train
ad85676,11915,train
c4d3703,11916,selection
edc099d,11917,train
7e0aebb,11918,train
655b46c,11919,calibration
609e29f,11920,final_validation
fe449d3,11921,final_validation
e1de5e0,11922,train
7ebd70b,11923,train
9401d26,11924,calibration
be34c50,11925,train
ddb4b6a,11926,train
7d2a00a,11927,train
068ad55,11928,train
c1c0b13,11929,selection
341c5e2,11930,train
801957d,11931,selection
6fe17cd,11932,train
7a68d8c,11933,calibration
52032c1,11934,calibration
98e52e7,11935,train
7123d48,11936,train
fc55299,11937,final_validation
98dbc96,11938,selection
2dd6f1d,11939,train
0967e3f,11940,selection
eb466f4,11941,final_validation
2b14412,11942,train
2d818b2,11943,train
502e0b9,11944,train
d3bc7e7,11945,final_validation
625611e,11946,train
1a928ae,11947,train
be89c37,11948,train
a58a879,11949,train
6c67d75,11950,train
ee6e626,11951,train
46d02cd,11952,calibration
459922f,11953,train
c4123b1,11954,calibration
2e24a93,11955,selection
709c659,11956,selection
614d33a,11957,train
a0bec96,11958,train
742c60f,11959,train
190a8d4,11960,train
6aebd9d,11961,train
6b85385,11962,train
001bdc0,11963,final_validation
fcf5f9e,11964,train
2975d96,11965,train
4bc1460,11966,train
7e2f7ab,11967,train
004229b,11968,train
9764f48,11969,train
a19008a,11970,selection
1635650,11971,train
5e00d56,11972,train
9744a3c,11973,train
bed3294,11974,final_validation
ca58ee7,11975,train
9d52dd5,11976,train
891473d,11977,final_validation
f0df78a,11978,train
7ea4012,11979,final_validation
4538ac3,11980,train
441e12f,11981,train
94e8b73,11982,train
02d8dd2,11983,train
805b24c,11984,train
2f435d9,11985,train
7746d26,11986,final_validation
84a5c1d,11987,final_validation
ed247f1,11988,train
d987eaf,11989,train
eab9ae4,11990,calibration
80f3e2e,11991,train
6024733,11992,train
2c24e6b,11993,train
b8d9df2,11994,train
6226f71,11995,train
784ce74,11996,calibration
eae48fd,11997,train
96634ac,11998,train
7414383,11999,calibration
5bca2c3,12000,calibration
7077598,12001,train
b9606a9,12002,train
aa638f4,12003,final_validation
b28b002,12004,selection
888c2f1,12005,train
df3f185,12006,train
114187f,12007,selection
36255e8,12008,train
b3d943c,12009,train
5c72d6d,12010,train
bfc8dbd,12011,selection
639ac54,12012,final_validation
2657aa6,12013,final_validation
9841c2a,12014,train
21da225,12015,selection
93a1ae8,12016,train
b8179cf,12017,train
3312b86,12018,train
8b33cfe,12019,final_validation
94277e6,12020,calibration
db6668b,12021,train
0d3b8e3,12022,selection
8f644c5,12023,final_validation
fb5e093,12024,train
a948dbe,12025,train
b02d2d6,12026,train
d644ad3,12027,train
c4f232b,12028,final_validation
bd855df,12029,final_validation
d11c131,12030,train
4856bd0,12031,train
5a40c03,12032,train
82c9864,12033,train
eee85a5,12034,selection
5c27966,12035,train
d3d80b9,12036,train
480c834,12037,train
c3363a9,12038,train
84a2d6f,12039,selection
c17b21d,12040,calibration
0461df3,12041,train
a853f66,12042,train
9331963,12043,train
61a9010,12044,train
f4b3647,12045,calibration
24e6877,12046,selection
efb5ad4,12047,train
76166f9,12048,train
ac6cc44,12049,train
2e2a0e8,12050,train
0693237,12051,train
4575e69,12052,train
1cb73aa,12053,calibration
7e6f8db,12054,train
0c5ec1c,12055,selection
1284ac4,12056,train
445c11a,12057,train
28f67c4,12058,calibration
9ba7a34,12059,train
e58330e,12060,train
96c98de,12061,selection
24b83b4,12062,calibration
ce5eebd,12063,train
b0bd147,12064,train
36c5b6e,12065,train
d4b87f4,12066,train
8817985,12067,calibration
165492b,12068,train
03205e9,12069,final_validation
3d33aaa,12070,train
c291598,12071,train
18f90f1,12072,train
f68f5cb,12073,train
2af2552,12074,train
bda130b,12075,train
e52f321,12076,train
d72438a,12077,train
7392331,12078,train
1e32873,12079,final_validation
7fa9598,12080,train
389b212,12081,train
6b0d22e,12082,train
2841bdd,12083,calibration
4547adf,12084,train
b0d125f,12085,calibration
f93c8fd,12086,train
7aa58e8,12087,train
7148ecb,12088,calibration
132ccff,12089,train
0a94ac7,12090,train
78569cc,12091,train
7057eb6,12092,final_validation
e72a879,12093,train
dc9afd1,12094,final_validation
b135cfc,12095,train
2be7c8e,12096,train
13637e9,12097,train
0683ac3,12098,selection
f2d525a,12099,train
5de3eb1,12100,train
e2763c4,12101,selection
4303cbd,12102,train
1696647,12103,train
b7bb573,12104,selection
9211106,12105,train
423d789,12106,train
b7d7d61,12107,final_validation
05c94e5,12108,train
4ea4f0f,12109,train
88eaec8,12110,train
eca8129,12111,train
a22e219,12112,train
cffc4a6,12113,train
643b19d,12114,train
a7cb7bb,12115,train
cda556e,12116,train
f36b244,12117,selection
bb879d0,12118,train
2ba1c54,12119,selection
a1a0e21,12120,train
f007de5,12121,train
da4513f,12122,final_validation
929b955,12123,train
50e3c8f,12124,train
c07e6a7,12125,final_validation
d613c8e,12126,train
30a5a3d,12127,train
4a8da90,12128,train
f00c26a,12129,train
142f458,12130,train
1e48979,12131,train
9063dd3,12132,train
3baaf6b,12133,train
84468af,12134,train
518a8e3,12135,train
8725350,12136,train
388e90c,12137,selection
0163804,12138,selection
9cd6ef9,12139,selection
3a664f7,12140,train
40e6472,12141,selection
50edf08,12142,selection
7c59798,12143,train
d8243a4,12144,final_validation
5d83c70,12145,train
c278844,12146,train
e3a9afd,12147,train
f694e28,12148,train
753c3cd,12149,final_validation
8cbf347,12150,calibration
1cdccc2,12151,train
d9f4644,12152,train
d4a6345,12153,selection
01c5073,12154,train
7797857,12155,train
9729ecc,12156,train
bbe93c1,12157,calibration
12a72bd,12158,train
246a61a,12159,selection
37c0154,12160,train
e17a151,12161,final_validation
74a9dbc,12162,train
4a9461d,12163,train
cb82dc0,12164,train
d1a6973,12165,train
e135f7a,12166,train
19f4b8e,12167,selection
8af8b09,12168,train
907adf1,12169,final_validation
11428cc,12170,train
a56b9af,12171,train
7a5d972,12172,calibration
622d034,12173,train
056a4a4,12174,train
9231594,12175,train
7bede28,12176,train
1b5891f,12177,train
a02fadf,12178,train
8f4a4e2,12179,train
3ac8dc9,12180,train
b669ecd,12181,train
91dadd2,12182,train
05182bf,12183,train
9946d02,12184,train
76cac0c,12185,calibration
ae1199e,12186,selection
2fdbf31,12187,train
6e8053a,12188,selection
4667066,12189,train
77581db,12190,train
4a16419,12191,train
10b6dea,12192,final_validation
7853ba5,12193,train
9745863,12194,selection
d7056aa,12195,train
757343d,12196,train
3484e9f,12197,train
0dd72fb,12198,selection
aa4ff63,12199,selection
e16657c,12200,train
e5ea0d5,12201,train
21c68d7,12202,calibration
6fe9ea8,12203,train
f0803b8,12204,train
8377d52,12205,train
615ee3d,12206,selection
11c96ef,12207,train
cfdf3f2,12208,train
b37d189,12209,calibration
b2dbe18,12210,selection
d791bad,12211,selection
f12e0ea,12212,calibration
30c1119,12213,selection
4313920,12214,selection
fd0351b,12215,train
3fcff84,12216,train
f79be82,12217,final_validation
f856bc8,12218,train
a365054,12219,calibration
ef1438f,12220,train
bea4ce7,12221,train
28cf870,12222,train
af9cca5,12223,train
9185c9b,12224,train
0f01ab8,12225,selection
5be652c,12226,calibration
abd24bc,12227,train
b26c443,12228,train
74318fd,12229,train
b7d3a07,12230,selection
24e64ad,12231,train
bf2f973,12232,selection
ec82b99,12233,train
88e1bf9,12234,train
5e4b977,12235,train
89ba46c,12236,train
7af41ea,12237,train
5a92ac6,12238,train
231b95b,12239,train
44c494d,12240,train
48a4007,12241,calibration
2b48695,12242,final_validation
694d203,12243,train
6f331fc,12244,train
84cb271,12245,train
8319ef9,12246,train
f8a1c0a,12247,train
a4c474c,12248,train
7f078cf,12249,train
268cd47,12250,train
de87a1c,12251,train
0ee7d80,12252,train
7efe0c4,12253,train
870ba66,12254,calibration
578147d,12255,train
ba8c337,12256,train
d0ee225,12257,selection
8eb9955,12258,train
478d872,12259,final_validation
640d127,12260,final_validation
7494af5,12261,train
8810463,12262,calibration
4d4fce0,12263,final_validation
2e8ae9f,12264,train
e3b78ff,12265,train
071dba8,12266,train
0bc541d,12267,train
0aefcef,12268,train
4b35d62,12269,selection
0ad1f49,12270,train
403b7f6,12271,train
667aec9,12272,final_validation
6b626c6,12273,train
ea9f1f5,12274,final_validation
333e2c7,12275,selection
9292e8f,12276,train
f36a168,12277,final_validation
4f951b4,12278,train
52d7570,12279,train
7ec2f7e,12280,train
e937d8f,12281,selection
df45093,12282,calibration
fab4fe8,12283,train
4f95597,12284,selection
d4a1bcf,12285,train
aa51a19,12286,final_validation
afb25f6,12287,calibration
c39fd2a,12288,train
1686625,12289,train
2830462,12290,train
372c68e,12291,train
4a9a74b,12292,train
71846cc,12293,selection
e8aa91d,12294,train
eafac49,12295,train
07952db,12296,train
ebbe96c,12297,train
5f46401,12298,train
4b2ed69,12299,selection
0eaa56c,12300,train
ef70e4c,12301,train
fa1fdf3,12302,train
e36bb08,12303,train
324d38b,12304,train
b0dc05f,12305,final_validation
60e0c46,12306,train
f006607,12307,train
45a26a2,12308,train
2eeab39,12309,selection
e9928b5,12310,train
47b45a7,12311,train
8a7edd9,12312,final_validation
88d8d80,12313,train
606be34,12314,train
202006a,12315,train
414ff8a,12316,train
d0f0e91,12317,calibration
aff4169,12318,train
fb140b4,12319,train
7af72ba,12320,train
6f6a884,12321,calibration
ead988a,12322,train
3910d38,12323,selection
9038586,12324,final_validation
e88318b,12325,selection
019e8c3,12326,train
722a9e2,12327,final_validation
c263424,12328,selection
333e608,12329,final_validation
2daf910,12330,train
a74e979,12331,calibration
a286208,12332,train
2cc98cb,12333,train
104c9c2,12334,train
0f52764,12335,selection
ef6569d,12336,train
817dbc6,12337,train
c078616,12338,calibration
5387290,12339,train
1866c81,12340,train
0de71cb,12341,selection
3128486,12342,train
fc58aed,12343,final_validation
6220638,12344,selection
05b31a1,12345,selection
605e033,12346,train
f2e66b1,12347,train
d2196a3,12348,train
2dee5f4,12349,train
e80f2b4,12350,train
9cf3e02,12351,train
387e0e5,12352,train
1a7f061,12353,calibration
2f095a0,12354,train
4ad512b,12355,train
7bed253,12356,train
27226f8,12357,calibration
11f80aa,12358,train
bf2e2df,12359,train
90246bc,12360,train
4d8fe01,12361,final_validation
c9f83ef,12362,train
a356c7c,12363,train
0e2b7d1,12364,train
a17d5f7,12365,train
f51f0fa,12366,train
faa610e,12367,train
a5d517d,12368,selection
08133fe,12369,train
6ca477c,12370,train
c48c366,12371,train
a8d7467,12372,train
3d9c7b9,12373,train
72a709d,12374,calibration
c7a8763,12375,train
9b9dd02,12376,selection
cc0dde2,12377,train
f08124e,12378,final_validation
557d939,12379,train
3e15f18,12380,train
e3e72ce,12381,train
37aae1b,12382,selection
8fefb41,12383,train
7c6e35e,12384,train
0f8d16d,12385,train
ed18cb2,12386,train
4953269,12387,train
61e8dfa,12388,train
371c937,12389,train
9ddf1bf,12390,train
8b5f1fd,12391,train
3e78c7c,12392,train
1eb4606,12393,final_validation
c19d89d,12394,train
1bb4235,12395,final_validation
a6dafc7,12396,train
0c1322b,12397,train
4a3ef9f,12398,train
18c9ed8,12399,train
3192920,12400,train
75a3e5b,12401,selection
001ab80,12402,train
fc3927a,12403,train
84acc1d,12404,train
ce03364,12405,calibration
ca061e6,12406,train
0acfeeb,12407,train
81a7447,12408,calibration
e75bdf8,12409,train
93ab97b,12410,train
7aee2ae,12411,train
29daf40,12412,train
aef7d8a,12413,calibration
403b099,12414,train
f43979d,12415,train
0728321,12416,train
47a50cb,12417,final_validation
3fb7516,12418,selection
c20344e,12419,train
b875b20,12420,train
72f273b,12421,train
0a919e5,12422,selection
fd46aef,12423,train
0ac3c47,12424,calibration
a67bf65,12425,train
c5bc641,12426,train
e61f2d3,12427,calibration
3167722,12428,train
bfaf295,12429,calibration
8345960,12430,train
a718c79,12431,final_validation
8827853,12432,final_validation
21178bf,12433,final_validation
4fce83a,12434,train
c3b8f1a,12435,final_validation
ba91a3f,12436,calibration
6229446,12437,final_validation
7c4b9e5,12438,train
4e38e77,12439,train
8d6be06,12440,train
048b9b6,12441,calibration
22ed7ef,12442,train
94cf58f,12443,train
371081f,12444,train
65c8c94,12445,train
9216557,12446,train
2c91690,12447,train
ef3b33d,12448,train
4f55fbe,12449,train
6bd29f5,12450,train
02ecf18,12451,train
103c22b,12452,selection
a39eecf,12453,train
54e4e14,12454,selection
04a99cb,12455,train
3a1dd7e,12456,train
a9cbc46,12457,train
7f759d2,12458,train
37c450b,12459,train
7d1e3a3,12460,selection
234b700,12461,calibration
4e22166,12462,calibration
5e7b9c2,12463,selection
0b2bfc4,12464,calibration
cfdfdfa,12465,train
1f3890c,12466,train
b92bdee,12467,train
cf482bb,12468,train
89a35da,12469,train
fe4a022,12470,train
3a93842,12471,calibration
40d42ad,12472,train
4e61e01,12473,calibration
2402f2d,12474,train
e43f082,12475,train
6f51437,12476,train
1cc8f9d,12477,train
e426299,12478,train
8e88719,12479,calibration
225c5ce,12480,selection
d574f90,12481,calibration
a933833,12482,selection
bca103a,12483,selection
103ff95,12484,train
98a1e0f,12485,train
a253d76,12486,train
8936c5c,12487,train
c18808b,12488,train
4a84090,12489,train
83c9bbb,12490,train
62f4cd8,12491,train
77418ee,12492,train
0f69e05,12493,train
f32aed5,12494,selection
7c823ed,12495,calibration
e1f5327,12496,train
24a099b,12497,train
52f2649,12498,train
d8dc3f8,12499,train
427013e,12500,train
65f6b10,12501,final_validation
01dabde,12502,train
2522c5d,12503,train
0fcadb2,12504,train
f197341,12505,train
d9c3ff1,12506,selection
4451061,12507,selection
c80a861,12508,train
bbdbffb,12509,final_validation
5d56c67,12510,selection
97ab7f3,12511,train
6f62ee5,12512,train
538bdd5,12513,final_validation
72718b7,12514,train
a16a21f,12515,train
5b8791b,12516,train
efd7312,12517,train
8393995,12518,train
52aa85b,12519,train
18d08e8,12520,train
12483a7,12521,final_validation
d507c82,12522,train
68eaf9f,12523,train
f386e73,12524,train
28229c3,12525,calibration
b94fe27,12526,final_validation
10a0374,12527,final_validation
f8b885d,12528,train
6dc6b0a,12529,train
1b3b9bf,12530,selection
1446c35,12531,train
442479e,12532,train
a1d6398,12533,calibration
5b1893b,12534,train
790576f,12535,train
c257539,12536,train
4f70228,12537,train
0156ea6,12538,train
dd03d5e,12539,train
1f113e1,12540,train
2ab69a7,12541,train
64c15af,12542,calibration
cb32d29,12543,final_validation
9b35b9f,12544,train
d0a6d84,12545,train
19953a8,12546,train
d63fc88,12547,train
a3f3377,12548,train
1807be3,12549,train
614de08,12550,train
632cacb,12551,train
72bb125,12552,train
eb64cf8,12553,calibration
31be4dc,12554,final_validation
8530412,12555,calibration
876b4c9,12556,final_validation
35c806d,12557,train
a8621aa,12558,selection
0187e96,12559,train
c3e84c6,12560,final_validation
3911a88,12561,train
1849da9,12562,train
555a58e,12563,calibration
5d911ab,12564,train
5b36e7d,12565,final_validation
b72b073,12566,final_validation
94f5165,12567,train
ff08981,12568,calibration
71d19fc,12569,train
a0737c2,12570,final_validation
a4fcdca,12571,train
c123b4c,12572,train
a3762d8,12573,train
dcc75d7,12574,train
95a9091,12575,calibration
4fc4cab,12576,train
92ae69d,12577,train
8947d0c,12578,train
f95baca,12579,train
e1ea8ee,12580,train
975442b,12581,train
c6833df,12582,calibration
aa73fcb,12583,final_validation
9519ec0,12584,final_validation
7a86c92,12585,train
46692fb,12586,train
a2b476e,12587,calibration
8c1c7fc,12588,train
477bbba,12589,train
201523b,12590,train
f69e4d6,12591,final_validation
5c73459,12592,train
1d0a8db,12593,train
5d65b58,12594,selection
31610f5,12595,train
fe546d8,12596,train
0d8bfc5,12597,train
2997d0c,12598,selection
ef3ddc1,12599,train
5fbec4d,12600,train
0519419,12601,train
e217305,12602,selection
6ccda33,12603,train
9e5ccc7,12604,calibration
28d472e,12605,train
6f4d54b,12606,train
0e7154c,12607,selection
cdff3b2,12608,train
d59e167,12609,calibration
b5b5033,12610,train
4a0a356,12611,train
9fae4ef,12612,train
22d7047,12613,train
80dd74e,12614,selection
982f413,12615,train
ea7d77b,12616,train
70abb34,12617,train
c0b9852,12618,train
2441f8c,12619,final_validation
4fc2548,12620,train
cd27691,12621,calibration
6c636c4,12622,train
060d2bb,12623,train
fd2ebe0,12624,train
59d98c3,12625,train
10fe8cc,12626,train
c115173,12627,train
03ff4c1,12628,train
5c80df3,12629,train
0dbc16f,12630,calibration
e57b857,12631,final_validation
c09b401,12632,train
452641d,12633,train
33e6120,12634,train
d106dee,12635,calibration
fed3c1f,12636,selection
366daac,12637,train
4cc0953,12638,train
402835b,12639,train
ce42bad,12640,selection
77caafd,12641,train
aeaa1eb,12642,train
a7caf1d,12643,train
5b27416,12644,train
d31dc56,12645,train
8cd1c55,12646,train
e2130c6,12647,final_validation
cf6e8bb,12648,train
0514ba2,12649,selection
d4c95d1,12650,train
f521345,12651,selection
e1870ae,12652,train
cfc33b6,12653,final_validation
a1b39aa,12654,train
2e0b133,12655,selection
ba47e27,12656,train
2578fb0,12657,final_validation
e1f6a80,12658,final_validation
e813e51,12659,train
2c35c89,12660,train
3bf20a4,12661,final_validation
7144371,12662,train
2b0bc6d,12663,train
58379d1,12664,train
d2cbf09,12665,train
49bc040,12666,train
5a0a6e7,12667,train
dd93e56,12668,train
1d5b94f,12669,train
4b60d5a,12670,final_validation
cb2fcde,12671,selection
e9c5ea9,12672,train
a935812,12673,calibration
ef49472,12674,final_validation
7a2aaa4,12675,final_validation
d7d09c0,12676,train
d64d128,12677,train
6f1f88c,12678,train
29fb0d0,12679,selection
6dc736a,12680,train
da08297,12681,train
3a035fb,12682,selection
23709d9,12683,train
0f7dda8,12684,train
6119fea,12685,selection
da6aebe,12686,train
06fa3b6,12687,train
a82b5ef,12688,train
7fd1119,12689,train
ab410e4,12690,selection
b103ef4,12691,train
2223f85,12692,train
d4216d3,12693,calibration
fcd8e92,12694,final_validation
4a7e08f,12695,train
84b8678,12696,train
8c39899,12697,selection
257a6a6,12698,calibration
624ad4d,12699,train
56ce1c1,12700,train
9186571,12701,train
7902cba,12702,train
fbf6eb8,12703,calibration
0a98eef,12704,train
5bc5aff,12705,train
0892cb5,12706,train
b28b2d9,12707,train
214b662,12708,train
f64b2f4,12709,selection
4afe435,12710,selection
425d8c4,12711,calibration
563d1cf,12712,train
3434f04,12713,train
a395c34,12714,train
4c822ee,12715,final_validation
1a51b71,12716,final_validation
4474e71,12717,calibration
b9d0a53,12718,train
42ad70e,12719,train
9916173,12720,final_validation
6b1c3b0,12721,selection
2abd742,12722,final_validation
1494422,12723,train
feab32e,12724,train
6d62876,12725,calibration
0b1ab1d,12726,train
d69dd40,12727,train
9fe31ac,12728,train
bd3ec7d,12729,final_validation
98a7e68,12730,calibration
6e0482c,12731,train
b4bdae2,12732,train
3de9f62,12733,train
00d4911,12734,train
941e431,12735,train
4235b26,12736,final_validation
b0dc830,12737,train
e837edd,12738,train
5d99b40,12739,train
2c6fc89,12740,calibration
43cb52e,12741,train
7a07c96,12742,train
468f06d,12743,train
bf5caa3,12744,calibration
da0e8fb,12745,train
20cb752,12746,train
6fda4ad,12747,selection
61f7a9c,12748,train
d3899c9,12749,selection
d500a61,12750,calibration
b7d2f72,12751,final_validation
f0f3cba,12752,train
b1bceaf,12753,selection
fe3d113,12754,train
70a84ef,12755,train
1b58375,12756,selection
d57c7b5,12757,train
b015474,12758,train
76eddd4,12759,train
9cf3904,12760,train
0adafa7,12761,final_validation
4d8de47,12762,train
46b1195,12763,final_validation
2b1c1bf,12764,calibration
6347fe0,12765,calibration
0b2c063,12766,calibration
1c23f06,12767,calibration
9f62f3a,12768,train
f11d525,12769,train
15de5b1,12770,train
edf5017,12771,train
c4ae4af,12772,selection
46eaa8b,12773,train
d8a6d62,12774,train
1430d38,12775,selection
5e65a8b,12776,calibration
d7800bf,12777,train
896506f,12778,train
6ad5505,12779,train
3c6bfec,12780,calibration
dab2346,12781,train
c0f89a5,12782,train
2e86520,12783,train
cba2be0,12784,final_validation
ad14bcb,12785,train
2548fcc,12786,final_validation
bc7c899,12787,train
813954b,12788,train
99a0329,12789,train
6bd256c,12790,selection
a44df6f,12791,final_validation
3d37941,12792,train
a0c461b,12793,train
51cff10,12794,train
3c41d0b,12795,calibration
430de71,12796,train
a8bcbe0,12797,train
0ef4f4f,12798,train
e671912,12799,train
c5efa97,12800,train
e254feb,12801,train
0bfe967,12802,train
e67b702,12803,train
aab39bb,12804,final_validation
dcfe25f,12805,train
595e8d2,12806,train
b8b47de,12807,final_validation
0b551ad,12808,train
fdfce42,12809,calibration
82b2ffc,12810,train
3dca01c,12811,train
f083f08,12812,selection
1d8e8c7,12813,selection
091e483,12814,train
7ec2cc3,12815,train
5c964d3,12816,train
fecd35f,12817,selection
0be5034,12818,train
728d1cc,12819,selection
d1990dd,12820,selection
46fa387,12821,train
b3e4b16,12822,train
dd166b0,12823,final_validation
41a6642,12824,train
67b0ded,12825,train
876217e,12826,train
72af48d,12827,selection
65e8a2e,12828,selection
e19825b,12829,train
9d00ea1,12830,final_validation
89bcb5b,12831,train
f8ddbae,12832,final_validation
48aee07,12833,train
7ff464e,12834,train
f8514e5,12835,train
64747e6,12836,train
e2b1ad6,12837,train
468b07c,12838,train
1d9859e,12839,selection
68c44da,12840,train
11c2627,12841,train
152609d,12842,train
d9fd23e,12843,train
acdebde,12844,train
822db5c,12845,calibration
1bbd2aa,12846,selection
335556a,12847,train
d8dfcbc,12848,train
50af254,12849,train
fa5d67a,12850,train
9e1614b,12851,train
8863d36,12852,train
48b771c,12853,selection
13fe30a,12854,train
3f27618,12855,selection
c90ba1a,12856,selection
ae3c7be,12857,selection
14b8fbb,12858,train
3e3c20a,12859,train
8486e0e,12860,train
c2f586f,12861,selection
704ca8c,12862,train
4371a14,12863,selection
7a7fea1,12864,calibration
bfb525f,12865,train
9b0c3dd,12866,calibration
0ed48ed,12867,calibration
933fdf9,12868,train
ee13521,12869,train
fe92183,12870,train
a35725b,12871,train
c5b1a76,12872,final_validation
7d6ac01,12873,train
fa29121,12874,train
68814ce,12875,selection
3f4a9c6,12876,train
34322b6,12877,calibration
266c5f7,12878,selection
71c12b0,12879,train
90e7cdf,12880,selection
44cb3be,12881,train
3be8782,12882,train
7b6f235,12883,calibration
f8d91ef,12884,train
b0a7822,12885,train
b23c02c,12886,selection
84ddd05,12887,train
df4d267,12888,calibration
d404a6c,12889,train
59901f2,12890,train
7c00e6a,12891,selection
abe938a,12892,train
2b743c0,12893,train
5b2a930,12894,train
9a4aba9,12895,train
50b6c97,12896,selection
632e88e,12897,train
349e486,12898,train
4cf4eb1,12899,calibration
9e940ef,12900,train
b6a7a88,12901,train
8e01a15,12902,train
0870f09,12903,train
2a21d68,12904,calibration
3020500,12905,train
c620a79,12906,train
20f7124,12907,train
d7023dd,12908,train
dc6dfac,12909,train
a534657,12910,train
fb3a214,12911,calibration
f13e69b,12912,train
75bb63f,12913,train
ad7c1bb,12914,train
d640a12,12915,train
c0f7dfe,12916,train
a39770e,12917,train
92d5951,12918,calibration
30d4a45,12919,train
320ae92,12920,train
c61a6eb,12921,train
a7f296e,12922,train
772e8cb,12923,final_validation
040bb8a,12924,final_validation
0f79e39,12925,train
9b119ed,12926,selection
a52d490,12927,train
75e3824,12928,train
608ace7,12929,train
1542a67,12930,train
8ec6280,12931,train
d535c1b,12932,train
93fd504,12933,train
5272eb0,12934,train
d1e5244,12935,train
a38244e,12936,selection
a9ea38e,12937,train
8520c0b,12938,selection
0e277d7,12939,train
bb0ee48,12940,train
58556f1,12941,calibration
585210c,12942,calibration
61ff5ed,12943,train
7b9c495,12944,train
b655356,12945,train
a208781,12946,train
bc3c595,12947,train
0dbae6d,12948,final_validation
bbecc99,12949,train
b66fbcb,12950,final_validation
1cc616f,12951,train
0c0eeb7,12952,train
d268560,12953,train
214bad3,12954,train
48cb4cd,12955,selection
c781ab6,12956,train
2313cd7,12957,train
b512b19,12958,train
89bd257,12959,train
ae6d012,12960,calibration
6162b21,12961,selection
4c12021,12962,selection
b035579,12963,train
5015b67,12964,train
80c7f25,12965,train
472298b,12966,train
65a3145,12967,train
ea31ba3,12968,final_validation
9597653,12969,train
9507ed0,12970,selection
96caa63,12971,train
b5fd748,12972,calibration
af45e2b,12973,train
c6c979c,12974,train
0975e3f,12975,train
47824ea,12976,train
b3a4a73,12977,final_validation
75403ca,12978,train
018985d,12979,calibration
613f390,12980,train
27c2c70,12981,train
be9cecb,12982,train
732b189,12983,train
3352d89,12984,calibration
b02736f,12985,train
23b4894,12986,train
3e30e6c,12987,train
2203c6a,12988,train
34b120d,12989,train
b92da64,12990,calibration
7b28c77,12991,train
c8d2ca0,12992,final_validation
46dd6fb,12993,train
e05e8dc,12994,train
b8c4981,12995,train
55d3d44,12996,final_validation
a82fa5f,12997,train
76ad1db,12998,train
ec3323b,12999,train
f985a3f,13000,train
2feab62,13001,calibration
a354d9b,13002,train
d1d32ad,13003,train
03ce0a7,13004,selection
54f33a8,13005,calibration
4f8575d,13006,train
389db01,13007,train
06939ab,13008,train
00a3575,13009,train
db0a0c0,13010,calibration
84150e8,13011,train
93e2ad5,13012,train
5338c0c,13013,final_validation
80a1c47,13014,train
eabad33,13015,train
71b6e79,13016,train
dd5e511,13017,train
1374701,13018,train
0e85504,13019,train
c388cf0,13020,final_validation
6c02528,13021,train
3c30a03,13022,train
de9b166,13023,train
1840279,13024,train
650f016,13025,train
70daa75,13026,train
4bfbfae,13027,train
f4fc1ab,13028,train
9d90fe3,13029,train
22ae235,13030,train
98bd2f3,13031,train
7646cd6,13032,train
32de0f4,13033,train
9935f47,13034,calibration
233ca6e,13035,train
ea0d62c,13036,final_validation
091a8ca,13037,calibration
db098d3,13038,calibration
dc225ea,13039,train
c1ffeb5,13040,selection
b649997,13041,final_validation
0f7aadf,13042,final_validation
4f53e1c,13043,train
7a2d72e,13044,train
e8f52e7,13045,train
4a842cc,13046,train
e7900f2,13047,train
dd94db1,13048,calibration
3dc4b34,13049,train
670088c,13050,train
d86e510,13051,final_validation
5091e12,13052,train
47c2307,13053,train
5d30afd,13054,train
9d26da6,13055,train
e0c11f4,13056,train
389c7bf,13057,selection
d46c951,13058,train
4c51970,13059,selection
4603408,13060,train
aa2c133,13061,train
b4efe32,13062,calibration
c3f8479,13063,train
c98f82e,13064,selection
595fec4,13065,train
cb7624a,13066,train
0fc8125,13067,final_validation
2fdb1d6,13068,train
8484a26,13069,calibration
88165e1,13070,calibration
f0c47c7,13071,train
0848273,13072,train
0a919e7,13073,train
7917200,13074,calibration
e481600,13075,train
c9f4cf0,13076,train
feb63da,13077,train
b5abb88,13078,train
b9cc240,13079,train
0ea1c1f,13080,train
54f35f7,13081,train
aa59ea3,13082,train
18f621f,13083,train
29a7d43,13084,train
a109d2e,13085,calibration
1d9e356,13086,train
a6a80ed,13087,train
a3f1de6,13088,train
d6c45e6,13089,train
e83c459,13090,final_validation
6ef582f,13091,selection
ba1c6b5,13092,calibration
1a07cfb,13093,train
af4293b,13094,final_validation
30055de,13095,selection
b057e26,13096,train
939a1a1,13097,calibration
0cdf1ff,13098,train
e2ba02d,13099,train
ebdbc6b,13100,selection
a880da5,13101,train
8abcbbc,13102,train
d88e664,13103,train
811355b,13104,train
0a22908,13105,train
c2a9c8b,13106,selection
a5bb8c7,13107,train
0882383,13108,selection
1aac26b,13109,train
12f28ff,13110,train
235fab2,13111,selection
30e3b93,13112,train
48685c0,13113,final_validation
7819a73,13114,train
1591b94,13115,train
4ea552d,13116,train
44205c0,13117,final_validation
64884d6,13118,selection
a456bb6,13119,train
ed7fbc3,13120,train
8440e18,13121,selection
2b1fd83,13122,train
04b4ad6,13123,train
4cd668a,13124,train
9438deb,13125,calibration
dd3e34b,13126,selection
497870f,13127,train
80f1d45,13128,selection
01e64c4,13129,train
336c6ad,13130,train
fa1292f,13131,final_validation
e0112c9,13132,train
2e68380,13133,train
e3f513b,13134,train
2986cad,13135,train
d21fbb8,13136,train
9ee622a,13137,final_validation
b94370c,13138,calibration
5f6ce63,13139,train
2fd6657,13140,train
ef23637,13141,train
82853da,13142,train
2f73d77,13143,calibration
527b007,13144,train
09b1823,13145,train
abb588c,13146,train
476b78f,13147,final_validation
dd908e6,13148,final_validation
bd6f060,13149,train
9232640,13150,train
632016d,13151,selection
491d01e,13152,train
ca0ed2e,13153,train
8a171f9,13154,train
26598f5,13155,train
dd7ad18,13156,train
c1eb255,13157,train
5ef992a,13158,calibration
5ed0a74,13159,train
da5ee3f,13160,train
e4ea808,13161,train
dea361a,13162,train
0760842,13163,final_validation
b0a26a8,13164,calibration
9ab59e3,13165,train
b39b8bb,13166,train
09c5771,13167,train
5aa1385,13168,selection
2a97d85,13169,train
2a447bd,13170,selection
a81b2f2,13171,train
3ebc796,13172,train
f3de91a,13173,train
889d496,13174,train
ed21cf1,13175,train
153e8fe,13176,train
2e66941,13177,train
4bca23d,13178,train
6f9ae05,13179,calibration
d405755,13180,calibration
d99d5b0,13181,train
dde0bcf,13182,selection
7235637,13183,final_validation
5d628ad,13184,selection
9b20905,13185,train
fb3b110,13186,selection
6e095cc,13187,final_validation
90cbd8a,13188,train
f356a4c,13189,train
69dfcda,13190,train
353bc5b,13191,train
1bd5edc,13192,final_validation
c766758,13193,train
93dcffc,13194,train
08139fb,13195,train
e046d2a,13196,train
55459d7,13197,final_validation
67e1c77,13198,calibration
bbf3192,13199,train
b8b179c,13200,calibration
2c6c2bf,13201,train
b1686af,13202,selection
952e8a3,13203,train
053f99e,13204,train
7a1ec62,13205,final_validation
f26597a,13206,train
0ad08bd,13207,train
90320ea,13208,train
3b16819,13209,train
a22d402,13210,train
b4d17d4,13211,train
3502893,13212,selection
995ce5c,13213,train
89b156e,13214,train
d4147f2,13215,train
71c1f3d,13216,train
c68354d,13217,final_validation
00d576b,13218,selection
40cba9a,13219,train
182536b,13220,train
13f81b1,13221,train
59d8128,13222,train
c149d08,13223,train
e2d3405,13224,calibration
635a4b4,13225,train
19a9f1b,13226,final_validation
87161f0,13227,train
7486d70,13228,train
6b78b40,13229,final_validation
a3ea1a6,13230,selection
652db13,13231,selection
e0b63de,13232,train
e0fba9c,13233,selection
f004f21,13234,train
cc37102,13235,train
4c93ae4,13236,calibration
90ea4f5,13237,selection
05f81ce,13238,train
61b3999,13239,train
6a970f5,13240,train
a65cf4d,13241,train
b7b0f05,13242,calibration
7690736,13243,final_validation
86bb2c9,13244,train
e62c876,13245,train
7d65d93,13246,train
e4386ac,13247,final_validation
ba59149,13248,train
7dd5c0d,13249,train
1a8f50e,13250,selection
8ec8211,13251,train
35ba672,13252,train
22f55dc,13253,train
734036e,13254,train
9a982b7,13255,train
1d2f823,13256,train
823b228,13257,train
8a38ff3,13258,train
8d678bc,13259,selection
6578734,13260,train
05b01a4,13261,final_validation
a4bfcac,13262,train
84a1b1a,13263,selection
b62d43b,13264,train
5d01e15,13265,train
759d361,13266,train
2d284ae,13267,train
1de7a3e,13268,train
3007923,13269,train
dc29de3,13270,train
307b540,13271,train
e99ce48,13272,train
e0b351e,13273,train
dc2f034,13274,final_validation
383af6e,13275,train
d9a15bb,13276,train
e86b941,13277,final_validation
bcaeafd,13278,train
6162c3a,13279,train
38ddc8d,13280,calibration
1c74f89,13281,train
5cfcdf9,13282,train
dcbba07,13283,selection
5c04c45,13284,train
632e02a,13285,selection
3911f96,13286,train
2836518,13287,train
0c63220,13288,train
9629fff,13289,train
e4a732b,13290,train
44d0218,13291,final_validation
f3a258b,13292,calibration
2be1641,13293,selection
6365f7a,13294,train
31b73d2,13295,train
8aaee53,13296,train
c435fff,13297,train
4c262b2,13298,train
79dfcd7,13299,train
8dbbcc8,13300,train
575d609,13301,train
e883e8d,13302,train
a7bb990,13303,train
32c521d,13304,calibration
9223aaa,13305,selection
8b423cb,13306,train
7d3aad9,13307,train
ced3bda,13308,train
b6fdfe8,13309,train
b509ef3,13310,train
ecf6f9b,13311,calibration
d8f3bd7,13312,train
08d4d59,13313,train
019b862,13314,train
5ada5db,13315,train
5e5f641,13316,train
290cf6b,13317,train
9a371d4,13318,train
4db2098,13319,train
c97e5b2,13320,train
cff9d2d,13321,train
5bc984d,13322,train
41cfc2c,13323,train
06235e1,13324,train
fcc285f,13325,train
9525f77,13326,calibration
80b8f92,13327,train
8a62e5b,13328,train
00613e3,13329,final_validation
fc13e13,13330,final_validation
3e60172,13331,train
bd0fd0d,13332,train
9caac09,13333,train
647cd96,13334,train
d77eb24,13335,train
18f7fc7,13336,train
21ae86b,13337,train
0c0463c,13338,final_validation
c3fd587,13339,train
f7b0d7d,13340,train
3dce3b5,13341,final_validation
47225d8,13342,train
2e1b5e4,13343,train
920a499,13344,train
30869db,13345,train
f6ccf5b,13346,train
0f7535d,13347,train
cf96a90,13348,train
43af0ee,13349,train
537f360,13350,train
79bbd9b,13351,train
b5c7c78,13352,selection
be316f2,13353,train
3c24bb0,13354,calibration
1d20cae,13355,train
5ad7706,13356,train
359b8ee,13357,train
3395115,13358,train
cf0d95b,13359,final_validation
db30849,13360,selection
2e5b73c,13361,train
da01cf3,13362,final_validation
06be122,13363,train
283ae2f,13364,train
568497d,13365,train
29194fa,13366,train
7c244f3,13367,train
bf903ae,13368,selection
bbc29d5,13369,final_validation
7969ad0,13370,train
62502f1,13371,calibration
2bcd7b2,13372,train
442da01,13373,train
435f95e,13374,final_validation
11b1db5,13375,train
47a5dff,13376,train
f3291c6,13377,final_validation
9792fe8,13378,train
f4ca3ba,13379,train
b2c274d,13380,calibration
290f452,13381,selection
fb9cf79,13382,final_validation
9749d96,13383,train
77421ce,13384,train
37b659c,13385,train
77d1a04,13386,train
eaeef02,13387,train
158ddca,13388,train
5de5793,13389,train
f3c0613,13390,selection
9d733ea,13391,train
54d0c9d,13392,final_validation
663fde6,13393,train
60000b4,13394,train
9b3b928,13395,train
7f8986b,13396,train
5f35e66,13397,train
c6a49f8,13398,train
a63a862,13399,train
7b190b5,13400,train
81d1074,13401,final_validation
abde127,13402,train
44d698b,13403,train
93632c3,13404,train
c9670b6,13405,selection
dd5dacd,13406,train
0098ef4,13407,train
d6fda7b,13408,calibration
61d41c5,13409,train
1ce9669,13410,train
e4b6025,13411,selection
4be72b3,13412,train
c762f49,13413,selection
f29d95b,13414,train
c5b8da8,13415,selection
c50f5ae,13416,train
9135e6c,13417,final_validation
0b6df5c,13418,train
ce356c9,13419,train
103d884,13420,train
9cbf6a3,13421,train
ad20e23,13422,calibration
45d4220,13423,train
076539f,13424,calibration
d0113ae,13425,train
1721dd2,13426,final_validation
7b20057,13427,train
4adb263,13428,train
c1dabba,13429,train
4cf846a,13430,train
afea0e5,13431,final_validation
e1e2a67,13432,train
578e3c1,13433,train
265499b,13434,train
85a7ee8,13435,calibration
1178b7e,13436,train
c44be67,13437,train
99038ba,13438,train
ce0fa56,13439,train
488a448,13440,selection
85bf4eb,13441,train
5867764,13442,train
e9848b4,13443,selection
6bde4bc,13444,train
0cf9088,13445,train
a53d268,13446,train
0bee92d,13447,train
919933a,13448,selection
319d071,13449,selection
1d34992,13450,train
8055ec2,13451,train
00f6ac7,13452,train
f32e6b9,13453,selection
58b61cc,13454,train
efda079,13455,final_validation
3cc72ff,13456,train
f9b899d,13457,selection
6203d5a,13458,selection
b7c2646,13459,train
4f55690,13460,train
976c6f8,13461,train
4d63446,13462,train
511a456,13463,calibration
8ac535b,13464,train
2305032,13465,train
ec982ea,13466,calibration
f13820a,13467,selection
c9b1df1,13468,selection
725dd07,13469,train
00feec3,13470,train
748d54a,13471,train
2dc718b,13472,train
235df70,13473,final_validation
23ccdb6,13474,final_validation
7616b6a,13475,final_validation
36f90b3,13476,final_validation
9f93c72,13477,train
65452e6,13478,final_validation
2cd5385,13479,train
bac389a,13480,selection
1fdcd75,13481,train
b166bcb,13482,calibration
931a807,13483,selection
fbb4b88,13484,train
ff4c9d0,13485,train
77b5b31,13486,calibration
92c37a0,13487,train
93e1019,13488,train
3a27911,13489,calibration
9a753b3,13490,final_validation
5ac14fa,13491,train
81fde2a,13492,train
ad31471,13493,train
5d52409,13494,calibration
7f1c9a0,13495,calibration
6ebd8ca,13496,selection
09b1b24,13497,train
df4a236,13498,train
576b6b8,13499,train
8a54ace,13500,train
4a23085,13501,train
beed224,13502,train
48847db,13503,train
90b9070,13504,train
2cca23b,13505,selection
4406d5e,13506,train
c7b6811,13507,calibration
3647ee0,13508,train
89daab8,13509,train
1a0ee12,13510,train
60239fe,13511,calibration
8ad6d36,13512,calibration
6bf2b8d,13513,train
9290b8a,13514,calibration
fa4067f,13515,selection
7813094,13516,train
1b826b9,13517,selection
34339c4,13518,train
a96f4f5,13519,train
ad6312d,13520,train
308d061,13521,selection
98a5094,13522,calibration
4d8d72c,13523,train
e96aaaf,13524,train
7be790c,13525,train
c3cdc0c,13526,train
0c85030,13527,train
b090319,13528,train
e195a3b,13529,train
045fec2,13530,final_validation
60225ae,13531,calibration
bd15160,13532,final_validation
82a33e2,13533,train
e6bbf25,13534,train
f53fbe6,13535,train
ff5c95f,13536,train
7e60dc6,13537,selection
18d3320,13538,selection
a85b3a1,13539,calibration
0eb2865,13540,train
9939305,13541,final_validation
72c9aa8,13542,train
4c772de,13543,train
6eebae5,13544,calibration
202b78d,13545,train
461515a,13546,train
9b80a7f,13547,train
4d90b3e,13548,train
710f5d9,13549,train
5ef8f8e,13550,train
90a4d07,13551,train
b5d8339,13552,calibration
2c95040,13553,train
3f03e94,13554,calibration
969502c,13555,final_validation
caf4f81,13556,train
95cfb46,13557,train
5ae6fe3,13558,train
6b02476,13559,train
787fa24,13560,train
f40883e,13561,train
b3d012d,13562,train
33f367a,13563,train
39a9978,13564,selection
d35e751,13565,train
1962ad7,13566,train
e5bb1c0,13567,train
41f185b,13568,train
fe2a572,13569,train
3217d6b,13570,train
06a0e57,13571,calibration
bbce450,13572,train
65a47e3,13573,train
8a53680,13574,calibration
215b5af,13575,train
f132fc4,13576,train
cc6e400,13577,train
13d8060,13578,train
084cdc4,13579,final_validation
9a10719,13580,train
c37d021,13581,train
b535764,13582,train
b08a814,13583,train
e8dfb46,13584,train
5ef300e,13585,train
33dcf9a,13586,train
ab0ab21,13587,calibration
be32742,13588,train
d6ea1d3,13589,train
acc9a14,13590,final_validation
d144944,13591,train
846448e,13592,train
b5aa1d8,13593,train
0f20721,13594,train
b3c9e9b,13595,train
a3025f7,13596,train
da81c33,13597,train
1d4afd8,13598,calibration
7d9484d,13599,train
f1438af,13600,train
a83390c,13601,train
2822b94,13602,train
ca2c8f2,13603,train
960e817,13604,train
e26c4cb,13605,train
7341159,13606,train
1b5f4fa,13607,train
667bf45,13608,train
a5a15b6,13609,selection
f69ba8e,13610,train
a433686,13611,train
92f1eda,13612,calibration
6bf05a5,13613,train
dc978d4,13614,train
915c0f7,13615,train
57f6a70,13616,train
ef9a2ba,13617,train
c3bc0f7,13618,train
131b07d,13619,calibration
8b57e29,13620,train
6b3f030,13621,train
100527c,13622,train
c22f58f,13623,final_validation
19234b3,13624,calibration
25024a4,13625,train
b109c0d,13626,selection
2db6925,13627,train
22dd848,13628,train
a507ced,13629,final_validation
a06587f,13630,train
3aa2365,13631,calibration
13ed689,13632,train
dd0b4c0,13633,train
9b7d16d,13634,train
1cc6be8,13635,selection
023c138,13636,train
fd168b4,13637,calibration
3a2c718,13638,train
10a41ed,13639,train
e871835,13640,train
01ec1a3,13641,train
8b6750d,13642,calibration
c493091,13643,train
dfa4956,13644,train
d1354e5,13645,train
744604b,13646,selection
7893cfe,13647,train
76c8528,13648,final_validation
a2ad3dd,13649,train
8ffb556,13650,calibration
70207b5,13651,train
d8d10fa,13652,train
96d3c6d,13653,train
28669a4,13654,calibration
722a7a7,13655,train
15eb254,13656,train
d3570a8,13657,train
679b451,13658,train
cff70d1,13659,selection
9cc61ec,13660,train
d88b728,13661,train
bbdb0ca,13662,train
effed23,13663,train
2c46fcc,13664,train
36eaa58,13665,train
1464c1a,13666,train
d49d8db,13667,train
317173f,13668,train
921202b,13669,train
f3b3d3b,13670,selection
ab31ce4,13671,train
6dcc16c,13672,train
3ce7d44,13673,train
8812078,13674,calibration
13f75ec,13675,train
48f464b,13676,train
9dea2ae,13677,train
34ff174,13678,selection
6e4cd94,13679,train
6b445e4,13680,train
2005423,13681,train
adaef95,13682,train
fceec9d,13683,calibration
15dc62e,13684,selection
e34416f,13685,train
883dff5,13686,train
d730f64,13687,train
fb307eb,13688,train
5d47f5c,13689,train
5ef684b,13690,calibration
9459254,13691,train
78236b1,13692,train
7383738,13693,calibration
6e0cafb,13694,selection
1787e2c,13695,calibration
cd9d88d,13696,train
ec6b6c1,13697,selection
421d3f8,13698,final_validation
6b5cb41,13699,train
d5abea3,13700,train
f17398f,13701,train
9005ce5,13702,train
b05d10b,13703,final_validation
0df2499,13704,selection
625bf78,13705,calibration
d59e18f,13706,calibration
26fd6e8,13707,train
22cb8da,13708,train
fb46850,13709,train
3c40328,13710,train
6adb60a,13711,train
0e22bc3,13712,train
6d719a6,13713,train
0802a6e,13714,selection
15ec1e4,13715,selection
fa3640b,13716,train
d3aaf6d,13717,train
05d73d1,13718,final_validation
4e4164d,13719,calibration
0d0a0cb,13720,train
0811694,13721,train
82ed376,13722,selection
60b50a1,13723,calibration
79c9ad0,13724,train
d3eed9a,13725,train
fb1eb8c,13726,selection
36050fb,13727,train
7e8e2c9,13728,selection
998c758,13729,train
0281195,13730,train
e9538f2,13731,train
274b414,13732,train
58a5feb,13733,train
adfb0fa,13734,train
7d62d5d,13735,train
ba1f7ed,13736,train
4fb5770,13737,train
a2820da,13738,train
371fe2f,13739,final_validation
ac8e95d,13740,train
3b57e6a,13741,train
d71b7f8,13742,calibration
9c14496,13743,train
48d852b,13744,train
b38eebb,13745,calibration
0fcc1b3,13746,train
7777397,13747,train
2773770,13748,train
bbcbf39,13749,train
2a4b0b5,13750,final_validation
c77637c,13751,final_validation
2b0d36b,13752,train
31e0361,13753,train
fbd60ab,13754,train
26c804d,13755,train
c369266,13756,train
4a8af26,13757,train
b05a09a,13758,train
70b24ac,13759,train
00daaa2,13760,train
feddb53,13761,final_validation
0778075,13762,train
98685fe,13763,train
04bc9b6,13764,train
40b5365,13765,train
ca5a507,13766,selection
fb5d9e3,13767,train
08629e7,13768,train
bc3b592,13769,train
bce4012,13770,train
60acb0c,13771,train
8c635e6,13772,final_validation
4a3eac2,13773,selection
a337e4d,13774,train
e964d63,13775,train
40ae87d,13776,train
f697b8f,13777,train
4015682,13778,train
8bd7089,13779,train
3c6aa10,13780,calibration
d737262,13781,train
fe971cf,13782,train
5c2e1c3,13783,train
2a76a2f,13784,final_validation
410ce9c,13785,train
2e91de9,13786,train
47de4d6,13787,final_validation
2bf6895,13788,final_validation
0863447,13789,train
76ed4ba,13790,train
0cd80da,13791,calibration
fa67286,13792,train
f230850,13793,train
5b02768,13794,train
c3f44d5,13795,train
9207878,13796,train
0ce3c1c,13797,final_validation
c0dfe25,13798,train
3107452,13799,train
ad6dc88,13800,calibration
fe25490,13801,train
89d88b5,13802,train
04db8d6,13803,selection
59267c3,13804,final_validation
fe37a5a,13805,final_validation
6f3bcc5,13806,train
7573c96,13807,train
9acbdd6,13808,train
e4dcbca,13809,train
9c3f6e4,13810,train
4a0bbf4,13811,selection
f471d19,13812,train
398af51,13813,train
39bd4eb,13814,train
b07be40,13815,final_validation
6bb33f3,13816,train
e727a4f,13817,calibration
d08d158,13818,train
331ec21,13819,train
78eb6b8,13820,train
b0c3e04,13821,selection
5c752fb,13822,calibration
b75b4f6,13823,selection
2b7e769,13824,train
df999d9,13825,train
480146f,13826,train
13ae3c3,13827,final_validation
6583a7e,13828,train
a8a2337,13829,train
df97546,13830,train
3d73915,13831,train
8955592,13832,train
7c64ee2,13833,train
7be7aa5,13834,train
63cc1b2,13835,final_validation
b7d0710,13836,train
b1624e2,13837,train
54c9a20,13838,final_validation
51a69ae,13839,train
faf7bad,13840,calibration
b124b2d,13841,train
7e41fa2,13842,train
1c2cde0,13843,final_validation
ee6b139,13844,train
c2e46f1,13845,train
f561cd9,13846,selection
1e32b1d,13847,train
4932307,13848,final_validation
45fcc6d,13849,train
1b734d9,13850,train
688168b,13851,calibration
d2c1065,13852,train
01f5682,13853,final_validation
8ff3842,13854,train
3bcfc9e,13855,train
1b2cd91,13856,final_validation
6c9f26e,13857,train
6a9c23d,13858,selection
ed1ed8d,13859,selection
8ff1820,13860,train
c58e91b,13861,calibration
c193287,13862,train
0f7c6f3,13863,selection
e348947,13864,train
53ece1b,13865,train
7deac98,13866,calibration
12b48f2,13867,selection
6b57a15,13868,train
c503e41,13869,train
dad862d,13870,train
945f221,13871,train
fddf51f,13872,train
24c6ae0,13873,train
f148238,13874,train
3dbb209,13875,train
73679f2,13876,train
c91d08f,13877,train
33ee6ce,13878,train
7d7d712,13879,calibration
7cc1623,13880,train
9aaed08,13881,calibration
83b0019,13882,train
99cb3da,13883,train
b1f6d1f,13884,train
398495a,13885,selection
0d23181,13886,train
3a976b4,13887,train
32630a9,13888,train
b15efce,13889,train
96b7cea,13890,train
e2b3961,13891,train
bab2753,13892,train
def86fc,13893,train
f5f56fb,13894,final_validation
800225b,13895,train
d8be4d2,13896,selection
4b1290d,13897,train
df2161b,13898,train
4fa7db7,13899,calibration
a624fc4,13900,selection
304e41c,13901,train
910d63d,13902,train
409deea,13903,selection
cc35b2f,13904,calibration
72aaa3b,13905,calibration
01e0bb8,13906,train
eb71b85,13907,train
5d43879,13908,selection
137152d,13909,train
77cc9c1,13910,final_validation
8865423,13911,calibration
25d7df0,13912,train
6e1af01,13913,final_validation
a7afa62,13914,train
246585a,13915,train
71264f4,13916,calibration
d9b3f52,13917,train
34ff09f,13918,train
08669b6,13919,train
1ab9b01,13920,train
b63e6e4,13921,train
f3a876f,13922,train
569a513,13923,train
940251b,13924,calibration
ed38d2a,13925,train
4699ca6,13926,train
e133934,13927,train
282c1bd,13928,train
36ed198,13929,train
12997a5,13930,train
1dedbfa,13931,train
14eaf97,13932,train
9602649,13933,calibration
f10818c,13934,train
051c46a,13935,selection
60fec92,13936,train
fed2229,13937,calibration
594117c,13938,train
58daaa3,13939,train
e3a9504,13940,train
b119e43,13941,train
9fc7cec,13942,final_validation
c9d93a1,13943,train
5b1041d,13944,train
054e4c8,13945,train
a1e35a3,13946,train
5ebc160,13947,train
8c5c541,13948,train
aec7837,13949,train
3747fb6,13950,train
cf3b381,13951,train
dcf3a1e,13952,train
d635ef5,13953,train
841f4aa,13954,selection
2505b2a,13955,train
dac6521,13956,train
feb2f46,13957,calibration
e7e826b,13958,train
2426a90,13959,train
189c65f,13960,train
6040a53,13961,train
ce51886,13962,train
4d83c24,13963,train
4a70bc3,13964,train
46ca26b,13965,train
8b3551b,13966,selection
360aac0,13967,train
f65f855,13968,train
8bdeb9d,13969,train
f89ba28,13970,train
df83cb3,13971,selection
24971db,13972,train
2fb3ec0,13973,final_validation
45f9dbf,13974,final_validation
86887d7,13975,train
dac4eee,13976,train
40a9a69,13977,train
3984fa7,13978,train
77147ae,13979,final_validation
fc3e67a,13980,train
e74239f,13981,train
2315ee0,13982,train
3715486,13983,train
e3c135a,13984,selection
3c60501,13985,train
b390f9a,13986,train
630114f,13987,train
2e5c179,13988,train
1df4871,13989,train
01846d8,13990,train
fd7c28d,13991,selection
8dba23e,13992,selection
fd49ecb,13993,calibration
e9a1fe2,13994,train
9c73494,13995,final_validation
fb83aad,13996,train
29d4a8c,13997,train
3440c12,13998,final_validation
bf30bb3,13999,train
54a3fb9,14000,calibration
dbe526f,14001,train
a7df23b,14002,train
45c5fcd,14003,final_validation
5921b89,14004,train
3bbcac0,14005,selection
fa8a790,14006,train
5b2f5a3,14007,train
3bc01dc,14008,train
303710c,14009,train
f28d102,14010,train
621dec3,14011,train
9c4fcad,14012,train
2fa5ce8,14013,train
280c9d5,14014,train
8131512,14015,train
0fa8295,14016,train
97c2344,14017,selection
65fd016,14018,selection
dbbaa3b,14019,selection
3f73eef,14020,final_validation
9c9c75e,14021,train
01cbe3d,14022,final_validation
c4b052b,14023,calibration
d32dbeb,14024,train
173dcbd,14025,train
098d6c6,14026,train
f9989ca,14027,train
4b07312,14028,train
1cf2302,14029,train
13e2e99,14030,train
56aa173,14031,train
830d3bf,14032,train
98dc208,14033,calibration
52de2f6,14034,train
bc95e84,14035,train
52d5d9f,14036,selection
44d5b69,14037,calibration
1314aa2,14038,selection
562ca6d,14039,train
982dfcd,14040,train
1287951,14041,train
221e8a6,14042,final_validation
b588d39,14043,final_validation
4fbd16d,14044,final_validation
b5a9e91,14045,selection
2598037,14046,train
e3c54e6,14047,final_validation
0f22798,14048,train
6354384,14049,train
61c7b5a,14050,train
cdf6869,14051,final_validation
b70e1f2,14052,selection
2c44bf1,14053,train
dae3018,14054,train
d413b38,14055,train
ffab5f8,14056,train
b431623,14057,train
1f8e649,14058,final_validation
cf043c2,14059,train
5c80ce4,14060,selection
0d34dea,14061,train
06673c8,14062,train
4e51f74,14063,train
5ed754b,14064,train
8c1fec4,14065,train
5e235b1,14066,train
720d191,14067,train
7a2207b,14068,train
7e517f2,14069,train
318ff17,14070,final_validation
f26cf95,14071,train
6ee0571,14072,train
9c60ce6,14073,train
4465d4c,14074,train
4f00e86,14075,selection
f1aac09,14076,final_validation
6fd79d3,14077,train
1852090,14078,final_validation
5180207,14079,train
b5cd4cc,14080,train
2fb6d78,14081,final_validation
5b74243,14082,train
cb35509,14083,calibration
328c079,14084,train
3ed7d45,14085,train
e907a55,14086,train
6a533ce,14087,train
1d106d5,14088,train
90e8059,14089,train
c15c769,14090,train
15a5d60,14091,train
e2dc569,14092,train
55e620e,14093,train
5c90619,14094,train
7fc2116,14095,selection
5bfc916,14096,selection
3d3a721,14097,train
4b78e63,14098,calibration
19e85b7,14099,train
c2fd586,14100,final_validation
c406793,14101,final_validation
f4b6426,14102,train
dabc74a,14103,train
5083ea0,14104,train
f7ae3a3,14105,train
8c8c4c0,14106,train
5f73006,14107,train
6535778,14108,train
7832599,14109,train
cceb8d1,14110,train
046efe7,14111,train
7434a26,14112,calibration
3834cd0,14113,train
c72e753,14114,train
a3d7f12,14115,final_validation
5d6b525,14116,train
a426ae4,14117,selection
ab4cdb9,14118,final_validation
93ba20a,14119,final_validation
84ce1a3,14120,calibration
77bf743,14121,train
4a8528f,14122,train
8b3111d,14123,selection
da48df7,14124,train
0aa9cee,14125,calibration
e1d9f00,14126,calibration
b15e94d,14127,train
b1ea813,14128,train
7eaab02,14129,train
8185666,14130,final_validation
316c1b7,14131,train
9bdaaa5,14132,train
70e0201,14133,final_validation
39dca7f,14134,train
d461c06,14135,final_validation
1a8c6b7,14136,selection
d16b46c,14137,train
ec4505d,14138,train
ad14587,14139,train
d2db94e,14140,calibration
47b0dbe,14141,train
b19e4c2,14142,train
8b5116e,14143,train
29b872f,14144,train
b6ebe79,14145,train
1cbe5ec,14146,train
1174cd2,14147,train
c384cc2,14148,train
e32743b,14149,train
e044cc8,14150,train
a3d5702,14151,train
8e8e950,14152,train
bd5b950,14153,train
1c4d399,14154,train
01bb07c,14155,train
4ad859a,14156,train
0e7cbd2,14157,final_validation
20cce9b,14158,train
e3d4dea,14159,train
9139206,14160,final_validation
7ba0526,14161,train
947e3c9,14162,train
12e08a3,14163,train
94c3802,14164,train
495bc06,14165,selection
1614a93,14166,train
c55d6dc,14167,calibration
232c60c,14168,train
98a232d,14169,final_validation
21cd93f,14170,train
287a0b6,14171,selection
039fed8,14172,train
4f06c54,14173,train
ee9a7bb,14174,train
655eb93,14175,selection
47c501e,14176,selection
37e71c0,14177,final_validation
0ff5475,14178,train
7a8d7c3,14179,train
a7c39cb,14180,train
da4204b,14181,train
14a6a23,14182,train
7b084d9,14183,train
e523f16,14184,train
3508b1d,14185,train
5959a28,14186,calibration
22c53d1,14187,selection
4d6ac79,14188,train
bb1372d,14189,final_validation
1cab2eb,14190,train
b68e064,14191,calibration
2308e61,14192,train
17e28c2,14193,selection
77fc59e,14194,final_validation
7c2b775,14195,train
2f06170,14196,train
d48d0fa,14197,train
840ac5b,14198,train
01b9b63,14199,train
4e123c6,14200,train
20383c7,14201,train
20fa155,14202,selection
214e706,14203,train
80b3474,14204,train
970116e,14205,train
69fd284,14206,train
a0231b6,14207,selection
8cd77b3,14208,train
2557bb9,14209,calibration
cb72ed0,14210,train
d018ccb,14211,train
1578371,14212,selection
151a2ea,14213,train
f63856f,14214,selection
f5180f3,14215,train
b83f457,14216,train
fc2dcf5,14217,train
290970a,14218,train
1215ca0,14219,train
6c18dde,14220,final_validation
d64db4d,14221,train
eaf94fd,14222,selection
7cb248a,14223,train
ef79a47,14224,train
b5941ec,14225,final_validation
af816ec,14226,selection
82a825d,14227,final_validation
5060536,14228,train
3838ceb,14229,final_validation
a0c55c2,14230,final_validation
e6f0a4b,14231,train
88de2df,14232,train
dee76ef,14233,train
396b504,14234,train
b48f3de,14235,calibration
7473c7f,14236,train
c8e4d24,14237,train
8d82dec,14238,train
b15e5d1,14239,calibration
ba19fe4,14240,selection
cadfa0a,14241,final_validation
9ba5419,14242,train
78f48e0,14243,calibration
4a2dcc3,14244,selection
d59dfb4,14245,train
3bd08c8,14246,train
04fcfb0,14247,calibration
609bb56,14248,selection
19e5e8b,14249,selection
296c49a,14250,train
4dce904,14251,train
bff9681,14252,calibration
73b4f4b,14253,train
9a00c0a,14254,selection
dbd6b54,14255,selection
4b8ee35,14256,train
b019bb7,14257,train
ebf137e,14258,train
0331f55,14259,selection
32c653a,14260,train
19b167b,14261,selection
d4f2d1f,14262,train
91c35c5,14263,train
757a6c3,14264,train
1237e4d,14265,train
de30ae1,14266,final_validation
37af7c5,14267,train
174b49c,14268,train
c0b222f,14269,train
6cff6ec,14270,train
26c61e1,14271,train
6ed94f5,14272,train
bc3fd9e,14273,train
13724f7,14274,train
6e14611,14275,train
876a311,14276,selection
6bd66b3,14277,train
5057e4f,14278,selection
47d14b5,14279,calibration
3538c80,14280,final_validation
5268f5e,14281,train
f72ac2a,14282,train
3283240,14283,train
719648c,14284,train
d8f9c47,14285,train
a930223,14286,train
b308cb8,14287,selection
e2c03e0,14288,train
12ec9ce,14289,train
4b0827c,14290,train
4c06862,14291,final_validation
fc028a8,14292,train
1373710,14293,final_validation
1e0fde2,14294,train
d9429ff,14295,calibration
074b43d,14296,train
f457fec,14297,train
5f2c330,14298,train
6196d6e,14299,selection
f072fe3,14300,train
d71a079,14301,final_validation
204f925,14302,final_validation
983df9c,14303,train
3833fd2,14304,train
67e5706,14305,train
ae173ca,14306,train
77cffe7,14307,calibration
a3c0561,14308,train
d699778,14309,train
651ed18,14310,train
23129f8,14311,train
56a82bf,14312,train
da550db,14313,selection
eab2b06,14314,selection
bd20056,14315,train
9805145,14316,train
7ccba59,14317,selection
19fcf9f,14318,final_validation
7f80bb9,14319,train
53be578,14320,train
8dd6188,14321,calibration
e8a05dd,14322,train
e801b3a,14323,train
a2f71d8,14324,train
9c24e42,14325,train
27f3259,14326,selection
a7b81d5,14327,train
470a853,14328,calibration
dbcd1d3,14329,train
5586de5,14330,train
36d39c8,14331,train
9ab4613,14332,train
ecd26ea,14333,train
c3c95ba,14334,train
7b7bb8c,14335,selection
e402d72,14336,train
82af6a6,14337,train
bff0f17,14338,selection
4cd774a,14339,train
99d659c,14340,train
85225fe,14341,train
730a4ab,14342,train
4f93f72,14343,train
dca96ef,14344,train
e4288ad,14345,calibration
d0b9036,14346,train
2ed6c19,14347,train
bfdc096,14348,train
53ca0ab,14349,train
8d1fd2d,14350,selection
0b4b11b,14351,train
3eaa152,14352,train
84ac016,14353,train
9732ebf,14354,train
a0702c7,14355,train
251aefe,14356,final_validation
59669b6,14357,train
98d7bd2,14358,train
a323e3f,14359,train
032153a,14360,train
c4d4020,14361,calibration
3f3ff43,14362,train
7fd135f,14363,train
9b9c990,14364,train
7fdbd44,14365,train
aa95fab,14366,train
eee5716,14367,train
5056d44,14368,train
c975bdf,14369,train
fbd86c9,14370,train
3033717,14371,train
ba867f0,14372,train
aa5b031,14373,train
9c2e50e,14374,final_validation
c9759b7,14375,train
0bbaaee,14376,final_validation
016ed64,14377,final_validation
cbf0828,14378,selection
05cafcf,14379,calibration
c6f8f44,14380,calibration
99986d6,14381,train
23b30d1,14382,selection
9647eef,14383,train
231a04e,14384,train
68b3d6f,14385,train
d8b6e7a,14386,calibration
24b2241,14387,train
8f3ee69,14388,selection
2151c9b,14389,calibration
3a97cf5,14390,selection
4f57f96,14391,train
a281c2e,14392,train
f5aa828,14393,train
7250fdd,14394,train
5cc4dcc,14395,train
fd3de20,14396,train
2c60d12,14397,train
d25b773,14398,calibration
a7253b6,14399,train
f687164,14400,train
9b8cfd9,14401,train
2d4a651,14402,calibration
82830f3,14403,final_validation
9959c22,14404,train
e187cd5,14405,selection
1ce2f50,14406,train
43bbaee,14407,train
10ff341,14408,selection
c8fb95a,14409,train
46983df,14410,train
c9ba6e8,14411,train
96fc8c1,14412,train
8a3e1c0,14413,train
59421c0,14414,train
fa00450,14415,calibration
a4ff59c,14416,train
ad72f66,14417,train
93bb1d4,14418,train
5e9dcb7,14419,final_validation
3676aa1,14420,train
3f4fcbb,14421,train
44671da,14422,train
b3cbafb,14423,train
fcaa827,14424,calibration
bc51914,14425,train
da5a8fd,14426,train
ec00b60,14427,train
ecf39d3,14428,train
b574dda,14429,calibration
21ff75f,14430,calibration
ad394ea,14431,train
019e2c4,14432,train
b7a0fc8,14433,final_validation
fe153f2,14434,train
0df2924,14435,calibration
4ea0b14,14436,train
56c0a2c,14437,train
14f5af7,14438,train
e53ed3d,14439,train
b92d9e6,14440,selection
3241fbf,14441,train
42e95b4,14442,train
0c059b2,14443,train
99c2931,14444,train
cbd358f,14445,final_validation
1545f83,14446,train
de6630e,14447,train
aef4027,14448,final_validation
74a2b0a,14449,train
fdb8a2f,14450,train
2e03c89,14451,train
90b6340,14452,train
4bc8914,14453,train
1fd8cbc,14454,train
6f8372d,14455,train
9e0bd1d,14456,selection
2ef5d32,14457,final_validation
f61f4dc,14458,final_validation
4ffba77,14459,train
cff4abf,14460,calibration
c1bec39,14461,train
8ecf655,14462,train
724f18c,14463,train
05806ed,14464,train
b7a85c7,14465,train
0d92fb8,14466,train
0f1ab9c,14467,train
d799e31,14468,selection
29a0567,14469,train
16687f8,14470,calibration
6771a50,14471,selection
1ef4021,14472,final_validation
497e049,14473,train
3adb427,14474,train
e48d00a,14475,final_validation
426b7ff,14476,train
a2095fd,14477,calibration
bcedb66,14478,train
4e6d530,14479,train
ebb91e2,14480,train
84cf99b,14481,train
5ee3109,14482,train
59e7f71,14483,train
c506c89,14484,train
ea918ff,14485,train
ab5f7d5,14486,train
b8039a4,14487,train
6161472,14488,train
25b80f6,14489,train
3d89f86,14490,train
c140041,14491,train
0667fd7,14492,train
ee5102a,14493,train
043e1a0,14494,train
2208f3d,14495,train
c4fcfd3,14496,train
342eb36,14497,train
e25a788,14498,train
f5f7161,14499,train
8831275,14500,calibration
6019930,14501,final_validation
ba1da6e,14502,train
d8d8de9,14503,train
c167aef,14504,train
177a7d7,14505,train
2ee0a0e,14506,selection
f4e06fb,14507,train
06633fa,14508,train
645d7dd,14509,final_validation
e145336,14510,train
d64be3d,14511,calibration
dad855f,14512,train
f5775fd,14513,final_validation
6a20b37,14514,train
4a35d90,14515,train
f765c8c,14516,train
b67e056,14517,train
41dfd07,14518,train
f5a52d1,14519,train
14bc18a,14520,train
6128748,14521,train
394b71b,14522,selection
187ef81,14523,train
3decaf5,14524,final_validation
f21d872,14525,train
3038505,14526,final_validation
fa9b6e1,14527,train
27c1469,14528,selection
899e64b,14529,train
af3fbe6,14530,train
3faada7,14531,train
024873e,14532,final_validation
9ebb468,14533,train
984e996,14534,train
192f5f6,14535,selection
d227acb,14536,selection
cbe879e,14537,final_validation
79d4a24,14538,train
4e0d459,14539,train
f816fe9,14540,final_validation
72886e1,14541,train
c8d81fe,14542,train
69f6608,14543,train
0657f4c,14544,calibration
587c2e5,14545,train
9de4b03,14546,train
dd98213,14547,selection
2012c2f,14548,train
e3499a3,14549,selection
a935042,14550,train
1c1348d,14551,final_validation
c30ef3f,14552,train
0e03564,14553,train
bf9e85d,14554,train
4009e22,14555,train
7f5acee,14556,train
5243f77,14557,final_validation
a3a9ebd,14558,train
96a12e3,14559,calibration
0746d1a,14560,train
ade8a9b,14561,calibration
e8c970f,14562,train
383edd4,14563,final_validation
c84ddf6,14564,train
6b00aa5,14565,train
6058b9a,14566,train
ab8bca9,14567,train
c8a1b23,14568,train
18a3ec7,14569,final_validation
4e45fca,14570,selection
dbd114e,14571,train
3f4103d,14572,train
373a9dc,14573,train
3958fcf,14574,train
1cb7062,14575,final_validation
27ea74c,14576,final_validation
6eeaebf,14577,train
8505e01,14578,train
9a5435b,14579,train
b47a3a8,14580,train
5f263a7,14581,train
c26a074,14582,train
3cb576b,14583,calibration
d2d5d91,14584,train
96bdea7,14585,selection
3e23640,14586,train
0642363,14587,calibration
c902512,14588,selection
e3f5cb0,14589,train
e037bf8,14590,calibration
6fdced4,14591,train
32ef59e,14592,train
b741f16,14593,final_validation
7a9a64c,14594,train
01290ec,14595,calibration
7224fb1,14596,selection
9573c66,14597,calibration
5b8f591,14598,train
593324f,14599,final_validation
5b9aed4,14600,final_validation
2b33dcc,14601,train
6db71d6,14602,train
9cec5ca,14603,calibration
d15c0e4,14604,train
042dc86,14605,train
cc24973,14606,train
6ae7907,14607,train
1bc07ce,14608,train
08dab5c,14609,train
67981cb,14610,train
a11cb5b,14611,train
9d0d0ae,14612,train
16c2f13,14613,train
ccfbac7,14614,train
b127d0f,14615,train
1cf4ea5,14616,train
45428e8,14617,train
06333c3,14618,train
bd0e1a1,14619,train
6ab7d0a,14620,train
6bfcb0e,14621,selection
1fbf8b4,14622,train
2c7af05,14623,train
b60a3d8,14624,train
f225436,14625,train
674be25,14626,calibration
92b6683,14627,selection
cdc1cff,14628,train
f5c3dd8,14629,train
421ed60,14630,train
754690b,14631,train
3572116,14632,train
3adbfc3,14633,train
31b8cf7,14634,calibration
e045e58,14635,calibration
1fb0846,14636,train
d9192d6,14637,train
a2db68b,14638,train
656b240,14639,train
25b8dc1,14640,calibration
bd1167a,14641,train
2ca9101,14642,train
bef41bf,14643,train
12a1427,14644,train
6745748,14645,train
355c999,14646,selection
46dd129,14647,train
92c1fff,14648,selection
8c8824c,14649,selection
e5491a4,14650,train
bb76300,14651,train
dbcfa50,14652,train
642c585,14653,train
2989f37,14654,final_validation
dd6559d,14655,final_validation
6fb7a97,14656,calibration
8fecc8c,14657,train
edeec3e,14658,train
9ae8066,14659,train
3111562,14660,train
bab0037,14661,final_validation
14706c7,14662,train
2c8ea49,14663,train
556383d,14664,train
186ee0a,14665,selection
375c3d7,14666,train
535ab94,14667,final_validation
9e70c0b,14668,train
995ea01,14669,train
1c8abcd,14670,train
409fa65,14671,train
0c2f000,14672,train
dc5279a,14673,train
6265245,14674,train
a988abc,14675,final_validation
58d9bb2,14676,final_validation
90a9318,14677,train
0f4fadf,14678,train
7056339,14679,train
600df53,14680,train
7b132ff,14681,train
30e1b7b,14682,final_validation
1651722,14683,train
3a7d684,14684,train
e44fdbd,14685,train
b737618,14686,final_validation
706657b,14687,train
c352a0a,14688,train
f08abdb,14689,train
f22d50a,14690,train
c4d960b,14691,final_validation
d19dd84,14692,calibration
ebe2ce0,14693,train
8a950d3,14694,train
cce806d,14695,train
83cd86f,14696,train
9e09cc5,14697,train
26fcefe,14698,train
c561760,14699,train
3c3e5dd,14700,train
b46858d,14701,calibration
861f8cd,14702,calibration
ecbfb50,14703,train
6abe373,14704,train
80cf29c,14705,calibration
3df743d,14706,train
c602ff9,14707,train
dbe4ae8,14708,train
c376c72,14709,train
10bf544,14710,final_validation
30b779e,14711,train
c7a806f,14712,train
0fe6787,14713,train
b889521,14714,selection
537fce7,14715,train
3a9c6cf,14716,train
7c9b4fb,14717,train
192c7f5,14718,train
558e033,14719,train
f0b3065,14720,final_validation
cc08072,14721,train
dc436b2,14722,train
f81f43e,14723,train
247b49d,14724,selection
a708c0a,14725,train
fad71e0,14726,train
aee6bc8,14727,selection
225fcb4,14728,selection
43fb35c,14729,train
d521177,14730,final_validation
cf6dc8a,14731,train
29d00ed,14732,train
2fac54b,14733,selection
d17dfc0,14734,train
26c4ea1,14735,final_validation
cd7d4a3,14736,train
d226a86,14737,calibration
ac84bac,14738,train
f834b3c,14739,calibration
5f79786,14740,train
65fef82,14741,selection
703515b,14742,train
f6a186b,14743,calibration
1991cce,14744,train
bdb73d9,14745,train
9b42220,14746,final_validation
8bee04f,14747,train
c81e8b2,14748,final_validation
237beac,14749,train
cf095da,14750,train
3af3bfb,14751,train
e026924,14752,train
09c97ba,14753,train
e7000ce,14754,calibration
a81bb80,14755,train
7f46464,14756,final_validation
65e7345,14757,train
5d1930b,14758,train
150d761,14759,train
6a33f83,14760,train
8acf0ad,14761,train
8f5a33a,14762,train
6bf664d,14763,train
762d2ae,14764,train
eafdbc4,14765,final_validation
4b037f4,14766,train
7532cb7,14767,selection
ed12c28,14768,train
719aa38,14769,train
8104655,14770,train
18f9457,14771,train
5b192c8,14772,calibration
9722207,14773,calibration
f3ada19,14774,train
55478b1,14775,train
79a9cda,14776,selection
f2bc006,14777,train
5a5d37e,14778,selection
f54a011,14779,train
4170883,14780,train
f53b37e,14781,train
c7871eb,14782,train
3267b54,14783,train
ad3380a,14784,train
867ad09,14785,train
7728caa,14786,selection
8355126,14787,train
43fc6ff,14788,train
e0062db,14789,train
89f2ea4,14790,train
1acb118,14791,selection
b06b61a,14792,train
f96c287,14793,calibration
91732ad,14794,selection
4c75b0f,14795,train
ab4d119,14796,train
fbde6e5,14797,selection
018ff85,14798,final_validation
7689936,14799,final_validation
82e0c2c,14800,calibration
529c0eb,14801,train
483dea4,14802,final_validation
09915db,14803,train
11d450b,14804,train
84efabc,14805,final_validation
1782cc8,14806,selection
26e8ddf,14807,selection
9efdabd,14808,final_validation
a952a62,14809,train
fe0dc2e,14810,train
f4f101d,14811,calibration
4993cfc,14812,train
2bab4f9,14813,selection
18faa4d,14814,train
b05523e,14815,final_validation
31d9589,14816,train
025d46f,14817,train
2de9ae4,14818,train
d1ea482,14819,train
9e219bb,14820,selection
334eb50,14821,calibration
e068d83,14822,final_validation
b05a300,14823,train
c7930e4,14824,train
afb761e,14825,train
d164714,14826,train
0b28ade,14827,final_validation
cde8ee7,14828,train
6c4d482,14829,train
a529909,14830,selection
894fbc9,14831,train
16114c4,14832,train
02f14c6,14833,train
30ff0f0,14834,train
7457ea1,14835,train
ecfadac,14836,train
c1d51d8,14837,selection
64ffa79,14838,calibration
4f489df,14839,train
d8a5142,14840,selection
e61599f,14841,train
26527d8,14842,train
323b601,14843,train
b2c4a9a,14844,selection
57ba363,14845,train
7fa0ea9,14846,train
0a01969,14847,train
47762a4,14848,train
86f807f,14849,train
0c0b284,14850,train
aac8ca7,14851,train
a14c860,14852,train
efa619f,14853,train
8e7dc34,14854,train
3baeae9,14855,train
0a62a7a,14856,train
7503043,14857,final_validation
bb94c1d,14858,train
1cc3ce2,14859,train
8869eff,14860,train
3d33d7b,14861,train
2704439,14862,final_validation
f95accb,14863,calibration
dbe00b1,14864,train
5190863,14865,train
4e05e94,14866,train
cb4c1e1,14867,train
6aff675,14868,train
ef85a5f,14869,calibration
5d68fc2,14870,train
b465df5,14871,train
3e1969d,14872,train
eb9c14e,14873,train
f46a67c,14874,final_validation
629aa2c,14875,calibration
7889ca2,14876,calibration
5719378,14877,train
b3340d9,14878,train
b414e20,14879,train
203725b,14880,final_validation
25f2e66,14881,selection
143ad9a,14882,train
913b5d3,14883,final_validation
6d73882,14884,train
b4b79a0,14885,train
8bddab9,14886,train
57bda04,14887,final_validation
f08691e,14888,final_validation
af5df6e,14889,train
5c83688,14890,final_validation
09344c3,14891,train
823ca1e,14892,calibration
6a0cbec,14893,calibration
31f7cbe,14894,train
f5a96d1,14895,train
5415b21,14896,train
8e53897,14897,final_validation
64cac95,14898,train
422e6e7,14899,selection
b863a21,14900,train
a889edc,14901,train
40e6f7f,14902,train
e0f2b3c,14903,train
78c07e9,14904,final_validation
cf7611a,14905,calibration
2c2bb64,14906,train
2e43333,14907,train
3a74972,14908,selection
d65808c,14909,train
e45d84b,14910,train
f8c72b6,14911,train
3984b13,14912,final_validation
1196de9,14913,train
15f9033,14914,train
f5fde26,14915,final_validation
7586619,14916,selection
68ea765,14917,train
9a6bbd2,14918,train
af651d3,14919,selection
747e866,14920,train
d67e3c1,14921,train
8f672fc,14922,final_validation
260eeff,14923,train
d4407cd,14924,train
14b3ac5,14925,train
8b08fad,14926,train
54bd71d,14927,train
6094ebe,14928,selection
e957d67,14929,selection
022d72e,14930,selection
69065dc,14931,train
93a77d3,14932,calibration
d6ee819,14933,selection
2882fdb,14934,train
5aa4f1a,14935,train
bc91ba2,14936,final_validation
4a4fd10,14937,train
0c13438,14938,train
15fa958,14939,train
f980746,14940,train
68c7ab1,14941,final_validation
a964bc0,14942,train
801b999,14943,train
4333103,14944,train
bddcbac,14945,train
eee237d,14946,train
691550e,14947,train
2050ae7,14948,selection
b475e54,14949,selection
dadac5e,14950,train
0a0388e,14951,train
f8d1431,14952,calibration
19021fe,14953,train
1ccde24,14954,train
84b7e1c,14955,train
632a0e8,14956,train
7a6c02a,14957,selection
ee32183,14958,train
1c8d415,14959,train
227691f,14960,calibration
bc650b8,14961,train
3545ed7,14962,calibration
795b70b,14963,train
0d125d4,14964,selection
76edc07,14965,train
0220c9f,14966,final_validation
745fe37,14967,calibration
8ef8fe2,14968,train
9504e97,14969,train
a7efa1a,14970,train
4599969,14971,train
098c450,14972,final_validation
1ee7159,14973,train
b303cb0,14974,train
b0be550,14975,train
e7c958f,14976,train
93a78d3,14977,train
177febf,14978,train
f39c7c2,14979,final_validation
fcbcc24,14980,train
7c2212f,14981,selection
1ee7cb0,14982,train
60ffbdb,14983,train
eee7aca,14984,train
012f8f0,14985,train
6027b51,14986,train
d644651,14987,selection
262be36,14988,calibration
d842247,14989,train
b63e093,14990,train
ebc4033,14991,train
a660028,14992,calibration
acb0383,14993,final_validation
c291bb7,14994,train
d55811c,14995,train
7148891,14996,final_validation
6dea6b8,14997,train
f78ab51,14998,calibration
bdb1446,14999,train
ad06321,15000,train
a8c10ca,15001,train
98bf153,15002,train
3691235,15003,calibration
f4d0ca7,15004,train
d82e5cd,15005,train
cf6e865,15006,final_validation
f37b69b,15007,train
db600cd,15008,selection
a6a944c,15009,final_validation
2290a15,15010,train
42baf0a,15011,calibration
827b2fb,15012,calibration
4720230,15013,selection
705b7fb,15014,train
b9f20f1,15015,final_validation
824469b,15016,selection
50354e8,15017,calibration
a613efa,15018,train
04af97d,15019,train
3ab54cd,15020,train
1d56a2d,15021,train
db2b98a,15022,train
1be148f,15023,train
76019e0,15024,train
b65bc0a,15025,train
53b3fb9,15026,train
bdea510,15027,train
65ef7b2,15028,selection
1f7a4d9,15029,train
49ff6fb,15030,train
d6c80ef,15031,selection
1fe34e0,15032,train
9dadb53,15033,train
d0a986e,15034,train
57ed4ff,15035,train
f191664,15036,calibration
a337cff,15037,train
ed14a8a,15038,train
d5c8caa,15039,final_validation
af28d71,15040,selection
f59c3a3,15041,train
cccaefb,15042,train
a90cacb,15043,train
739fc35,15044,train
18f3009,15045,final_validation
bf92249,15046,final_validation
2388754,15047,train
01c5e87,15048,calibration
86a3a28,15049,train
a9c4db6,15050,train
86ae0eb,15051,train
9a7ebcc,15052,selection
9016f48,15053,train
3dd84ba,15054,train
09cc092,15055,train
c8f48f9,15056,train
c131d2e,15057,train
aaf980b,15058,final_validation
6f4a57d,15059,calibration
d22a390,15060,calibration
605f34f,15061,final_validation
303e5c2,15062,train
2b57626,15063,selection
16502ea,15064,train
f20afb0,15065,train
53e4b2e,15066,selection
4d0565e,15067,train
308f712,15068,train
356949d,15069,calibration
59f5500,15070,train
aa514e3,15071,train
7b69af5,15072,train
509f872,15073,train
abe7f2a,15074,train
ef43d23,15075,train
a6d6211,15076,calibration
9f6d671,15077,train
99dad83,15078,calibration
96904d6,15079,train
5d86b93,15080,train
907bf79,15081,final_validation
8fae37d,15082,train
b6924c6,15083,selection
603e4ec,15084,train
88c60a7,15085,train
2840b73,15086,train
3ebc31e,15087,calibration
9fa1a58,15088,train
3279351,15089,selection
55214d4,15090,train
bdd887b,15091,train
9e6d437,15092,train
559611b,15093,train
f373fee,15094,calibration
77539b9,15095,train
942bd1e,15096,final_validation
7eba1f3,15097,calibration
a097c8b,15098,train
6d7e9e0,15099,train
bc0267f,15100,train
1d5fe2b,15101,train
0acae1e,15102,train
a1028ad,15103,train
3402605,15104,train
8a97609,15105,train
3f198e7,15106,train
7ff2111,15107,selection
82eba96,15108,train
f6ba968,15109,train
8047cea,15110,selection
8386f57,15111,train
1d31ebd,15112,train
cdc6945,15113,train
1361418,15114,train
3a0686c,15115,selection
4e5f9f7,15116,train
f751be9,15117,train
c86d82d,15118,final_validation
3496a0a,15119,train
14df8e2,15120,train
5e16b0a,15121,final_validation
eaf75d4,15122,train
853426d,15123,train
6c878f6,15124,train
81ff8cd,15125,selection
32b9fb3,15126,train
61cd11c,15127,train
7899c04,15128,selection
9251b3f,15129,train
2f1d781,15130,selection
5b3d385,15131,train
f1ea474,15132,calibration
8c04088,15133,train
d6d8c34,15134,calibration
e5f23c3,15135,train
5a7063a,15136,train
8577b23,15137,final_validation
01c8f7a,15138,train
8cf1c57,15139,selection
c4fd319,15140,train
36b3126,15141,train
4967255,15142,train
4a5db0a,15143,train
396898a,15144,train
756b2c2,15145,train
a397eb1,15146,train
75a30b4,15147,train
3bcd12a,15148,final_validation
b218810,15149,train
293f43c,15150,calibration
6688c12,15151,train
8a27323,15152,train
2103089,15153,train
858bec6,15154,train
9350c11,15155,final_validation
48ace7b,15156,train
74d22bc,15157,train
72d5fea,15158,train
9a7288b,15159,train
7b9eb4f,15160,final_validation
7ea777f,15161,train
a3a4c11,15162,train
5713a82,15163,train
30b20ea,15164,calibration
2c75ee1,15165,train
c7f45ff,15166,train
5e67004,15167,calibration
fed66e9,15168,train
cb21e2f,15169,calibration
5295209,15170,train
e5ff050,15171,calibration
75b1b41,15172,calibration
542ea94,15173,train
4632334,15174,train
334d4b0,15175,train
46bffef,15176,train
d4d2647,15177,calibration
ed082df,15178,final_validation
184b77b,15179,train
96155d7,15180,train
30aed5f,15181,train
648d46e,15182,train
4330839,15183,calibration
83d9c89,15184,train
8e69430,15185,calibration
f95ae00,15186,train
a1849d8,15187,train
ec6fc82,15188,train
0668f09,15189,train
c2d5fa5,15190,selection
4afbbfa,15191,train
06c3439,15192,selection
37e0414,15193,final_validation
2510330,15194,train
c93db0d,15195,train
e7c4902,15196,calibration
01bd69c,15197,train
2f5ef45,15198,calibration
99d442f,15199,final_validation
9447934,15200,final_validation
0d1dfcb,15201,train
4347732,15202,calibration
59b0500,15203,train
6278215,15204,train
5c7531b,15205,train
688f7ae,15206,train
e3dcfd6,15207,selection
2835045,15208,train
cb7e6c4,15209,final_validation
0b0644a,15210,train
70ba307,15211,final_validation
7a5185a,15212,train
90779cd,15213,train
c91aaf0,15214,calibration
96c09c8,15215,train
d24c645,15216,final_validation
11d9f84,15217,selection
fcc6203,15218,train
aeea8fc,15219,train
22e3946,15220,calibration
4faf2cc,15221,train
5d7a8a8,15222,final_validation
74b1e76,15223,calibration
e99f8d6,15224,calibration
b888c7c,15225,train
09bd6f6,15226,final_validation
19d7b55,15227,train
c229648,15228,train
fce1e83,15229,train
c9de718,15230,selection
a892408,15231,final_validation
425325f,15232,train
0bb2665,15233,final_validation
3ce331d,15234,train
c97615c,15235,train
47426c5,15236,calibration
4fbb5ee,15237,train
d52eef1,15238,final_validation
f5b7bcf,15239,train
d8a1d51,15240,train
fbc4427,15241,selection
6ef2063,15242,train
565a109,15243,train
c6c30d3,15244,train
77d90e6,15245,final_validation
32f4d4e,15246,train
241077a,15247,final_validation
c97daf5,15248,calibration
bd9b557,15249,selection
3aea134,15250,train
3aff9ea,15251,train
013ac83,15252,final_validation
cb90005,15253,train
c3058fe,15254,final_validation
15b7ad2,15255,train
4032f7c,15256,train
1e07d3d,15257,selection
f36f542,15258,final_validation
512072d,15259,train
0cb15fe,15260,calibration
81e4082,15261,train
6b2b7d4,15262,train
4adf796,15263,calibration
0d9d694,15264,final_validation
fc60c05,15265,selection
6603499,15266,train
2807acf,15267,selection
49b6cee,15268,train
a4e2b00,15269,train
282e717,15270,train
39a1cc5,15271,train
10a3665,15272,train
bb44e30,15273,train
a17b5cc,15274,final_validation
73dcfb0,15275,train
238702a,15276,train
27feddd,15277,train
10416ad,15278,train
7dd8cbc,15279,calibration
38a3f6f,15280,final_validation
6929797,15281,train
f0cb9b2,15282,train
537ecf0,15283,final_validation
8ef65cd,15284,train
76f8404,15285,selection
b086742,15286,train
58a310e,15287,calibration
d29de25,15288,selection
e24bee7,15289,train
0e73ffd,15290,train
91e7a88,15291,train
377c773,15292,train
81852ee,15293,selection
1c8c585,15294,train
e046c43,15295,calibration
7cc82fb,15296,train
ada9687,15297,train
d814d86,15298,final_validation
850fee6,15299,train
a68d88a,15300,calibration
aa59609,15301,train
0f01b9a,15302,train
8fe4399,15303,calibration
39aa8f8,15304,selection
f843f05,15305,train
ec674e1,15306,selection
eafa419,15307,train
50ae2b0,15308,selection
0bb7573,15309,train
a32b014,15310,train
71d3076,15311,train
cff51e5,15312,train
096eae9,15313,train
4200326,15314,train
62225f9,15315,train
883a718,15316,train
4e9a19c,15317,train
da2f2c8,15318,selection
a8b30ba,15319,train
54260a3,15320,train
6597280,15321,train
faaa141,15322,train
b41c329,15323,final_validation
0a6ac75,15324,selection
fafde91,15325,final_validation
cb38785,15326,final_validation
6f97075,15327,train
8c1c2c0,15328,train
b106837,15329,train
c092a11,15330,train
0ba4fc3,15331,selection
a19a880,15332,final_validation
df59066,15333,train
951728e,15334,train
4e4dd85,15335,train
45c449d,15336,train
2140b9d,15337,calibration
7c42b99,15338,final_validation
5a04f5d,15339,train
870a2fd,15340,selection
b6da4bf,15341,train
8acfd18,15342,train
4f56177,15343,selection
6540816,15344,train
735de2e,15345,train
5d7fc91,15346,train
106ec05,15347,train
3aa696a,15348,final_validation
f1527d7,15349,train
f666b1d,15350,train
d2a3539,15351,train
b218e90,15352,train
c0ac244,15353,selection
07492fd,15354,train
85c1eef,15355,train
40bdb19,15356,train
0f789a2,15357,final_validation
0719241,15358,train
aa8b0c1,15359,calibration
c81baf7,15360,selection
c18b4b1,15361,selection
454d30d,15362,final_validation
266c5f9,15363,train
d822d6b,15364,calibration
7c131fd,15365,train
2f08580,15366,calibration
df04de6,15367,train
904a43b,15368,final_validation
b783ec0,15369,final_validation
2a857fb,15370,calibration
59f0d46,15371,train
f417b6e,15372,train
32ba187,15373,train
c8dd865,15374,train
ff1a443,15375,calibration
5dfaa6a,15376,train
0273b7b,15377,calibration
e38f2ec,15378,train
0e4855c,15379,train
7cc058f,15380,calibration
d76797b,15381,train
486bd0c,15382,train
dc76991,15383,selection
5c7a06d,15384,train
4dc8a00,15385,train
95bcb2b,15386,calibration
a2ed022,15387,train
9c138a6,15388,train
4d62d2c,15389,calibration
167b14e,15390,calibration
f492802,15391,train
bb94198,15392,train
de88ce9,15393,selection
93a2d85,15394,train
e02d657,15395,train
83c6995,15396,train
3992f01,15397,train
b971d15,15398,train
201f6a9,15399,train
9f4fbfa,15400,train
eb30a92,15401,train
547a912,15402,train
415da09,15403,calibration
a0f9d33,15404,train
13a8ba8,15405,selection
8461f4b,15406,train
09f7d1f,15407,train
ebe4bd5,15408,train
cdb8035,15409,train
12591b2,15410,train
5f0c4d9,15411,selection
cc77ea3,15412,train
297c419,15413,final_validation
dd565c4,15414,train
c36e623,15415,train
57da88c,15416,train
b961e76,15417,train
1af678f,15418,train
228b34a,15419,train
4c06773,15420,train
a546e10,15421,train
e868006,15422,train
a3127af,15423,train
95197d9,15424,selection
d4dc7a8,15425,final_validation
ff108ca,15426,train
f4acdab,15427,train
eadfbe2,15428,calibration
5c8f827,15429,train
faf644c,15430,train
4ec6e7e,15431,train
1a98406,15432,train
8133ef2,15433,train
9b46cdb,15434,train
07b76d3,15435,selection
5123248,15436,train
540e96c,15437,train
e5c5136,15438,train
94f1637,15439,train
28c8ca4,15440,final_validation
cc18f2f,15441,train
c529e2c,15442,train
1d14e6c,15443,train
8f31486,15444,train
f1fa23d,15445,calibration
11ece20,15446,train
4ab6958,15447,selection
903716b,15448,train
499367b,15449,train
2bd48de,15450,calibration
3443062,15451,calibration
9fdad44,15452,calibration
482ef5c,15453,train
797e976,15454,train
e630ec3,15455,final_validation
781dec8,15456,train
77bf5ff,15457,train
6268928,15458,train
39e422c,15459,train
bda3f1b,15460,selection
2df1285,15461,final_validation
c82e0f2,15462,calibration
59dcb0c,15463,train
a8e26b6,15464,train
7b844a4,15465,train
ea3d2d2,15466,train
0c2f27d,15467,train
c77e108,15468,train
d74a2c4,15469,train
eb564e5,15470,train
257592b,15471,calibration
c8d2ad9,15472,selection
cb8c409,15473,final_validation
4f0d3bc,15474,train
7dc1904,15475,train
122fa32,15476,train
4f2f54f,15477,train
d3bee4b,15478,train
c48d027,15479,train
0545b94,15480,final_validation
de607a9,15481,train
c161ff3,15482,train
e2cc716,15483,train
3dcfa42,15484,train
dd64f5b,15485,train
528fa4d,15486,train
3fccfd5,15487,train
d1cf792,15488,train
9642b7f,15489,train
86b876f,15490,final_validation
618261b,15491,train
3323064,15492,selection
c284907,15493,train
bd12d53,15494,train
246c075,15495,final_validation
caf5cc2,15496,train
a478f42,15497,train
96c77d6,15498,train
0f7e96b,15499,calibration
eae9baa,15500,train
192dd1b,15501,train
ef4b096,15502,train
379432c,15503,calibration
7d6ed86,15504,calibration
6e84049,15505,selection
56efbd2,15506,train
d5ba91f,15507,final_validation
90d13f9,15508,train
819f0be,15509,train
d078970,15510,train
42658c0,15511,calibration
2c157d1,15512,train
a1a81a4,15513,calibration
ded1371,15514,train
a8eb3f5,15515,train
8a3f874,15516,train
39fa947,15517,train
d2d299b,15518,train
8a9e3a3,15519,train
68eae4a,15520,train
4e7afdd,15521,final_validation
d308ccb,15522,final_validation
6a8b8ab,15523,selection
c02aca0,15524,train
41b695b,15525,train
b61aeaf,15526,train
f075e71,15527,train
90925e4,15528,train
7ffc1a6,15529,selection
de8ad8a,15530,calibration
b278351,15531,train
d76a09e,15532,train
db21ca7,15533,calibration
c9f30e7,15534,selection
baf92ad,15535,train
34bc6c6,15536,train
5a26bdd,15537,train
9921ad6,15538,train
a3f6028,15539,train
ac63e57,15540,selection
fcacccb,15541,calibration
8172a02,15542,train
f0cb8d2,15543,train
e0a4c42,15544,train
2fbed21,15545,train
fbee000,15546,train
0c8a07d,15547,train
0bfeec7,15548,train
96a2966,15549,train
dfc4155,15550,train
257a5bc,15551,train
71ced58,15552,calibration
1ca992d,15553,train
7615f5a,15554,final_validation
4843b47,15555,train
4b8a067,15556,train
20e8865,15557,train
5a6ac21,15558,train
6727533,15559,train
5d147d6,15560,train
fa11bc7,15561,calibration
2b3f2d8,15562,train
987afbf,15563,train
fc8bb35,15564,train
d7b6d6c,15565,train
64d48ae,15566,train
e99aa60,15567,train
e366506,15568,final_validation
dbd8769,15569,calibration
cfae4f9,15570,train
88441d4,15571,selection
c0f48f0,15572,train
919cc62,15573,train
9f6cb41,15574,calibration
28e9a88,15575,train
