essay_id,score,eval_raw,raw_seed_42,raw_seed_17,raw_seed_2026,mean_raw,seed_std,B0,B1_original_thresholds,B1_recalibrated
66e3ae6,2,2.109375,2.046875,2.015625,2.078125,2.046875,0.02551551815399144,2,2,2
158f25e,3,3.375,3.515625,3.265625,3.421875,3.4010416666666665,0.10311973892303818,3,4,4
c8bf57b,2,3.34375,3.265625,3.359375,3.25,3.2916666666666665,0.04830009633070679,3,3,3
efda9f5,3,2.984375,2.8125,2.828125,2.859375,2.8333333333333335,0.01948779888944761,3,3,3
0fd322d,4,2.546875,2.5625,2.609375,2.46875,2.546875,0.05846339666834283,3,3,3
7be6cbc,2,1.671875,1.328125,1.4609375,1.4453125,1.4114583333333333,0.05926982644135959,1,1,1
0c8f97b,2,2.0625,1.7890625,1.75,1.5859375,1.7083333333333333,0.08800388150372812,2,2,2
4606ad1,2,2.078125,2.234375,2.1875,2.203125,2.2083333333333335,0.01948779888944761,2,2,2
5113ead,1,1.5,1.453125,1.453125,1.4453125,1.4505208333333333,0.003682847818679935,1,1,1
ed7d32a,3,2.984375,2.96875,2.890625,2.984375,2.9479166666666665,0.04101045767714485,3,3,3
9f66ed4,2,1.375,1.171875,1.1875,1.265625,1.2083333333333333,0.04101045767714485,1,1,1
2b34d79,2,2.375,2.203125,2.1875,2.28125,2.2239583333333335,0.04101045767714485,2,2,2
c1831cb,3,3.515625,3.515625,3.515625,3.5,3.5104166666666665,0.00736569563735987,4,4,4
3d37123,2,3.046875,2.9375,3.078125,3.03125,3.015625,0.05846339666834283,3,3,3
601ba65,2,2.796875,2.84375,2.84375,2.640625,2.7760416666666665,0.0957540432856783,3,3,3
d496ca5,3,2.828125,2.59375,2.65625,2.46875,2.5729166666666665,0.07795119555779044,3,3,3
9e3d44e,4,2.34375,2.125,2.328125,2.109375,2.1875,0.09964128369640099,2,2,2
c0e889b,3,2.515625,2.484375,2.5625,2.46875,2.5052083333333335,0.04101045767714485,3,3,3
42e55d6,5,4.875,4.6875,4.65625,4.65625,4.666666666666667,0.01473139127471974,5,5,5
b1bd4ed,3,2.96875,2.984375,3.015625,3.0625,3.0208333333333335,0.03210632293213009,3,3,3
6b750b2,2,2.5625,2.546875,2.484375,2.65625,2.5625,0.071032196338468,3,3,3
b42c291,2,1.8359375,1.765625,1.8984375,1.8828125,1.8489583333333333,0.05926982644135959,2,2,2
89ba5a0,3,2.6875,2.671875,2.671875,2.6875,2.6770833333333335,0.00736569563735987,3,3,3
93774a5,4,3.484375,3.390625,3.484375,3.40625,3.4270833333333335,0.04101045767714485,3,4,4
c0cf509,2,2.1875,2.21875,2.21875,2.296875,2.2447916666666665,0.03682847818679935,2,2,2
c4d98da,3,2.59375,2.5,2.484375,2.46875,2.484375,0.01275775907699572,2,3,3
65df960,3,2.78125,2.59375,2.578125,2.6875,2.6197916666666665,0.04830009633070679,3,3,3
a63fa18,3,2.21875,1.9453125,1.9453125,1.8671875,1.9192708333333333,0.036828478186799345,2,2,2
7cc875a,3,3.265625,3.25,3.296875,3.25,3.265625,0.02209708691207961,3,3,3
fbb4c9d,4,3.671875,3.59375,3.734375,3.640625,3.65625,0.05846339666834283,4,4,4
d4a8b29,3,2.828125,2.875,2.84375,2.796875,2.8385416666666665,0.03210632293213009,3,3,3
91835e2,3,3.109375,2.984375,2.875,2.984375,2.9479166666666665,0.051559869461519095,3,3,3
f90d665,4,3.234375,3.203125,3.125,3.234375,3.1875,0.0459987545121242,3,3,3
3aeffd0,3,3.078125,3.03125,3.046875,3.0,3.0260416666666665,0.01948779888944761,3,3,3
17a53de,3,3.453125,3.46875,3.5,3.453125,3.4739583333333335,0.01948779888944761,3,4,4
02a1c3a,4,4.1875,4.125,4.1875,4.15625,4.15625,0.02551551815399144,4,4,4
e626f3a,4,3.671875,3.671875,3.609375,3.546875,3.609375,0.05103103630798288,4,4,4
d2622d1,4,3.53125,3.46875,3.46875,3.4375,3.4583333333333335,0.01473139127471974,3,4,4
337506c,1,2.21875,2.1875,2.265625,2.171875,2.2083333333333335,0.04101045767714485,2,2,2
2e4ce3b,4,3.578125,3.4375,3.421875,3.359375,3.40625,0.03375385780420761,3,4,4
2fa6216,3,2.96875,3.0,3.03125,2.96875,3.0,0.02551551815399144,3,3,3
4780b02,4,3.671875,3.6875,3.609375,3.609375,3.6354166666666665,0.03682847818679935,4,4,4
0493c5f,1,1.6171875,1.484375,1.5390625,1.3828125,1.46875,0.06473855674300028,1,1,1
5967002,5,4.375,4.34375,4.3125,4.375,4.34375,0.02551551815399144,4,5,5
e80de2c,4,4.53125,4.40625,4.5,4.46875,4.458333333333333,0.03897559777889522,4,5,5
b3a3543,1,1.640625,1.6015625,1.6328125,1.7109375,1.6484375,0.0459987545121242,2,2,2
5d48d77,4,3.5625,3.4375,3.421875,3.484375,3.4479166666666665,0.02655739329996242,3,4,4
42568da,3,2.328125,2.109375,2.109375,2.109375,2.109375,0.0,2,2,2
33b691f,3,2.75,2.71875,2.765625,2.65625,2.7135416666666665,0.04480377743251368,3,3,3
0b64865,1,1.71875,1.703125,1.7890625,1.71875,1.7369791666666667,0.03737682316251907,2,2,2
606dcef,3,2.3125,2.0625,2.15625,2.234375,2.1510416666666665,0.07026425814183354,2,2,2
1d98e0a,2,3.09375,2.921875,2.90625,2.953125,2.9270833333333335,0.01948779888944761,3,3,3
76ee5d1,3,2.625,2.59375,2.671875,2.609375,2.625,0.03375385780420761,3,3,3
fc05c44,4,3.78125,3.765625,3.703125,3.71875,3.7291666666666665,0.02655739329996242,4,4,4
16ba2ef,3,3.09375,3.0,2.96875,3.046875,3.0052083333333335,0.03210632293213009,3,3,3
3553386,3,3.59375,3.484375,3.421875,3.46875,3.4583333333333335,0.02655739329996242,3,4,4
53f4206,4,4.0625,3.828125,3.8125,3.75,3.796875,0.03375385780420761,4,4,4
0da206f,2,3.03125,2.84375,2.78125,2.890625,2.8385416666666665,0.04480377743251368,3,3,3
0fb8b19,3,3.046875,2.96875,3.09375,2.984375,3.015625,0.05560978256266308,3,3,3
3837aeb,2,1.8125,1.90625,1.7890625,1.796875,1.8307291666666667,0.053496454646286815,2,2,2
cecbf38,4,4.5,4.40625,4.3125,4.46875,4.395833333333333,0.06421264586426018,4,5,5
7f20880,1,0.95703125,0.82421875,0.79296875,0.76953125,0.7955729166666666,0.02240188871625684,1,1,1
57dd110,3,3.796875,3.609375,3.5625,3.5,3.5572916666666665,0.04480377743251368,4,4,4
5a7f694,4,4.3125,4.25,4.21875,4.25,4.239583333333333,0.01473139127471974,4,4,4
7bf0a7b,4,4.4375,4.25,4.25,4.28125,4.260416666666667,0.01473139127471974,4,4,4
d979a6e,2,2.265625,2.296875,2.09375,2.25,2.2135416666666665,0.08684027083610972,2,2,2
7df9a1f,4,3.59375,3.5625,3.578125,3.609375,3.5833333333333335,0.01948779888944761,4,4,4
f686cd8,4,3.5,3.53125,3.5625,3.53125,3.5416666666666665,0.01473139127471974,4,4,4
7b00f6a,3,3.40625,3.296875,3.34375,3.328125,3.3229166666666665,0.01948779888944761,3,3,3
38e935c,4,2.984375,2.796875,2.921875,3.015625,2.9114583333333335,0.08960755486502736,3,3,3
c68e728,4,3.90625,3.6875,3.65625,3.671875,3.671875,0.01275775907699572,4,4,4
dc6ca51,2,1.8828125,1.7890625,1.9296875,1.765625,1.828125,0.07245014449606019,2,2,2
9789803,3,2.84375,2.8125,2.875,2.90625,2.8645833333333335,0.03897559777889522,3,3,3
1188040,4,3.921875,3.828125,3.8125,3.796875,3.8125,0.01275775907699572,4,4,4
a656bc3,3,3.640625,3.609375,3.640625,3.625,3.625,0.01275775907699572,4,4,4
a02ab8f,3,2.8125,2.75,2.75,2.796875,2.765625,0.02209708691207961,3,3,3
41eab0c,3,3.328125,3.140625,3.21875,3.015625,3.125,0.08365822085525526,3,3,3
3523b29,3,2.5625,2.515625,2.546875,2.484375,2.515625,0.02551551815399144,3,3,3
9c3ac23,3,2.40625,2.28125,2.34375,2.421875,2.3489583333333335,0.05752792196451699,2,2,3
0b8e735,2,2.0625,2.0625,1.921875,2.078125,2.0208333333333335,0.07026425814183354,2,2,2
06a9e59,3,3.0625,2.96875,3.03125,3.015625,3.0052083333333335,0.02655739329996242,3,3,3
47256d8,5,4.25,4.1875,4.1875,4.21875,4.197916666666667,0.01473139127471974,4,4,4
938e1a4,4,3.40625,3.484375,3.421875,3.46875,3.4583333333333335,0.02655739329996242,3,4,4
24afacf,2,1.7578125,1.8125,1.7421875,1.8125,1.7890625,0.03314563036811941,2,2,2
85dd935,3,2.515625,2.5625,2.5,2.515625,2.5260416666666665,0.02655739329996242,3,3,3
5e6063a,5,4.34375,4.25,4.3125,4.34375,4.302083333333333,0.03897559777889522,4,4,5
d82674c,2,2.296875,2.21875,2.1875,2.265625,2.2239583333333335,0.03210632293213009,2,2,2
29835f7,2,2.1875,2.09375,2.171875,2.15625,2.140625,0.03375385780420761,2,2,2
d80e3b9,3,2.734375,2.796875,2.796875,2.875,2.8229166666666665,0.03682847818679935,3,3,3
d699bff,4,2.765625,2.703125,2.71875,2.671875,2.6979166666666665,0.01948779888944761,3,3,3
a9c7fb1,6,4.8125,4.65625,4.75,4.71875,4.708333333333333,0.03897559777889522,5,5,5
c27e37c,3,2.953125,2.703125,2.78125,2.78125,2.7552083333333335,0.03682847818679935,3,3,3
daf6569,2,1.734375,1.734375,1.78125,1.703125,1.7395833333333333,0.03210632293213009,2,2,2
1af6bd0,4,3.65625,3.625,3.578125,3.59375,3.5989583333333335,0.01948779888944761,4,4,4
5972f6f,2,1.6015625,1.515625,1.453125,1.515625,1.4947916666666667,0.02946278254943948,1,1,2
5e39a22,4,3.96875,3.71875,3.8125,3.859375,3.796875,0.05846339666834283,4,4,4
98a7fbf,4,4.90625,4.6875,4.8125,4.75,4.75,0.05103103630798288,5,5,5
5a1e507,4,3.625,3.625,3.6875,3.578125,3.6302083333333335,0.04480377743251368,4,4,4
bafc4a6,3,2.84375,2.828125,2.9375,2.859375,2.875,0.0459987545121242,3,3,3
d719777,3,3.484375,3.5,3.515625,3.484375,3.5,0.01275775907699572,4,4,4
9c738bb,2,2.171875,2.109375,2.109375,2.171875,2.1302083333333335,0.02946278254943948,2,2,2
3495f1e,2,1.4765625,1.4609375,1.4375,1.46875,1.4557291666666667,0.01327869664998121,1,1,1
ebec1ad,4,3.984375,3.90625,3.953125,3.84375,3.9010416666666665,0.04480377743251368,4,4,4
69f0465,3,3.265625,3.359375,3.328125,3.375,3.3541666666666665,0.01948779888944761,3,3,4
a52300c,4,3.5625,3.578125,3.59375,3.625,3.5989583333333335,0.01948779888944761,4,4,4
b0e3a05,3,2.75,2.75,2.734375,2.71875,2.734375,0.01275775907699572,3,3,3
273de22,3,3.5625,3.28125,3.34375,3.34375,3.3229166666666665,0.02946278254943948,3,3,3
f10d44e,4,3.09375,2.6875,2.734375,2.75,2.7239583333333335,0.02655739329996242,3,3,3
6cbe737,3,2.875,2.890625,2.875,2.875,2.8802083333333335,0.00736569563735987,3,3,3
75550fd,2,3.25,3.28125,3.21875,3.28125,3.2604166666666665,0.02946278254943948,3,3,3
c382fe5,4,2.921875,2.828125,2.84375,2.875,2.8489583333333335,0.01948779888944761,3,3,3
61f4d88,4,4.3125,4.34375,4.28125,4.3125,4.3125,0.02551551815399144,4,4,5
fb470c0,3,3.4375,3.296875,3.390625,3.4375,3.375,0.05846339666834283,3,4,4
b9e8e95,5,3.875,3.734375,3.71875,3.78125,3.7447916666666665,0.02655739329996242,4,4,4
eaf009e,4,3.953125,3.953125,3.9375,3.984375,3.9583333333333335,0.01948779888944761,4,4,4
65add2a,3,3.109375,3.078125,3.09375,3.09375,3.0885416666666665,0.00736569563735987,3,3,3
14067fc,2,2.5625,2.515625,2.5,2.59375,2.5364583333333335,0.04101045767714485,3,3,3
6a9fa03,2,1.640625,1.625,1.6171875,1.5,1.5807291666666667,0.057173172916927466,2,1,2
71154c1,3,2.5625,2.59375,2.53125,2.5625,2.5625,0.02551551815399144,3,3,3
f24da7f,4,2.40625,2.546875,2.375,2.390625,2.4375,0.07760241888412156,2,3,3
e1bc399,3,2.828125,2.921875,2.796875,2.859375,2.859375,0.05103103630798288,3,3,3
9fced4b,3,3.359375,3.28125,3.28125,3.25,3.2708333333333335,0.01473139127471974,3,3,3
fb40cba,2,1.8125,1.6953125,1.671875,1.6484375,1.671875,0.019136638615493577,2,2,2
5ca7d85,4,2.75,2.171875,2.234375,2.28125,2.2291666666666665,0.04480377743251368,2,2,2
407f52e,4,4.28125,4.25,4.21875,4.21875,4.229166666666667,0.01473139127471974,4,4,4
b9f493c,4,3.375,3.34375,3.25,3.359375,3.3177083333333335,0.04830009633070679,3,3,3
485b577,4,3.9375,3.90625,3.96875,3.875,3.9166666666666665,0.03897559777889522,4,4,4
5177a59,3,3.359375,3.28125,3.328125,3.390625,3.3333333333333335,0.04480377743251368,3,3,3
a31b1c1,4,3.4375,3.5,3.4375,3.40625,3.4479166666666665,0.03897559777889522,3,4,4
b075ba9,3,2.421875,2.421875,2.375,2.390625,2.3958333333333335,0.01948779888944761,2,3,3
9ad2e47,2,2.25,2.21875,2.1875,2.203125,2.203125,0.01275775907699572,2,2,2
ae89cec,4,3.59375,3.34375,3.453125,3.46875,3.421875,0.05560978256266308,3,4,4
d52b75b,1,1.6875,1.546875,1.6015625,1.6171875,1.5885416666666667,0.030145408601016215,2,1,2
768684b,3,3.921875,3.84375,3.8125,3.8125,3.8229166666666665,0.01473139127471974,4,4,4
1b14997,5,3.71875,3.71875,3.734375,3.671875,3.7083333333333335,0.02655739329996242,4,4,4
630d014,5,4.625,4.5,4.5,4.46875,4.489583333333333,0.01473139127471974,4,5,5
fe7b204,4,3.578125,3.734375,3.6875,3.5625,3.6614583333333335,0.07254368894366728,4,4,4
516707a,2,2.0,1.9765625,2.0625,1.9453125,1.9947916666666667,0.049547649975105336,2,2,2
9f14487,2,2.515625,2.5,2.421875,2.46875,2.4635416666666665,0.03210632293213009,2,3,3
93f73be,4,4.78125,4.75,4.65625,4.71875,4.708333333333333,0.03897559777889522,5,5,5
7b1d35d,2,2.265625,2.1875,2.125,2.234375,2.1822916666666665,0.04480377743251368,2,2,2
6124738,3,3.40625,3.421875,3.328125,3.3125,3.3541666666666665,0.04830009633070679,3,3,4
9f623df,2,2.40625,2.3125,2.3125,2.328125,2.3177083333333335,0.00736569563735987,2,2,2
f46ecad,3,3.265625,3.203125,3.328125,3.25,3.2604166666666665,0.05155986946151909,3,3,3
904cc41,3,2.625,2.59375,2.578125,2.59375,2.5885416666666665,0.00736569563735987,3,3,3
a332bce,4,3.609375,3.59375,3.5625,3.53125,3.5625,0.02551551815399144,4,4,4
6569cfb,3,2.5625,2.578125,2.515625,2.515625,2.5364583333333335,0.02946278254943948,3,3,3
7708e34,3,2.046875,1.8671875,1.828125,1.828125,1.8411458333333333,0.018414239093399676,2,2,2
6c3a92e,3,2.765625,2.90625,2.921875,2.8125,2.8802083333333335,0.04830009633070679,3,3,3
90db3bf,2,2.53125,2.421875,2.46875,2.625,2.5052083333333335,0.08684027083610972,3,3,3
89bedb3,2,1.6953125,1.734375,1.71875,1.7109375,1.7213541666666667,0.009743899444723805,2,2,2
af9cd90,4,3.765625,3.78125,3.734375,3.71875,3.7447916666666665,0.02655739329996242,4,4,4
21fa6b4,3,2.96875,3.09375,3.140625,3.015625,3.0833333333333335,0.051559869461519095,3,3,3
306d5c8,2,3.078125,2.984375,3.203125,3.125,3.1041666666666665,0.09051118331761857,3,3,3
f32711a,4,3.03125,2.9375,2.953125,2.984375,2.9583333333333335,0.01948779888944761,3,3,3
127bdc7,2,2.4375,2.453125,2.375,2.46875,2.4322916666666665,0.04101045767714485,2,3,3
855dc06,3,2.953125,2.828125,2.796875,2.75,2.7916666666666665,0.03210632293213009,3,3,3
a2141e6,2,1.9921875,2.0,1.890625,1.953125,1.9479166666666667,0.04480377743251368,2,2,2
05580e1,3,3.21875,3.078125,3.109375,3.15625,3.1145833333333335,0.03210632293213009,3,3,3
5e5d510,2,2.921875,2.84375,2.84375,2.90625,2.8645833333333335,0.02946278254943948,3,3,3
8399ff9,2,1.90625,1.8984375,1.9453125,1.9453125,1.9296875,0.02209708691207961,2,2,2
921d7fe,1,2.109375,2.09375,2.109375,2.046875,2.0833333333333335,0.02655739329996242,2,2,2
9c0fcae,4,4.21875,4.21875,4.1875,4.21875,4.208333333333333,0.01473139127471974,4,4,4
c0a1802,2,3.09375,3.234375,3.171875,3.234375,3.2135416666666665,0.02946278254943948,3,3,3
35bc274,1,1.140625,1.1875,1.1015625,1.1328125,1.140625,0.035516098169234,1,1,1
8f3b1a2,2,2.9375,2.765625,2.921875,2.875,2.8541666666666665,0.06546773484362778,3,3,3
353e838,3,2.84375,2.71875,2.828125,2.78125,2.7760416666666665,0.04480377743251368,3,3,3
0deace1,2,2.984375,2.8125,2.96875,3.125,2.96875,0.1275775907699572,3,3,3
cbd6a23,3,3.203125,3.15625,3.140625,3.09375,3.1302083333333335,0.02655739329996242,3,3,3
be0c737,2,2.359375,2.3125,2.265625,2.375,2.3177083333333335,0.04480377743251368,2,2,2
ce69f4d,2,2.1875,2.171875,2.125,2.09375,2.1302083333333335,0.03210632293213009,2,2,2
b0f3d31,2,2.4375,2.390625,2.421875,2.28125,2.3645833333333335,0.06029081720203243,2,2,3
ec0315b,4,3.90625,3.890625,3.875,3.96875,3.9114583333333335,0.04101045767714485,4,4,4
f51ba66,2,3.40625,3.421875,3.40625,3.46875,3.4322916666666665,0.02655739329996242,3,4,4
d49eaae,3,3.03125,3.046875,3.078125,2.96875,3.03125,0.0459987545121242,3,3,3
11547d4,1,1.6875,1.6796875,1.6953125,1.71875,1.6979166666666667,0.016053161466065044,2,2,2
4522771,2,2.0625,2.109375,1.9921875,2.09375,2.0651041666666665,0.051952961831406255,2,2,2
ec67501,2,2.71875,2.796875,2.71875,2.84375,2.7864583333333335,0.051559869461519095,3,3,3
7090f87,1,1.15625,0.96875,0.96484375,1.03125,0.98828125,0.030425316264447715,1,1,1
97d36aa,3,2.234375,2.265625,2.3125,2.203125,2.2604166666666665,0.04480377743251368,2,2,2
14d573e,3,2.40625,2.359375,2.34375,2.40625,2.3697916666666665,0.02655739329996242,2,2,3
f1e743a,3,2.796875,2.890625,2.859375,2.890625,2.8802083333333335,0.01473139127471974,3,3,3
3242556,4,3.4375,3.34375,3.375,3.3125,3.34375,0.02551551815399144,3,3,4
3aedc23,3,1.875,1.8984375,1.78125,1.875,1.8515625,0.05063078670631141,2,2,2
0fddb97,3,3.359375,3.390625,3.390625,3.375,3.3854166666666665,0.00736569563735987,3,4,4
74023c3,3,2.875,2.703125,2.8125,2.640625,2.71875,0.071032196338468,3,3,3
1e76917,4,3.25,3.21875,3.265625,3.203125,3.2291666666666665,0.02655739329996242,3,3,3
4eeb894,2,2.328125,2.34375,2.359375,2.28125,2.328125,0.03375385780420761,2,2,2
daf76d6,3,2.75,2.671875,2.703125,2.6875,2.6875,0.01275775907699572,3,3,3
fa6f449,3,3.109375,3.078125,3.078125,3.0625,3.0729166666666665,0.00736569563735987,3,3,3
3f42442,3,3.453125,3.4375,3.421875,3.40625,3.421875,0.01275775907699572,3,4,4
77d423f,4,3.65625,3.421875,3.421875,3.453125,3.4322916666666665,0.01473139127471974,3,4,4
e001dc1,3,2.375,2.390625,2.3125,2.34375,2.3489583333333335,0.03210632293213009,2,2,3
6c35427,4,3.09375,3.265625,3.21875,3.328125,3.2708333333333335,0.04480377743251368,3,3,3
65e8227,2,1.6015625,1.5078125,1.453125,1.4765625,1.4791666666666667,0.02240188871625684,1,1,2
5690be0,2,2.03125,1.84375,1.859375,1.7734375,1.8255208333333333,0.03737682316251907,2,2,2
a19a55a,5,5.28125,5.21875,5.15625,5.125,5.166666666666667,0.03897559777889522,5,6,6
14ce186,4,3.8125,3.75,3.71875,3.734375,3.734375,0.01275775907699572,4,4,4
890b903,4,3.03125,2.984375,2.984375,2.953125,2.9739583333333335,0.01473139127471974,3,3,3
a248338,4,4.15625,4.0625,4.03125,4.125,4.072916666666667,0.03897559777889522,4,4,4
b00bbd3,2,2.03125,1.875,1.828125,1.8203125,1.8411458333333333,0.024150048165353395,2,2,2
5effe5e,4,3.640625,3.59375,3.625,3.6875,3.6354166666666665,0.03897559777889522,4,4,4
032a3bf,2,3.6875,3.578125,3.5625,3.484375,3.5416666666666665,0.04101045767714485,4,4,4
42616c7,5,4.71875,4.625,4.6875,4.59375,4.635416666666667,0.03897559777889522,5,5,5
84f0f81,4,3.765625,3.578125,3.453125,3.53125,3.5208333333333335,0.05155986946151909,4,4,4
2cf2805,1,1.25,1.1953125,1.078125,1.140625,1.1380208333333333,0.04787702164283915,1,1,1
341a9c9,2,2.40625,2.375,2.46875,2.296875,2.3802083333333335,0.07026425814183354,2,2,3
e48448c,3,3.109375,3.125,3.1875,3.109375,3.140625,0.03375385780420761,3,3,3
7a12686,2,1.921875,1.8515625,1.796875,1.828125,1.8255208333333333,0.02240188871625684,2,2,2
f520f61,2,1.8046875,1.8359375,1.7734375,1.796875,1.8020833333333333,0.025779934730759544,2,2,2
24be491,3,2.671875,2.578125,2.671875,2.640625,2.6302083333333335,0.03897559777889522,3,3,3
a5ada4d,3,4.0625,4.0,4.03125,4.03125,4.020833333333333,0.01473139127471974,4,4,4
d29e7b4,4,4.125,4.03125,3.96875,4.125,4.041666666666667,0.06421264586426018,4,4,4
d68a7f7,2,1.3671875,1.3203125,1.25,1.265625,1.2786458333333333,0.03014540860101621,1,1,1
28f0c5d,3,2.921875,2.96875,2.9375,2.96875,2.9583333333333335,0.01473139127471974,3,3,3
1575077,4,4.1875,3.953125,4.03125,4.03125,4.005208333333333,0.036828478186799345,4,4,4
8bd5589,3,3.40625,3.3125,3.25,3.3125,3.2916666666666665,0.02946278254943948,3,3,3
c1b8377,4,3.859375,3.78125,3.828125,3.78125,3.796875,0.02209708691207961,4,4,4
d5e5fe8,2,1.4375,1.3828125,1.3203125,1.3359375,1.3463541666666667,0.02655739329996242,1,1,1
4743935,4,3.578125,3.578125,3.578125,3.546875,3.5677083333333335,0.01473139127471974,4,4,4
141f147,4,4.375,4.34375,4.28125,4.4375,4.354166666666667,0.06421264586426018,4,5,5
db7fbc9,2,2.09375,2.109375,2.09375,2.046875,2.0833333333333335,0.02655739329996242,2,2,2
e386e14,1,1.59375,1.6796875,1.6875,1.609375,1.6588541666666667,0.03513212907091677,2,2,2
a46f543,4,2.9375,2.9375,2.859375,2.90625,2.9010416666666665,0.03210632293213009,3,3,3
154607a,1,2.8125,2.78125,2.75,2.765625,2.765625,0.01275775907699572,3,3,3
8357eeb,4,4.15625,4.03125,4.0625,4.03125,4.041666666666667,0.01473139127471974,4,4,4
18560d1,3,3.265625,3.171875,3.203125,3.203125,3.1927083333333335,0.01473139127471974,3,3,3
5ff6c83,4,4.25,4.15625,4.15625,4.1875,4.166666666666667,0.01473139127471974,4,4,4
3a01df4,3,2.953125,2.84375,2.9375,2.921875,2.9010416666666665,0.04101045767714485,3,3,3
0bc43f3,4,3.890625,3.671875,3.609375,3.734375,3.671875,0.05103103630798288,4,4,4
3c5e13d,3,3.5,3.578125,3.53125,3.546875,3.5520833333333335,0.01948779888944761,4,4,4
f949f3c,4,4.3125,4.21875,4.21875,4.34375,4.260416666666667,0.05892556509887896,4,4,4
5a57116,4,3.453125,3.359375,3.390625,3.328125,3.359375,0.02551551815399144,3,4,4
8ab8d63,3,2.53125,2.671875,2.71875,2.625,2.671875,0.038273277230987154,3,3,3
cbd105f,2,1.4921875,1.359375,1.34375,1.3515625,1.3515625,0.00637887953849786,1,1,1
3e4b55d,5,5.5,5.375,5.40625,5.375,5.385416666666667,0.01473139127471974,5,6,6
caa6e26,2,1.8515625,1.8671875,1.8203125,1.828125,1.8385416666666667,0.020505228838572424,2,2,2
79ff04e,2,3.28125,3.234375,3.1875,3.140625,3.1875,0.038273277230987154,3,3,3
e5cf186,2,1.96875,2.0625,1.984375,2.046875,2.03125,0.03375385780420761,2,2,2
6759515,3,2.984375,2.921875,2.9375,2.921875,2.9270833333333335,0.00736569563735987,3,3,3
1b3b613,2,2.671875,2.71875,2.609375,2.65625,2.6614583333333335,0.04480377743251368,3,3,3
701924d,4,4.28125,4.21875,4.1875,4.21875,4.208333333333333,0.01473139127471974,4,4,4
20b3b91,3,3.046875,2.953125,2.984375,2.96875,2.96875,0.01275775907699572,3,3,3
b2c2b7a,4,3.625,3.453125,3.515625,3.484375,3.484375,0.02551551815399144,3,4,4
d6831f6,4,4.21875,4.15625,4.09375,4.125,4.125,0.02551551815399144,4,4,4
f778e50,3,2.53125,2.484375,2.671875,2.5,2.5520833333333335,0.0849453459911463,3,3,3
4e197da,3,2.9375,2.8125,2.859375,2.84375,2.8385416666666665,0.01948779888944761,3,3,3
da50a6d,2,2.265625,2.359375,2.265625,2.296875,2.3072916666666665,0.03897559777889522,2,2,2
f563941,4,3.6875,3.609375,3.609375,3.609375,3.609375,0.0,4,4,4
9468359,2,1.734375,1.75,1.671875,1.6640625,1.6953125,0.03880120944206078,2,2,2
bfeda64,2,2.703125,2.578125,2.5625,2.5,2.546875,0.03375385780420761,3,3,3
15ec4fa,4,4.5625,4.4375,4.375,4.3125,4.375,0.05103103630798288,4,5,5
ece34cd,3,2.71875,2.765625,2.734375,2.671875,2.7239583333333335,0.03897559777889522,3,3,3
5cc564c,5,5.125,5.0625,4.9375,4.90625,4.96875,0.06750771560841522,5,6,6
7e5452d,5,4.46875,4.28125,4.25,4.375,4.302083333333333,0.05311478659992484,4,4,5
5ef7420,3,2.0625,2.09375,2.109375,2.140625,2.1145833333333335,0.01948779888944761,2,2,2
e5865e9,5,4.6875,4.3125,4.5,4.40625,4.40625,0.07654655446197431,4,5,5
0962f2b,1,1.3671875,1.3828125,1.296875,1.2734375,1.3177083333333333,0.04701945334705153,1,1,1
26f510e,3,3.109375,3.046875,3.015625,3.046875,3.0364583333333335,0.01473139127471974,3,3,3
3a99159,2,2.03125,2.03125,2.0,2.0625,2.03125,0.02551551815399144,2,2,2
0429d4a,2,2.453125,2.546875,2.53125,2.515625,2.53125,0.01275775907699572,3,3,3
a9502ae,2,1.84375,1.765625,1.7890625,1.8515625,1.8020833333333333,0.03627184447183364,2,2,2
f3e7589,2,2.125,2.078125,2.0,2.078125,2.0520833333333335,0.03682847818679935,2,2,2
5d86e9b,3,3.0,3.0,2.84375,3.03125,2.9583333333333335,0.0820209153542897,3,3,3
7e6545b,4,3.359375,3.421875,3.46875,3.359375,3.4166666666666665,0.04480377743251368,3,4,4
14b54d0,2,2.34375,2.390625,2.46875,2.375,2.4114583333333335,0.04101045767714485,2,3,3
1924ce2,4,3.609375,3.53125,3.546875,3.5625,3.546875,0.01275775907699572,4,4,4
a4f476e,4,4.125,3.828125,3.78125,3.84375,3.8177083333333335,0.02655739329996242,4,4,4
8cade18,3,1.8515625,1.84375,1.9296875,1.71875,1.8307291666666667,0.0866056726474786,2,2,2
9802c6e,2,1.7578125,1.671875,1.71875,1.7578125,1.7161458333333333,0.03513212907091677,2,2,2
52af483,4,4.53125,4.4375,4.375,4.46875,4.427083333333333,0.03897559777889522,4,5,5
141f967,3,2.921875,2.671875,2.609375,2.703125,2.6614583333333335,0.03897559777889522,3,3,3
a092f5e,2,2.046875,1.9375,1.9609375,2.0,1.9661458333333333,0.025779934730759548,2,2,2
5622b3a,3,2.109375,2.09375,2.109375,2.21875,2.140625,0.05560978256266308,2,2,2
c841d22,3,2.53125,2.4375,2.640625,2.421875,2.5,0.09964128369640099,3,3,3
26513d2,1,1.0546875,0.87109375,0.97265625,0.9609375,0.9348958333333334,0.045367842161938406,1,1,1
af5cb4d,4,3.5625,3.53125,3.484375,3.53125,3.515625,0.02209708691207961,4,4,4
458a3e4,1,1.0,0.79296875,0.8359375,0.80078125,0.8098958333333334,0.018688411581259536,1,1,1
13b533b,3,2.640625,2.703125,2.65625,2.765625,2.7083333333333335,0.04480377743251368,3,3,3
08b8798,3,3.34375,3.25,3.265625,3.265625,3.2604166666666665,0.00736569563735987,3,3,3
00bee4c,3,3.234375,3.1875,3.21875,3.171875,3.1927083333333335,0.01948779888944761,3,3,3
78ed392,4,2.703125,2.484375,2.46875,2.4375,2.4635416666666665,0.01948779888944761,2,3,3
369b6c2,3,2.828125,2.890625,2.859375,2.90625,2.8854166666666665,0.01948779888944761,3,3,3
d71e96b,4,3.84375,3.890625,3.703125,3.8125,3.8020833333333335,0.07690012010538229,4,4,4
db2e65a,3,2.609375,2.515625,2.5,2.671875,2.5625,0.07760241888412156,3,3,3
42672b1,2,1.9375,1.78125,1.796875,1.8828125,1.8203125,0.044652156769485016,2,2,2
289c956,5,3.1875,3.09375,3.109375,3.140625,3.1145833333333335,0.01948779888944761,3,3,3
df5d488,3,3.8125,3.78125,3.75,3.828125,3.7864583333333335,0.03210632293213009,4,4,4
acc0f5b,1,1.34375,1.2265625,1.296875,1.3125,1.2786458333333333,0.03737682316251907,1,1,1
ac94c8d,4,4.375,4.3125,4.3125,4.25,4.291666666666667,0.02946278254943948,4,4,4
1798e69,4,3.15625,3.109375,3.109375,3.140625,3.1197916666666665,0.01473139127471974,3,3,3
f74b158,1,1.90625,1.8515625,1.78125,1.9140625,1.8489583333333333,0.05425173608333245,2,2,2
7895e92,4,3.59375,3.5625,3.578125,3.578125,3.5729166666666665,0.00736569563735987,4,4,4
857aa7c,2,1.359375,0.87109375,1.0234375,0.890625,0.9283854166666666,0.06768328863732827,1,1,1
160e4fd,2,2.375,2.390625,2.265625,2.40625,2.3541666666666665,0.06293253111247173,2,2,3
04d13e6,3,3.40625,3.40625,3.40625,3.421875,3.4114583333333335,0.00736569563735987,3,4,4
0232fa2,1,1.578125,1.3671875,1.34375,1.296875,1.3359375,0.029231698334171417,1,1,1
9a8599f,3,3.03125,2.9375,2.890625,3.078125,2.96875,0.07967217989988726,3,3,3
c338f9c,3,2.21875,2.25,2.28125,2.234375,2.2552083333333335,0.01948779888944761,2,2,2
41bd378,2,1.828125,1.7890625,1.8046875,1.8515625,1.8151041666666667,0.02655739329996242,2,2,2
b763219,2,1.5234375,1.5234375,1.5078125,1.5234375,1.5182291666666667,0.00736569563735987,2,1,2
fd8019a,4,3.953125,3.90625,3.90625,3.90625,3.90625,0.0,4,4,4
f2aaa45,2,2.953125,2.90625,2.96875,2.96875,2.9479166666666665,0.02946278254943948,3,3,3
4613f8f,2,2.390625,2.40625,2.390625,2.375,2.390625,0.01275775907699572,2,3,3
38b93a3,3,2.53125,2.484375,2.421875,2.421875,2.4427083333333335,0.02946278254943948,2,3,3
c208b00,3,2.3125,2.34375,2.21875,2.34375,2.3020833333333335,0.05892556509887896,2,2,2
565414d,4,3.703125,3.609375,3.609375,3.640625,3.6197916666666665,0.01473139127471974,4,4,4
b3734f1,4,3.875,3.8125,3.8125,3.828125,3.8177083333333335,0.00736569563735987,4,4,4
de897ca,3,3.390625,3.4375,3.421875,3.453125,3.4375,0.01275775907699572,3,4,4
0f93a88,4,4.15625,4.125,4.09375,4.125,4.114583333333333,0.01473139127471974,4,4,4
92a1ebc,3,3.3125,3.34375,3.359375,3.390625,3.3645833333333335,0.01948779888944761,3,4,4
cedeccc,5,4.0625,3.84375,3.859375,3.96875,3.890625,0.05560978256266308,4,4,4
ead0533,4,4.3125,4.25,4.28125,4.25,4.260416666666667,0.01473139127471974,4,4,4
2ea704f,2,2.015625,1.8671875,1.8671875,1.8671875,1.8671875,0.0,2,2,2
ca094a9,3,2.734375,2.703125,2.671875,2.703125,2.6927083333333335,0.01473139127471974,3,3,3
984fbbb,2,2.25,2.265625,2.140625,2.1875,2.1979166666666665,0.05155986946151909,2,2,2
922f29a,4,3.296875,3.15625,3.15625,3.09375,3.1354166666666665,0.02946278254943948,3,3,3
335fd9b,3,2.90625,2.890625,2.828125,2.828125,2.8489583333333335,0.02946278254943948,3,3,3
08f129d,4,2.015625,1.6953125,1.671875,1.8359375,1.734375,0.07245014449606019,2,2,2
7d1da31,2,2.15625,2.171875,2.234375,2.203125,2.203125,0.02551551815399144,2,2,2
601c703,5,4.6875,4.5625,4.625,4.53125,4.572916666666667,0.03897559777889522,5,5,5
ef679e3,3,3.453125,3.28125,3.296875,3.421875,3.3333333333333335,0.06293253111247173,3,3,3
a51404d,3,2.890625,2.875,2.890625,2.90625,2.890625,0.01275775907699572,3,3,3
975d6bc,4,2.359375,2.34375,2.328125,2.3125,2.328125,0.01275775907699572,2,2,2
19e8bd3,4,3.25,3.15625,3.1875,3.1875,3.1770833333333335,0.01473139127471974,3,3,3
f9e4d16,2,1.1484375,1.0234375,0.90234375,1.0390625,0.98828125,0.06110087607630243,1,1,1
5c371c1,2,2.265625,2.0625,2.015625,2.078125,2.0520833333333335,0.02655739329996242,2,2,2
869288e,2,2.265625,2.328125,2.234375,2.234375,2.265625,0.04419417382415922,2,2,2
64afb15,3,2.140625,2.0625,2.15625,2.0,2.0729166666666665,0.06421264586426018,2,2,2
7c11660,1,0.94921875,0.8984375,0.8359375,0.859375,0.8645833333333334,0.025779934730759544,1,1,1
1ed10fe,4,3.1875,3.078125,3.03125,3.109375,3.0729166666666665,0.03210632293213009,3,3,3
1f252fe,4,3.71875,3.75,3.703125,3.671875,3.7083333333333335,0.03210632293213009,4,4,4
918d6f4,4,3.6875,3.65625,3.609375,3.640625,3.6354166666666665,0.01948779888944761,4,4,4
2174bd5,3,3.265625,3.203125,3.21875,3.3125,3.2447916666666665,0.04830009633070679,3,3,3
c3a8a5f,2,1.7421875,1.7265625,1.7421875,1.7109375,1.7265625,0.01275775907699572,2,2,2
45c5fbe,3,2.53125,2.578125,2.578125,2.453125,2.5364583333333335,0.05892556509887896,3,3,3
c61e4cf,3,3.078125,3.015625,3.03125,3.078125,3.0416666666666665,0.02655739329996242,3,3,3
8fc8898,1,1.1796875,1.0859375,1.0859375,1.125,1.0989583333333333,0.018414239093399676,1,1,1
1594f2b,3,2.984375,2.921875,3.03125,3.078125,3.0104166666666665,0.06546773484362778,3,3,3
6565e3b,3,2.9375,2.859375,2.796875,2.8125,2.8229166666666665,0.02655739329996242,3,3,3
89d63b7,2,2.3125,2.296875,2.265625,2.375,2.3125,0.0459987545121242,2,2,2
08296be,2,1.96875,1.8359375,1.90625,1.859375,1.8671875,0.029231698334171417,2,2,2
c28a03e,4,3.828125,3.734375,3.6875,3.703125,3.7083333333333335,0.01948779888944761,4,4,4
6b5807d,5,4.03125,3.90625,3.921875,3.859375,3.8958333333333335,0.02655739329996242,4,4,4
bea04ac,2,2.59375,2.5,2.46875,2.484375,2.484375,0.01275775907699572,2,3,3
3989a43,2,1.4375,1.3125,1.359375,1.3828125,1.3515625,0.029231698334171417,1,1,1
e27d629,4,3.578125,3.578125,3.53125,3.53125,3.546875,0.02209708691207961,4,4,4
9faa0a4,3,3.125,3.125,3.0625,3.015625,3.0677083333333335,0.04480377743251368,3,3,3
70a621a,3,2.296875,2.421875,2.390625,2.46875,2.4270833333333335,0.03210632293213009,2,3,3
57fcfea,6,5.0,4.875,4.84375,4.90625,4.875,0.02551551815399144,5,5,6
3d186cc,3,2.484375,2.515625,2.5625,2.515625,2.53125,0.02209708691207961,3,3,3
7ab004a,2,2.375,2.15625,2.09375,2.25,2.1666666666666665,0.06421264586426018,2,2,2
6d3d481,5,5.15625,4.96875,5.0,5.15625,5.041666666666667,0.0820209153542897,5,6,6
487d3f8,2,2.328125,2.265625,2.265625,2.25,2.2604166666666665,0.00736569563735987,2,2,2
ac611e6,1,1.359375,1.2265625,1.3125,1.15625,1.2317708333333333,0.06389502159575676,1,1,1
3671cdd,3,2.421875,2.453125,2.359375,2.484375,2.4322916666666665,0.05311478659992484,2,3,3
f36a9eb,1,0.7890625,0.72265625,0.703125,0.66015625,0.6953125,0.026106689655941956,1,1,1
e40eaea,2,1.984375,2.0,2.015625,2.03125,2.015625,0.01275775907699572,2,2,2
4a03b92,2,2.671875,2.59375,2.6875,2.671875,2.6510416666666665,0.04101045767714485,3,3,3
55fa29c,3,2.453125,2.5,2.4375,2.5,2.4791666666666665,0.02946278254943948,2,3,3
8a9effe,3,2.59375,2.484375,2.359375,2.375,2.40625,0.05560978256266308,2,3,3
e16f93c,4,3.5,3.46875,3.421875,3.40625,3.4322916666666665,0.02655739329996242,3,4,4
761c4ae,3,2.46875,2.546875,2.46875,2.4375,2.484375,0.0459987545121242,2,3,3
a8d5765,2,2.359375,2.359375,2.25,2.21875,2.2760416666666665,0.06029081720203243,2,2,2
7ca7bfa,5,5.875,5.78125,5.65625,5.75,5.729166666666667,0.05311478659992484,6,6,6
c36c3b8,4,3.5,3.4375,3.453125,3.53125,3.4739583333333335,0.04101045767714485,3,4,4
c83262d,3,2.484375,2.46875,2.625,2.5,2.53125,0.06750771560841522,3,3,3
05ff7b3,3,3.09375,2.984375,2.859375,2.96875,2.9375,0.05560978256266308,3,3,3
c39cdcc,4,4.03125,3.90625,4.0,3.984375,3.9635416666666665,0.04101045767714485,4,4,4
84c3380,2,1.4765625,1.2421875,1.2265625,1.328125,1.265625,0.044652156769485016,1,1,1
7cd65d1,6,5.40625,5.40625,5.3125,5.3125,5.34375,0.04419417382415922,5,6,6
3e1b6ab,3,2.46875,2.359375,2.40625,2.34375,2.3697916666666665,0.02655739329996242,2,2,3
c241e20,3,2.71875,2.671875,2.625,2.671875,2.65625,0.02209708691207961,3,3,3
a420b2e,1,1.5625,1.234375,1.21875,1.15625,1.203125,0.03375385780420761,1,1,1
ba61675,6,5.5,5.3125,5.34375,5.3125,5.322916666666667,0.01473139127471974,5,6,6
1534fbf,2,1.9765625,1.9140625,1.8984375,2.015625,1.9427083333333333,0.051952961831406255,2,2,2
d548c9f,5,4.125,3.96875,3.953125,3.984375,3.96875,0.01275775907699572,4,4,4
5859154,2,1.9921875,1.8671875,1.8828125,1.96875,1.90625,0.044652156769485016,2,2,2
0a28113,3,2.40625,2.34375,2.34375,2.328125,2.3385416666666665,0.00736569563735987,2,2,3
e40991f,4,3.640625,3.484375,3.515625,3.421875,3.4739583333333335,0.03897559777889522,3,4,4
f08ef16,2,2.328125,2.359375,2.359375,2.359375,2.359375,0.0,2,2,3
50dd1a8,3,2.71875,2.609375,2.5625,2.609375,2.59375,0.02209708691207961,3,3,3
503066f,2,1.84375,1.8125,1.8671875,1.90625,1.8619791666666667,0.038450060052691144,2,2,2
6b327c0,5,4.75,4.625,4.59375,4.625,4.614583333333333,0.01473139127471974,5,5,5
622fa19,4,4.0,3.890625,3.9375,3.890625,3.90625,0.02209708691207961,4,4,4
7939eec,3,2.84375,2.75,2.671875,2.734375,2.71875,0.03375385780420761,3,3,3
1ec9d22,2,1.59375,1.53125,1.4921875,1.4609375,1.4947916666666667,0.028763960982258495,1,1,2
ce00d53,2,2.265625,2.296875,2.359375,2.3125,2.3229166666666665,0.02655739329996242,2,2,2
f71c321,2,1.9296875,1.859375,1.8671875,1.8828125,1.8697916666666667,0.009743899444723805,2,2,2
a4bb0c4,2,1.625,1.5546875,1.59375,1.625,1.5911458333333333,0.028763960982258495,2,1,2
4ff6343,2,2.1875,2.140625,2.171875,2.140625,2.1510416666666665,0.01473139127471974,2,2,2
c2cfb38,2,2.03125,2.0,1.9453125,1.9765625,1.9739583333333333,0.02240188871625684,2,2,2
98f24c2,2,1.6015625,1.6328125,1.578125,1.5078125,1.5729166666666667,0.051163757042678386,2,1,2
79f463b,2,1.59375,1.4921875,1.53125,1.515625,1.5130208333333333,0.016053161466065044,2,1,2
4d03cc1,4,3.5,3.453125,3.4375,3.4375,3.4427083333333335,0.00736569563735987,3,4,4
d54e0f3,2,1.375,1.3203125,1.2890625,1.1328125,1.2473958333333333,0.0820209153542897,1,1,1
03f958f,3,3.71875,3.734375,3.65625,3.609375,3.6666666666666665,0.051559869461519095,4,4,4
eaa5794,3,2.859375,3.015625,2.9375,2.90625,2.953125,0.0459987545121242,3,3,3
6ada9ce,4,3.390625,3.390625,3.421875,3.390625,3.4010416666666665,0.01473139127471974,3,4,4
136b806,2,2.640625,2.5625,2.5625,2.59375,2.5729166666666665,0.01473139127471974,3,3,3
fc37c67,1,1.125,1.0703125,1.015625,0.99609375,1.02734375,0.03141233875472609,1,1,1
8eeb7fa,3,2.828125,2.78125,2.796875,2.765625,2.78125,0.01275775907699572,3,3,3
9a0920a,2,2.15625,2.09375,2.109375,2.109375,2.1041666666666665,0.00736569563735987,2,2,2
1828de3,2,2.25,2.234375,2.25,2.28125,2.2552083333333335,0.01948779888944761,2,2,2
7502800,3,2.90625,2.890625,2.890625,2.875,2.8854166666666665,0.00736569563735987,3,3,3
1fa91e9,3,3.03125,3.046875,2.984375,3.0,3.0104166666666665,0.02655739329996242,3,3,3
4fe4421,3,2.734375,2.734375,2.71875,2.703125,2.71875,0.01275775907699572,3,3,3
eb35740,3,2.453125,2.4375,2.40625,2.40625,2.4166666666666665,0.01473139127471974,2,3,3
c8b9f6b,2,1.203125,1.1875,1.171875,1.234375,1.1979166666666667,0.02655739329996242,1,1,1
f113b16,3,2.3125,2.34375,2.234375,2.3125,2.296875,0.0459987545121242,2,2,2
ff2891a,4,3.21875,3.0625,3.109375,3.125,3.0989583333333335,0.02655739329996242,3,3,3
ad7124b,2,1.328125,1.359375,1.265625,1.2890625,1.3046875,0.03983608994994363,1,1,1
af75b07,3,3.953125,3.78125,3.890625,3.796875,3.8229166666666665,0.04830009633070679,4,4,4
f29b47b,3,2.375,2.46875,2.296875,2.421875,2.3958333333333335,0.07254368894366728,2,3,3
d0da9a9,4,3.703125,3.75,3.78125,3.734375,3.7552083333333335,0.01948779888944761,4,4,4
9676232,3,2.203125,2.25,2.25,2.234375,2.2447916666666665,0.00736569563735987,2,2,2
07a6b84,2,1.8515625,1.8671875,1.859375,1.90625,1.8776041666666667,0.020505228838572424,2,2,2
26337f6,3,3.34375,3.1875,3.34375,3.28125,3.2708333333333335,0.06421264586426018,3,3,3
a47ba03,4,4.09375,4.0625,4.0625,4.0,4.041666666666667,0.02946278254943948,4,4,4
a67cdb5,3,3.390625,3.375,3.328125,3.390625,3.3645833333333335,0.02655739329996242,3,4,4
8cf1992,3,2.671875,2.703125,2.6875,2.625,2.671875,0.03375385780420761,3,3,3
8953145,3,3.90625,3.421875,3.59375,3.671875,3.5625,0.10442675862376782,4,4,4
b0fa733,1,1.921875,1.4296875,1.4375,1.390625,1.4192708333333333,0.020505228838572424,1,1,1
9f843b0,3,3.109375,2.96875,3.109375,2.96875,3.015625,0.06629126073623882,3,3,3
f42d82c,4,3.546875,3.375,3.359375,3.4375,3.390625,0.03375385780420761,3,4,4
8049fa8,2,2.09375,1.9296875,2.03125,1.9453125,1.96875,0.044652156769485016,2,2,2
bd359e0,1,1.703125,1.6953125,1.734375,1.7890625,1.7395833333333333,0.038450060052691144,2,2,2
1e1bb4e,2,1.875,1.6953125,1.765625,1.8125,1.7578125,0.048159484398195125,2,2,2
2936d38,4,3.546875,3.390625,3.46875,3.4375,3.4322916666666665,0.03210632293213009,3,4,4
7eabd9d,3,3.203125,3.28125,3.203125,3.21875,3.234375,0.03375385780420761,3,3,3
c438a8a,4,3.828125,3.8125,3.8125,3.734375,3.7864583333333335,0.03682847818679935,4,4,4
3bea60c,2,2.0625,2.015625,2.0625,2.015625,2.03125,0.02209708691207961,2,2,2
9ffa2f1,4,3.5,3.484375,3.453125,3.578125,3.5052083333333335,0.05311478659992484,4,4,4
1251cb5,3,2.8125,2.609375,2.703125,2.59375,2.6354166666666665,0.04830009633070679,3,3,3
4704fdb,3,2.421875,2.203125,2.3125,2.21875,2.2447916666666665,0.04830009633070679,2,2,2
9c9d14e,1,1.4453125,1.390625,1.3125,1.484375,1.3958333333333333,0.07026425814183354,1,1,1
2ee76da,3,2.21875,2.171875,2.046875,2.203125,2.140625,0.06750771560841522,2,2,2
89add51,3,2.9375,2.78125,2.890625,2.8125,2.828125,0.0459987545121242,3,3,3
f49a8f7,3,3.640625,3.546875,3.53125,3.546875,3.5416666666666665,0.00736569563735987,4,4,4
eb094a5,3,2.9375,2.90625,2.90625,2.890625,2.9010416666666665,0.00736569563735987,3,3,3
23f58d4,4,3.6875,3.625,3.609375,3.578125,3.6041666666666665,0.01948779888944761,4,4,4
c737e6f,2,2.265625,2.421875,2.171875,2.3125,2.3020833333333335,0.10232751408535677,2,2,2
0ef82ad,2,1.1953125,1.1953125,1.1484375,1.1953125,1.1796875,0.02209708691207961,1,1,1
b3a5545,1,1.65625,1.4375,1.46875,1.5234375,1.4765625,0.035516098169234,1,1,1
d39affc,2,2.765625,2.734375,2.84375,2.78125,2.7864583333333335,0.04480377743251368,3,3,3
01c5750,3,3.015625,2.859375,2.828125,2.859375,2.8489583333333335,0.01473139127471974,3,3,3
5e34d51,3,2.640625,2.515625,2.546875,2.5625,2.5416666666666665,0.01948779888944761,3,3,3
417d7f1,3,3.234375,3.15625,3.140625,3.125,3.140625,0.01275775907699572,3,3,3
1042884,3,2.0,2.0625,1.9453125,1.859375,1.9557291666666667,0.0832519133497176,2,2,2
9fd7ecd,2,2.125,2.046875,2.0625,2.015625,2.0416666666666665,0.01948779888944761,2,2,2
4932595,4,2.921875,2.90625,2.859375,2.8125,2.859375,0.038273277230987154,3,3,3
1cb069a,2,2.078125,2.109375,2.078125,2.109375,2.0989583333333335,0.01473139127471974,2,2,2
24370b2,3,3.25,3.296875,3.296875,3.359375,3.3177083333333335,0.02946278254943948,3,3,3
d82df10,2,1.75,1.484375,1.5234375,1.515625,1.5078125,0.016876928902103804,2,1,2
bf4401f,3,3.390625,3.4375,3.359375,3.359375,3.3854166666666665,0.03682847818679935,3,4,4
9114bf5,3,3.109375,3.015625,2.90625,2.953125,2.9583333333333335,0.04480377743251368,3,3,3
75b0142,1,1.375,1.359375,1.390625,1.359375,1.3697916666666667,0.01473139127471974,1,1,1
d031d7a,4,3.921875,3.796875,3.78125,3.828125,3.8020833333333335,0.01948779888944761,4,4,4
89b77fa,4,3.984375,3.828125,3.8125,3.84375,3.828125,0.01275775907699572,4,4,4
74891cf,4,3.46875,3.34375,3.34375,3.390625,3.359375,0.02209708691207961,3,4,4
8344fff,2,3.203125,3.109375,3.140625,3.078125,3.109375,0.02551551815399144,3,3,3
5947d1d,3,2.203125,2.171875,2.171875,2.15625,2.1666666666666665,0.00736569563735987,2,2,2
b2f6346,3,2.453125,2.21875,2.3125,2.34375,2.2916666666666665,0.05311478659992484,2,2,2
421781f,2,1.8828125,1.8515625,1.90625,1.859375,1.8723958333333333,0.024150048165353395,2,2,2
ea1b3ad,2,2.296875,2.015625,1.9609375,2.0625,2.0130208333333335,0.041503587110701116,2,2,2
af30d86,2,2.0,1.953125,2.03125,2.015625,2.0,0.03375385780420761,2,2,2
7768aa7,2,2.484375,2.265625,2.21875,2.21875,2.234375,0.02209708691207961,2,2,2
63668d4,4,3.796875,3.75,3.75,3.65625,3.71875,0.04419417382415922,4,4,4
2d3ac02,4,3.25,3.203125,3.25,3.1875,3.2135416666666665,0.02655739329996242,3,3,3
481b89b,2,2.1875,1.9765625,2.0625,2.078125,2.0390625,0.044652156769485016,2,2,2
4e81433,2,2.546875,2.34375,2.328125,2.328125,2.3333333333333335,0.00736569563735987,2,2,2
619dc74,1,1.3671875,1.109375,1.140625,1.0703125,1.1067708333333333,0.028763960982258495,1,1,1
5ada2e1,3,2.390625,2.265625,2.359375,2.375,2.3333333333333335,0.04830009633070679,2,2,2
3c5860f,4,4.0,3.90625,3.953125,4.0,3.953125,0.038273277230987154,4,4,4
1f649f0,2,2.046875,2.03125,1.984375,1.8671875,1.9609375,0.06899813176818631,2,2,2
73762dd,5,4.84375,4.6875,4.75,4.71875,4.71875,0.02551551815399144,5,5,5
96ac275,2,1.5,1.3828125,1.40625,1.4140625,1.4010416666666667,0.01327869664998121,1,1,1
200fcf4,2,3.5625,3.5625,3.546875,3.53125,3.546875,0.01275775907699572,4,4,4
6c5867f,1,1.03125,0.99609375,0.98046875,0.95703125,0.9778645833333334,0.016053161466065044,1,1,1
55fb114,4,3.5625,3.640625,3.578125,3.578125,3.5989583333333335,0.02946278254943948,4,4,4
474f4f1,5,5.0,4.9375,4.9375,4.96875,4.947916666666667,0.01473139127471974,5,6,6
96895a0,3,3.265625,3.125,3.09375,3.140625,3.1197916666666665,0.01948779888944761,3,3,3
fa57cde,3,2.390625,2.453125,2.390625,2.453125,2.4322916666666665,0.02946278254943948,2,3,3
7023d2d,1,2.15625,2.21875,2.21875,2.171875,2.203125,0.02209708691207961,2,2,2
bdaaf3a,1,2.4375,2.40625,2.390625,2.390625,2.3958333333333335,0.00736569563735987,2,3,3
98b9976,3,2.609375,2.34375,2.375,2.421875,2.3802083333333335,0.03210632293213009,2,2,3
3946e1a,5,4.34375,4.15625,4.25,4.09375,4.166666666666667,0.06421264586426018,4,4,4
ebd73f6,2,2.328125,2.296875,2.265625,2.234375,2.265625,0.02551551815399144,2,2,2
aac896c,4,3.765625,3.671875,3.6875,3.703125,3.6875,0.01275775907699572,4,4,4
7c9f58b,3,2.921875,2.8125,2.703125,2.84375,2.7864583333333335,0.06029081720203243,3,3,3
c2f0a67,1,2.03125,1.96875,1.9375,2.03125,1.9791666666666667,0.03897559777889522,2,2,2
36f1f67,2,2.140625,2.09375,2.171875,2.0625,2.109375,0.0459987545121242,2,2,2
e8a0cd3,3,3.296875,3.234375,3.25,3.3125,3.265625,0.03375385780420761,3,3,3
197ea96,2,1.8515625,1.625,1.5859375,1.65625,1.6223958333333333,0.028763960982258495,2,2,2
7d3d04f,3,2.625,2.40625,2.3125,2.296875,2.3385416666666665,0.04830009633070679,2,2,3
85215b2,3,2.75,2.6875,2.6875,2.703125,2.6927083333333335,0.00736569563735987,3,3,3
51dfce2,3,3.1875,3.171875,3.34375,3.25,3.2552083333333335,0.07026425814183354,3,3,3
42500f0,3,2.84375,2.890625,2.9375,2.859375,2.8958333333333335,0.03210632293213009,3,3,3
3cfff58,2,1.8984375,1.8125,1.8515625,1.8671875,1.84375,0.0229993772560621,2,2,2
1ac7f5b,6,5.5,5.34375,5.375,5.25,5.322916666666667,0.05311478659992484,5,6,6
5a091fb,3,3.390625,3.21875,3.15625,3.390625,3.2552083333333335,0.09909529995021067,3,3,3
dff8a22,5,4.59375,4.375,4.46875,4.5625,4.46875,0.07654655446197431,4,5,5
ee28a50,2,2.125,2.1875,2.1875,2.21875,2.1979166666666665,0.01473139127471974,2,2,2
48f29aa,4,2.765625,2.78125,2.71875,2.859375,2.7864583333333335,0.05752792196451699,3,3,3
5ddf42d,2,2.125,2.046875,2.03125,1.984375,2.0208333333333335,0.02655739329996242,2,2,2
442f36d,3,3.109375,3.09375,3.078125,3.09375,3.0885416666666665,0.00736569563735987,3,3,3
5b327ac,3,2.046875,1.890625,1.9453125,1.890625,1.9088541666666667,0.025779934730759548,2,2,2
9d5eacc,2,2.828125,2.53125,2.703125,2.703125,2.6458333333333335,0.08102265201095857,3,3,3
262b8dd,3,2.6875,2.625,2.609375,2.6875,2.640625,0.03375385780420761,3,3,3
9d17f4f,4,3.53125,3.5625,3.5,3.484375,3.515625,0.03375385780420761,4,4,4
57d35c9,2,1.65625,1.6796875,1.703125,1.6796875,1.6875,0.011048543456039806,2,2,2
fb64847,2,1.8828125,1.90625,1.9921875,1.953125,1.9505208333333333,0.03513212907091677,2,2,2
ce18d67,3,3.703125,3.53125,3.578125,3.546875,3.5520833333333335,0.01948779888944761,4,4,4
24cc082,2,1.15625,1.0,1.046875,1.1640625,1.0703125,0.06899813176818631,1,1,1
1e15bb2,4,4.0625,3.96875,3.984375,3.96875,3.9739583333333335,0.00736569563735987,4,4,4
2d8bbe2,3,3.1875,3.3125,3.15625,3.234375,3.234375,0.0637887953849786,3,3,3
84d33bd,2,1.3046875,1.3125,1.1875,1.2890625,1.2630208333333333,0.05425173608333245,1,1,1
281b69e,1,1.421875,1.3671875,1.4296875,1.3671875,1.3880208333333333,0.02946278254943948,1,1,1
d7af7ab,5,4.6875,4.5625,4.5,4.59375,4.552083333333333,0.03897559777889522,5,5,5
f743847,2,1.6875,1.6640625,1.609375,1.5546875,1.609375,0.044652156769485016,2,2,2
5e78328,3,1.6171875,1.6015625,1.5625,1.625,1.5963541666666667,0.025779934730759548,2,1,2
d2c7e76,4,3.75,3.703125,3.6875,3.703125,3.6979166666666665,0.00736569563735987,4,4,4
f695ac7,4,3.359375,3.140625,3.140625,3.125,3.1354166666666665,0.00736569563735987,3,3,3
36644c1,4,3.65625,3.625,3.625,3.578125,3.609375,0.02209708691207961,4,4,4
a8543d2,3,2.5625,2.5625,2.5,2.515625,2.5260416666666665,0.02655739329996242,3,3,3
fbc0771,4,3.0,2.890625,2.96875,2.9375,2.9322916666666665,0.03210632293213009,3,3,3
cf909c1,3,3.859375,3.859375,3.828125,3.84375,3.84375,0.01275775907699572,4,4,4
bd4a2dd,3,2.578125,2.5,2.578125,2.5625,2.546875,0.03375385780420761,3,3,3
96b30ed,3,3.265625,2.984375,3.09375,3.0625,3.046875,0.0459987545121242,3,3,3
2a162fa,3,3.03125,3.046875,2.921875,2.96875,2.9791666666666665,0.05155986946151909,3,3,3
7444b30,3,2.296875,2.203125,2.234375,2.28125,2.2395833333333335,0.03210632293213009,2,2,2
7ab50d9,4,4.1875,4.3125,4.34375,4.34375,4.333333333333333,0.01473139127471974,4,5,5
2bec064,2,2.234375,2.28125,2.265625,2.15625,2.234375,0.05560978256266308,2,2,2
8b21814,2,2.75,2.625,2.734375,2.65625,2.671875,0.0459987545121242,3,3,3
31e190f,3,2.9375,2.96875,3.015625,2.96875,2.984375,0.02209708691207961,3,3,3
6a3b34a,6,6.0625,5.84375,5.84375,5.875,5.854166666666667,0.01473139127471974,6,6,6
9721f9c,3,2.28125,2.1875,2.203125,2.15625,2.1822916666666665,0.01948779888944761,2,2,2
e4fff57,4,4.59375,4.5625,4.5625,4.59375,4.572916666666667,0.01473139127471974,5,5,5
a6a581e,1,1.328125,1.265625,1.3203125,1.3203125,1.3020833333333333,0.025779934730759548,1,1,1
2b2431b,4,2.84375,2.875,2.921875,2.84375,2.8802083333333335,0.03210632293213009,3,3,3
e4a3b7f,3,2.5625,2.59375,2.546875,2.609375,2.5833333333333335,0.02655739329996242,3,3,3
a21b848,4,3.671875,3.609375,3.65625,3.625,3.6302083333333335,0.01948779888944761,4,4,4
c29258f,4,3.328125,3.09375,2.953125,3.0625,3.0364583333333335,0.06029081720203242,3,3,3
8bcbb1d,4,3.59375,3.59375,3.53125,3.5,3.5416666666666665,0.03897559777889522,4,4,4
cb77f5e,4,4.375,4.15625,4.1875,4.1875,4.177083333333333,0.01473139127471974,4,4,4
47d8c55,6,5.4375,5.125,5.21875,5.125,5.15625,0.04419417382415922,5,6,6
1b9a9c7,1,1.09375,1.0390625,1.0078125,1.0546875,1.0338541666666667,0.01948779888944761,1,1,1
cd42609,3,2.390625,2.40625,2.375,2.5,2.4270833333333335,0.05311478659992484,2,3,3
feb26c7,4,3.5625,3.578125,3.609375,3.546875,3.578125,0.02551551815399144,4,4,4
95e04fe,2,1.734375,1.6015625,1.5859375,1.6640625,1.6171875,0.03375385780420761,2,2,2
e61d232,2,1.3671875,1.1796875,1.1484375,1.25,1.1927083333333333,0.04247267299557315,1,1,1
9f8b7c7,2,2.078125,2.0625,2.0625,2.125,2.0833333333333335,0.02946278254943948,2,2,2
1dd9df1,2,2.0625,2.125,2.09375,2.15625,2.125,0.02551551815399144,2,2,2
4aea2ed,3,2.15625,2.140625,2.15625,2.21875,2.171875,0.03375385780420761,2,2,2
1191933,3,2.640625,2.703125,2.6875,2.734375,2.7083333333333335,0.01948779888944761,3,3,3
4078d22,2,1.640625,1.625,1.609375,1.6328125,1.6223958333333333,0.009743899444723805,2,2,2
95debff,4,3.703125,3.6875,3.578125,3.703125,3.65625,0.05560978256266308,4,4,4
545ac34,4,3.53125,3.453125,3.40625,3.421875,3.4270833333333335,0.01948779888944761,3,4,4
2a45bab,1,1.9140625,1.921875,1.9921875,1.8515625,1.921875,0.05740991584648074,2,2,2
2a161b2,3,3.0,3.15625,3.03125,3.125,3.1041666666666665,0.05311478659992484,3,3,3
037545d,4,3.640625,3.578125,3.671875,3.53125,3.59375,0.05846339666834283,4,4,4
e6c6d0a,3,3.34375,3.375,3.3125,3.375,3.3541666666666665,0.02946278254943948,3,3,4
4d80945,3,2.109375,2.0,1.96875,2.0,1.9895833333333333,0.01473139127471974,2,2,2
aacc50f,3,2.921875,2.875,2.84375,2.90625,2.875,0.02551551815399144,3,3,3
6e4237e,3,3.0,2.875,2.921875,2.984375,2.9270833333333335,0.04480377743251368,3,3,3
bdc23a5,2,1.5546875,1.5,1.46875,1.4765625,1.4817708333333333,0.01327869664998121,1,1,2
8aed5a6,2,2.984375,2.640625,2.75,2.671875,2.6875,0.0459987545121242,3,3,3
474d602,3,2.203125,2.1875,2.234375,2.28125,2.234375,0.038273277230987154,2,2,2
8baa9c6,4,3.921875,3.875,3.921875,3.921875,3.90625,0.02209708691207961,4,4,4
34885ae,5,4.40625,4.3125,4.34375,4.375,4.34375,0.02551551815399144,4,5,5
ab71e49,3,4.03125,3.90625,3.96875,3.953125,3.9427083333333335,0.02655739329996242,4,4,4
dffef97,3,3.140625,2.796875,2.859375,2.84375,2.8333333333333335,0.02655739329996242,3,3,3
024a3bb,2,1.96875,1.96875,2.078125,2.015625,2.0208333333333335,0.04480377743251368,2,2,2
4870ad6,4,4.125,4.1875,4.03125,4.03125,4.083333333333333,0.0736569563735987,4,4,4
d96aded,1,1.390625,1.296875,1.2265625,1.2578125,1.2604166666666667,0.02876396098225849,1,1,1
f3d1bdb,3,1.8359375,1.9765625,1.71875,1.8515625,1.8489583333333333,0.1052676194344153,2,2,2
81e7d02,3,2.90625,2.875,2.875,2.828125,2.859375,0.02209708691207961,3,3,3
eb690f4,3,2.8125,2.828125,2.8125,2.8125,2.8177083333333335,0.00736569563735987,3,3,3
a66aa56,2,1.6484375,1.6171875,1.609375,1.6796875,1.6354166666666667,0.03146626555623586,2,2,2
4f769e6,2,2.59375,2.71875,2.609375,2.640625,2.65625,0.0459987545121242,3,3,3
7bc3b89,3,2.125,2.078125,1.9921875,1.9765625,2.015625,0.044652156769485016,2,2,2
a72a583,2,2.578125,2.625,2.640625,2.59375,2.6197916666666665,0.01948779888944761,3,3,3
5320672,2,1.9921875,1.9921875,2.015625,1.96875,1.9921875,0.019136638615493577,2,2,2
74b9f2a,5,3.609375,3.671875,3.59375,3.515625,3.59375,0.0637887953849786,4,4,4
cbc3627,3,2.984375,2.984375,2.90625,3.0,2.9635416666666665,0.04101045767714485,3,3,3
6a14c3d,3,3.09375,3.046875,3.078125,3.0,3.0416666666666665,0.03210632293213009,3,3,3
b2e51f4,2,1.6796875,1.6640625,1.65625,1.609375,1.6432291666666667,0.024150048165353395,2,2,2
efe2f52,5,4.9375,4.71875,4.71875,4.78125,4.739583333333333,0.02946278254943948,5,5,5
28e7f41,3,2.671875,2.734375,2.765625,2.765625,2.7552083333333335,0.01473139127471974,3,3,3
665b527,4,3.28125,3.3125,3.359375,3.328125,3.3333333333333335,0.01948779888944761,3,3,3
f2f9c27,4,3.375,3.296875,3.3125,3.34375,3.3177083333333335,0.01948779888944761,3,3,3
e514043,2,1.875,1.9296875,1.8359375,1.8203125,1.8619791666666667,0.04830009633070679,2,2,2
dc8b110,4,3.359375,3.078125,3.03125,3.125,3.078125,0.038273277230987154,3,3,3
c3c5c1c,3,3.046875,3.125,3.046875,3.078125,3.0833333333333335,0.03210632293213009,3,3,3
71e018b,4,3.140625,3.109375,3.203125,3.140625,3.1510416666666665,0.03897559777889522,3,3,3
a73649d,5,4.625,4.5625,4.4375,4.5,4.5,0.05103103630798288,5,5,5
f4add9c,2,2.21875,2.3125,2.296875,2.265625,2.2916666666666665,0.01948779888944761,2,2,2
f7ff7f5,4,2.796875,2.703125,2.640625,2.65625,2.6666666666666665,0.02655739329996242,3,3,3
3419d3c,3,2.578125,2.734375,2.546875,2.5625,2.6145833333333335,0.0849453459911463,3,3,3
ad553ad,3,4.15625,3.546875,3.6875,3.59375,3.609375,0.05846339666834283,4,4,4
13dd74d,3,3.703125,3.71875,3.75,3.640625,3.703125,0.0459987545121242,4,4,4
351f9f9,4,4.3125,4.0625,4.09375,4.0,4.052083333333333,0.03897559777889522,4,4,4
6ba80c5,3,2.453125,2.40625,2.5,2.4375,2.4479166666666665,0.03897559777889522,2,3,3
8a77302,2,2.0625,2.0625,2.140625,2.0625,2.0885416666666665,0.03682847818679935,2,2,2
3418a39,4,3.390625,3.3125,3.3125,3.40625,3.34375,0.04419417382415922,3,3,4
4d90197,2,1.4609375,1.453125,1.3671875,1.3984375,1.40625,0.035516098169234,1,1,1
71aa653,2,2.046875,2.078125,1.9296875,2.015625,2.0078125,0.06085063252889543,2,2,2
2ba03f1,1,0.85546875,0.73046875,0.75390625,0.82421875,0.76953125,0.03983608994994363,1,1,1
a3fec0b,3,2.5625,2.59375,2.609375,2.609375,2.6041666666666665,0.00736569563735987,3,3,3
d9a091f,2,1.84375,1.7734375,1.7734375,1.78125,1.7760416666666667,0.003682847818679935,2,2,2
c30afa3,2,2.09375,2.109375,2.140625,2.046875,2.0989583333333335,0.03897559777889522,2,2,2
7f3c6dd,4,4.125,4.125,4.125,4.0625,4.104166666666667,0.02946278254943948,4,4,4
4ff021d,3,3.0,2.953125,3.03125,3.03125,3.0052083333333335,0.03682847818679935,3,3,3
4ee68be,2,3.21875,2.921875,2.78125,2.9375,2.8802083333333335,0.07026425814183354,3,3,3
7256c38,3,3.59375,3.5625,3.53125,3.578125,3.5572916666666665,0.01948779888944761,4,4,4
1f7e64f,3,2.484375,2.4375,2.46875,2.515625,2.4739583333333335,0.03210632293213009,2,3,3
91f03ee,2,1.0234375,1.0078125,1.03125,1.0390625,1.0260416666666667,0.01327869664998121,1,1,1
ba68192,4,4.1875,3.921875,3.984375,4.0,3.96875,0.03375385780420761,4,4,4
7ba4828,4,3.84375,3.625,3.6875,3.640625,3.6510416666666665,0.02655739329996242,4,4,4
d7c9776,3,3.3125,3.1875,3.21875,3.109375,3.171875,0.0459987545121242,3,3,3
537f4ef,4,3.59375,3.578125,3.59375,3.578125,3.5833333333333335,0.00736569563735987,4,4,4
e376553,3,3.171875,3.125,3.125,3.109375,3.1197916666666665,0.00736569563735987,3,3,3
264902b,3,2.25,2.234375,2.109375,2.21875,2.1875,0.05560978256266308,2,2,2
af85030,2,2.328125,2.28125,2.1875,2.359375,2.2760416666666665,0.07026425814183354,2,2,2
df1b408,3,3.328125,3.328125,3.234375,3.34375,3.3020833333333335,0.04830009633070679,3,3,3
29d8985,4,3.453125,3.296875,3.296875,3.296875,3.296875,0.0,3,3,3
f7dfe14,1,1.7734375,1.65625,1.640625,1.6484375,1.6484375,0.00637887953849786,2,2,2
b9f4768,4,3.375,3.328125,3.375,3.390625,3.3645833333333335,0.02655739329996242,3,4,4
d83eb9d,3,3.5625,3.5625,3.5625,3.578125,3.5677083333333335,0.00736569563735987,4,4,4
bef8748,2,1.6328125,1.5625,1.546875,1.5703125,1.5598958333333333,0.009743899444723805,2,1,2
d80564c,3,2.21875,2.296875,2.265625,2.296875,2.2864583333333335,0.01473139127471974,2,2,2
2f3101d,4,3.5625,3.515625,3.609375,3.546875,3.5572916666666665,0.03897559777889522,4,4,4
d7054db,4,3.484375,3.34375,3.4375,3.40625,3.3958333333333335,0.03897559777889522,3,4,4
7b2ab96,2,1.8671875,1.71875,1.84375,1.6796875,1.7473958333333333,0.06997410855491876,2,2,2
2b29c21,3,2.640625,2.75,2.703125,2.65625,2.703125,0.038273277230987154,3,3,3
7b73775,4,2.78125,2.765625,2.640625,2.609375,2.671875,0.06750771560841522,3,3,3
39dad84,1,1.828125,1.703125,1.703125,1.765625,1.7239583333333333,0.02946278254943948,2,2,2
5e3312c,2,2.234375,2.125,1.953125,2.03125,2.0364583333333335,0.07026425814183354,2,2,2
6ece30d,1,1.53125,1.5078125,1.4375,1.4765625,1.4739583333333333,0.02876396098225849,1,1,1
5bd28b9,2,2.28125,2.25,2.296875,2.375,2.3072916666666665,0.051559869461519095,2,2,2
93d8870,3,2.9375,2.75,2.65625,2.734375,2.7135416666666665,0.04101045767714485,3,3,3
96ba96c,5,4.875,4.6875,4.71875,4.78125,4.729166666666667,0.03897559777889522,5,5,5
2c73a1c,2,1.0234375,0.828125,0.84765625,0.890625,0.85546875,0.026106689655941956,1,1,1
dc712c0,2,2.609375,2.6875,2.609375,2.609375,2.6354166666666665,0.03682847818679935,3,3,3
ecc8d90,3,2.578125,2.671875,2.625,2.703125,2.6666666666666665,0.03210632293213009,3,3,3
fbee407,3,3.078125,3.03125,3.0625,3.078125,3.0572916666666665,0.01948779888944761,3,3,3
a30e5f6,4,2.984375,2.921875,2.953125,2.875,2.9166666666666665,0.03210632293213009,3,3,3
a1539c2,2,2.5,2.40625,2.46875,2.484375,2.453125,0.03375385780420761,2,3,3
fd5869f,4,3.921875,3.859375,3.84375,3.90625,3.8697916666666665,0.02655739329996242,4,4,4
cd65096,3,2.171875,2.015625,2.0,2.015625,2.0104166666666665,0.00736569563735987,2,2,2
5d47af5,2,3.09375,3.0,2.96875,3.0,2.9895833333333335,0.01473139127471974,3,3,3
1a1c096,3,2.34375,2.484375,2.3125,2.328125,2.375,0.07760241888412156,2,2,3
5272dd3,2,1.65625,1.6875,1.6015625,1.5859375,1.625,0.044652156769485016,2,2,2
be177ee,3,3.4375,3.46875,3.484375,3.40625,3.453125,0.03375385780420761,3,4,4
718bcde,3,2.5,1.96875,2.0625,2.015625,2.015625,0.038273277230987154,2,2,2
c09062e,2,1.8203125,1.8046875,1.6796875,1.8125,1.765625,0.06085063252889543,2,2,2
3d95296,5,3.78125,3.75,3.734375,3.734375,3.7395833333333335,0.00736569563735987,4,4,4
e86e8a9,4,3.953125,3.984375,4.09375,3.9375,4.005208333333333,0.06546773484362779,4,4,4
4e0d5df,3,2.765625,2.671875,2.65625,2.8125,2.7135416666666665,0.07026425814183354,3,3,3
99d5f44,5,3.765625,3.78125,3.78125,3.75,3.7708333333333335,0.01473139127471974,4,4,4
5a730aa,3,3.609375,3.734375,3.65625,3.71875,3.703125,0.03375385780420761,4,4,4
f136e6c,3,2.671875,2.625,2.703125,2.546875,2.625,0.0637887953849786,3,3,3
79705f2,4,4.5625,4.46875,4.5,4.5,4.489583333333333,0.01473139127471974,4,5,5
5791fc9,3,2.0625,2.03125,1.921875,2.03125,1.9947916666666667,0.05155986946151909,2,2,2
c7d73a4,3,3.15625,3.234375,3.234375,3.140625,3.203125,0.04419417382415922,3,3,3
dd90728,4,2.390625,2.359375,2.28125,2.375,2.3385416666666665,0.04101045767714485,2,2,3
fedc245,2,2.453125,2.46875,2.421875,2.40625,2.4322916666666665,0.02655739329996242,2,3,3
aa9455b,3,2.875,2.84375,2.765625,2.765625,2.7916666666666665,0.03682847818679935,3,3,3
cb202d1,4,4.09375,4.03125,4.09375,4.125,4.083333333333333,0.03897559777889522,4,4,4
3c24a62,3,2.890625,2.875,2.8125,2.859375,2.8489583333333335,0.02655739329996242,3,3,3
e6363da,2,2.171875,2.28125,2.1875,2.203125,2.2239583333333335,0.04101045767714485,2,2,2
4433232,2,2.34375,2.203125,2.109375,2.171875,2.1614583333333335,0.03897559777889522,2,2,2
415914f,4,3.390625,3.25,3.265625,3.171875,3.2291666666666665,0.04101045767714485,3,3,3
3147bb8,4,4.21875,4.09375,4.125,4.09375,4.104166666666667,0.01473139127471974,4,4,4
b9b8fea,4,3.640625,3.625,3.65625,3.625,3.6354166666666665,0.01473139127471974,4,4,4
30c179a,6,5.4375,5.34375,5.3125,5.34375,5.333333333333333,0.01473139127471974,5,6,6
599dc3f,3,3.171875,3.15625,3.140625,3.1875,3.1614583333333335,0.01948779888944761,3,3,3
baa2f42,1,1.0390625,0.81640625,0.8828125,0.84765625,0.8489583333333334,0.027125868041666223,1,1,1
674d254,3,2.875,2.859375,2.875,2.890625,2.875,0.01275775907699572,3,3,3
2e3e13b,2,2.0625,2.0,2.03125,2.046875,2.0260416666666665,0.01948779888944761,2,2,2
434ddb5,2,1.8125,1.7734375,1.7890625,1.671875,1.7447916666666667,0.051952961831406255,2,2,2
11160a7,4,4.1875,4.09375,4.125,4.0625,4.09375,0.02551551815399144,4,4,4
6865630,2,1.859375,1.828125,1.875,1.859375,1.8541666666666667,0.01948779888944761,2,2,2
2b41dea,3,2.34375,2.390625,2.46875,2.421875,2.4270833333333335,0.03210632293213009,2,3,3
248162f,3,2.828125,2.859375,2.96875,2.8125,2.8802083333333335,0.06546773484362778,3,3,3
1ae540b,4,4.4375,4.46875,4.46875,4.40625,4.447916666666667,0.02946278254943948,4,5,5
4fbfc65,3,3.421875,3.125,3.25,3.234375,3.203125,0.05560978256266308,3,3,3
e4ca453,4,3.484375,3.4375,3.4375,3.375,3.4166666666666665,0.02946278254943948,3,4,4
55b79be,3,3.140625,2.90625,3.015625,2.921875,2.9479166666666665,0.04830009633070679,3,3,3
fa115a1,2,1.2734375,1.203125,1.1875,1.1171875,1.1692708333333333,0.03737682316251907,1,1,1
1d1b8dd,4,2.921875,2.953125,2.9375,2.921875,2.9375,0.01275775907699572,3,3,3
d9cbe7f,1,1.1171875,1.125,1.109375,1.1015625,1.1119791666666667,0.009743899444723805,1,1,1
499c208,4,3.203125,3.25,3.25,3.203125,3.234375,0.02209708691207961,3,3,3
66762b6,4,3.390625,3.40625,3.359375,3.359375,3.375,0.02209708691207961,3,4,4
f6ccff9,6,3.75,3.578125,3.390625,3.421875,3.4635416666666665,0.0820209153542897,3,4,4
9715113,5,5.0625,4.875,4.875,5.03125,4.927083333333333,0.0736569563735987,5,5,6
e4020f0,2,1.2421875,1.2578125,1.2109375,1.203125,1.2239583333333333,0.024150048165353395,1,1,1
c10b9f2,1,0.84765625,0.7421875,0.75390625,0.7578125,0.7513020833333334,0.006639348324990605,1,1,1
41ff99a,1,1.734375,1.625,1.671875,1.6484375,1.6484375,0.019136638615493577,2,2,2
7b6980b,2,1.7421875,1.8046875,1.8046875,1.734375,1.78125,0.03314563036811941,2,2,2
1b6388e,1,1.484375,1.421875,1.453125,1.3984375,1.4244791666666667,0.02240188871625684,1,1,1
ab31560,2,1.6484375,1.640625,1.6796875,1.6484375,1.65625,0.016876928902103804,2,2,2
668f526,2,2.234375,2.125,2.15625,2.046875,2.109375,0.0459987545121242,2,2,2
1b3c850,3,3.328125,3.28125,3.359375,3.296875,3.3125,0.03375385780420761,3,3,3
5f12a6b,3,2.265625,2.140625,2.140625,2.125,2.1354166666666665,0.00736569563735987,2,2,2
808ae03,2,1.7578125,1.7890625,1.8515625,1.875,1.8385416666666667,0.03627184447183364,2,2,2
8a4f77b,3,2.78125,2.765625,2.765625,2.75,2.7604166666666665,0.00736569563735987,3,3,3
4258514,2,2.359375,2.359375,2.40625,2.3125,2.359375,0.038273277230987154,2,2,3
b4d82ca,1,1.6796875,1.5703125,1.5546875,1.640625,1.5885416666666667,0.03737682316251907,2,1,2
4c8d894,1,1.1484375,1.109375,1.0625,1.0546875,1.0755208333333333,0.024150048165353395,1,1,1
c090ee2,2,2.234375,2.21875,2.140625,2.21875,2.1927083333333335,0.03682847818679935,2,2,2
5f1fa9f,2,1.3671875,1.2890625,1.3046875,1.234375,1.2760416666666667,0.030145408601016215,1,1,1
a0d94f0,4,3.34375,3.234375,3.21875,3.234375,3.2291666666666665,0.00736569563735987,3,3,3
a7435de,1,0.38476562,0.31835938,0.33007812,0.33398438,0.3274739583333333,0.006639348324990605,1,1,1
3935ed0,3,3.609375,3.640625,3.6875,3.59375,3.640625,0.038273277230987154,4,4,4
dff9ecc,3,2.765625,2.859375,2.859375,2.859375,2.859375,0.0,3,3,3
e47dbdc,4,3.90625,3.796875,3.78125,3.765625,3.78125,0.01275775907699572,4,4,4
650449d,3,2.953125,3.046875,3.078125,3.015625,3.046875,0.02551551815399144,3,3,3
b27eb8e,3,3.375,3.3125,3.359375,3.359375,3.34375,0.02209708691207961,3,3,4
3717326,2,1.9375,2.03125,1.984375,1.96875,1.9947916666666667,0.02655739329996242,2,2,2
70e2f22,4,3.46875,3.484375,3.453125,3.4375,3.4583333333333335,0.01948779888944761,3,4,4
a9da167,3,2.6875,2.71875,2.71875,2.734375,2.7239583333333335,0.00736569563735987,3,3,3
c43ffd8,1,2.28125,2.203125,2.15625,2.234375,2.1979166666666665,0.03210632293213009,2,2,2
bf718b2,2,2.265625,2.3125,2.390625,2.1875,2.296875,0.08365822085525526,2,2,2
0c4ede2,4,4.5,4.25,4.3125,4.3125,4.291666666666667,0.02946278254943948,4,4,4
ad2558e,2,2.171875,2.1875,2.125,2.171875,2.1614583333333335,0.02655739329996242,2,2,2
8575877,3,2.390625,2.453125,2.421875,2.359375,2.4114583333333335,0.03897559777889522,2,3,3
560237a,4,3.5,3.4375,3.421875,3.421875,3.4270833333333335,0.00736569563735987,3,4,4
be203c9,5,4.46875,4.46875,4.375,4.5,4.447916666666667,0.05311478659992484,4,5,5
65c2a57,3,2.59375,2.609375,2.578125,2.578125,2.5885416666666665,0.01473139127471974,3,3,3
62f12f9,2,3.578125,3.515625,3.484375,3.421875,3.4739583333333335,0.03897559777889522,3,4,4
87c531e,4,3.328125,3.203125,3.25,3.21875,3.2239583333333335,0.01948779888944761,3,3,3
9fed850,2,1.21875,1.046875,1.0546875,1.0546875,1.0520833333333333,0.003682847818679935,1,1,1
02b6da9,1,1.53125,1.578125,1.59375,1.53125,1.5677083333333333,0.02655739329996242,2,1,2
aa7230b,2,2.328125,2.3125,2.3125,2.328125,2.3177083333333335,0.00736569563735987,2,2,2
a6ac854,3,3.03125,3.0625,3.015625,3.03125,3.0364583333333335,0.01948779888944761,3,3,3
33cdec2,4,4.15625,4.0625,4.1875,4.09375,4.114583333333333,0.05311478659992484,4,4,4
ca561e4,3,3.03125,3.03125,2.984375,2.953125,2.9895833333333335,0.03210632293213009,3,3,3
c2f04df,3,3.375,3.375,3.5,3.484375,3.453125,0.05560978256266308,3,4,4
f50c103,4,3.40625,3.3125,3.28125,3.265625,3.2864583333333335,0.01948779888944761,3,3,3
6309f92,4,4.0625,3.984375,3.9375,3.953125,3.9583333333333335,0.01948779888944761,4,4,4
78aa0e3,3,2.796875,2.84375,2.796875,2.6875,2.7760416666666665,0.06546773484362778,3,3,3
7dcb253,3,2.359375,2.375,2.375,2.46875,2.40625,0.04419417382415922,2,3,3
d338bff,5,4.65625,4.53125,4.5,4.5,4.510416666666667,0.01473139127471974,5,5,5
bd50091,3,2.171875,2.203125,2.234375,2.125,2.1875,0.0459987545121242,2,2,2
b92df25,4,4.375,4.28125,4.28125,4.28125,4.28125,0.0,4,4,4
fdee4f3,2,2.171875,2.1875,2.125,2.125,2.1458333333333335,0.02946278254943948,2,2,2
b3093d6,3,2.53125,2.515625,2.46875,2.5,2.4947916666666665,0.01948779888944761,2,3,3
6858eb1,4,4.1875,4.15625,4.15625,4.125,4.145833333333333,0.01473139127471974,4,4,4
200d3eb,2,2.46875,2.515625,2.5,2.453125,2.4895833333333335,0.02655739329996242,2,3,3
f187667,3,3.40625,3.15625,3.203125,3.1875,3.1822916666666665,0.01948779888944761,3,3,3
80a8ff9,4,3.34375,3.265625,3.28125,3.265625,3.2708333333333335,0.00736569563735987,3,3,3
cf2728d,4,3.515625,3.515625,3.484375,3.5,3.5,0.01275775907699572,4,4,4
2d001ad,4,3.359375,3.328125,3.375,3.4375,3.3802083333333335,0.04480377743251368,3,4,4
9a70680,3,2.5,2.53125,2.578125,2.546875,2.5520833333333335,0.01948779888944761,3,3,3
c06faec,2,2.640625,2.59375,2.515625,2.5625,2.5572916666666665,0.03210632293213009,3,3,3
53bba22,2,2.65625,2.5625,2.6875,2.71875,2.65625,0.06750771560841522,3,3,3
c44350f,2,1.0390625,0.953125,0.93359375,0.94140625,0.9427083333333334,0.008026580733032522,1,1,1
20a1cb4,4,3.140625,3.015625,3.03125,2.953125,3.0,0.03375385780420761,3,3,3
f3ada95,4,4.21875,4.125,4.21875,4.09375,4.145833333333333,0.05311478659992484,4,4,4
1100c54,2,2.28125,2.25,2.34375,2.171875,2.2552083333333335,0.07026425814183354,2,2,2
7aaa76f,2,2.53125,2.46875,2.578125,2.578125,2.5416666666666665,0.051559869461519095,3,3,3
64df225,3,3.484375,3.421875,3.515625,3.484375,3.4739583333333335,0.03897559777889522,3,4,4
7cf88de,4,4.34375,4.34375,4.25,4.25,4.28125,0.04419417382415922,4,4,4
b5822cd,5,5.125,4.9375,4.96875,4.96875,4.958333333333333,0.01473139127471974,5,6,6
3a70d68,2,3.4375,3.4375,3.375,3.3125,3.375,0.05103103630798288,3,4,4
babf897,2,2.046875,1.890625,1.8359375,1.8359375,1.8541666666666667,0.025779934730759548,2,2,2
9c46b2d,2,2.59375,2.609375,2.65625,2.640625,2.6354166666666665,0.01948779888944761,3,3,3
33bd296,3,2.96875,2.96875,2.984375,2.984375,2.9791666666666665,0.00736569563735987,3,3,3
1edf4db,3,2.90625,2.828125,2.90625,2.734375,2.8229166666666665,0.07026425814183354,3,3,3
bebb184,2,1.7578125,1.7109375,1.734375,1.5390625,1.6614583333333333,0.0870742369651067,2,2,2
db2d113,3,2.96875,2.953125,2.921875,2.90625,2.9270833333333335,0.01948779888944761,3,3,3
aa30a4b,2,2.09375,1.9609375,2.0,2.09375,2.0182291666666665,0.05573160041414765,2,2,2
48c70fe,2,2.875,2.9375,2.9375,2.96875,2.9479166666666665,0.01473139127471974,3,3,3
b6f265c,4,4.125,4.03125,4.0625,4.0625,4.052083333333333,0.01473139127471974,4,4,4
8e514da,2,2.109375,1.921875,1.8515625,1.96875,1.9140625,0.048159484398195125,2,2,2
7d7c32f,1,1.734375,1.5703125,1.59375,1.4921875,1.5520833333333333,0.04342013541805486,2,1,2
4afa8b6,3,3.4375,3.375,3.421875,3.515625,3.4375,0.05846339666834283,3,4,4
284c676,2,2.171875,2.140625,2.234375,2.15625,2.1770833333333335,0.04101045767714485,2,2,2
6755e88,3,3.28125,3.359375,3.265625,3.375,3.3333333333333335,0.04830009633070679,3,3,3
d3557e5,3,2.671875,2.75,2.6875,2.671875,2.703125,0.03375385780420761,3,3,3
e4f2929,2,2.359375,2.6875,2.65625,2.75,2.6979166666666665,0.03897559777889522,3,3,3
7e072ba,4,3.484375,3.484375,3.40625,3.390625,3.4270833333333335,0.04101045767714485,3,4,4
a98bccc,3,2.828125,2.8125,2.78125,2.75,2.78125,0.02551551815399144,3,3,3
6e6ea11,3,1.8671875,1.9375,1.9453125,1.9453125,1.9427083333333333,0.003682847818679935,2,2,2
83c3db4,2,2.515625,2.59375,2.453125,2.671875,2.5729166666666665,0.09051118331761857,3,3,3
26d36e5,5,4.375,4.40625,4.28125,4.3125,4.333333333333333,0.05311478659992484,4,5,5
4e8a2eb,3,3.15625,3.15625,3.03125,3.109375,3.0989583333333335,0.05155986946151909,3,3,3
2557bb7,4,4.15625,3.9375,4.0625,4.125,4.041666666666667,0.07795119555779044,4,4,4
efd6465,2,2.140625,2.234375,2.109375,2.140625,2.1614583333333335,0.05311478659992484,2,2,2
f81d850,2,1.875,1.9140625,1.859375,1.90625,1.8932291666666667,0.024150048165353395,2,2,2
4105c60,2,2.28125,2.28125,2.34375,2.34375,2.3229166666666665,0.02946278254943948,2,2,2
00fd564,3,3.15625,3.125,3.1875,3.125,3.1458333333333335,0.02946278254943948,3,3,3
8145b0e,4,4.09375,3.90625,3.78125,3.84375,3.84375,0.05103103630798288,4,4,4
35c1b10,2,2.484375,2.625,2.578125,2.515625,2.5729166666666665,0.04480377743251368,3,3,3
a9e55ea,5,3.640625,3.53125,3.546875,3.640625,3.5729166666666665,0.04830009633070679,4,4,4
a4b330d,5,4.4375,4.375,4.5,4.4375,4.4375,0.05103103630798288,4,5,5
e81b491,2,1.921875,1.9296875,1.90625,1.9140625,1.9166666666666667,0.009743899444723805,2,2,2
28ebecb,3,2.5,2.59375,2.484375,2.453125,2.5104166666666665,0.06029081720203243,3,3,3
474c621,3,3.46875,3.265625,3.25,3.328125,3.28125,0.03375385780420761,3,3,3
8efd892,4,4.21875,3.953125,3.953125,3.921875,3.9427083333333335,0.01473139127471974,4,4,4
f87fdcb,3,2.640625,2.59375,2.5625,2.625,2.59375,0.02551551815399144,3,3,3
6a5a5ad,5,3.921875,3.78125,3.71875,3.828125,3.7760416666666665,0.04480377743251368,4,4,4
5284dea,3,2.96875,2.96875,2.9375,2.96875,2.9583333333333335,0.01473139127471974,3,3,3
370df5f,1,1.1484375,0.98046875,0.9765625,0.9921875,0.9830729166666666,0.006639348324990605,1,1,1
a93921c,2,1.9453125,1.96875,2.015625,1.9921875,1.9921875,0.019136638615493577,2,2,2
1f71276,2,1.796875,1.8515625,1.8359375,1.875,1.8541666666666667,0.016053161466065044,2,2,2
ac3fdcc,2,1.7890625,1.8046875,1.765625,1.8046875,1.7916666666666667,0.018414239093399676,2,2,2
c4deb2e,5,3.53125,3.328125,3.375,3.328125,3.34375,0.02209708691207961,3,3,4
9f181dc,1,2.203125,2.125,2.1875,2.203125,2.171875,0.03375385780420761,2,2,2
c860efb,3,3.640625,3.453125,3.5,3.578125,3.5104166666666665,0.051559869461519095,4,4,4
841c5f6,3,3.03125,3.046875,3.03125,3.03125,3.0364583333333335,0.00736569563735987,3,3,3
f0d879d,4,3.765625,3.703125,3.640625,3.703125,3.6822916666666665,0.02946278254943948,4,4,4
dda125c,2,2.171875,2.140625,2.140625,2.109375,2.1302083333333335,0.01473139127471974,2,2,2
3e92243,2,1.734375,1.6796875,1.8203125,1.703125,1.734375,0.061515686515717274,2,2,2
583a1a6,4,3.15625,3.046875,3.046875,3.078125,3.0572916666666665,0.01473139127471974,3,3,3
d43535e,2,2.109375,1.890625,1.8046875,1.9375,1.8776041666666667,0.05499664604672624,2,2,2
d1f55bc,1,0.94921875,0.8671875,0.9375,0.88671875,0.8971354166666666,0.029634913220679796,1,1,1
9e6ea7f,5,4.71875,4.53125,4.5625,4.5625,4.552083333333333,0.01473139127471974,5,5,5
bfdd088,4,3.8125,3.5,3.5625,3.625,3.5625,0.05103103630798288,4,4,4
8bddae6,3,2.609375,2.53125,2.609375,2.546875,2.5625,0.03375385780420761,3,3,3
29ce267,2,2.234375,2.203125,2.265625,2.296875,2.2552083333333335,0.03897559777889522,2,2,2
b6779d5,3,2.3125,2.3125,2.3125,2.125,2.25,0.08838834764831845,2,2,2
01c46fa,3,2.09375,1.9296875,1.921875,1.921875,1.9244791666666667,0.003682847818679935,2,2,2
69e2cdc,1,1.484375,1.515625,1.4140625,1.375,1.4348958333333333,0.05926982644135959,1,1,1
76b2040,1,1.3046875,1.203125,1.21875,1.2578125,1.2265625,0.0229993772560621,1,1,1
d16503d,4,3.8125,3.71875,3.734375,3.78125,3.7447916666666665,0.02655739329996242,4,4,4
bf738fe,5,3.984375,4.0,3.984375,3.984375,3.9895833333333335,0.00736569563735987,4,4,4
1b6c945,2,1.9296875,1.875,1.875,1.7890625,1.8463541666666667,0.040511326005479284,2,2,2
59222be,1,1.6875,1.7265625,1.59375,1.6015625,1.640625,0.06085063252889543,2,2,2
38d7876,3,2.609375,2.578125,2.578125,2.546875,2.5677083333333335,0.01473139127471974,3,3,3
c96e9d6,4,3.390625,3.171875,3.125,3.125,3.140625,0.02209708691207961,3,3,3
3b9a570,3,3.28125,3.15625,3.234375,3.140625,3.1770833333333335,0.04101045767714485,3,3,3
645d471,3,2.59375,2.59375,2.640625,2.484375,2.5729166666666665,0.06546773484362778,3,3,3
7c8c746,3,2.78125,2.671875,2.75,2.828125,2.75,0.0637887953849786,3,3,3
ad267b2,2,1.484375,1.4140625,1.3671875,1.4453125,1.4088541666666667,0.03210632293213009,1,1,1
badc888,3,2.390625,2.296875,2.453125,2.453125,2.4010416666666665,0.07365695637359869,2,3,3
c6694d5,3,3.171875,3.203125,3.265625,3.125,3.1979166666666665,0.05752792196451699,3,3,3
dc77aca,1,1.484375,1.3828125,1.4140625,1.4765625,1.4244791666666667,0.03897559777889522,1,1,1
819ef1b,3,3.015625,3.0625,2.9375,2.921875,2.9739583333333335,0.06293253111247173,3,3,3
b2317e0,2,2.734375,2.734375,2.75,2.6875,2.7239583333333335,0.02655739329996242,3,3,3
0e680b3,4,3.5625,3.5,3.59375,3.59375,3.5625,0.04419417382415922,4,4,4
bcb9d79,4,3.203125,3.09375,2.953125,2.953125,3.0,0.06629126073623882,3,3,3
a994c0b,3,3.0,2.984375,2.953125,3.0,2.9791666666666665,0.01948779888944761,3,3,3
b7346f8,2,1.046875,1.0234375,1.0625,1.0078125,1.03125,0.0229993772560621,1,1,1
9a04aa2,3,2.265625,2.046875,2.109375,2.125,2.09375,0.03375385780420761,2,2,2
dbf756e,3,3.0625,3.125,2.984375,3.046875,3.0520833333333335,0.05752792196451698,3,3,3
b2f2659,1,1.5625,1.625,1.5859375,1.671875,1.6276041666666667,0.03513212907091677,2,2,2
385790a,5,4.65625,4.5625,4.59375,4.53125,4.5625,0.02551551815399144,5,5,5
db2e4b6,4,4.25,4.09375,4.09375,3.984375,4.057291666666667,0.051559869461519095,4,4,4
f8af013,3,2.671875,2.484375,2.625,2.609375,2.5729166666666665,0.06293253111247173,3,3,3
a5f1644,1,1.65625,1.6171875,1.671875,1.640625,1.6432291666666667,0.02240188871625684,2,2,2
3261155,3,3.203125,3.25,3.234375,3.203125,3.2291666666666665,0.01948779888944761,3,3,3
505f901,2,1.9453125,1.7421875,1.78125,1.8203125,1.78125,0.0318943976924893,2,2,2
09763fb,3,2.296875,2.109375,2.21875,2.171875,2.1666666666666665,0.04480377743251368,2,2,2
471cd36,2,1.9921875,2.03125,1.921875,2.078125,2.0104166666666665,0.06546773484362778,2,2,2
2438f66,3,3.90625,3.859375,3.875,3.90625,3.8802083333333335,0.01948779888944761,4,4,4
66e4d49,3,2.875,2.71875,2.78125,2.6875,2.7291666666666665,0.03897559777889522,3,3,3
ed032be,3,3.015625,2.71875,2.75,2.71875,2.7291666666666665,0.01473139127471974,3,3,3
a381193,4,3.390625,3.296875,3.296875,3.234375,3.2760416666666665,0.02946278254943948,3,3,3
d204dcb,2,1.1015625,1.09375,1.0703125,1.1015625,1.0885416666666667,0.01327869664998121,1,1,1
27d8ecd,3,2.390625,2.09375,2.328125,2.25,2.2239583333333335,0.09743899444723805,2,2,2
dc0a3e8,3,3.265625,3.296875,3.15625,3.140625,3.1979166666666665,0.07026425814183354,3,3,3
6263477,3,2.3125,2.296875,2.265625,2.265625,2.2760416666666665,0.01473139127471974,2,2,2
357c8cc,5,4.09375,4.0,4.0,4.03125,4.010416666666667,0.01473139127471974,4,4,4
bdabc83,2,3.53125,3.484375,3.46875,3.484375,3.4791666666666665,0.00736569563735987,3,4,4
5d31922,3,2.953125,2.890625,3.03125,3.0,2.9739583333333335,0.06029081720203242,3,3,3
27e7609,2,1.7578125,1.7265625,1.6484375,1.6875,1.6875,0.0318943976924893,2,2,2
4ab8bc1,3,2.078125,1.8125,2.078125,2.078125,1.9895833333333333,0.12521682583511778,2,2,2
5288e6f,2,1.578125,1.390625,1.390625,1.4375,1.40625,0.02209708691207961,1,1,1
8ee7f5f,3,2.703125,2.546875,2.609375,2.5625,2.5729166666666665,0.02655739329996242,3,3,3
3785d1d,3,3.0,3.203125,3.125,3.234375,3.1875,0.0459987545121242,3,3,3
59ec7e2,2,2.328125,2.46875,2.4375,2.421875,2.4427083333333335,0.01948779888944761,2,3,3
8aaa311,4,3.96875,3.78125,3.8125,3.671875,3.7552083333333335,0.06029081720203243,4,4,4
f563279,3,2.90625,2.78125,2.828125,2.828125,2.8125,0.02209708691207961,3,3,3
b29a26e,3,2.546875,2.53125,2.453125,2.546875,2.5104166666666665,0.04101045767714485,3,3,3
4761e38,4,4.25,4.28125,4.28125,4.25,4.270833333333333,0.01473139127471974,4,4,4
cb16964,3,2.765625,2.6875,2.71875,2.765625,2.7239583333333335,0.03210632293213009,3,3,3
4456d26,2,1.9453125,1.328125,1.3203125,1.3984375,1.3489583333333333,0.03513212907091677,1,1,1
9844f20,3,2.515625,2.453125,2.328125,2.375,2.3854166666666665,0.05155986946151909,2,2,3
bcbfae4,4,3.78125,3.703125,3.71875,3.640625,3.6875,0.03375385780420761,4,4,4
1c4beb6,4,4.34375,4.28125,4.3125,4.3125,4.302083333333333,0.01473139127471974,4,4,5
9852c3d,2,2.15625,2.0625,2.015625,2.125,2.0677083333333335,0.04480377743251368,2,2,2
0e8864c,4,3.78125,3.75,3.703125,3.703125,3.71875,0.02209708691207961,4,4,4
e2bbbed,2,1.6484375,1.4765625,1.484375,1.484375,1.4817708333333333,0.003682847818679935,1,1,2
95a0fa6,3,2.609375,2.6875,2.609375,2.609375,2.6354166666666665,0.03682847818679935,3,3,3
c0e4dc0,3,2.34375,2.4375,2.359375,2.359375,2.3854166666666665,0.03682847818679935,2,2,3
798dcd3,3,3.453125,3.28125,3.328125,3.265625,3.2916666666666665,0.02655739329996242,3,3,3
2b164b9,3,2.21875,2.1875,2.15625,2.25,2.1979166666666665,0.03897559777889522,2,2,2
3245968,3,3.25,3.234375,3.3125,3.265625,3.2708333333333335,0.03210632293213009,3,3,3
49cfbaf,4,4.09375,3.828125,3.75,3.75,3.7760416666666665,0.03682847818679935,4,4,4
0c4420d,2,2.078125,2.03125,2.03125,1.9453125,2.0026041666666665,0.040511326005479284,2,2,2
c2acd73,4,3.140625,3.1875,3.09375,3.09375,3.125,0.04419417382415922,3,3,3
05c2752,2,1.953125,1.9921875,2.015625,1.9609375,1.9895833333333333,0.02240188871625684,2,2,2
c0efe51,3,3.125,2.96875,3.015625,2.859375,2.9479166666666665,0.06546773484362778,3,3,3
dccfda3,4,3.78125,3.78125,3.78125,3.75,3.7708333333333335,0.01473139127471974,4,4,4
7388575,3,3.203125,3.078125,3.078125,3.0625,3.0729166666666665,0.00736569563735987,3,3,3
6f47cd6,3,3.3125,3.15625,3.171875,3.171875,3.1666666666666665,0.00736569563735987,3,3,3
9cc2227,5,3.75,3.484375,3.546875,3.4375,3.4895833333333335,0.04480377743251368,3,4,4
2620677,1,1.484375,1.53125,1.546875,1.59375,1.5572916666666667,0.02655739329996242,2,1,2
995506e,3,2.8125,2.671875,2.75,2.796875,2.7395833333333335,0.051559869461519095,3,3,3
acf9971,3,2.09375,2.078125,2.03125,2.125,2.078125,0.038273277230987154,2,2,2
77fa5e0,3,3.125,3.015625,2.921875,3.015625,2.984375,0.04419417382415922,3,3,3
5de25ca,4,4.03125,3.765625,3.71875,3.859375,3.78125,0.05846339666834283,4,4,4
1b86671,2,2.265625,2.109375,2.140625,2.109375,2.1197916666666665,0.01473139127471974,2,2,2
7bec740,1,1.0390625,0.94921875,0.9453125,0.9296875,0.94140625,0.008438464451051902,1,1,1
567bfa6,3,2.734375,2.71875,2.71875,2.765625,2.734375,0.02209708691207961,3,3,3
add97e8,2,2.75,2.734375,2.703125,2.75,2.7291666666666665,0.01948779888944761,3,3,3
8d6ab91,2,2.265625,2.1875,2.140625,2.171875,2.1666666666666665,0.01948779888944761,2,2,2
629039e,3,2.328125,2.1875,2.28125,2.28125,2.25,0.04419417382415922,2,2,2
9612d64,4,3.875,3.84375,3.828125,3.890625,3.8541666666666665,0.02655739329996242,4,4,4
5a68bcb,4,4.28125,4.1875,4.34375,4.34375,4.291666666666667,0.0736569563735987,4,4,4
9036351,4,3.1875,3.0,3.046875,3.015625,3.0208333333333335,0.01948779888944761,3,3,3
dd7857b,3,2.84375,2.8125,2.78125,2.828125,2.8072916666666665,0.01948779888944761,3,3,3
efc8e98,3,3.34375,3.375,3.359375,3.390625,3.375,0.01275775907699572,3,4,4
a885b01,5,5.0,4.71875,4.8125,4.84375,4.791666666666667,0.05311478659992484,5,5,5
21d86cc,1,1.34375,1.28125,1.28125,1.265625,1.2760416666666667,0.00736569563735987,1,1,1
a526c57,4,4.53125,4.40625,4.40625,4.46875,4.427083333333333,0.02946278254943948,4,5,5
6492b4d,4,3.984375,3.921875,3.921875,3.953125,3.9322916666666665,0.01473139127471974,4,4,4
c765c60,2,2.390625,2.375,2.46875,2.5625,2.46875,0.07654655446197431,2,3,3
78dc0c3,2,1.703125,1.65625,1.6796875,1.6875,1.6744791666666667,0.01327869664998121,2,2,2
e7ec99d,5,4.75,4.6875,4.71875,4.6875,4.697916666666667,0.01473139127471974,5,5,5
5e0e50f,2,1.9140625,1.9609375,1.890625,1.90625,1.9192708333333333,0.03014540860101621,2,2,2
d666983,5,4.5625,4.3125,4.53125,4.5625,4.46875,0.11121956512532616,4,5,5
ec49c39,2,2.328125,2.34375,2.3125,2.25,2.3020833333333335,0.03897559777889522,2,2,2
c3277c0,5,4.75,4.625,4.625,4.53125,4.59375,0.04419417382415922,5,5,5
efcf556,3,3.71875,3.75,3.625,3.640625,3.671875,0.05560978256266308,4,4,4
e0781ac,3,2.890625,2.96875,3.015625,2.921875,2.96875,0.038273277230987154,3,3,3
3e665c1,4,3.96875,3.953125,3.953125,3.921875,3.9427083333333335,0.01473139127471974,4,4,4
5d23658,4,4.53125,4.4375,4.5,4.5,4.479166666666667,0.02946278254943948,4,5,5
d7038fe,5,4.375,4.28125,4.28125,4.25,4.270833333333333,0.01473139127471974,4,4,4
cbc19cc,3,3.546875,3.53125,3.5,3.46875,3.5,0.02551551815399144,4,4,4
a97eb60,2,1.703125,1.6484375,1.65625,1.6875,1.6640625,0.016876928902103804,2,2,2
41feba2,4,3.953125,3.796875,3.84375,3.859375,3.8333333333333335,0.02655739329996242,4,4,4
000fe60,3,2.421875,2.34375,2.3125,2.359375,2.3385416666666665,0.01948779888944761,2,2,3
326d2f5,2,1.4375,1.296875,1.296875,1.3125,1.3020833333333333,0.00736569563735987,1,1,1
7cfefa0,2,2.671875,2.546875,2.578125,2.65625,2.59375,0.0459987545121242,3,3,3
bcb8d76,3,2.34375,2.3125,2.25,2.078125,2.2135416666666665,0.09909529995021067,2,2,2
34ba9f1,2,2.5625,2.5625,2.484375,2.53125,2.5260416666666665,0.03210632293213009,3,3,3
89a05a7,3,2.78125,2.671875,2.671875,2.65625,2.6666666666666665,0.00736569563735987,3,3,3
c7619b0,3,3.046875,3.046875,3.09375,3.015625,3.0520833333333335,0.03210632293213009,3,3,3
043d5a8,2,3.203125,3.125,3.1875,3.265625,3.1927083333333335,0.05752792196451699,3,3,3
be7c6bd,4,3.671875,3.609375,3.609375,3.671875,3.6302083333333335,0.02946278254943948,4,4,4
7b64361,2,1.6875,1.6171875,1.5859375,1.546875,1.5833333333333333,0.028763960982258495,2,1,2
5f78443,5,3.640625,3.625,3.65625,3.609375,3.6302083333333335,0.01948779888944761,4,4,4
aac4bfe,3,3.828125,3.765625,3.84375,3.734375,3.78125,0.0459987545121242,4,4,4
727d100,2,3.328125,3.328125,3.34375,3.390625,3.3541666666666665,0.02655739329996242,3,3,4
0da50b1,4,3.640625,3.75,3.734375,3.640625,3.7083333333333335,0.04830009633070679,4,4,4
c2e8bd2,4,4.09375,3.875,3.890625,3.9375,3.9010416666666665,0.02655739329996242,4,4,4
4c6b885,4,4.53125,4.46875,4.5,4.53125,4.5,0.02551551815399144,5,5,5
bfb7d17,4,3.1875,3.203125,3.140625,3.171875,3.171875,0.02551551815399144,3,3,3
7cb12eb,2,2.46875,2.53125,2.515625,2.484375,2.5104166666666665,0.01948779888944761,3,3,3
99bba77,2,1.09375,0.94140625,0.9296875,0.93359375,0.9348958333333334,0.0048719497223619025,1,1,1
cc88583,2,2.015625,2.015625,1.9375,1.9921875,1.9817708333333333,0.03273386742181389,2,2,2
bc5d605,3,3.046875,3.140625,3.109375,3.140625,3.1302083333333335,0.01473139127471974,3,3,3
be0d8c0,4,3.015625,3.0625,3.0625,3.015625,3.046875,0.02209708691207961,3,3,3
f16b9e9,3,2.625,2.609375,2.546875,2.453125,2.5364583333333335,0.06421264586426018,3,3,3
34a170f,1,1.2109375,1.125,1.125,1.1796875,1.1432291666666667,0.025779934730759548,1,1,1
056394c,4,3.515625,3.453125,3.453125,3.453125,3.453125,0.0,3,4,4
f955669,1,2.421875,2.46875,2.375,2.453125,2.4322916666666665,0.04101045767714485,2,3,3
08a5c68,4,3.359375,3.359375,3.34375,3.359375,3.3541666666666665,0.00736569563735987,3,3,4
a0a4296,4,3.421875,3.375,3.359375,3.53125,3.421875,0.07760241888412156,3,4,4
3bf2e42,3,2.8125,2.953125,2.859375,2.875,2.8958333333333335,0.04101045767714485,3,3,3
8707908,3,3.015625,3.03125,3.109375,3.0625,3.0677083333333335,0.03210632293213009,3,3,3
37ef1ef,2,2.484375,2.484375,2.453125,2.453125,2.4635416666666665,0.01473139127471974,2,3,3
c2b3309,2,2.15625,2.15625,2.0625,2.125,2.1145833333333335,0.03897559777889522,2,2,2
60a22b9,3,2.375,2.421875,2.359375,2.390625,2.390625,0.02551551815399144,2,3,3
d1ce732,3,3.515625,3.4375,3.453125,3.375,3.421875,0.03375385780420761,3,4,4
f34772f,3,2.71875,2.671875,2.578125,2.640625,2.6302083333333335,0.03897559777889522,3,3,3
ede2718,4,2.96875,3.0,3.015625,2.96875,2.9947916666666665,0.01948779888944761,3,3,3
eaa07cd,4,3.6875,3.546875,3.53125,3.53125,3.5364583333333335,0.00736569563735987,4,4,4
ab0ec19,2,1.2421875,1.1796875,1.15625,1.1484375,1.1614583333333333,0.01327869664998121,1,1,1
371835b,3,2.75,2.765625,2.828125,2.8125,2.8020833333333335,0.02655739329996242,3,3,3
1d9cb5d,2,2.171875,2.171875,2.046875,2.109375,2.109375,0.05103103630798288,2,2,2
97e6bcb,2,1.7734375,1.7421875,1.8359375,1.6953125,1.7578125,0.05846339666834283,2,2,2
6670e51,3,4.9375,4.46875,4.53125,4.46875,4.489583333333333,0.02946278254943948,4,5,5
f3e2f5a,3,2.453125,2.40625,2.34375,2.34375,2.3645833333333335,0.02946278254943948,2,2,3
b30add3,2,2.453125,2.40625,2.4375,2.390625,2.4114583333333335,0.01948779888944761,2,3,3
3432298,3,3.078125,3.203125,3.140625,3.0,3.1145833333333335,0.0849453459911463,3,3,3
8087773,4,2.8125,2.796875,2.8125,2.828125,2.8125,0.01275775907699572,3,3,3
f548859,3,2.921875,2.921875,2.921875,2.921875,2.921875,0.0,3,3,3
f071635,5,4.1875,4.0625,4.03125,4.03125,4.041666666666667,0.01473139127471974,4,4,4
1c71fb3,2,2.0,1.859375,1.8828125,1.9296875,1.890625,0.029231698334171417,2,2,2
0f0fc7a,3,3.421875,3.40625,3.3125,3.34375,3.3541666666666665,0.03897559777889522,3,3,4
788f5c1,4,3.734375,3.75,3.765625,3.75,3.7552083333333335,0.00736569563735987,4,4,4
24e41cc,3,3.265625,3.21875,3.1875,3.234375,3.2135416666666665,0.01948779888944761,3,3,3
bcdbf52,3,3.140625,3.046875,3.09375,3.09375,3.078125,0.02209708691207961,3,3,3
44b5fc5,4,1.703125,1.40625,1.4921875,1.3828125,1.4270833333333333,0.04701945334705153,1,1,1
d57e683,3,2.96875,2.953125,2.96875,2.96875,2.9635416666666665,0.00736569563735987,3,3,3
cd9e877,2,1.7578125,1.7109375,1.7421875,1.7265625,1.7265625,0.01275775907699572,2,2,2
168bb04,3,3.484375,3.53125,3.453125,3.5,3.4947916666666665,0.03210632293213009,3,4,4
da98e49,3,2.21875,1.9375,1.890625,1.984375,1.9375,0.038273277230987154,2,2,2
84390cc,4,3.140625,3.109375,3.125,3.09375,3.109375,0.01275775907699572,3,3,3
36c2717,4,4.09375,4.15625,4.0625,4.0625,4.09375,0.04419417382415922,4,4,4
13c7a43,4,4.03125,3.875,3.859375,3.953125,3.8958333333333335,0.04101045767714485,4,4,4
611c12d,3,3.03125,2.9375,2.921875,2.96875,2.9427083333333335,0.01948779888944761,3,3,3
221dbc7,3,1.9140625,1.484375,1.546875,1.40625,1.4791666666666667,0.05752792196451698,1,1,2
f006a31,4,3.765625,3.578125,3.625,3.78125,3.6614583333333335,0.08684027083610972,4,4,4
3d17283,2,2.34375,2.28125,2.3125,2.234375,2.2760416666666665,0.03210632293213009,2,2,2
17d4184,4,4.65625,4.5625,4.625,4.5625,4.583333333333333,0.02946278254943948,5,5,5
bff982d,2,1.734375,1.6171875,1.5859375,1.5703125,1.5911458333333333,0.01948779888944761,2,1,2
f130918,3,2.4375,2.421875,2.390625,2.40625,2.40625,0.01275775907699572,2,3,3
8183909,1,0.97265625,0.8828125,0.92578125,0.921875,0.91015625,0.01940060472103039,1,1,1
a39b9cd,4,4.21875,4.125,4.125,4.125,4.125,0.0,4,4,4
fd58f1e,4,4.0625,4.0625,4.03125,3.96875,4.020833333333333,0.03897559777889522,4,4,4
dc4d6bd,2,1.78125,1.8203125,1.796875,1.734375,1.7838541666666667,0.03627184447183364,2,2,2
2980c32,4,3.015625,2.9375,2.9375,2.921875,2.9322916666666665,0.00736569563735987,3,3,3
e91124e,4,3.296875,3.328125,3.3125,3.34375,3.328125,0.01275775907699572,3,3,3
2be103b,4,3.4375,3.34375,3.375,3.3125,3.34375,0.02551551815399144,3,3,4
c17082b,3,3.890625,3.765625,3.8125,3.78125,3.7864583333333335,0.01948779888944761,4,4,4
25fc2cd,3,3.390625,3.140625,3.046875,3.1875,3.125,0.05846339666834283,3,3,3
27dcaba,2,2.296875,2.09375,2.078125,2.046875,2.0729166666666665,0.01948779888944761,2,2,2
743db8f,2,2.234375,1.8828125,1.953125,1.9765625,1.9375,0.03983608994994363,2,2,2
d21cf9b,3,2.9375,2.84375,2.921875,2.84375,2.8697916666666665,0.03682847818679935,3,3,3
2480abd,5,4.65625,4.53125,4.5,4.46875,4.5,0.02551551815399144,5,5,5
aadba76,4,3.6875,3.640625,3.609375,3.59375,3.6145833333333335,0.01948779888944761,4,4,4
f03f35a,4,3.171875,3.125,3.09375,3.109375,3.109375,0.01275775907699572,3,3,3
04e1cec,3,2.90625,2.625,2.734375,2.625,2.6614583333333335,0.051559869461519095,3,3,3
c64f6b6,3,2.53125,2.5,2.515625,2.546875,2.5208333333333335,0.01948779888944761,3,3,3
9512bb3,2,2.453125,2.421875,2.46875,2.609375,2.5,0.07967217989988726,3,3,3
63e267c,3,3.078125,2.9375,2.890625,2.78125,2.8697916666666665,0.06546773484362778,3,3,3
e30ea9f,1,1.125,1.0859375,1.0,1.0625,1.0494791666666667,0.03627184447183364,1,1,1
ee591fd,3,3.03125,3.125,3.171875,3.171875,3.15625,0.02209708691207961,3,3,3
3015118,5,4.65625,4.5625,4.5625,4.6875,4.604166666666667,0.05892556509887896,5,5,5
ad2182f,5,5.34375,5.1875,5.21875,5.1875,5.197916666666667,0.01473139127471974,5,6,6
ce37fb3,4,3.0,2.90625,2.9375,2.890625,2.9114583333333335,0.01948779888944761,3,3,3
cb5292e,3,2.046875,2.03125,2.046875,1.875,1.984375,0.07760241888412156,2,2,2
cafa345,4,3.65625,3.546875,3.5625,3.546875,3.5520833333333335,0.00736569563735987,4,4,4
52594dc,1,1.5703125,1.4609375,1.375,1.4453125,1.4270833333333333,0.03737682316251907,1,1,1
bb4c434,3,3.28125,3.171875,3.1875,3.1875,3.1822916666666665,0.00736569563735987,3,3,3
62c46a1,2,1.6875,1.609375,1.6796875,1.5078125,1.5989583333333333,0.07055321450075035,2,2,2
d3f67cc,3,3.078125,2.984375,3.0,3.109375,3.03125,0.05560978256266308,3,3,3
c6fb45a,1,2.109375,2.109375,2.140625,2.078125,2.109375,0.02551551815399144,2,2,2
091a770,3,3.15625,3.234375,3.140625,3.09375,3.15625,0.05846339666834283,3,3,3
beb153b,2,2.375,2.40625,2.359375,2.421875,2.3958333333333335,0.02655739329996242,2,3,3
c63b26e,3,2.53125,2.5625,2.53125,2.625,2.5729166666666665,0.03897559777889522,3,3,3
739ee9e,2,2.609375,2.609375,2.59375,2.59375,2.5989583333333335,0.00736569563735987,3,3,3
a99d180,4,3.59375,3.5,3.59375,3.609375,3.5677083333333335,0.04830009633070679,4,4,4
9eb8719,3,2.453125,2.5,2.484375,2.375,2.453125,0.05560978256266308,2,3,3
6cd0f65,3,2.78125,2.765625,2.78125,2.765625,2.7708333333333335,0.00736569563735987,3,3,3
9447d8a,4,2.65625,2.703125,2.625,2.734375,2.6875,0.0459987545121242,3,3,3
287b18b,5,4.5625,4.5,4.5,4.53125,4.510416666666667,0.01473139127471974,5,5,5
9d6f98e,3,2.765625,2.796875,2.671875,2.671875,2.7135416666666665,0.05892556509887896,3,3,3
e288d9b,5,4.8125,4.71875,4.6875,4.71875,4.708333333333333,0.01473139127471974,5,5,5
95c792b,2,1.8828125,1.921875,1.8984375,1.90625,1.9088541666666667,0.009743899444723805,2,2,2
1943465,3,2.21875,2.140625,2.140625,2.125,2.1354166666666665,0.00736569563735987,2,2,2
1c49271,2,2.015625,1.8515625,1.7421875,1.84375,1.8125,0.049820641848200495,2,2,2
bb35211,3,3.140625,3.265625,3.171875,3.109375,3.1822916666666665,0.06421264586426018,3,3,3
175ec92,3,2.359375,2.1875,2.1875,2.453125,2.2760416666666665,0.12521682583511778,2,2,2
348eb9c,3,2.0,1.984375,1.9375,2.0625,1.9947916666666667,0.05155986946151909,2,2,2
79d77f2,2,2.96875,2.90625,2.984375,2.90625,2.9322916666666665,0.03682847818679935,3,3,3
304b672,1,1.2421875,1.125,1.1484375,1.125,1.1328125,0.011048543456039806,1,1,1
0cdc0d0,2,2.6875,2.71875,2.71875,2.71875,2.71875,0.0,3,3,3
db0b11e,2,1.8515625,1.8515625,1.875,1.8515625,1.859375,0.011048543456039806,2,2,2
2ca537b,3,2.828125,2.8125,2.875,2.8125,2.8333333333333335,0.02946278254943948,3,3,3
13fb244,2,2.015625,1.984375,2.078125,2.0,2.0208333333333335,0.04101045767714485,2,2,2
e2797ec,4,3.796875,3.78125,3.796875,3.78125,3.7864583333333335,0.00736569563735987,4,4,4
961718f,3,2.875,2.890625,2.890625,2.8125,2.8645833333333335,0.03682847818679935,3,3,3
9942efd,1,1.6796875,1.609375,1.5703125,1.6796875,1.6197916666666667,0.04525559165880928,2,2,2
03c0382,4,3.109375,3.15625,3.21875,3.109375,3.1614583333333335,0.04480377743251368,3,3,3
dbcdee0,4,3.703125,3.625,3.671875,3.65625,3.6510416666666665,0.01948779888944761,4,4,4
5eac6d2,3,2.5625,2.484375,2.53125,2.46875,2.4947916666666665,0.02655739329996242,2,3,3
0e7a613,4,3.34375,3.34375,3.359375,3.34375,3.3489583333333335,0.00736569563735987,3,3,4
cbc7883,3,2.53125,2.375,2.390625,2.5625,2.4427083333333335,0.0849453459911463,2,3,3
82bb7d4,3,3.65625,3.71875,3.640625,3.65625,3.671875,0.03375385780420761,4,4,4
2154584,3,3.25,3.046875,3.046875,3.0625,3.0520833333333335,0.00736569563735987,3,3,3
76ee970,6,4.59375,4.5625,4.59375,4.53125,4.5625,0.02551551815399144,5,5,5
cd877de,4,2.984375,2.953125,2.96875,2.953125,2.9583333333333335,0.00736569563735987,3,3,3
1831d64,4,3.734375,3.640625,3.6875,3.65625,3.6614583333333335,0.01948779888944761,4,4,4
0fa3969,4,3.96875,3.875,3.921875,3.984375,3.9270833333333335,0.04480377743251368,4,4,4
17df6b8,4,3.8125,3.6875,3.8125,3.734375,3.7447916666666665,0.05155986946151909,4,4,4
fcd09f7,2,2.328125,2.28125,2.375,2.21875,2.2916666666666665,0.06421264586426018,2,2,2
d1cd1ee,3,3.0625,2.890625,2.78125,2.859375,2.84375,0.0459987545121242,3,3,3
15318de,2,1.4609375,1.4609375,1.4375,1.390625,1.4296875,0.029231698334171417,1,1,1
fbb6e0e,4,4.375,4.34375,4.34375,4.3125,4.333333333333333,0.01473139127471974,4,5,5
29ad56e,5,4.78125,4.6875,4.6875,4.71875,4.697916666666667,0.01473139127471974,5,5,5
9f477c5,4,4.21875,4.09375,4.09375,4.09375,4.09375,0.0,4,4,4
fe1f124,3,2.65625,2.609375,2.640625,2.734375,2.6614583333333335,0.05311478659992484,3,3,3
0a0f8b3,2,2.328125,2.171875,2.21875,2.15625,2.1822916666666665,0.02655739329996242,2,2,2
f970683,4,4.0625,4.0,4.03125,3.984375,4.005208333333333,0.01948779888944761,4,4,4
f305dac,6,5.15625,5.15625,4.96875,5.03125,5.052083333333333,0.07795119555779044,5,6,6
b18fefa,2,2.296875,2.21875,2.3125,2.296875,2.2760416666666665,0.04101045767714485,2,2,2
5fd5851,2,1.9765625,1.953125,1.9609375,1.9609375,1.9583333333333333,0.003682847818679935,2,2,2
7c8726a,2,2.53125,2.546875,2.546875,2.53125,2.5416666666666665,0.00736569563735987,3,3,3
07c589a,2,1.71875,1.75,1.75,1.7734375,1.7578125,0.011048543456039806,2,2,2
e47176c,4,4.0625,4.0,4.03125,4.0,4.010416666666667,0.01473139127471974,4,4,4
d96ddd6,3,2.234375,2.21875,2.1875,2.15625,2.1875,0.02551551815399144,2,2,2
bfff3fe,2,2.4375,2.4375,2.578125,2.546875,2.5208333333333335,0.06029081720203242,3,3,3
75e24a5,2,2.375,2.265625,2.296875,2.359375,2.3072916666666665,0.03897559777889522,2,2,2
e7aaaf1,5,3.3125,3.140625,3.25,3.21875,3.203125,0.0459987545121242,3,3,3
f6b3766,2,2.046875,2.09375,2.09375,2.046875,2.078125,0.02209708691207961,2,2,2
8bb5ea3,2,2.328125,2.078125,1.953125,2.0,2.0104166666666665,0.05155986946151909,2,2,2
4803882,1,1.2421875,1.0234375,1.1640625,1.0859375,1.0911458333333333,0.05752792196451698,1,1,1
e385ea5,2,2.359375,2.28125,2.234375,2.28125,2.265625,0.02209708691207961,2,2,2
9b3f766,5,4.03125,3.890625,3.875,3.859375,3.875,0.01275775907699572,4,4,4
1194992,3,3.265625,3.28125,3.265625,3.203125,3.25,0.03375385780420761,3,3,3
0fc32e0,4,3.671875,3.578125,3.640625,3.640625,3.6197916666666665,0.02946278254943948,4,4,4
9d81d73,1,1.4296875,1.4140625,1.4453125,1.328125,1.3958333333333333,0.049547649975105336,1,1,1
8fcaf46,4,3.0,2.953125,3.125,3.046875,3.0416666666666665,0.07026425814183354,3,3,3
d6a6b74,3,3.390625,3.4375,3.390625,3.421875,3.4166666666666665,0.01948779888944761,3,4,4
ee3ac2a,3,1.8515625,1.5546875,1.6796875,1.4296875,1.5546875,0.10206207261596575,2,1,2
e720e1c,3,2.40625,2.484375,2.390625,2.375,2.4166666666666665,0.04830009633070679,2,3,3
d7dbef8,3,2.890625,2.9375,2.953125,2.921875,2.9375,0.01275775907699572,3,3,3
a7d0a3d,4,3.265625,3.203125,3.140625,3.0625,3.1354166666666665,0.05752792196451699,3,3,3
a6d0dda,5,4.25,4.0,3.921875,3.890625,3.9375,0.0459987545121242,4,4,4
92ada7c,3,3.578125,3.609375,3.515625,3.53125,3.5520833333333335,0.04101045767714485,4,4,4
0dd6015,5,4.75,4.5625,4.5625,4.5625,4.5625,0.0,5,5,5
bcec00b,1,1.125,1.0625,1.046875,1.0703125,1.0598958333333333,0.009743899444723805,1,1,1
0ad4de2,3,3.078125,3.1875,3.1875,3.140625,3.171875,0.02209708691207961,3,3,3
170bb86,2,2.015625,1.9765625,1.9765625,2.015625,1.9895833333333333,0.018414239093399676,2,2,2
42be951,3,2.796875,2.78125,2.6875,2.71875,2.7291666666666665,0.03897559777889522,3,3,3
95ffc61,3,3.109375,2.96875,2.953125,2.90625,2.9427083333333335,0.02655739329996242,3,3,3
0ea9cf8,3,2.84375,2.78125,2.734375,2.84375,2.7864583333333335,0.04480377743251368,3,3,3
d055690,4,3.375,3.34375,3.40625,3.4375,3.3958333333333335,0.03897559777889522,3,4,4
e45e3ee,4,4.4375,4.25,4.25,4.28125,4.260416666666667,0.01473139127471974,4,4,4
8951f27,3,3.890625,3.828125,3.859375,3.859375,3.8489583333333335,0.01473139127471974,4,4,4
97c3868,2,1.8515625,1.8984375,1.8046875,1.7890625,1.8307291666666667,0.04830009633070679,2,2,2
c34313f,2,2.921875,2.890625,2.84375,2.890625,2.875,0.02209708691207961,3,3,3
87a30e1,4,3.703125,3.609375,3.671875,3.625,3.6354166666666665,0.02655739329996242,4,4,4
a186185,3,4.03125,3.9375,3.90625,3.890625,3.9114583333333335,0.01948779888944761,4,4,4
8409a9d,1,1.328125,1.265625,1.28125,1.234375,1.2604166666666667,0.01948779888944761,1,1,1
fc4e0e3,3,2.78125,2.859375,2.78125,2.734375,2.7916666666666665,0.051559869461519095,3,3,3
dd0877c,3,2.421875,2.46875,2.515625,2.390625,2.4583333333333335,0.051559869461519095,2,3,3
32bf2eb,3,2.703125,2.578125,2.65625,2.5625,2.5989583333333335,0.04101045767714485,3,3,3
8b627c2,3,4.3125,4.0,4.125,4.15625,4.09375,0.06750771560841522,4,4,4
77387d5,3,2.484375,2.546875,2.640625,2.4375,2.5416666666666665,0.08300717422140222,3,3,3
b9a5928,4,4.4375,4.125,4.28125,4.1875,4.197916666666667,0.06421264586426018,4,4,4
aa4d178,4,4.3125,4.21875,4.25,4.3125,4.260416666666667,0.03897559777889522,4,4,4
b99ba91,3,2.890625,2.921875,2.875,2.859375,2.8854166666666665,0.02655739329996242,3,3,3
524ed9f,4,3.75,3.671875,3.734375,3.734375,3.7135416666666665,0.02946278254943948,4,4,4
ccfc7b5,3,3.34375,3.3125,3.28125,3.28125,3.2916666666666665,0.01473139127471974,3,3,3
1872cf4,3,2.625,2.59375,2.53125,2.546875,2.5572916666666665,0.02655739329996242,3,3,3
482815c,2,2.546875,2.484375,2.46875,2.53125,2.4947916666666665,0.02655739329996242,2,3,3
2163377,3,2.53125,2.4375,2.46875,2.5,2.46875,0.02551551815399144,2,3,3
ace9d62,2,1.09375,1.1171875,1.0625,1.0859375,1.0885416666666667,0.02240188871625684,1,1,1
b2def99,3,3.71875,3.734375,3.65625,3.671875,3.6875,0.03375385780420761,4,4,4
f0203e5,4,4.6875,4.5,4.40625,4.46875,4.458333333333333,0.03897559777889522,4,5,5
bae2934,2,2.9375,2.828125,2.84375,2.859375,2.84375,0.01275775907699572,3,3,3
56d6e03,4,2.421875,1.8828125,2.015625,1.875,1.9244791666666667,0.06452870673627013,2,2,2
fc2b46e,5,3.625,3.640625,3.578125,3.578125,3.5989583333333335,0.02946278254943948,4,4,4
e2925cb,3,2.53125,2.484375,2.515625,2.46875,2.4895833333333335,0.01948779888944761,2,3,3
e164ec6,3,2.8125,2.875,2.84375,2.71875,2.8125,0.06750771560841522,3,3,3
c8c318d,2,2.015625,2.015625,1.9140625,1.8984375,1.9427083333333333,0.051952961831406255,2,2,2
15f01fe,3,2.921875,3.03125,2.859375,2.921875,2.9375,0.071032196338468,3,3,3
7ada6b1,4,4.09375,3.953125,3.875,3.953125,3.9270833333333335,0.03682847818679935,4,4,4
a2b772a,3,2.921875,2.890625,2.828125,2.890625,2.8697916666666665,0.02946278254943948,3,3,3
42620ae,3,2.6875,2.625,2.640625,2.59375,2.6197916666666665,0.01948779888944761,3,3,3
e45168f,2,2.0,2.140625,2.03125,2.0625,2.078125,0.0459987545121242,2,2,2
bfdc429,3,3.125,3.171875,3.1875,3.1875,3.1822916666666665,0.00736569563735987,3,3,3
d8a95e6,2,1.8359375,1.8203125,1.8515625,1.8125,1.828125,0.016876928902103804,2,2,2
74053ff,3,2.828125,2.671875,2.59375,2.90625,2.7239583333333335,0.1327869664998121,3,3,3
07d2045,1,1.6953125,1.6328125,1.5703125,1.6484375,1.6171875,0.03375385780420761,2,2,2
c76ecf7,2,2.625,2.578125,2.59375,2.703125,2.625,0.05560978256266308,3,3,3
ba98667,5,4.46875,4.5,4.40625,4.375,4.427083333333333,0.05311478659992484,4,5,5
774ced1,1,1.0703125,0.9921875,1.0703125,1.015625,1.0260416666666667,0.03273386742181389,1,1,1
b466d9a,4,3.984375,3.984375,3.90625,3.96875,3.953125,0.03375385780420761,4,4,4
e95a2a6,4,4.0,3.953125,3.9375,4.0625,3.984375,0.05560978256266308,4,4,4
d2cd3fb,2,2.5625,2.578125,2.609375,2.5625,2.5833333333333335,0.01948779888944761,3,3,3
ab7f92e,4,3.96875,4.03125,4.03125,4.03125,4.03125,0.0,4,4,4
42c8dba,4,3.40625,3.359375,3.4375,3.421875,3.40625,0.03375385780420761,3,4,4
f9f5aea,5,3.921875,3.8125,3.8125,3.890625,3.8385416666666665,0.03682847818679935,4,4,4
292fbde,3,3.265625,3.234375,3.140625,3.21875,3.1979166666666665,0.04101045767714485,3,3,3
562b33a,3,3.484375,3.421875,3.421875,3.484375,3.4427083333333335,0.02946278254943948,3,4,4
012c9be,2,1.6640625,1.5859375,1.625,1.625,1.6119791666666667,0.018414239093399676,2,2,2
6353224,3,3.5625,3.53125,3.59375,3.421875,3.515625,0.071032196338468,4,4,4
45dcd48,3,3.21875,3.109375,3.140625,3.21875,3.15625,0.0459987545121242,3,3,3
fc4f014,2,2.734375,2.8125,2.765625,2.71875,2.765625,0.038273277230987154,3,3,3
fe271f4,2,2.015625,1.875,1.9921875,1.9375,1.9348958333333333,0.04787702164283915,2,2,2
5dc2e40,3,3.375,3.328125,3.3125,3.40625,3.3489583333333335,0.04101045767714485,3,3,4
cf36e7d,3,2.140625,2.15625,2.03125,2.015625,2.0677083333333335,0.06293253111247173,2,2,2
23da144,4,3.625,3.578125,3.546875,3.640625,3.5885416666666665,0.03897559777889522,4,4,4
aa29a15,2,2.140625,2.125,2.203125,2.09375,2.140625,0.0459987545121242,2,2,2
1f7c690,2,2.28125,2.21875,2.203125,2.171875,2.1979166666666665,0.01948779888944761,2,2,2
8b81a7a,4,3.96875,3.828125,3.828125,3.90625,3.8541666666666665,0.03682847818679935,4,4,4
a255d2f,3,3.203125,3.203125,3.109375,3.21875,3.1770833333333335,0.04830009633070679,3,3,3
3ff53d1,5,4.75,4.6875,4.71875,4.65625,4.6875,0.02551551815399144,5,5,5
3cb6145,2,1.5546875,1.546875,1.6484375,1.4609375,1.5520833333333333,0.07663509879980292,2,1,2
92b03b2,3,2.6875,2.765625,2.84375,2.734375,2.78125,0.0459987545121242,3,3,3
b45560e,2,1.9921875,1.9296875,1.84375,1.7421875,1.8385416666666667,0.07663509879980292,2,2,2
d337d53,3,2.921875,2.828125,2.796875,2.75,2.7916666666666665,0.03210632293213009,3,3,3
505023c,4,3.96875,3.890625,3.90625,3.96875,3.921875,0.03375385780420761,4,4,4
f66e6b9,2,1.703125,1.7421875,1.7421875,1.7109375,1.7317708333333333,0.01473139127471974,2,2,2
0d5a937,4,3.171875,3.171875,3.15625,3.109375,3.1458333333333335,0.02655739329996242,3,3,3
a7bbe08,3,2.203125,2.125,2.140625,2.125,2.1302083333333335,0.00736569563735987,2,2,2
3d52352,2,3.015625,2.953125,2.9375,2.984375,2.9583333333333335,0.01948779888944761,3,3,3
377abd0,2,2.125,2.25,2.046875,2.109375,2.1354166666666665,0.0849453459911463,2,2,2
31e4327,1,2.859375,2.75,2.8125,2.75,2.7708333333333335,0.02946278254943948,3,3,3
7029c66,3,2.90625,2.71875,2.8125,2.75,2.7604166666666665,0.03897559777889522,3,3,3
d18a202,2,2.296875,2.265625,2.125,2.234375,2.2083333333333335,0.06029081720203242,2,2,2
49373d9,3,4.25,4.09375,4.125,3.984375,4.067708333333333,0.06029081720203243,4,4,4
655b46c,2,2.109375,2.15625,2.140625,2.171875,2.15625,0.01275775907699572,2,2,2
9401d26,1,1.3046875,1.1953125,1.3203125,1.140625,1.21875,0.07520588061559194,1,1,1
7a68d8c,3,3.34375,3.328125,3.34375,3.375,3.3489583333333335,0.01948779888944761,3,3,4
52032c1,2,3.046875,3.078125,3.015625,3.078125,3.0572916666666665,0.02946278254943948,3,3,3
46d02cd,3,2.28125,2.296875,2.28125,2.28125,2.2864583333333335,0.00736569563735987,2,2,2
c4123b1,3,3.390625,3.40625,3.4375,3.40625,3.4166666666666665,0.01473139127471974,3,4,4
eab9ae4,2,2.765625,2.6875,2.671875,2.890625,2.75,0.09964128369640099,3,3,3
784ce74,2,1.640625,1.5546875,1.5546875,1.578125,1.5625,0.011048543456039806,2,1,2
7414383,2,2.03125,2.078125,2.0625,2.03125,2.0572916666666665,0.01948779888944761,2,2,2
5bca2c3,2,1.9921875,1.640625,1.6640625,1.625,1.6432291666666667,0.016053161466065044,2,2,2
94277e6,4,3.796875,3.6875,3.6875,3.734375,3.703125,0.02209708691207961,4,4,4
c17b21d,4,3.703125,3.71875,3.65625,3.65625,3.6770833333333335,0.02946278254943948,4,4,4
f4b3647,4,2.53125,2.40625,2.484375,2.375,2.421875,0.0459987545121242,2,3,3
1cb73aa,2,2.1875,2.0625,2.125,2.03125,2.0729166666666665,0.03897559777889522,2,2,2
28f67c4,2,2.046875,2.015625,1.9375,1.9140625,1.9557291666666667,0.04342013541805486,2,2,2
24b83b4,2,2.234375,2.171875,2.28125,2.265625,2.2395833333333335,0.04830009633070679,2,2,2
8817985,3,2.953125,2.921875,3.015625,2.96875,2.96875,0.038273277230987154,3,3,3
2841bdd,4,2.734375,2.609375,2.625,2.609375,2.6145833333333335,0.00736569563735987,3,3,3
b0d125f,5,4.90625,4.71875,4.75,4.75,4.739583333333333,0.01473139127471974,5,5,5
7148ecb,4,3.078125,2.515625,2.4375,2.34375,2.4322916666666665,0.07026425814183354,2,3,3
8cbf347,3,2.6875,2.8125,2.75,2.765625,2.7760416666666665,0.02655739329996242,3,3,3
bbe93c1,4,4.5625,4.34375,4.34375,4.375,4.354166666666667,0.01473139127471974,4,5,5
7a5d972,3,3.84375,3.75,3.828125,3.8125,3.796875,0.03375385780420761,4,4,4
76cac0c,2,1.78125,1.75,1.7265625,1.6640625,1.7135416666666667,0.03627184447183364,2,2,2
21c68d7,3,2.890625,2.828125,2.953125,2.828125,2.8697916666666665,0.05892556509887896,3,3,3
b37d189,3,3.453125,3.296875,3.34375,3.25,3.296875,0.038273277230987154,3,3,3
f12e0ea,2,2.59375,2.5625,2.546875,2.546875,2.5520833333333335,0.00736569563735987,3,3,3
a365054,1,1.890625,1.8125,1.8671875,1.78125,1.8203125,0.035516098169234,2,2,2
5be652c,3,3.140625,3.203125,3.171875,3.1875,3.1875,0.01275775907699572,3,3,3
48a4007,3,2.0625,2.078125,2.125,2.125,2.109375,0.02209708691207961,2,2,2
870ba66,4,3.859375,3.8125,3.859375,3.875,3.8489583333333335,0.02655739329996242,4,4,4
8810463,3,3.078125,3.140625,3.0,3.09375,3.078125,0.05846339666834283,3,3,3
df45093,1,1.5703125,1.4375,1.4140625,1.4453125,1.4322916666666667,0.01327869664998121,1,1,1
afb25f6,4,2.0,1.890625,1.9140625,1.859375,1.8880208333333333,0.02240188871625684,2,2,2
d0f0e91,4,4.40625,4.375,4.3125,4.34375,4.34375,0.02551551815399144,4,5,5
6f6a884,2,2.296875,2.359375,2.390625,2.328125,2.359375,0.02551551815399144,2,2,3
a74e979,3,3.234375,3.09375,3.15625,3.09375,3.1145833333333335,0.02946278254943948,3,3,3
c078616,3,3.75,3.765625,3.84375,3.796875,3.8020833333333335,0.03210632293213009,4,4,4
1a7f061,3,2.578125,2.671875,2.640625,2.65625,2.65625,0.01275775907699572,3,3,3
27226f8,4,4.25,4.25,4.15625,4.21875,4.208333333333333,0.03897559777889522,4,4,4
72a709d,3,3.125,3.0625,3.046875,3.109375,3.0729166666666665,0.02655739329996242,3,3,3
ce03364,3,2.59375,2.46875,2.640625,2.515625,2.5416666666666665,0.07254368894366728,3,3,3
81a7447,4,3.078125,3.0625,3.046875,2.953125,3.0208333333333335,0.04830009633070679,3,3,3
aef7d8a,3,2.9375,2.953125,2.96875,2.953125,2.9583333333333335,0.00736569563735987,3,3,3
0ac3c47,2,1.625,1.5625,1.5078125,1.703125,1.5911458333333333,0.08226858853610058,2,1,2
e61f2d3,3,3.234375,3.265625,3.265625,3.328125,3.2864583333333335,0.02946278254943948,3,3,3
bfaf295,6,5.25,5.125,5.09375,5.15625,5.125,0.02551551815399144,5,6,6
ba91a3f,2,3.3125,3.28125,3.265625,3.28125,3.2760416666666665,0.00736569563735987,3,3,3
048b9b6,4,3.765625,3.59375,3.578125,3.59375,3.5885416666666665,0.00736569563735987,4,4,4
234b700,2,2.71875,2.671875,2.703125,2.6875,2.6875,0.01275775907699572,3,3,3
4e22166,3,1.5234375,1.5,1.4609375,1.453125,1.4713541666666667,0.020505228838572424,1,1,1
0b2bfc4,4,2.90625,2.828125,2.78125,2.765625,2.7916666666666665,0.02655739329996242,3,3,3
3a93842,2,1.984375,2.109375,1.984375,2.046875,2.046875,0.05103103630798288,2,2,2
4e61e01,4,3.609375,3.375,3.390625,3.28125,3.3489583333333335,0.04830009633070679,3,3,4
8e88719,4,3.21875,3.125,3.109375,3.09375,3.109375,0.01275775907699572,3,3,3
d574f90,1,1.2734375,1.265625,1.234375,1.2734375,1.2578125,0.016876928902103804,1,1,1
7c823ed,2,1.984375,1.859375,1.8984375,1.875,1.8776041666666667,0.016053161466065044,2,2,2
28229c3,4,2.953125,3.0,3.03125,2.984375,3.0052083333333335,0.01948779888944761,3,3,3
a1d6398,4,3.921875,3.859375,3.75,3.75,3.7864583333333335,0.051559869461519095,4,4,4
64c15af,3,2.8125,2.9375,3.0,2.796875,2.9114583333333335,0.0849453459911463,3,3,3
eb64cf8,4,3.4375,3.515625,3.484375,3.453125,3.484375,0.02551551815399144,3,4,4
8530412,2,1.84375,1.6640625,1.78125,1.7265625,1.7239583333333333,0.04787702164283915,2,2,2
555a58e,3,3.359375,3.359375,3.3125,3.421875,3.3645833333333335,0.04480377743251368,3,4,4
ff08981,3,3.4375,3.3125,3.28125,3.359375,3.3177083333333335,0.03210632293213009,3,3,3
95a9091,4,3.421875,3.25,3.234375,3.265625,3.25,0.01275775907699572,3,3,3
c6833df,4,3.3125,3.109375,3.109375,3.09375,3.1041666666666665,0.00736569563735987,3,3,3
a2b476e,3,2.015625,2.046875,2.046875,2.03125,2.0416666666666665,0.00736569563735987,2,2,2
9e5ccc7,3,3.921875,3.8125,3.84375,3.859375,3.8385416666666665,0.01948779888944761,4,4,4
d59e167,4,4.625,4.46875,4.46875,4.40625,4.447916666666667,0.02946278254943948,4,5,5
cd27691,1,1.609375,1.65625,1.6171875,1.5234375,1.5989583333333333,0.055731600414147646,2,2,2
0dbc16f,2,2.796875,2.828125,2.765625,2.8125,2.8020833333333335,0.02655739329996242,3,3,3
d106dee,1,0.93359375,0.85546875,0.921875,0.88671875,0.8880208333333334,0.027125868041666223,1,1,1
a935812,2,1.7421875,1.671875,1.671875,1.6875,1.6770833333333333,0.00736569563735987,2,2,2
d4216d3,3,1.9609375,1.7265625,1.7265625,1.765625,1.7395833333333333,0.018414239093399676,2,2,2
257a6a6,4,4.1875,4.0625,4.125,4.09375,4.09375,0.02551551815399144,4,4,4
fbf6eb8,5,4.53125,4.4375,4.5,4.5,4.479166666666667,0.02946278254943948,4,5,5
425d8c4,5,4.6875,4.40625,4.40625,4.40625,4.40625,0.0,4,5,5
4474e71,1,1.40625,1.375,1.3125,1.296875,1.328125,0.03375385780420761,1,1,1
6d62876,2,1.8359375,1.6796875,1.8984375,1.78125,1.7864583333333333,0.08938022032151309,2,2,2
98a7e68,2,1.859375,1.7421875,1.8671875,1.796875,1.8020833333333333,0.051163757042678386,2,2,2
2c6fc89,3,1.7109375,1.5390625,1.4296875,1.5234375,1.4973958333333333,0.04830009633070679,1,1,2
bf5caa3,2,2.6875,2.625,2.640625,2.609375,2.625,0.01275775907699572,3,3,3
d500a61,3,3.125,2.984375,3.09375,3.03125,3.0364583333333335,0.04480377743251368,3,3,3
2b1c1bf,5,4.4375,4.3125,4.375,4.25,4.3125,0.05103103630798288,4,4,5
6347fe0,3,2.375,2.421875,2.390625,2.5,2.4375,0.0459987545121242,2,3,3
0b2c063,2,1.515625,1.390625,1.3125,1.3671875,1.3567708333333333,0.03273386742181389,1,1,1
1c23f06,3,3.109375,3.046875,3.046875,3.0625,3.0520833333333335,0.00736569563735987,3,3,3
5e65a8b,4,3.53125,3.40625,3.578125,3.390625,3.4583333333333335,0.0849453459911463,3,4,4
3c6bfec,4,4.1875,4.125,4.125,4.09375,4.114583333333333,0.01473139127471974,4,4,4
3c41d0b,4,3.75,3.671875,3.734375,3.703125,3.703125,0.02551551815399144,4,4,4
fdfce42,2,2.3125,2.4375,2.3125,2.25,2.3333333333333335,0.07795119555779044,2,2,2
822db5c,3,2.84375,2.84375,2.734375,2.859375,2.8125,0.05560978256266308,3,3,3
7a7fea1,3,1.875,1.59375,1.6796875,1.546875,1.6067708333333333,0.05499664604672624,2,2,2
9b0c3dd,4,4.15625,4.125,4.09375,4.09375,4.104166666666667,0.01473139127471974,4,4,4
0ed48ed,2,1.984375,1.9375,2.0,1.9296875,1.9557291666666667,0.03146626555623586,2,2,2
34322b6,2,2.3125,2.359375,2.3125,2.3125,2.328125,0.02209708691207961,2,2,2
7b6f235,2,1.7265625,1.6484375,1.75,1.5859375,1.6614583333333333,0.06760809888409984,2,2,2
df4d267,3,2.34375,2.265625,2.296875,2.265625,2.2760416666666665,0.01473139127471974,2,2,2
4cf4eb1,1,1.1640625,1.1015625,1.046875,1.0859375,1.078125,0.0229993772560621,1,1,1
2a21d68,3,2.765625,2.640625,2.703125,2.765625,2.703125,0.05103103630798288,3,3,3
fb3a214,3,2.5625,2.609375,2.53125,2.46875,2.5364583333333335,0.05752792196451699,3,3,3
92d5951,3,2.078125,1.8125,1.6484375,1.7578125,1.7395833333333333,0.06820729611306664,2,2,2
58556f1,2,2.515625,2.40625,2.453125,2.46875,2.4427083333333335,0.02655739329996242,2,3,3
585210c,3,3.15625,3.078125,3.03125,3.15625,3.0885416666666665,0.051559869461519095,3,3,3
ae6d012,5,4.5625,4.6875,4.71875,4.71875,4.708333333333333,0.01473139127471974,5,5,5
b5fd748,2,2.0,1.9140625,1.9765625,1.9140625,1.9348958333333333,0.02946278254943948,2,2,2
018985d,3,3.1875,3.171875,3.09375,3.140625,3.1354166666666665,0.03210632293213009,3,3,3
3352d89,3,2.90625,2.828125,2.875,2.78125,2.828125,0.038273277230987154,3,3,3
b92da64,3,2.390625,2.453125,2.46875,2.4375,2.453125,0.01275775907699572,2,3,3
2feab62,2,1.8203125,1.7734375,1.75,1.8203125,1.78125,0.029231698334171417,2,2,2
54f33a8,4,3.484375,3.46875,3.359375,3.3125,3.3802083333333335,0.06546773484362778,3,4,4
db0a0c0,4,3.453125,3.421875,3.484375,3.390625,3.4322916666666665,0.03897559777889522,3,4,4
9935f47,2,3.09375,3.0625,3.078125,2.96875,3.0364583333333335,0.04830009633070679,3,3,3
091a8ca,3,2.984375,2.90625,2.96875,3.0,2.9583333333333335,0.03897559777889522,3,3,3
db098d3,2,2.359375,2.296875,2.140625,2.3125,2.25,0.07760241888412156,2,2,2
dd94db1,2,2.640625,2.578125,2.640625,2.546875,2.5885416666666665,0.03897559777889522,3,3,3
b4efe32,1,1.515625,1.53125,1.4609375,1.53125,1.5078125,0.03314563036811941,2,1,2
8484a26,3,2.65625,2.6875,2.546875,2.578125,2.6041666666666665,0.06029081720203242,3,3,3
88165e1,3,2.5625,2.609375,2.53125,2.609375,2.5833333333333335,0.03682847818679935,3,3,3
7917200,2,2.40625,2.296875,2.359375,2.375,2.34375,0.03375385780420761,2,2,3
a109d2e,3,2.203125,2.265625,2.21875,2.171875,2.21875,0.038273277230987154,2,2,2
ba1c6b5,3,2.984375,2.984375,3.046875,2.96875,3.0,0.03375385780420761,3,3,3
939a1a1,3,3.171875,3.078125,3.0625,3.0625,3.0677083333333335,0.00736569563735987,3,3,3
9438deb,4,3.515625,3.5625,3.4375,3.40625,3.46875,0.06750771560841522,3,4,4
b94370c,4,3.78125,3.625,3.671875,3.6875,3.6614583333333335,0.02655739329996242,4,4,4
2f73d77,2,1.78125,1.71875,1.6171875,1.625,1.6536458333333333,0.04614595090278476,2,2,2
5ef992a,3,3.15625,3.078125,3.0625,2.96875,3.0364583333333335,0.04830009633070679,3,3,3
b0a26a8,1,1.484375,1.25,1.25,1.375,1.2916666666666667,0.05892556509887896,1,1,1
6f9ae05,3,3.34375,3.34375,3.34375,3.375,3.3541666666666665,0.01473139127471974,3,3,4
d405755,3,2.625,2.640625,2.6875,2.640625,2.65625,0.02209708691207961,3,3,3
67e1c77,1,1.375,1.3046875,1.359375,1.3046875,1.3229166666666667,0.025779934730759548,1,1,1
b8b179c,3,3.296875,3.3125,3.15625,3.15625,3.2083333333333335,0.07365695637359869,3,3,3
e2d3405,2,2.109375,2.171875,2.140625,2.203125,2.171875,0.02551551815399144,2,2,2
4c93ae4,3,3.3125,3.25,3.40625,3.359375,3.3385416666666665,0.06546773484362778,3,3,3
b7b0f05,4,3.78125,3.640625,3.734375,3.71875,3.6979166666666665,0.04101045767714485,4,4,4
38ddc8d,2,2.171875,2.171875,2.1875,2.234375,2.1979166666666665,0.02655739329996242,2,2,2
f3a258b,2,2.046875,1.828125,1.921875,1.921875,1.890625,0.04419417382415922,2,2,2
32c521d,1,1.421875,1.296875,1.296875,1.34375,1.3125,0.02209708691207961,1,1,1
ecf6f9b,2,2.09375,2.109375,1.9609375,1.96875,2.0130208333333335,0.06820729611306664,2,2,2
9525f77,2,1.90625,1.828125,1.859375,1.75,1.8125,0.0459987545121242,2,2,2
3c24bb0,3,4.15625,4.125,4.0625,4.0625,4.083333333333333,0.02946278254943948,4,4,4
62502f1,3,2.53125,2.46875,2.4375,2.453125,2.453125,0.01275775907699572,2,3,3
b2c274d,3,3.03125,3.0,2.921875,3.0,2.9739583333333335,0.03682847818679935,3,3,3
d6fda7b,3,2.8125,2.84375,2.859375,2.953125,2.8854166666666665,0.04830009633070679,3,3,3
ad20e23,2,2.421875,2.53125,2.421875,2.453125,2.46875,0.0459987545121242,2,3,3
076539f,1,1.046875,0.95703125,0.9453125,0.984375,0.9622395833333334,0.016366933710906945,1,1,1
85a7ee8,3,2.890625,2.890625,2.84375,2.78125,2.8385416666666665,0.04480377743251368,3,3,3
511a456,4,3.8125,3.71875,3.78125,3.71875,3.7395833333333335,0.02946278254943948,4,4,4
ec982ea,4,3.265625,3.28125,3.34375,3.25,3.2916666666666665,0.03897559777889522,3,3,3
b166bcb,2,2.09375,2.09375,2.140625,2.1875,2.140625,0.038273277230987154,2,2,2
77b5b31,2,2.046875,2.03125,2.015625,2.03125,2.0260416666666665,0.00736569563735987,2,2,2
3a27911,3,2.28125,2.28125,2.28125,2.234375,2.265625,0.02209708691207961,2,2,2
5d52409,4,3.734375,3.703125,3.671875,3.796875,3.7239583333333335,0.05311478659992484,4,4,4
7f1c9a0,3,2.78125,2.734375,2.890625,2.890625,2.8385416666666665,0.07365695637359869,3,3,3
c7b6811,3,2.734375,2.734375,2.734375,2.703125,2.7239583333333335,0.01473139127471974,3,3,3
60239fe,3,3.453125,3.453125,3.46875,3.390625,3.4375,0.03375385780420761,3,4,4
8ad6d36,2,1.5234375,1.4296875,1.375,1.328125,1.3776041666666667,0.04150358711070111,1,1,1
9290b8a,2,2.265625,2.21875,2.140625,2.21875,2.1927083333333335,0.03682847818679935,2,2,2
98a5094,3,2.828125,2.734375,2.796875,2.78125,2.7708333333333335,0.02655739329996242,3,3,3
60225ae,2,1.6796875,1.6328125,1.6640625,1.625,1.640625,0.016876928902103804,2,2,2
a85b3a1,5,3.75,3.671875,3.6875,3.625,3.6614583333333335,0.02655739329996242,4,4,4
6eebae5,3,2.625,2.65625,2.65625,2.6875,2.6666666666666665,0.01473139127471974,3,3,3
b5d8339,3,2.96875,2.984375,3.015625,2.90625,2.96875,0.0459987545121242,3,3,3
3f03e94,4,3.46875,3.234375,3.296875,3.234375,3.2552083333333335,0.02946278254943948,3,3,3
06a0e57,3,3.140625,3.09375,3.03125,3.03125,3.0520833333333335,0.02946278254943948,3,3,3
8a53680,3,2.859375,2.71875,2.6875,2.71875,2.7083333333333335,0.01473139127471974,3,3,3
ab0ab21,1,1.296875,1.2265625,1.2734375,1.2265625,1.2421875,0.02209708691207961,1,1,1
1d4afd8,3,3.53125,3.546875,3.5,3.546875,3.53125,0.02209708691207961,4,4,4
92f1eda,3,2.0625,2.078125,2.0,2.078125,2.0520833333333335,0.03682847818679935,2,2,2
131b07d,4,3.890625,3.78125,3.75,3.796875,3.7760416666666665,0.01948779888944761,4,4,4
19234b3,2,1.46875,1.5234375,1.40625,1.328125,1.4192708333333333,0.0802658073303252,1,1,1
3aa2365,3,2.546875,2.390625,2.375,2.421875,2.3958333333333335,0.01948779888944761,2,3,3
fd168b4,3,2.390625,2.421875,2.46875,2.4375,2.4427083333333335,0.01948779888944761,2,3,3
8b6750d,4,3.390625,3.390625,3.328125,3.34375,3.3541666666666665,0.02655739329996242,3,3,4
8ffb556,3,3.78125,3.671875,3.6875,3.6875,3.6822916666666665,0.00736569563735987,4,4,4
28669a4,4,3.78125,3.65625,3.65625,3.609375,3.640625,0.02209708691207961,4,4,4
8812078,1,0.90234375,0.98828125,0.90625,0.87890625,0.9244791666666666,0.046475438274934236,1,1,1
fceec9d,2,1.671875,1.59375,1.53125,1.6484375,1.5911458333333333,0.04787702164283915,2,1,2
5ef684b,2,2.46875,2.546875,2.5,2.53125,2.5260416666666665,0.01948779888944761,3,3,3
7383738,3,3.109375,3.109375,3.140625,3.109375,3.1197916666666665,0.01473139127471974,3,3,3
1787e2c,3,2.703125,2.6875,2.671875,2.65625,2.671875,0.01275775907699572,3,3,3
625bf78,4,4.28125,4.125,4.03125,4.125,4.09375,0.04419417382415922,4,4,4
d59e18f,2,2.5,2.5,2.578125,2.40625,2.4947916666666665,0.07026425814183354,2,3,3
4e4164d,3,2.359375,2.390625,2.34375,2.359375,2.3645833333333335,0.01948779888944761,2,2,3
60b50a1,1,0.68359375,0.65234375,0.625,0.640625,0.6393229166666666,0.01120094435812842,1,1,1
d71b7f8,3,3.8125,3.90625,3.84375,3.796875,3.8489583333333335,0.04480377743251368,4,4,4
b38eebb,3,2.71875,2.6875,2.703125,2.765625,2.71875,0.03375385780420761,3,3,3
3c6aa10,2,1.7734375,1.6640625,1.6953125,1.671875,1.6770833333333333,0.01327869664998121,2,2,2
0cd80da,3,2.59375,2.421875,2.421875,2.578125,2.4739583333333335,0.07365695637359869,2,3,3
ad6dc88,3,2.890625,2.875,2.828125,2.90625,2.8697916666666665,0.03210632293213009,3,3,3
e727a4f,3,4.03125,3.9375,3.90625,3.875,3.90625,0.02551551815399144,4,4,4
5c752fb,1,1.359375,1.3984375,1.3046875,1.3125,1.3385416666666667,0.04247267299557315,1,1,1
faf7bad,4,3.734375,3.609375,3.59375,3.671875,3.625,0.03375385780420761,4,4,4
688168b,3,3.828125,3.78125,3.828125,3.734375,3.78125,0.038273277230987154,4,4,4
c58e91b,5,4.5,4.375,4.5,4.46875,4.447916666666667,0.05311478659992484,4,5,5
7deac98,2,0.91015625,0.82421875,0.828125,0.87890625,0.84375,0.024910320924100247,1,1,1
7d7d712,3,2.71875,2.703125,2.703125,2.828125,2.7447916666666665,0.05892556509887896,3,3,3
9aaed08,1,1.375,1.2890625,1.2890625,1.3125,1.296875,0.011048543456039806,1,1,1
4fa7db7,3,3.609375,3.40625,3.5,3.515625,3.4739583333333335,0.04830009633070679,3,4,4
cc35b2f,4,3.421875,3.28125,3.265625,3.25,3.265625,0.01275775907699572,3,3,3
72aaa3b,2,2.421875,2.40625,2.484375,2.484375,2.4583333333333335,0.03682847818679935,2,3,3
8865423,4,4.21875,4.21875,4.09375,4.15625,4.15625,0.05103103630798288,4,4,4
71264f4,3,3.53125,3.375,3.421875,3.421875,3.40625,0.02209708691207961,3,4,4
940251b,2,1.9375,1.5625,1.6640625,1.6953125,1.640625,0.05669672150280532,2,2,2
9602649,5,3.640625,3.59375,3.546875,3.640625,3.59375,0.038273277230987154,4,4,4
fed2229,2,1.84375,1.828125,1.828125,1.8125,1.8229166666666667,0.00736569563735987,2,2,2
feb2f46,3,2.15625,2.09375,2.046875,2.140625,2.09375,0.038273277230987154,2,2,2
fd49ecb,3,3.03125,3.015625,3.09375,3.03125,3.046875,0.03375385780420761,3,3,3
54a3fb9,3,2.546875,2.640625,2.5625,2.546875,2.5833333333333335,0.04101045767714485,3,3,3
c4b052b,2,1.9296875,2.03125,1.9921875,1.9609375,1.9947916666666667,0.028763960982258495,2,2,2
98dc208,1,1.7734375,1.5859375,1.640625,1.7265625,1.6510416666666667,0.057880496799200175,2,2,2
44d5b69,4,3.359375,3.109375,3.28125,3.125,3.171875,0.07760241888412156,3,3,3
cb35509,2,2.78125,2.71875,2.6875,2.703125,2.703125,0.01275775907699572,3,3,3
4b78e63,3,2.28125,2.078125,2.03125,2.15625,2.0885416666666665,0.051559869461519095,2,2,2
7434a26,4,3.546875,3.578125,3.609375,3.53125,3.5729166666666665,0.03210632293213009,4,4,4
84ce1a3,5,4.59375,4.4375,4.375,4.375,4.395833333333333,0.02946278254943948,4,5,5
0aa9cee,3,2.734375,2.859375,2.859375,2.8125,2.84375,0.02209708691207961,3,3,3
e1d9f00,2,1.9140625,1.921875,1.8828125,1.8828125,1.8958333333333333,0.018414239093399676,2,2,2
d2db94e,2,0.734375,0.6640625,0.62890625,0.65234375,0.6484375,0.014615849167085708,1,1,1
c55d6dc,3,2.765625,2.59375,2.65625,2.609375,2.6197916666666665,0.02655739329996242,3,3,3
5959a28,3,2.921875,3.078125,2.984375,3.0625,3.0416666666666665,0.04101045767714485,3,3,3
b68e064,3,3.109375,3.03125,3.015625,3.015625,3.0208333333333335,0.00736569563735987,3,3,3
2557bb9,3,3.0625,3.0625,3.046875,3.078125,3.0625,0.01275775907699572,3,3,3
b48f3de,4,3.21875,3.21875,3.1875,3.25,3.21875,0.02551551815399144,3,3,3
b15e5d1,4,2.9375,2.953125,2.953125,3.015625,2.9739583333333335,0.02946278254943948,3,3,3
78f48e0,3,3.4375,3.265625,3.296875,3.328125,3.296875,0.02551551815399144,3,3,3
04fcfb0,4,3.609375,3.546875,3.5625,3.546875,3.5520833333333335,0.00736569563735987,4,4,4
bff9681,5,5.15625,4.96875,5.0625,5.03125,5.020833333333333,0.03897559777889522,5,6,6
47d14b5,3,2.640625,2.796875,2.75,2.671875,2.7395833333333335,0.051559869461519095,3,3,3
d9429ff,2,2.28125,2.0,2.0,2.09375,2.03125,0.04419417382415922,2,2,2
77cffe7,3,2.328125,2.375,2.328125,2.40625,2.3697916666666665,0.03210632293213009,2,2,3
8dd6188,2,2.078125,2.109375,2.0625,2.015625,2.0625,0.038273277230987154,2,2,2
470a853,4,3.921875,3.859375,3.921875,3.84375,3.875,0.03375385780420761,4,4,4
e4288ad,4,3.6875,3.40625,3.5,3.40625,3.4375,0.04419417382415922,3,4,4
c4d4020,3,2.984375,3.015625,2.890625,3.015625,2.9739583333333335,0.05892556509887896,3,3,3
05cafcf,4,4.25,4.1875,4.21875,4.15625,4.1875,0.02551551815399144,4,4,4
c6f8f44,2,1.625,1.640625,1.5625,1.578125,1.59375,0.03375385780420761,2,1,2
d8b6e7a,4,4.03125,3.890625,3.90625,3.984375,3.9270833333333335,0.04101045767714485,4,4,4
2151c9b,2,2.140625,2.15625,2.078125,2.125,2.1197916666666665,0.03210632293213009,2,2,2
d25b773,4,2.890625,2.84375,2.859375,2.84375,2.8489583333333335,0.00736569563735987,3,3,3
2d4a651,3,2.171875,2.046875,2.078125,2.171875,2.0989583333333335,0.05311478659992484,2,2,2
fa00450,2,0.96875,0.76953125,0.68359375,0.80859375,0.75390625,0.05221337931188391,1,1,1
fcaa827,3,3.3125,3.3125,3.34375,3.328125,3.328125,0.01275775907699572,3,3,3
b574dda,4,3.0625,2.984375,2.984375,2.875,2.9479166666666665,0.051559869461519095,3,3,3
21ff75f,1,1.234375,1.1171875,1.1953125,1.1875,1.1666666666666667,0.03513212907091677,1,1,1
0df2924,3,1.96875,1.796875,1.8359375,1.8203125,1.8177083333333333,0.016053161466065044,2,2,2
cff4abf,3,3.28125,3.140625,3.109375,3.0625,3.1041666666666665,0.03210632293213009,3,3,3
16687f8,4,4.28125,4.21875,4.28125,4.3125,4.270833333333333,0.03897559777889522,4,4,4
a2095fd,5,4.53125,4.375,4.34375,4.375,4.364583333333333,0.01473139127471974,4,5,5
8831275,5,3.921875,3.828125,3.71875,3.6875,3.7447916666666665,0.06029081720203243,4,4,4
d64be3d,4,4.25,4.21875,4.21875,4.21875,4.21875,0.0,4,4,4
0657f4c,2,1.7265625,1.6171875,1.640625,1.5234375,1.59375,0.05063078670631141,2,1,2
96a12e3,2,1.7421875,1.6640625,1.6484375,1.6796875,1.6640625,0.01275775907699572,2,2,2
ade8a9b,4,3.109375,2.90625,2.9375,2.984375,2.9427083333333335,0.03210632293213009,3,3,3
3cb576b,3,3.46875,3.4375,3.4375,3.4375,3.4375,0.0,3,4,4
0642363,2,2.015625,2.09375,1.984375,1.921875,2.0,0.071032196338468,2,2,2
e037bf8,4,3.84375,3.78125,3.78125,3.8125,3.7916666666666665,0.01473139127471974,4,4,4
01290ec,3,2.609375,2.390625,2.4375,2.46875,2.4322916666666665,0.03210632293213009,2,3,3
9573c66,3,2.765625,2.734375,2.84375,2.78125,2.7864583333333335,0.04480377743251368,3,3,3
9cec5ca,4,4.5625,4.5,4.5,4.5,4.5,0.0,5,5,5
674be25,2,2.796875,2.765625,2.890625,2.859375,2.8385416666666665,0.05311478659992484,3,3,3
31b8cf7,3,2.984375,2.796875,2.890625,2.78125,2.8229166666666665,0.04830009633070679,3,3,3
e045e58,2,2.0625,1.7890625,1.9296875,1.9296875,1.8828125,0.06629126073623882,2,2,2
25b8dc1,3,3.125,3.0625,3.015625,3.0,3.0260416666666665,0.02655739329996242,3,3,3
6fb7a97,2,1.734375,1.7890625,1.78125,1.7578125,1.7760416666666667,0.01327869664998121,2,2,2
d19dd84,2,2.734375,2.703125,2.765625,2.8125,2.7604166666666665,0.04480377743251368,3,3,3
b46858d,2,2.375,2.453125,2.40625,2.421875,2.4270833333333335,0.01948779888944761,2,3,3
861f8cd,1,1.234375,1.1015625,1.1171875,1.09375,1.1041666666666667,0.009743899444723805,1,1,1
80cf29c,4,3.265625,3.203125,3.171875,3.171875,3.1822916666666665,0.01473139127471974,3,3,3
d226a86,2,2.296875,2.265625,2.25,2.25,2.2552083333333335,0.00736569563735987,2,2,2
f834b3c,4,4.21875,4.03125,4.0625,4.125,4.072916666666667,0.03897559777889522,4,4,4
f6a186b,2,2.1875,2.15625,2.078125,2.171875,2.1354166666666665,0.04101045767714485,2,2,2
e7000ce,2,1.6171875,1.40625,1.4140625,1.40625,1.4088541666666667,0.003682847818679935,1,1,1
5b192c8,2,2.46875,2.578125,2.5,2.5625,2.546875,0.03375385780420761,3,3,3
9722207,3,3.640625,3.671875,3.59375,3.6875,3.6510416666666665,0.04101045767714485,4,4,4
f96c287,3,2.359375,2.25,2.25,2.234375,2.2447916666666665,0.00736569563735987,2,2,2
82e0c2c,2,2.265625,2.09375,2.1875,2.078125,2.1197916666666665,0.04830009633070679,2,2,2
f4f101d,3,2.140625,2.078125,2.0625,2.046875,2.0625,0.01275775907699572,2,2,2
334eb50,3,2.96875,2.953125,3.046875,2.953125,2.984375,0.04419417382415922,3,3,3
64ffa79,1,2.09375,1.8671875,1.7734375,1.90625,1.8489583333333333,0.055731600414147646,2,2,2
f95accb,4,4.59375,4.40625,4.5,4.5,4.46875,0.04419417382415922,4,5,5
ef85a5f,5,4.25,4.0,3.953125,3.984375,3.9791666666666665,0.01948779888944761,4,4,4
629aa2c,2,2.59375,2.4375,2.453125,2.5,2.4635416666666665,0.02655739329996242,2,3,3
7889ca2,3,2.515625,2.359375,2.296875,2.46875,2.375,0.071032196338468,2,2,3
823ca1e,3,2.734375,2.71875,2.71875,2.75,2.7291666666666665,0.01473139127471974,3,3,3
6a0cbec,2,2.96875,3.03125,2.921875,2.890625,2.9479166666666665,0.06029081720203243,3,3,3
cf7611a,5,5.375,5.28125,5.3125,5.3125,5.302083333333333,0.01473139127471974,5,6,6
93a77d3,3,3.46875,3.421875,3.453125,3.46875,3.4479166666666665,0.01948779888944761,3,4,4
f8d1431,3,2.40625,2.328125,2.171875,2.296875,2.265625,0.06750771560841522,2,2,2
227691f,5,4.875,4.78125,4.75,4.90625,4.8125,0.06750771560841522,5,5,6
3545ed7,2,1.75,1.6171875,1.65625,1.84375,1.7057291666666667,0.09888977888566419,2,2,2
745fe37,3,3.265625,3.1875,3.15625,3.1875,3.1770833333333335,0.01473139127471974,3,3,3
262be36,1,1.578125,1.46875,1.4140625,1.5078125,1.4635416666666667,0.038450060052691144,1,1,1
a660028,3,2.5625,2.578125,2.421875,2.546875,2.515625,0.06750771560841522,3,3,3
f78ab51,3,2.265625,2.1875,2.203125,2.1875,2.1927083333333335,0.00736569563735987,2,2,2
3691235,1,0.90625,0.6875,0.6015625,0.67578125,0.6549479166666666,0.038051143740110566,1,1,1
42baf0a,3,2.578125,2.609375,2.53125,2.515625,2.5520833333333335,0.04101045767714485,3,3,3
827b2fb,3,2.984375,2.984375,3.046875,3.046875,3.0260416666666665,0.02946278254943948,3,3,3
50354e8,2,1.6171875,1.390625,1.3828125,1.34375,1.3723958333333333,0.020505228838572424,1,1,1
f191664,2,2.28125,2.125,2.25,2.375,2.25,0.10206207261596575,2,2,2
01c5e87,5,4.1875,4.03125,4.03125,4.125,4.0625,0.04419417382415922,4,4,4
6f4a57d,4,3.953125,3.90625,3.953125,3.828125,3.8958333333333335,0.051559869461519095,4,4,4
d22a390,3,3.34375,3.28125,3.390625,3.359375,3.34375,0.0459987545121242,3,3,4
356949d,4,2.828125,2.765625,2.796875,2.84375,2.8020833333333335,0.03210632293213009,3,3,3
a6d6211,4,3.875,3.75,3.8125,3.84375,3.8020833333333335,0.03897559777889522,4,4,4
99dad83,3,2.890625,2.875,2.921875,2.90625,2.9010416666666665,0.01948779888944761,3,3,3
3ebc31e,4,3.40625,3.375,3.390625,3.328125,3.3645833333333335,0.02655739329996242,3,4,4
f373fee,1,1.734375,1.671875,1.671875,1.6640625,1.6692708333333333,0.003682847818679935,2,2,2
7eba1f3,3,3.09375,3.0625,2.984375,2.984375,3.0104166666666665,0.03682847818679935,3,3,3
f1ea474,2,1.7890625,1.734375,1.828125,1.7890625,1.7838541666666667,0.038450060052691144,2,2,2
d6d8c34,3,2.5625,2.609375,2.65625,2.625,2.6302083333333335,0.01948779888944761,3,3,3
293f43c,2,2.125,1.7890625,1.96875,1.90625,1.8880208333333333,0.07448098773997444,2,2,2
30b20ea,3,2.8125,2.828125,2.828125,2.890625,2.8489583333333335,0.02946278254943948,3,3,3
5e67004,3,2.640625,2.546875,2.515625,2.53125,2.53125,0.01275775907699572,3,3,3
cb21e2f,2,2.46875,2.453125,2.515625,2.40625,2.4583333333333335,0.04480377743251368,2,3,3
e5ff050,2,2.953125,2.9375,2.984375,2.90625,2.9427083333333335,0.03210632293213009,3,3,3
75b1b41,4,4.1875,4.0,4.0,3.953125,3.984375,0.02209708691207961,4,4,4
d4d2647,3,2.234375,2.265625,2.21875,2.21875,2.234375,0.02209708691207961,2,2,2
4330839,5,5.09375,4.9375,4.90625,5.03125,4.958333333333333,0.05311478659992484,5,6,6
8e69430,3,2.53125,2.546875,2.578125,2.5,2.5416666666666665,0.03210632293213009,3,3,3
e7c4902,4,4.0,3.953125,3.96875,3.84375,3.921875,0.05560978256266308,4,4,4
2f5ef45,3,2.1875,2.234375,2.1875,2.40625,2.2760416666666665,0.09403890669410306,2,2,2
4347732,3,3.125,3.171875,3.1875,3.15625,3.171875,0.01275775907699572,3,3,3
c91aaf0,2,2.234375,2.140625,2.203125,2.171875,2.171875,0.02551551815399144,2,2,2
22e3946,3,3.15625,3.234375,3.03125,3.09375,3.1197916666666665,0.0849453459911463,3,3,3
74b1e76,3,2.796875,2.6875,2.75,2.765625,2.734375,0.03375385780420761,3,3,3
e99f8d6,1,0.859375,0.796875,0.80859375,0.77734375,0.7942708333333334,0.012889967365379774,1,1,1
47426c5,3,3.328125,3.25,3.359375,3.25,3.2864583333333335,0.051559869461519095,3,3,3
c97daf5,5,4.5,4.34375,4.28125,4.3125,4.3125,0.02551551815399144,4,4,5
0cb15fe,2,2.234375,2.171875,2.15625,2.265625,2.1979166666666665,0.04830009633070679,2,2,2
4adf796,2,2.1875,2.25,2.25,2.265625,2.2552083333333335,0.00736569563735987,2,2,2
7dd8cbc,3,3.5625,3.40625,3.4375,3.34375,3.3958333333333335,0.03897559777889522,3,4,4
58a310e,3,3.140625,3.234375,3.1875,3.125,3.1822916666666665,0.04480377743251368,3,3,3
e046c43,6,5.78125,5.53125,5.625,5.53125,5.5625,0.04419417382415922,6,6,6
a68d88a,6,5.59375,5.5,5.5,5.53125,5.510416666666667,0.01473139127471974,6,6,6
8fe4399,3,2.5,2.5,2.53125,2.453125,2.4947916666666665,0.03210632293213009,2,3,3
2140b9d,5,5.0,4.8125,4.875,4.90625,4.864583333333333,0.03897559777889522,5,5,6
aa8b0c1,2,1.875,1.703125,1.5703125,1.625,1.6328125,0.05450117066785508,2,2,2
d822d6b,2,3.21875,3.265625,3.140625,3.203125,3.203125,0.05103103630798288,3,3,3
2f08580,3,2.734375,2.5625,2.5,2.546875,2.5364583333333335,0.02655739329996242,3,3,3
2a857fb,3,3.71875,3.484375,3.5,3.578125,3.5208333333333335,0.04101045767714485,4,4,4
ff1a443,3,2.15625,2.0625,2.15625,2.125,2.1145833333333335,0.03897559777889522,2,2,2
0273b7b,3,3.15625,3.125,3.140625,3.125,3.1302083333333335,0.00736569563735987,3,3,3
7cc058f,4,3.75,3.578125,3.609375,3.734375,3.640625,0.06750771560841522,4,4,4
95bcb2b,4,3.59375,3.6875,3.609375,3.53125,3.609375,0.0637887953849786,4,4,4
4d62d2c,2,2.359375,2.421875,2.328125,2.34375,2.3645833333333335,0.04101045767714485,2,2,3
167b14e,3,2.40625,2.375,2.484375,2.46875,2.4427083333333335,0.04830009633070679,2,3,3
415da09,1,0.734375,0.49609375,0.5703125,0.53515625,0.5338541666666666,0.030313663351101083,1,1,1
eadfbe2,3,2.90625,2.6875,2.75,2.671875,2.703125,0.03375385780420761,3,3,3
f1fa23d,1,1.78125,1.7265625,1.7421875,1.6953125,1.7213541666666667,0.01948779888944761,2,2,2
2bd48de,2,3.109375,3.21875,3.125,3.21875,3.1875,0.04419417382415922,3,3,3
3443062,2,2.296875,2.25,2.21875,2.28125,2.25,0.02551551815399144,2,2,2
9fdad44,3,3.4375,3.328125,3.375,3.34375,3.3489583333333335,0.01948779888944761,3,3,4
c82e0f2,1,1.3125,1.28125,1.265625,1.2578125,1.2682291666666667,0.009743899444723805,1,1,1
257592b,3,2.578125,2.609375,2.578125,2.640625,2.609375,0.02551551815399144,3,3,3
0f7e96b,4,3.140625,3.109375,3.109375,3.140625,3.1197916666666665,0.01473139127471974,3,3,3
379432c,4,3.5,3.578125,3.53125,3.484375,3.53125,0.038273277230987154,4,4,4
7d6ed86,3,2.71875,2.59375,2.5625,2.578125,2.578125,0.01275775907699572,3,3,3
42658c0,4,3.75,3.609375,3.640625,3.640625,3.6302083333333335,0.01473139127471974,4,4,4
a1a81a4,2,2.71875,2.796875,2.734375,2.765625,2.765625,0.02551551815399144,3,3,3
de8ad8a,2,1.6953125,1.515625,1.3984375,1.4921875,1.46875,0.05063078670631141,1,1,1
db21ca7,3,2.984375,2.921875,3.03125,2.953125,2.96875,0.0459987545121242,3,3,3
fcacccb,2,2.046875,2.046875,1.9609375,2.109375,2.0390625,0.06085063252889543,2,2,2
71ced58,4,2.609375,2.515625,2.53125,2.578125,2.5416666666666665,0.02655739329996242,3,3,3
fa11bc7,2,2.296875,2.234375,2.359375,2.234375,2.2760416666666665,0.05892556509887896,2,2,2
dbd8769,2,1.7421875,1.8671875,1.8828125,1.8203125,1.8567708333333333,0.02655739329996242,2,2,2
9f6cb41,4,3.375,3.265625,3.25,3.171875,3.2291666666666665,0.04101045767714485,3,3,3
