essay_id,score,eval_raw,raw_seed_42,raw_seed_17,raw_seed_2026,mean_raw,seed_std,B0,B1_original_thresholds,B1_recalibrated
ca7b3c6,2,2.5,2.53125,2.546875,2.453125,2.5104166666666665,0.04101045767714485,3,3,3
d6ef00f,4,2.5,2.59375,2.640625,2.546875,2.59375,0.038273277230987154,3,3,3
9f99985,1,0.76171875,0.66796875,0.640625,0.73046875,0.6796875,0.03760294030779597,1,1,1
214ed5c,2,1.8828125,1.875,1.875,1.875,1.875,0.0,2,2,2
35ffbfc,2,1.8359375,1.8359375,1.7578125,1.75,1.78125,0.03880120944206078,2,2,2
1e54327,3,3.28125,3.296875,3.34375,3.375,3.3385416666666665,0.03210632293213009,3,3,3
1fb5dc7,2,2.703125,2.8125,2.78125,2.703125,2.765625,0.0459987545121242,3,3,3
fffed3e,2,1.3125,1.2265625,1.125,1.3359375,1.2291666666666667,0.08613455941948556,1,1,1
f08f42b,4,4.09375,4.03125,4.0625,4.03125,4.041666666666667,0.01473139127471974,4,4,4
bf1a798,2,2.0,1.921875,1.9453125,1.9375,1.9348958333333333,0.009743899444723805,2,2,2
eedcb15,4,3.5625,3.59375,3.546875,3.59375,3.578125,0.02209708691207961,4,4,4
9f98b59,4,4.21875,4.0625,4.25,4.1875,4.166666666666667,0.07795119555779044,4,4,4
8eabfd5,2,2.109375,2.015625,1.8984375,1.7578125,1.890625,0.10539638721275033,2,2,2
c551b04,4,3.40625,3.40625,3.359375,3.359375,3.375,0.02209708691207961,3,4,4
24f699d,1,2.421875,2.296875,2.28125,2.359375,2.3125,0.03375385780420761,2,2,2
0d2ca3c,1,2.640625,2.546875,2.5,2.5625,2.5364583333333335,0.02655739329996242,3,3,3
affa314,4,3.96875,3.875,3.8125,3.8125,3.8333333333333335,0.02946278254943948,4,4,4
292e15a,3,3.34375,3.296875,3.34375,3.328125,3.3229166666666665,0.01948779888944761,3,3,3
ddc4485,4,3.65625,3.671875,3.609375,3.546875,3.609375,0.05103103630798288,4,4,4
7673fe9,4,3.796875,3.71875,3.765625,3.75,3.7447916666666665,0.01948779888944761,4,4,4
8d4298b,2,2.125,2.09375,2.015625,2.03125,2.046875,0.03375385780420761,2,2,2
23dbca9,5,4.875,4.8125,4.78125,4.75,4.78125,0.02551551815399144,5,5,5
229397f,3,2.96875,2.90625,3.09375,2.96875,2.9895833333333335,0.07795119555779044,3,3,3
ab6c995,4,4.03125,4.0,3.90625,4.0625,3.9895833333333335,0.06421264586426018,4,4,4
3112774,3,2.796875,2.78125,2.734375,2.78125,2.765625,0.02209708691207961,3,3,3
f50070d,4,4.03125,4.09375,4.0,4.0,4.03125,0.04419417382415922,4,4,4
ac23966,4,4.125,3.890625,3.84375,3.953125,3.8958333333333335,0.04480377743251368,4,4,4
e661b4b,2,2.453125,2.390625,2.359375,2.265625,2.3385416666666665,0.05311478659992484,2,2,3
1ffa5d3,3,2.5625,2.234375,2.421875,2.4375,2.3645833333333335,0.09229190180556952,2,2,3
3a3a47b,3,3.046875,3.015625,3.0,3.03125,3.015625,0.01275775907699572,3,3,3
47bfbf4,3,3.15625,2.9375,3.109375,2.921875,2.9895833333333335,0.0849453459911463,3,3,3
ed76f3e,4,4.34375,4.25,4.375,4.375,4.333333333333333,0.05892556509887896,4,5,5
6a43464,4,3.6875,3.6875,3.6875,3.65625,3.6770833333333335,0.01473139127471974,4,4,4
305681f,3,1.984375,1.90625,1.9296875,2.0,1.9453125,0.03983608994994363,2,2,2
e52f7a8,3,2.5625,2.34375,2.40625,2.3125,2.3541666666666665,0.03897559777889522,2,2,3
dc54514,4,3.4375,3.328125,3.40625,3.359375,3.3645833333333335,0.03210632293213009,3,4,4
fb73e38,3,3.234375,3.15625,3.1875,3.1875,3.1770833333333335,0.01473139127471974,3,3,3
86e07ef,3,2.953125,2.828125,2.9375,2.875,2.8802083333333335,0.04480377743251368,3,3,3
be8e329,4,3.875,3.8125,3.8125,3.78125,3.8020833333333335,0.01473139127471974,4,4,4
92a2a91,2,2.046875,2.078125,2.09375,2.03125,2.0677083333333335,0.02655739329996242,2,2,2
eb67811,3,2.46875,2.421875,2.5625,2.5,2.4947916666666665,0.05752792196451698,2,3,3
03e687e,3,3.265625,2.984375,2.953125,2.9375,2.9583333333333335,0.01948779888944761,3,3,3
340e592,2,1.546875,1.5625,1.5,1.5,1.5208333333333333,0.02946278254943948,2,1,2
187c555,1,1.484375,1.3046875,1.4296875,1.390625,1.375,0.05221337931188391,1,1,1
898dc81,2,1.8828125,1.7421875,1.7734375,1.7265625,1.7473958333333333,0.01948779888944761,2,2,2
e7b453f,5,4.96875,4.8125,4.75,4.8125,4.791666666666667,0.02946278254943948,5,5,5
8241d9b,4,3.515625,3.5,3.4375,3.484375,3.4739583333333335,0.02655739329996242,3,4,4
d1609f6,3,2.546875,2.46875,2.46875,2.53125,2.4895833333333335,0.02946278254943948,2,3,3
a771321,3,2.890625,2.75,2.78125,2.796875,2.7760416666666665,0.01948779888944761,3,3,3
44ce55e,5,3.75,3.5625,3.578125,3.609375,3.5833333333333335,0.01948779888944761,4,4,4
e955a4d,3,2.28125,2.203125,2.21875,2.21875,2.2135416666666665,0.00736569563735987,2,2,2
05efbec,4,3.140625,3.1875,3.140625,3.1875,3.171875,0.02209708691207961,3,3,3
5b5745a,2,2.109375,2.1875,2.125,2.140625,2.1510416666666665,0.02655739329996242,2,2,2
c7463ad,3,3.359375,3.34375,3.4375,3.25,3.34375,0.07654655446197431,3,3,4
1e762ef,2,2.203125,2.171875,2.09375,2.15625,2.140625,0.03375385780420761,2,2,2
e28e48f,1,0.890625,0.796875,0.7890625,0.765625,0.7838541666666666,0.01327869664998121,1,1,1
b45d915,4,3.734375,3.65625,3.65625,3.640625,3.6510416666666665,0.00736569563735987,4,4,4
2209d70,2,1.6875,1.7109375,1.65625,1.6953125,1.6875,0.0229993772560621,2,2,2
dcbb085,3,2.0,1.90625,2.046875,2.0,1.984375,0.05846339666834283,2,2,2
9f37d8c,2,1.984375,1.9375,1.96875,1.9765625,1.9609375,0.016876928902103804,2,2,2
6482ee7,3,2.640625,2.703125,2.59375,2.671875,2.65625,0.0459987545121242,3,3,3
44bc4d1,4,4.3125,4.21875,4.15625,4.21875,4.197916666666667,0.02946278254943948,4,4,4
40b6251,4,3.671875,3.609375,3.578125,3.515625,3.5677083333333335,0.03897559777889522,4,4,4
b28e45b,3,2.859375,2.796875,3.0,2.921875,2.90625,0.08365822085525526,3,3,3
d068bc1,4,4.4375,4.1875,4.0625,4.125,4.125,0.05103103630798288,4,4,4
82dd80e,5,4.03125,3.953125,3.96875,4.03125,3.984375,0.03375385780420761,4,4,4
e9a40fe,3,2.234375,2.171875,2.234375,2.234375,2.2135416666666665,0.02946278254943948,2,2,2
84aed86,3,2.484375,2.40625,2.46875,2.375,2.4166666666666665,0.03897559777889522,2,3,3
9522242,4,3.515625,3.546875,3.53125,3.53125,3.5364583333333335,0.00736569563735987,4,4,4
1ff2705,3,3.046875,2.984375,2.953125,2.9375,2.9583333333333335,0.01948779888944761,3,3,3
fd79800,5,5.03125,4.90625,4.84375,4.8125,4.854166666666667,0.03897559777889522,5,5,6
a51fdac,3,3.90625,3.921875,3.828125,3.859375,3.8697916666666665,0.03897559777889522,4,4,4
c423068,3,2.796875,2.765625,2.90625,2.84375,2.8385416666666665,0.05752792196451698,3,3,3
29139ff,3,2.75,2.6875,2.71875,2.75,2.71875,0.02551551815399144,3,3,3
647368d,2,2.21875,2.328125,2.21875,2.328125,2.2916666666666665,0.051559869461519095,2,2,2
ce1d3dd,3,3.1875,3.1875,3.15625,3.15625,3.1666666666666665,0.01473139127471974,3,3,3
72209ee,3,2.90625,2.9375,3.03125,2.84375,2.9375,0.07654655446197431,3,3,3
173dc95,4,4.1875,4.25,4.3125,4.15625,4.239583333333333,0.06421264586426018,4,4,4
ebdc645,4,4.40625,4.34375,4.3125,4.375,4.34375,0.02551551815399144,4,5,5
1973fe0,4,4.1875,4.03125,4.03125,4.0625,4.041666666666667,0.01473139127471974,4,4,4
ddf54b5,3,2.90625,2.9375,2.890625,2.96875,2.9322916666666665,0.03210632293213009,3,3,3
b4ec661,3,3.171875,3.015625,3.109375,2.984375,3.0364583333333335,0.05311478659992484,3,3,3
7aa0c2d,3,3.21875,3.203125,3.265625,3.328125,3.265625,0.05103103630798288,3,3,3
aba7d09,3,2.84375,2.765625,2.75,2.859375,2.7916666666666665,0.04830009633070679,3,3,3
ce96a53,3,2.8125,2.734375,2.8125,2.84375,2.796875,0.0459987545121242,3,3,3
c99384d,4,3.78125,3.625,3.703125,3.640625,3.65625,0.03375385780420761,4,4,4
e8fb1a9,1,1.2265625,1.0859375,1.015625,1.0390625,1.046875,0.029231698334171417,1,1,1
4cf5c8c,3,3.0625,3.09375,3.015625,3.125,3.078125,0.0459987545121242,3,3,3
52eba6d,4,3.953125,3.890625,3.875,3.890625,3.8854166666666665,0.00736569563735987,4,4,4
48f888b,2,1.6328125,1.640625,1.578125,1.7421875,1.6536458333333333,0.06760809888409984,2,2,2
047bb6e,1,2.1875,2.0625,2.078125,2.046875,2.0625,0.01275775907699572,2,2,2
65b5e11,5,4.5625,4.46875,4.5,4.5,4.489583333333333,0.01473139127471974,4,5,5
6895712,4,3.03125,2.859375,2.75,2.75,2.7864583333333335,0.051559869461519095,3,3,3
ffcb264,2,2.359375,2.34375,2.390625,2.40625,2.3802083333333335,0.02655739329996242,2,2,3
bd23c17,4,3.421875,3.53125,3.453125,3.40625,3.4635416666666665,0.051559869461519095,3,4,4
512ebc5,2,1.7890625,1.7890625,1.75,1.7734375,1.7708333333333333,0.016053161466065044,2,2,2
8da1f55,3,2.75,2.734375,2.78125,2.75,2.7552083333333335,0.01948779888944761,3,3,3
acdf709,2,3.015625,2.828125,2.734375,2.828125,2.796875,0.04419417382415922,3,3,3
9f7903f,2,1.71875,1.453125,1.625,1.4609375,1.5130208333333333,0.07924543778491114,2,1,2
53a5927,3,2.75,2.78125,2.6875,2.6875,2.71875,0.04419417382415922,3,3,3
3c0d251,2,1.8671875,1.875,1.890625,1.953125,1.90625,0.03375385780420761,2,2,2
825ec37,4,3.5625,3.5625,3.515625,3.515625,3.53125,0.02209708691207961,4,4,4
589d941,1,1.390625,1.3359375,1.3359375,1.3671875,1.3463541666666667,0.01473139127471974,1,1,1
2a0f5b4,1,1.9765625,1.6953125,1.8671875,1.7421875,1.7682291666666667,0.07254368894366729,2,2,2
df238bb,2,1.8828125,1.671875,1.7578125,1.703125,1.7109375,0.035516098169234,2,2,2
bfeadac,2,1.8359375,1.828125,1.90625,1.8515625,1.8619791666666667,0.03273386742181389,2,2,2
f1723b6,4,3.53125,3.453125,3.328125,3.453125,3.4114583333333335,0.05892556509887896,3,4,4
9757d84,4,2.75,2.75,2.8125,2.8125,2.7916666666666665,0.02946278254943948,3,3,3
7ca0a04,3,3.296875,3.21875,3.28125,3.25,3.25,0.02551551815399144,3,3,3
24cd6b4,3,2.375,2.34375,2.40625,2.453125,2.4010416666666665,0.04480377743251368,2,3,3
9ddca63,3,2.5625,2.59375,2.671875,2.5625,2.609375,0.0459987545121242,3,3,3
731cf48,2,1.953125,1.984375,1.953125,1.9453125,1.9609375,0.016876928902103804,2,2,2
3d13ded,5,4.65625,4.53125,4.59375,4.65625,4.59375,0.05103103630798288,5,5,5
0550fb1,3,2.203125,1.8984375,1.9375,1.859375,1.8984375,0.0318943976924893,2,2,2
9ac9cfc,3,3.109375,3.1875,3.140625,3.15625,3.1614583333333335,0.01948779888944761,3,3,3
64f6bf4,3,3.015625,3.03125,2.984375,3.03125,3.015625,0.02209708691207961,3,3,3
e1cdb9a,1,1.0234375,0.9375,0.921875,0.96875,0.9427083333333334,0.01948779888944761,1,1,1
2eb932d,3,3.21875,3.203125,3.28125,3.171875,3.21875,0.0459987545121242,3,3,3
ff69c4a,3,3.265625,3.09375,3.0625,3.1875,3.1145833333333335,0.05311478659992484,3,3,3
f15a47c,2,2.515625,2.4375,2.453125,2.453125,2.4479166666666665,0.00736569563735987,2,3,3
8424b86,3,2.84375,2.765625,2.796875,2.828125,2.796875,0.02551551815399144,3,3,3
5f3892b,4,3.34375,3.375,3.3125,3.203125,3.296875,0.071032196338468,3,3,3
88e52a1,2,2.390625,2.28125,2.3125,2.203125,2.265625,0.0459987545121242,2,2,2
d716604,3,2.671875,2.59375,2.640625,2.75,2.6614583333333335,0.06546773484362778,3,3,3
b6cbe8c,2,1.828125,1.8046875,1.765625,1.84375,1.8046875,0.0318943976924893,2,2,2
546947f,2,1.8203125,1.71875,1.7109375,1.78125,1.7369791666666667,0.03146626555623586,2,2,2
38a752b,2,2.28125,2.28125,2.234375,2.25,2.2552083333333335,0.01948779888944761,2,2,2
be61aa1,4,3.390625,3.3125,3.21875,3.34375,3.2916666666666665,0.05311478659992484,3,3,3
031e4d6,3,2.8125,2.71875,2.78125,2.765625,2.7552083333333335,0.02655739329996242,3,3,3
6d50443,1,2.828125,2.828125,2.84375,2.828125,2.8333333333333335,0.00736569563735987,3,3,3
a5f0875,3,3.875,3.828125,3.765625,3.96875,3.8541666666666665,0.0849453459911463,4,4,4
60bee14,3,2.75,2.859375,2.734375,2.796875,2.796875,0.05103103630798288,3,3,3
7d06901,5,4.03125,3.8125,3.859375,3.78125,3.8177083333333335,0.03210632293213009,4,4,4
6dc2f1b,4,4.5,4.375,4.375,4.34375,4.364583333333333,0.01473139127471974,4,5,5
1dbcd1d,3,3.640625,3.59375,3.5625,3.546875,3.5677083333333335,0.01948779888944761,4,4,4
bd92855,2,2.078125,2.109375,2.015625,2.0625,2.0625,0.038273277230987154,2,2,2
d464251,2,1.1953125,1.0546875,1.046875,1.15625,1.0859375,0.049820641848200495,1,1,1
a43acca,4,3.59375,3.5625,3.546875,3.5625,3.5572916666666665,0.00736569563735987,4,4,4
8aa2a83,2,2.296875,2.375,2.359375,2.375,2.3697916666666665,0.00736569563735987,2,2,3
812b075,3,3.90625,3.75,3.640625,3.5625,3.6510416666666665,0.07690012010538229,4,4,4
b175f62,4,3.671875,3.578125,3.484375,3.578125,3.546875,0.04419417382415922,4,4,4
bbd6e25,3,3.625,3.5625,3.65625,3.65625,3.625,0.04419417382415922,4,4,4
f7de906,5,4.53125,4.40625,4.34375,4.34375,4.364583333333333,0.02946278254943948,4,5,5
32387e2,2,2.796875,2.8125,2.78125,2.84375,2.8125,0.02551551815399144,3,3,3
c6e52e5,5,4.71875,4.625,4.65625,4.71875,4.666666666666667,0.03897559777889522,5,5,5
938a199,4,4.09375,3.921875,3.90625,3.9375,3.921875,0.01275775907699572,4,4,4
2753b35,2,1.890625,1.8984375,1.875,1.8671875,1.8802083333333333,0.01327869664998121,2,2,2
a4fb48d,4,2.546875,2.484375,2.453125,2.46875,2.46875,0.01275775907699572,2,3,3
1f2ec63,6,5.125,5.1875,5.0625,5.125,5.125,0.05103103630798288,5,6,6
9aa64b9,3,2.703125,2.5625,2.5,2.625,2.5625,0.05103103630798288,3,3,3
68407e7,2,1.5,1.5078125,1.4140625,1.4375,1.453125,0.03983608994994363,1,1,1
aaeb21e,2,1.703125,1.59375,1.6640625,1.6171875,1.625,0.029231698334171417,2,2,2
a13314c,3,3.1875,3.09375,2.984375,2.984375,3.0208333333333335,0.051559869461519095,3,3,3
b628717,4,3.3125,3.171875,3.15625,3.09375,3.140625,0.03375385780420761,3,3,3
61424a0,2,2.171875,2.203125,2.234375,2.21875,2.21875,0.01275775907699572,2,2,2
e950fce,2,2.4375,2.5,2.375,2.390625,2.421875,0.05560978256266308,2,3,3
5860351,4,4.125,4.0,4.0,3.96875,3.9895833333333335,0.01473139127471974,4,4,4
da5e16e,3,3.6875,3.578125,3.59375,3.609375,3.59375,0.01275775907699572,4,4,4
1ae929d,2,2.25,2.09375,2.09375,2.140625,2.109375,0.02209708691207961,2,2,2
f7bb751,3,2.703125,2.734375,2.671875,2.6875,2.6979166666666665,0.02655739329996242,3,3,3
f191d20,2,1.9296875,1.8359375,1.8515625,1.8671875,1.8515625,0.01275775907699572,2,2,2
62fb64b,3,2.609375,2.484375,2.59375,2.421875,2.5,0.071032196338468,3,3,3
ca7fb0e,3,3.015625,2.875,2.921875,3.046875,2.9479166666666665,0.07254368894366728,3,3,3
53533e9,4,3.8125,3.734375,3.6875,3.703125,3.7083333333333335,0.01948779888944761,4,4,4
160dc72,3,2.234375,2.21875,2.15625,2.203125,2.1927083333333335,0.02655739329996242,2,2,2
f3d5df5,3,3.171875,2.265625,2.359375,2.34375,2.3229166666666665,0.04101045767714485,2,2,2
c6d8db3,2,2.28125,2.328125,2.296875,2.25,2.2916666666666665,0.03210632293213009,2,2,2
42faeed,3,2.734375,2.828125,2.6875,2.703125,2.7395833333333335,0.06293253111247173,3,3,3
602ef7c,2,1.6171875,1.4765625,1.5625,1.53125,1.5234375,0.035516098169234,2,1,2
aa538cc,2,1.9375,1.7578125,1.828125,1.765625,1.7838541666666667,0.03146626555623586,2,2,2
415a9a2,4,4.125,4.125,4.03125,4.15625,4.104166666666667,0.05311478659992484,4,4,4
2887d53,4,3.390625,3.265625,3.25,3.3125,3.2760416666666665,0.02655739329996242,3,3,3
ea134d7,4,3.328125,3.296875,3.34375,3.40625,3.3489583333333335,0.04480377743251368,3,3,4
f0d7b60,4,3.078125,2.859375,2.90625,2.890625,2.8854166666666665,0.01948779888944761,3,3,3
178a016,2,2.0,2.03125,1.96875,2.03125,2.0104166666666665,0.02946278254943948,2,2,2
ab74e1a,2,2.09375,2.0625,2.125,2.078125,2.0885416666666665,0.02655739329996242,2,2,2
3b946d1,2,1.96875,1.8984375,1.984375,1.9609375,1.9479166666666667,0.03627184447183364,2,2,2
934ef15,6,5.40625,5.3125,5.28125,5.21875,5.270833333333333,0.03897559777889522,5,6,6
a5eaac8,3,2.3125,2.3125,2.21875,2.25,2.2604166666666665,0.03897559777889522,2,2,2
e8fa635,3,2.28125,2.234375,2.1875,2.203125,2.2083333333333335,0.01948779888944761,2,2,2
8c26dc6,3,2.328125,2.46875,2.46875,2.4375,2.4583333333333335,0.01473139127471974,2,3,3
92069ac,4,3.828125,3.734375,3.75,3.75,3.7447916666666665,0.00736569563735987,4,4,4
72a4d46,2,1.9453125,1.8828125,1.84375,1.890625,1.8723958333333333,0.020505228838572424,2,2,2
1b66af5,2,1.6640625,1.6171875,1.65625,1.796875,1.6901041666666667,0.07716423119806798,2,2,2
5e79b7d,3,2.546875,2.453125,2.5625,2.40625,2.4739583333333335,0.06546773484362778,2,3,3
f491bd8,4,4.15625,4.03125,4.03125,4.03125,4.03125,0.0,4,4,4
98fa8f8,1,2.890625,2.71875,2.734375,2.75,2.734375,0.01275775907699572,3,3,3
5bef364,3,3.609375,3.53125,3.5625,3.421875,3.5052083333333335,0.06029081720203243,4,4,4
f1b7227,2,1.4921875,1.484375,1.3828125,1.421875,1.4296875,0.04182911042762763,1,1,1
bc44ccf,2,1.96875,1.90625,1.9453125,2.0,1.9505208333333333,0.038450060052691144,2,2,2
269e81f,4,3.75,3.5625,3.640625,3.5625,3.5885416666666665,0.03682847818679935,4,4,4
770370b,3,2.765625,2.421875,2.484375,2.53125,2.4791666666666665,0.04480377743251368,2,3,3
6e80f55,4,3.078125,3.015625,2.890625,3.0,2.96875,0.05560978256266308,3,3,3
36bc88a,3,3.015625,3.0,3.03125,2.96875,3.0,0.02551551815399144,3,3,3
ca44137,3,2.78125,2.765625,2.78125,2.8125,2.7864583333333335,0.01948779888944761,3,3,3
54215a2,4,2.921875,2.796875,2.78125,2.875,2.8177083333333335,0.04101045767714485,3,3,3
8be72fa,2,1.140625,1.5234375,1.578125,1.4375,1.5130208333333333,0.057880496799200175,2,1,2
83d6879,3,3.203125,3.1875,3.15625,3.109375,3.1510416666666665,0.03210632293213009,3,3,3
94be929,4,3.78125,3.484375,3.421875,3.359375,3.421875,0.05103103630798288,3,4,4
2cde373,3,3.25,3.25,3.359375,3.21875,3.2760416666666665,0.06029081720203243,3,3,3
bc3f487,1,1.28125,1.140625,1.1875,1.1328125,1.1536458333333333,0.024150048165353395,1,1,1
e5c1049,4,4.59375,4.28125,4.25,4.25,4.260416666666667,0.01473139127471974,4,4,4
e965607,3,2.953125,2.859375,2.90625,2.953125,2.90625,0.038273277230987154,3,3,3
f92c697,3,2.484375,2.4375,2.390625,2.53125,2.453125,0.05846339666834283,2,3,3
6603008,4,4.4375,4.375,4.40625,4.375,4.385416666666667,0.01473139127471974,4,5,5
a469ac9,2,1.6796875,1.6328125,1.6875,1.7578125,1.6927083333333333,0.051163757042678386,2,2,2
3fd18bb,4,3.453125,3.46875,3.390625,3.359375,3.40625,0.0459987545121242,3,4,4
41e799c,3,2.546875,2.390625,2.515625,2.5625,2.4895833333333335,0.07254368894366728,2,3,3
18bd3da,3,3.125,3.0625,3.171875,3.078125,3.1041666666666665,0.04830009633070679,3,3,3
20744ab,2,2.59375,2.53125,2.5625,2.5625,2.5520833333333335,0.01473139127471974,3,3,3
e723c40,4,4.5625,4.4375,4.5,4.46875,4.46875,0.02551551815399144,4,5,5
668e285,3,3.390625,3.359375,3.359375,3.328125,3.3489583333333335,0.01473139127471974,3,3,4
6866c66,2,2.125,2.125,2.078125,2.15625,2.1197916666666665,0.03210632293213009,2,2,2
3e80746,2,2.84375,2.515625,2.5,2.59375,2.5364583333333335,0.04101045767714485,3,3,3
a61fb39,1,0.84375,0.79296875,0.71875,0.79296875,0.7682291666666666,0.03498705427745938,1,1,1
0792205,1,0.80078125,0.6640625,0.6875,0.65234375,0.66796875,0.014615849167085708,1,1,1
8274d3b,3,2.5,2.4375,2.34375,2.359375,2.3802083333333335,0.04101045767714485,2,2,3
fd165b2,5,4.40625,4.21875,4.1875,4.28125,4.229166666666667,0.03897559777889522,4,4,4
192755f,4,3.765625,3.234375,3.25,3.265625,3.25,0.01275775907699572,3,3,3
a70540c,4,3.09375,2.984375,3.0,3.0625,3.015625,0.03375385780420761,3,3,3
ed8f0ec,2,2.046875,2.046875,2.015625,2.015625,2.0260416666666665,0.01473139127471974,2,2,2
1e29434,3,2.3125,2.3125,2.328125,2.34375,2.328125,0.01275775907699572,2,2,2
7a4ba63,4,3.0625,2.984375,2.96875,2.9375,2.9635416666666665,0.01948779888944761,3,3,3
2593b36,3,2.8125,2.96875,2.78125,2.890625,2.8802083333333335,0.07690012010538229,3,3,3
bb33eb0,3,3.34375,3.40625,3.375,3.34375,3.375,0.02551551815399144,3,4,4
95abb1a,3,2.578125,2.40625,2.46875,2.5,2.4583333333333335,0.03897559777889522,2,3,3
f64a78b,2,2.4375,2.4375,2.5625,2.375,2.4583333333333335,0.07795119555779044,2,3,3
684e155,2,2.25,2.265625,2.296875,2.21875,2.2604166666666665,0.03210632293213009,2,2,2
4804ff2,2,2.109375,2.125,2.078125,2.15625,2.1197916666666665,0.03210632293213009,2,2,2
c2a1f15,3,2.96875,3.015625,2.953125,2.9375,2.96875,0.03375385780420761,3,3,3
54eb1cc,4,3.1875,3.15625,3.15625,3.171875,3.1614583333333335,0.00736569563735987,3,3,3
7b71e51,3,2.78125,2.625,2.546875,2.640625,2.6041666666666665,0.04101045767714485,3,3,3
ce7d585,5,3.25,2.90625,2.84375,2.984375,2.9114583333333335,0.05752792196451699,3,3,3
f97b5ee,3,2.328125,2.296875,2.171875,2.328125,2.265625,0.06750771560841522,2,2,2
40403c9,5,4.21875,4.15625,4.15625,4.15625,4.15625,0.0,4,4,4
320f87a,1,1.0078125,1.0078125,0.9453125,0.9140625,0.9557291666666666,0.03897559777889522,1,1,1
f373c56,3,3.234375,3.171875,3.3125,3.171875,3.21875,0.06629126073623882,3,3,3
52b970d,2,0.9609375,0.87890625,0.83203125,0.93359375,0.8815104166666666,0.04150358711070111,1,1,1
937d720,5,4.65625,4.59375,4.5,4.5,4.53125,0.04419417382415922,5,5,5
c22fea7,2,1.34375,1.3515625,1.296875,1.359375,1.3359375,0.02780489128133154,1,1,1
a22b36a,3,2.9375,2.875,2.78125,2.796875,2.8177083333333335,0.04101045767714485,3,3,3
dc4b765,4,3.296875,3.1875,3.21875,3.203125,3.203125,0.01275775907699572,3,3,3
bee8305,2,1.8046875,1.71875,1.6953125,1.7265625,1.7135416666666667,0.01327869664998121,2,2,2
23020fe,3,2.125,2.015625,2.125,2.109375,2.0833333333333335,0.04830009633070679,2,2,2
661f303,3,3.625,3.53125,3.53125,3.546875,3.5364583333333335,0.00736569563735987,4,4,4
63b8e3f,6,5.46875,5.375,5.3125,5.34375,5.34375,0.02551551815399144,5,6,6
7be3d5f,3,2.921875,2.90625,2.890625,2.84375,2.8802083333333335,0.02655739329996242,3,3,3
c6c9bf9,3,3.21875,3.15625,3.015625,3.03125,3.0677083333333335,0.06293253111247173,3,3,3
5f65e48,3,2.875,2.859375,2.8125,2.90625,2.859375,0.038273277230987154,3,3,3
215bc41,3,2.453125,2.421875,2.5625,2.53125,2.5052083333333335,0.06029081720203242,3,3,3
b653a84,3,2.21875,2.265625,2.203125,2.171875,2.2135416666666665,0.03897559777889522,2,2,2
9587c8a,2,2.03125,2.09375,2.0,1.90625,2.0,0.07654655446197431,2,2,2
51e8942,2,2.640625,2.234375,2.328125,2.359375,2.3072916666666665,0.05311478659992484,2,2,2
9bf815a,3,2.484375,2.515625,2.359375,2.453125,2.4427083333333335,0.06421264586426018,2,3,3
2ec83d5,3,2.59375,2.4375,2.59375,2.5,2.5104166666666665,0.06421264586426018,3,3,3
e56adc7,4,4.0,3.9375,3.953125,3.984375,3.9583333333333335,0.01948779888944761,4,4,4
6f01026,3,2.953125,3.0,3.125,3.046875,3.0572916666666665,0.05155986946151909,3,3,3
3ef0ccb,2,1.5546875,1.375,1.3359375,1.53125,1.4140625,0.08438464451051901,1,1,1
a9b6b73,2,2.5625,2.4375,2.5,2.46875,2.46875,0.02551551815399144,2,3,3
2b89aad,5,4.25,4.21875,4.15625,4.21875,4.197916666666667,0.02946278254943948,4,4,4
1fea416,3,2.640625,2.78125,2.671875,2.65625,2.703125,0.05560978256266308,3,3,3
7f87a21,2,2.1875,2.3125,2.328125,2.234375,2.2916666666666665,0.04101045767714485,2,2,2
27d8978,2,1.265625,1.1484375,1.2578125,1.1796875,1.1953125,0.0459987545121242,1,1,1
1b0d4bd,4,4.75,4.4375,4.5,4.5625,4.5,0.05103103630798288,5,5,5
6ac4c2a,3,2.65625,2.671875,2.71875,2.796875,2.7291666666666665,0.051559869461519095,3,3,3
1d1227a,3,3.0625,2.953125,3.046875,3.0625,3.0208333333333335,0.04830009633070679,3,3,3
4735bbe,3,1.828125,1.765625,1.7109375,1.71875,1.7317708333333333,0.024150048165353395,2,2,2
7fad7ea,2,2.0,2.078125,1.984375,2.03125,2.03125,0.038273277230987154,2,2,2
2cd8edd,4,3.828125,3.671875,3.671875,3.671875,3.671875,0.0,4,4,4
adbad2a,4,3.265625,3.203125,3.359375,3.296875,3.2864583333333335,0.06421264586426018,3,3,3
b9d2d22,4,3.875,3.9375,3.8125,3.8125,3.8541666666666665,0.05892556509887896,4,4,4
304734e,2,1.4921875,1.46875,1.4453125,1.5234375,1.4791666666666667,0.03273386742181389,1,1,2
e6d3293,3,3.5625,3.53125,3.515625,3.53125,3.5260416666666665,0.00736569563735987,4,4,4
4d2fe46,2,1.5234375,1.3203125,1.46875,1.4453125,1.4114583333333333,0.06515622918331669,1,1,1
a090ddf,2,1.8359375,1.7890625,1.8125,1.8515625,1.8177083333333333,0.025779934730759548,2,2,2
3c603b2,2,2.125,2.203125,2.140625,2.078125,2.140625,0.05103103630798288,2,2,2
d0da668,2,2.046875,2.0625,1.9765625,1.921875,1.9869791666666667,0.057880496799200175,2,2,2
3d6c4db,1,1.578125,1.53125,1.5234375,1.40625,1.4869791666666667,0.057173172916927466,1,1,2
28de37d,3,3.4375,3.328125,3.46875,3.40625,3.4010416666666665,0.05752792196451698,3,4,4
7cfa897,4,3.921875,3.828125,3.90625,3.859375,3.8645833333333335,0.03210632293213009,4,4,4
5c7e6f9,1,1.484375,1.421875,1.421875,1.28125,1.375,0.06629126073623882,1,1,1
d493980,3,3.265625,3.328125,3.359375,3.28125,3.3229166666666665,0.03210632293213009,3,3,3
1c9cce1,4,4.5625,4.40625,4.28125,4.28125,4.322916666666667,0.05892556509887896,4,5,5
789a96e,3,2.921875,2.921875,2.9375,2.890625,2.9166666666666665,0.01948779888944761,3,3,3
204aeb7,3,3.015625,3.0625,2.96875,3.0625,3.03125,0.04419417382415922,3,3,3
099fc28,1,1.703125,1.6875,1.640625,1.6875,1.671875,0.02209708691207961,2,2,2
0ac8051,2,2.296875,2.21875,2.265625,2.09375,2.1927083333333335,0.07254368894366728,2,2,2
1b2bd26,2,1.6640625,1.484375,1.421875,1.4375,1.4479166666666667,0.02655739329996242,1,1,1
e1b8583,2,1.0390625,0.82421875,0.8515625,0.828125,0.8346354166666666,0.012075024082676697,1,1,1
761334f,3,2.96875,2.921875,2.9375,2.828125,2.8958333333333335,0.04830009633070679,3,3,3
1085852,5,4.71875,4.5625,4.5,4.5,4.520833333333333,0.02946278254943948,5,5,5
01ae85f,3,2.671875,2.890625,2.765625,2.78125,2.8125,0.05560978256266308,3,3,3
6e54de4,2,1.78125,1.796875,1.7265625,1.78125,1.7682291666666667,0.03014540860101621,2,2,2
672b3fe,3,3.109375,2.96875,2.96875,3.046875,2.9947916666666665,0.03682847818679935,3,3,3
947e919,1,2.109375,1.7421875,1.765625,1.7109375,1.7395833333333333,0.02240188871625684,2,2,2
4c6fd57,3,3.34375,3.171875,3.171875,3.171875,3.171875,0.0,3,3,3
70b3ce0,2,2.0,1.9453125,1.96875,1.9375,1.9505208333333333,0.01327869664998121,2,2,2
b653f5c,2,2.140625,2.109375,2.109375,2.171875,2.1302083333333335,0.02946278254943948,2,2,2
6e46eb2,5,5.09375,5.0,4.96875,4.9375,4.96875,0.02551551815399144,5,6,6
ca72f67,4,4.34375,4.28125,4.25,4.25,4.260416666666667,0.01473139127471974,4,4,4
7c24696,3,2.5,2.453125,2.5,2.515625,2.4895833333333335,0.02655739329996242,2,3,3
02a059f,4,3.46875,3.328125,3.390625,3.359375,3.359375,0.02551551815399144,3,4,4
06a9e1d,2,1.84375,1.8671875,1.8828125,1.8984375,1.8828125,0.01275775907699572,2,2,2
7adcf3e,2,2.703125,2.59375,2.625,2.59375,2.6041666666666665,0.01473139127471974,3,3,3
127dd08,1,1.015625,0.9140625,0.91796875,0.9140625,0.9153645833333334,0.0018414239093399675,1,1,1
fae3236,1,1.53125,1.4921875,1.640625,1.5,1.5442708333333333,0.06820729611306664,2,1,2
7815231,2,1.4921875,1.3515625,1.4921875,1.4296875,1.4244791666666667,0.05752792196451698,1,1,1
b9f35b8,5,4.78125,4.625,4.5625,4.625,4.604166666666667,0.02946278254943948,5,5,5
4e27e9c,3,3.578125,3.53125,3.53125,3.53125,3.53125,0.0,4,4,4
fcddb16,4,3.4375,3.453125,3.453125,3.4375,3.4479166666666665,0.00736569563735987,3,4,4
6313ae6,3,2.390625,2.40625,2.390625,2.359375,2.3854166666666665,0.01948779888944761,2,2,3
2a7dcac,4,2.984375,2.84375,2.90625,2.953125,2.9010416666666665,0.04480377743251368,3,3,3
e50ee0f,4,3.609375,3.515625,3.484375,3.578125,3.5260416666666665,0.03897559777889522,4,4,4
210fff5,2,2.15625,2.125,2.03125,2.1875,2.1145833333333335,0.06421264586426018,2,2,2
3888966,2,2.140625,2.109375,2.1875,2.234375,2.1770833333333335,0.051559869461519095,2,2,2
6cc752a,4,3.0625,2.875,2.859375,2.859375,2.8645833333333335,0.00736569563735987,3,3,3
32a0d6e,3,2.53125,2.359375,2.53125,2.453125,2.4479166666666665,0.07026425814183354,2,3,3
d617314,4,2.890625,2.59375,2.671875,2.703125,2.65625,0.0459987545121242,3,3,3
0d5876f,3,3.625,3.671875,3.609375,3.59375,3.625,0.03375385780420761,4,4,4
3adfa2e,3,3.1875,3.25,3.25,3.171875,3.2239583333333335,0.03682847818679935,3,3,3
dbbc08b,3,3.140625,3.03125,3.046875,3.078125,3.0520833333333335,0.01948779888944761,3,3,3
9b0dbc0,4,3.1875,3.015625,3.015625,3.09375,3.0416666666666665,0.03682847818679935,3,3,3
be34efd,3,2.34375,2.234375,2.15625,2.1875,2.1927083333333335,0.03210632293213009,2,2,2
7bce53f,2,1.90625,1.9375,1.9609375,1.9375,1.9453125,0.011048543456039806,2,2,2
89155ea,2,2.03125,2.078125,2.03125,2.046875,2.0520833333333335,0.01948779888944761,2,2,2
ca12d21,3,3.34375,3.328125,3.328125,3.40625,3.3541666666666665,0.03682847818679935,3,3,4
6fa61fd,2,1.7890625,1.7578125,1.640625,1.6328125,1.6770833333333333,0.057173172916927466,2,2,2
d35b054,3,2.390625,2.40625,2.328125,2.359375,2.3645833333333335,0.03210632293213009,2,2,3
3684d35,2,1.3125,1.203125,1.3984375,1.2734375,1.2916666666666667,0.08077115843370221,1,1,1
bc078a4,3,3.640625,3.671875,3.71875,3.625,3.671875,0.038273277230987154,4,4,4
78ae718,3,2.203125,2.203125,2.15625,2.234375,2.1979166666666665,0.03210632293213009,2,2,2
8b47ec8,3,2.3125,2.25,2.171875,2.3125,2.2447916666666665,0.05752792196451699,2,2,2
d3b4032,1,1.21875,1.140625,1.125,1.171875,1.1458333333333333,0.01948779888944761,1,1,1
6d94442,2,1.75,1.6953125,1.625,1.6640625,1.6614583333333333,0.02876396098225849,2,2,2
b5c8650,2,2.6875,2.578125,2.546875,2.625,2.5833333333333335,0.03210632293213009,3,3,3
de1769c,1,1.3828125,1.3125,1.3515625,1.34375,1.3359375,0.016876928902103804,1,1,1
443d4cc,2,1.65625,1.6796875,1.765625,1.703125,1.7161458333333333,0.03627184447183364,2,2,2
78f0cbd,3,2.6875,2.625,2.734375,2.71875,2.6927083333333335,0.04830009633070679,3,3,3
c46ad0d,3,2.796875,2.765625,2.8125,2.8125,2.796875,0.02209708691207961,3,3,3
1fac7bc,3,2.34375,2.265625,2.359375,2.40625,2.34375,0.05846339666834283,2,2,3
b1d2f95,4,3.546875,3.3125,3.296875,3.28125,3.296875,0.01275775907699572,3,3,3
0fab210,1,1.4140625,1.28125,1.2734375,1.25,1.2682291666666667,0.01327869664998121,1,1,1
2c70d54,2,1.9453125,2.03125,2.0625,1.9609375,2.0182291666666665,0.042472672995573155,2,2,2
8228980,3,3.21875,3.21875,3.125,3.265625,3.203125,0.05846339666834283,3,3,3
543cd49,2,1.5234375,1.453125,1.453125,1.4140625,1.4401041666666667,0.018414239093399676,1,1,1
80998b6,2,2.609375,2.625,2.609375,2.6875,2.640625,0.03375385780420761,3,3,3
b45e550,2,2.125,2.125,2.125,2.078125,2.109375,0.02209708691207961,2,2,2
09a7f87,3,2.703125,2.65625,2.75,2.734375,2.7135416666666665,0.04101045767714485,3,3,3
13a7cb9,3,3.21875,3.1875,3.25,3.171875,3.203125,0.03375385780420761,3,3,3
cac714f,2,2.765625,2.6875,2.671875,2.703125,2.6875,0.01275775907699572,3,3,3
2fd5695,3,2.53125,2.3125,2.25,2.203125,2.2552083333333335,0.04480377743251368,2,2,2
59c1a55,5,4.46875,4.4375,4.46875,4.375,4.427083333333333,0.03897559777889522,4,5,5
8ad6fdb,4,3.71875,3.71875,3.578125,3.6875,3.6614583333333335,0.06029081720203242,4,4,4
3342947,2,1.625,1.6875,1.734375,1.6328125,1.6848958333333333,0.04150358711070111,2,2,2
91ddfbb,3,3.40625,3.421875,3.421875,3.484375,3.4427083333333335,0.02946278254943948,3,4,4
85fbd81,2,2.71875,2.703125,2.734375,2.703125,2.7135416666666665,0.01473139127471974,3,3,3
f1a14d4,5,4.25,4.1875,4.28125,4.25,4.239583333333333,0.03897559777889522,4,4,4
677371d,4,4.21875,4.125,4.28125,4.1875,4.197916666666667,0.06421264586426018,4,4,4
309eb02,3,3.046875,3.03125,2.953125,2.984375,2.9895833333333335,0.03210632293213009,3,3,3
4f5103a,3,2.765625,2.71875,2.765625,2.78125,2.7552083333333335,0.02655739329996242,3,3,3
188dc58,4,4.40625,4.25,4.28125,4.34375,4.291666666666667,0.03897559777889522,4,4,4
a8da8f4,3,2.796875,2.78125,2.640625,2.78125,2.734375,0.06629126073623882,3,3,3
5de4838,3,2.4375,2.25,2.265625,2.390625,2.3020833333333335,0.06293253111247173,2,2,2
4ce9b89,2,2.171875,1.9765625,2.0,1.875,1.9505208333333333,0.05425173608333245,2,2,2
f14d681,3,3.484375,3.46875,3.4375,3.359375,3.421875,0.0459987545121242,3,4,4
16ea9a9,3,2.796875,2.640625,2.71875,2.765625,2.7083333333333335,0.051559869461519095,3,3,3
79de37d,3,4.0,3.890625,3.78125,3.9375,3.8697916666666665,0.06546773484362778,4,4,4
d0ea34d,3,2.625,2.75,2.65625,2.734375,2.7135416666666665,0.04101045767714485,3,3,3
6a30d2a,4,3.546875,3.421875,3.4375,3.5,3.453125,0.03375385780420761,3,4,4
878c1f5,3,2.984375,2.90625,2.921875,2.9375,2.921875,0.01275775907699572,3,3,3
410ccee,3,3.015625,3.0,2.9375,3.0,2.9791666666666665,0.02946278254943948,3,3,3
1bf0096,2,1.734375,1.6484375,1.6484375,1.625,1.640625,0.011048543456039806,2,2,2
a5e1346,2,2.3125,2.40625,2.34375,2.359375,2.3697916666666665,0.02655739329996242,2,2,3
80a808b,4,3.28125,3.109375,3.171875,3.09375,3.125,0.03375385780420761,3,3,3
cd1bcfa,4,4.65625,4.59375,4.5625,4.53125,4.5625,0.02551551815399144,5,5,5
2f4bcb2,3,3.25,3.265625,3.21875,3.3125,3.265625,0.038273277230987154,3,3,3
596bc3d,4,3.453125,3.734375,3.6875,3.515625,3.6458333333333335,0.09403890669410306,4,4,4
c0dff67,3,3.296875,3.21875,3.25,3.296875,3.2552083333333335,0.03210632293213009,3,3,3
874082c,2,1.9609375,1.8125,1.8203125,1.984375,1.8723958333333333,0.07924543778491114,2,2,2
340e8e8,3,2.46875,2.34375,2.328125,2.359375,2.34375,0.01275775907699572,2,2,3
000d118,3,1.8984375,1.7421875,1.7734375,1.734375,1.75,0.016876928902103804,2,2,2
acfd6bb,3,2.234375,2.125,2.171875,2.140625,2.1458333333333335,0.01948779888944761,2,2,2
6ed964d,4,3.3125,3.234375,3.3125,3.15625,3.234375,0.0637887953849786,3,3,3
c912b38,3,3.1875,3.203125,3.1875,3.15625,3.1822916666666665,0.01948779888944761,3,3,3
d80af93,3,2.96875,2.953125,2.859375,2.890625,2.9010416666666665,0.03897559777889522,3,3,3
cd66471,2,1.4453125,1.3203125,1.421875,1.453125,1.3984375,0.05669672150280532,1,1,1
3f8fdc4,3,3.75,3.578125,3.65625,3.5625,3.5989583333333335,0.04101045767714485,4,4,4
af4c619,3,2.6875,2.703125,2.6875,2.71875,2.703125,0.01275775907699572,3,3,3
fe278e1,4,3.59375,3.640625,3.640625,3.53125,3.6041666666666665,0.051559869461519095,4,4,4
16d2b9e,3,2.171875,2.140625,2.0625,2.125,2.109375,0.03375385780420761,2,2,2
8aff2ab,5,4.03125,3.828125,3.890625,3.84375,3.8541666666666665,0.02655739329996242,4,4,4
4696a0e,3,2.4375,2.484375,2.46875,2.546875,2.5,0.03375385780420761,3,3,3
f14dab1,3,2.46875,2.484375,2.40625,2.484375,2.4583333333333335,0.03682847818679935,2,3,3
82269ec,3,2.6875,2.640625,2.671875,2.65625,2.65625,0.01275775907699572,3,3,3
e8b73b1,3,2.3125,2.171875,2.265625,2.25,2.2291666666666665,0.04101045767714485,2,2,2
f3e53e1,1,0.78515625,0.67578125,0.734375,0.703125,0.7044270833333334,0.023938510821419574,1,1,1
36ac515,2,1.125,1.125,1.015625,1.0078125,1.0494791666666667,0.053496454646286815,1,1,1
8b09ca0,4,3.015625,2.890625,2.875,2.84375,2.8697916666666665,0.01948779888944761,3,3,3
4bda0df,3,3.34375,3.3125,3.328125,3.3125,3.3177083333333335,0.00736569563735987,3,3,3
219799d,3,3.421875,3.34375,3.25,3.453125,3.3489583333333335,0.08300717422140222,3,3,4
06d6248,3,3.234375,3.171875,3.265625,3.21875,3.21875,0.038273277230987154,3,3,3
c5773a4,3,2.546875,2.484375,2.5625,2.59375,2.546875,0.0459987545121242,3,3,3
440ec2c,2,2.171875,1.953125,2.109375,2.15625,2.0729166666666665,0.08684027083610972,2,2,2
b62cbf6,3,2.75,2.78125,2.703125,2.859375,2.78125,0.0637887953849786,3,3,3
608a467,2,2.1875,2.28125,2.21875,2.234375,2.2447916666666665,0.02655739329996242,2,2,2
715c69d,2,1.796875,1.6875,1.75,1.6640625,1.7005208333333333,0.03627184447183364,2,2,2
42b1a61,2,2.078125,1.9921875,1.96875,2.0,1.9869791666666667,0.01327869664998121,2,2,2
b494ee9,1,1.2578125,1.109375,1.109375,1.1171875,1.1119791666666667,0.003682847818679935,1,1,1
2b33aff,2,2.921875,3.03125,2.984375,3.03125,3.015625,0.02209708691207961,3,3,3
297885d,3,2.859375,2.890625,2.859375,2.8125,2.8541666666666665,0.03210632293213009,3,3,3
f7233fb,5,3.703125,3.71875,3.671875,3.71875,3.703125,0.02209708691207961,4,4,4
f275c1c,2,1.8203125,1.7734375,1.8984375,1.796875,1.8229166666666667,0.05425173608333245,2,2,2
5051480,3,3.28125,3.21875,3.28125,3.296875,3.265625,0.03375385780420761,3,3,3
4c03f8b,2,1.78125,1.7265625,1.8359375,1.7734375,1.7786458333333333,0.04480377743251368,2,2,2
caa1ffe,3,3.953125,3.90625,3.9375,3.953125,3.9322916666666665,0.01948779888944761,4,4,4
287e0bd,4,3.53125,3.4375,3.484375,3.4375,3.453125,0.02209708691207961,3,4,4
f473ec0,2,2.453125,2.453125,2.375,2.5,2.4427083333333335,0.051559869461519095,2,3,3
deb6eb4,2,1.46875,1.4375,1.3984375,1.3359375,1.390625,0.04182911042762763,1,1,1
e167bba,4,3.921875,3.875,3.890625,3.875,3.8802083333333335,0.00736569563735987,4,4,4
ebc439f,3,2.71875,2.515625,2.515625,2.578125,2.5364583333333335,0.02946278254943948,3,3,3
9cffcca,2,1.8671875,1.6796875,1.8359375,1.8359375,1.7838541666666667,0.07365695637359869,2,2,2
9059dde,3,3.40625,3.359375,3.390625,3.328125,3.359375,0.02551551815399144,3,4,4
c7d7af9,4,3.984375,3.875,3.859375,3.875,3.8697916666666665,0.00736569563735987,4,4,4
2d0c4b9,2,1.7109375,1.6171875,1.6875,1.6875,1.6640625,0.03314563036811941,2,2,2
53c5224,3,2.453125,2.484375,2.453125,2.453125,2.4635416666666665,0.01473139127471974,2,3,3
8276f14,2,2.28125,2.125,2.1875,2.28125,2.1979166666666665,0.06421264586426018,2,2,2
8ff090e,3,2.078125,2.140625,1.9765625,1.984375,2.0338541666666665,0.07556571941951515,2,2,2
7bf387d,2,1.8125,1.7890625,1.84375,1.75,1.7942708333333333,0.038450060052691144,2,2,2
3b9e890,3,2.84375,2.65625,2.703125,2.734375,2.6979166666666665,0.03210632293213009,3,3,3
c797511,3,3.59375,3.578125,3.453125,3.5,3.5104166666666665,0.05155986946151909,4,4,4
e6cb3aa,3,2.78125,2.90625,2.84375,2.859375,2.8697916666666665,0.02655739329996242,3,3,3
6ae69c0,4,3.875,3.75,3.828125,3.78125,3.7864583333333335,0.03210632293213009,4,4,4
8423e55,2,1.640625,1.609375,1.609375,1.5078125,1.5755208333333333,0.04787702164283915,2,1,2
bbbd6d2,4,3.765625,3.625,3.625,3.640625,3.6302083333333335,0.00736569563735987,4,4,4
55511cd,3,3.515625,3.421875,3.546875,3.5,3.4895833333333335,0.05155986946151909,3,4,4
18ed7e6,3,1.5,1.3671875,1.4140625,1.4140625,1.3984375,0.02209708691207961,1,1,1
b8a868d,2,1.9140625,1.9375,1.875,1.9296875,1.9140625,0.02780489128133154,2,2,2
ecd9d0f,2,2.25,2.234375,2.171875,2.203125,2.203125,0.02551551815399144,2,2,2
3926c2c,2,2.046875,1.9765625,2.0,1.9765625,1.984375,0.011048543456039806,2,2,2
eee329e,1,2.65625,2.65625,2.59375,2.59375,2.6145833333333335,0.02946278254943948,3,3,3
0c560ab,3,2.84375,2.875,2.78125,2.90625,2.8541666666666665,0.05311478659992484,3,3,3
8e38ee2,1,1.203125,1.1328125,1.09375,1.1796875,1.1354166666666667,0.03513212907091677,1,1,1
0bebdc5,3,3.109375,2.828125,2.953125,2.921875,2.9010416666666665,0.05311478659992484,3,3,3
a8b6334,4,3.703125,3.65625,3.71875,3.734375,3.703125,0.03375385780420761,4,4,4
35578be,2,2.734375,2.78125,2.75,2.75,2.7604166666666665,0.01473139127471974,3,3,3
1643f02,3,3.25,3.21875,3.25,3.265625,3.2447916666666665,0.01948779888944761,3,3,3
4b3469e,3,2.671875,2.671875,2.703125,2.59375,2.65625,0.0459987545121242,3,3,3
5cdef55,3,3.578125,3.328125,3.421875,3.4375,3.3958333333333335,0.04830009633070679,3,4,4
b9ecda0,3,3.203125,3.21875,3.078125,3.1875,3.1614583333333335,0.06029081720203242,3,3,3
0cd96ea,1,1.6015625,1.5234375,1.4765625,1.46875,1.4895833333333333,0.024150048165353395,1,1,2
70df38f,3,2.453125,2.359375,2.359375,2.375,2.3645833333333335,0.00736569563735987,2,2,3
1e8c487,4,3.6875,3.65625,3.6875,3.6875,3.6770833333333335,0.01473139127471974,4,4,4
cdc231b,2,2.1875,2.015625,2.09375,2.078125,2.0625,0.03375385780420761,2,2,2
0d5afc5,3,3.546875,3.65625,3.625,3.515625,3.5989583333333335,0.06029081720203243,4,4,4
8e6dafc,3,2.921875,2.859375,2.796875,2.859375,2.8385416666666665,0.02946278254943948,3,3,3
5587a15,3,3.21875,3.140625,3.203125,3.171875,3.171875,0.02551551815399144,3,3,3
eaf37c0,4,3.921875,3.90625,3.921875,3.875,3.9010416666666665,0.01948779888944761,4,4,4
5e0a4eb,1,1.765625,1.6328125,1.6328125,1.5859375,1.6171875,0.02209708691207961,2,2,2
8ad02ca,1,1.34375,1.265625,1.2578125,1.203125,1.2421875,0.02780489128133154,1,1,1
9439b2e,3,1.9765625,1.90625,1.890625,1.9765625,1.9244791666666667,0.03737682316251907,2,2,2
944711c,2,1.5078125,1.4375,1.5703125,1.484375,1.4973958333333333,0.05499664604672624,1,1,2
752b719,2,1.4140625,1.34375,1.3125,1.3984375,1.3515625,0.035516098169234,1,1,1
86b1073,4,4.3125,4.28125,4.28125,4.28125,4.28125,0.0,4,4,4
1c7a00d,3,1.9609375,2.046875,2.015625,2.015625,2.0260416666666665,0.01473139127471974,2,2,2
3b480e0,3,3.09375,3.0625,3.03125,2.984375,3.0260416666666665,0.03210632293213009,3,3,3
95a87d0,3,2.5625,2.4375,2.375,2.515625,2.4427083333333335,0.05752792196451699,2,3,3
e233513,1,2.25,2.15625,2.140625,2.109375,2.1354166666666665,0.01948779888944761,2,2,2
45e746e,3,3.09375,2.9375,3.046875,3.046875,3.0104166666666665,0.051559869461519095,3,3,3
d6d88e1,2,1.828125,1.8671875,1.9375,1.8046875,1.8697916666666667,0.05425173608333245,2,2,2
4ca8ff0,3,2.765625,2.734375,2.796875,2.734375,2.7552083333333335,0.02946278254943948,3,3,3
d3a7bc3,3,3.40625,3.21875,3.265625,3.1875,3.2239583333333335,0.03210632293213009,3,3,3
0fc2a56,3,2.71875,2.453125,2.34375,2.40625,2.4010416666666665,0.04480377743251368,2,3,3
f4da42f,2,2.21875,2.28125,2.25,2.28125,2.2708333333333335,0.01473139127471974,2,2,2
d3ac360,2,2.171875,2.1875,2.15625,2.1875,2.1770833333333335,0.01473139127471974,2,2,2
5fa94d8,4,3.96875,3.984375,3.90625,4.0,3.9635416666666665,0.04101045767714485,4,4,4
71e1055,4,3.71875,3.640625,3.671875,3.65625,3.65625,0.01275775907699572,4,4,4
2873095,2,1.96875,1.90625,1.9921875,1.9296875,1.9427083333333333,0.03627184447183364,2,2,2
9014b2d,3,3.203125,3.140625,3.125,3.25,3.171875,0.05560978256266308,3,3,3
a7b76c2,3,3.03125,3.015625,2.984375,3.125,3.0416666666666665,0.06029081720203243,3,3,3
833118e,6,5.4375,5.40625,5.28125,5.28125,5.322916666666667,0.05892556509887896,5,6,6
5e3d59a,1,1.8046875,1.609375,1.5078125,1.4296875,1.515625,0.07356482756159133,2,1,2
d7a0626,2,1.1796875,1.015625,1.015625,1.09375,1.0416666666666667,0.036828478186799345,1,1,1
ec8c63e,2,2.75,2.71875,2.6875,2.6875,2.6979166666666665,0.01473139127471974,3,3,3
1af31b9,3,2.8125,2.671875,2.65625,2.890625,2.7395833333333335,0.10699290929257363,3,3,3
8402548,2,3.28125,3.359375,3.21875,3.234375,3.2708333333333335,0.06293253111247173,3,3,3
0c3a8a0,2,1.7265625,1.65625,1.640625,1.5625,1.6197916666666667,0.04101045767714485,2,2,2
3c670cf,3,2.53125,2.640625,2.578125,2.671875,2.6302083333333335,0.03897559777889522,3,3,3
60e148b,2,1.90625,1.75,1.7578125,1.84375,1.7838541666666667,0.04247267299557315,2,2,2
7337377,2,2.25,2.296875,2.15625,2.28125,2.2447916666666665,0.06293253111247173,2,2,2
27c512c,4,3.90625,3.671875,3.71875,3.671875,3.6875,0.02209708691207961,4,4,4
3c9291d,4,2.984375,3.0,3.03125,3.03125,3.0208333333333335,0.01473139127471974,3,3,3
17ff7c0,2,3.140625,2.921875,3.046875,3.109375,3.0260416666666665,0.07795119555779044,3,3,3
142c979,2,2.265625,2.03125,2.015625,2.140625,2.0625,0.05560978256266308,2,2,2
c58f3b3,3,3.015625,3.015625,3.03125,3.0,3.015625,0.01275775907699572,3,3,3
0946813,4,3.421875,3.34375,3.34375,3.34375,3.34375,0.0,3,3,4
617c9b4,1,1.296875,1.25,1.1875,1.1796875,1.2057291666666667,0.03146626555623586,1,1,1
20f1ea0,2,2.9375,2.9375,2.953125,2.9375,2.9427083333333335,0.00736569563735987,3,3,3
4204a15,3,3.28125,3.3125,3.28125,3.3125,3.3020833333333335,0.01473139127471974,3,3,3
8b5b48f,1,1.265625,1.21875,1.296875,1.3046875,1.2734375,0.03880120944206078,1,1,1
2caa790,1,0.828125,0.68359375,0.72265625,0.7109375,0.7057291666666666,0.016366933710906945,1,1,1
28cfca6,4,4.15625,4.09375,4.125,4.125,4.114583333333333,0.01473139127471974,4,4,4
769bbc9,2,2.25,2.234375,2.28125,2.421875,2.3125,0.07967217989988726,2,2,2
8abfff9,3,2.640625,2.578125,2.578125,2.5625,2.5729166666666665,0.00736569563735987,3,3,3
2916425,5,4.375,4.25,4.3125,4.3125,4.291666666666667,0.02946278254943948,4,4,4
99b0b02,3,2.234375,2.265625,2.234375,2.234375,2.2447916666666665,0.01473139127471974,2,2,2
cce5898,4,4.75,4.65625,4.71875,4.6875,4.6875,0.02551551815399144,5,5,5
6795492,2,1.7890625,1.8125,1.7109375,1.75,1.7578125,0.04182911042762763,2,2,2
4c6a800,2,1.546875,1.5,1.46875,1.5078125,1.4921875,0.016876928902103804,1,1,2
552b6ba,2,1.921875,1.890625,1.8515625,1.828125,1.8567708333333333,0.025779934730759548,2,2,2
1099610,2,1.484375,1.3984375,1.4140625,1.3515625,1.3880208333333333,0.02655739329996242,1,1,1
9c4d83e,3,2.265625,2.15625,2.15625,2.09375,2.1354166666666665,0.02946278254943948,2,2,2
42f54eb,4,3.453125,3.359375,3.34375,3.328125,3.34375,0.01275775907699572,3,3,4
f2e3cfb,3,3.6875,3.5625,3.53125,3.484375,3.5260416666666665,0.03210632293213009,4,4,4
ce30566,4,2.625,2.4375,2.4375,2.453125,2.4427083333333335,0.00736569563735987,2,3,3
81388a1,3,2.78125,2.84375,2.828125,2.765625,2.8125,0.03375385780420761,3,3,3
b6d1b2a,2,2.546875,2.5,2.5625,2.625,2.5625,0.05103103630798288,3,3,3
6eb9060,3,3.359375,3.25,3.265625,3.28125,3.265625,0.01275775907699572,3,3,3
17d73bb,3,2.765625,2.78125,2.703125,2.640625,2.7083333333333335,0.05752792196451699,3,3,3
85f35d3,3,2.875,2.9375,2.96875,2.90625,2.9375,0.02551551815399144,3,3,3
1a5ce0c,1,1.765625,1.734375,1.7578125,1.7578125,1.75,0.011048543456039806,2,2,2
79f0b51,3,3.625,3.296875,3.375,3.375,3.3489583333333335,0.03682847818679935,3,3,4
a2e903f,2,2.0,1.921875,1.8671875,1.8515625,1.8802083333333333,0.030145408601016215,2,2,2
6e06652,2,2.609375,2.546875,2.359375,2.328125,2.4114583333333335,0.09660019266141358,2,3,3
96e24cc,1,1.8828125,1.7734375,1.7734375,1.7265625,1.7578125,0.02209708691207961,2,2,2
5fc543b,4,3.453125,3.328125,3.296875,3.328125,3.3177083333333335,0.01473139127471974,3,3,3
d863753,2,1.1328125,0.984375,1.0546875,1.1171875,1.0520833333333333,0.05425173608333245,1,1,1
64e21f5,4,3.71875,3.640625,3.625,3.578125,3.6145833333333335,0.02655739329996242,4,4,4
7c41b2c,5,4.28125,4.25,4.15625,4.15625,4.1875,0.04419417382415922,4,4,4
5d64786,2,2.546875,2.453125,2.609375,2.5625,2.5416666666666665,0.06546773484362778,3,3,3
e2c1ac1,2,2.46875,2.421875,2.546875,2.515625,2.4947916666666665,0.05311478659992484,2,3,3
dee4c3c,2,2.078125,2.1875,2.09375,1.9453125,2.0755208333333335,0.09970932145352421,2,2,2
94bb008,1,1.9296875,1.7421875,1.765625,1.75,1.7526041666666667,0.009743899444723805,2,2,2
316583e,4,4.78125,4.6875,4.65625,4.625,4.65625,0.02551551815399144,5,5,5
13daa2a,3,3.65625,3.71875,3.6875,3.625,3.6770833333333335,0.03897559777889522,4,4,4
775de31,5,4.53125,4.40625,4.40625,4.5,4.4375,0.04419417382415922,4,5,5
8c70dbc,4,3.984375,4.0,4.0,3.96875,3.9895833333333335,0.01473139127471974,4,4,4
c4ecf88,4,4.03125,3.953125,3.875,3.90625,3.9114583333333335,0.03210632293213009,4,4,4
517aed3,5,5.0625,4.90625,4.90625,4.9375,4.916666666666667,0.01473139127471974,5,5,6
c61d606,2,2.25,2.296875,2.25,2.234375,2.2604166666666665,0.02655739329996242,2,2,2
241d49c,4,3.5625,3.5625,3.578125,3.484375,3.5416666666666665,0.04101045767714485,4,4,4
c14759b,1,1.0625,0.95703125,1.0078125,0.98046875,0.9817708333333334,0.020751793555350555,1,1,1
0345980,4,3.34375,3.4375,3.453125,3.40625,3.4322916666666665,0.01948779888944761,3,4,4
e4e3d0f,2,1.71875,1.7265625,1.765625,1.65625,1.7161458333333333,0.04525559165880928,2,2,2
bfd1123,3,2.96875,2.796875,2.8125,2.84375,2.8177083333333335,0.01948779888944761,3,3,3
eb1fdc1,2,2.359375,2.421875,2.390625,2.40625,2.40625,0.01275775907699572,2,3,3
b3fe753,1,1.1796875,1.0859375,1.1328125,1.15625,1.125,0.029231698334171417,1,1,1
ecea555,3,3.796875,3.875,3.828125,3.78125,3.828125,0.038273277230987154,4,4,4
1ead4a5,2,1.8828125,1.7890625,1.7421875,1.6875,1.7395833333333333,0.04150358711070111,2,2,2
ddca848,4,4.0625,4.1875,4.09375,4.0625,4.114583333333333,0.05311478659992484,4,4,4
3c56be8,4,3.46875,3.21875,3.265625,3.34375,3.2760416666666665,0.051559869461519095,3,3,3
bc882fe,2,0.71875,0.69140625,0.66015625,0.6171875,0.65625,0.030425316264447715,1,1,1
aaced97,3,2.671875,2.734375,2.5625,2.765625,2.6875,0.08930431353897003,3,3,3
d18a663,4,2.921875,2.984375,2.90625,2.90625,2.9322916666666665,0.03682847818679935,3,3,3
ebbfacd,5,4.65625,4.4375,4.40625,4.4375,4.427083333333333,0.01473139127471974,4,5,5
bceec3e,2,2.484375,2.46875,2.46875,2.609375,2.515625,0.06629126073623882,3,3,3
915416d,2,2.5,2.421875,2.375,2.421875,2.40625,0.02209708691207961,2,3,3
9ee0c20,6,6.15625,5.9375,5.90625,5.8125,5.885416666666667,0.05311478659992484,6,6,6
736b2a8,3,2.375,2.421875,2.390625,2.3125,2.375,0.0459987545121242,2,2,3
b4b4034,4,2.59375,2.46875,2.34375,2.421875,2.4114583333333335,0.05155986946151909,2,3,3
c5400c9,2,1.9296875,1.9296875,1.9453125,1.96875,1.9479166666666667,0.016053161466065044,2,2,2
455a671,4,4.8125,4.65625,4.625,4.6875,4.65625,0.02551551815399144,5,5,5
8907348,4,4.53125,4.4375,4.34375,4.4375,4.40625,0.04419417382415922,4,5,5
32333f3,2,2.765625,2.484375,2.40625,2.390625,2.4270833333333335,0.04101045767714485,2,3,3
ae24b49,4,3.578125,3.578125,3.546875,3.59375,3.5729166666666665,0.01948779888944761,4,4,4
c79938a,2,1.765625,1.7421875,1.6875,1.6640625,1.6979166666666667,0.03273386742181389,2,2,2
a27c28d,3,3.203125,3.078125,3.046875,3.09375,3.0729166666666665,0.01948779888944761,3,3,3
3d4bc2e,3,2.5625,2.515625,2.546875,2.578125,2.546875,0.02551551815399144,3,3,3
bcf3683,4,3.71875,3.59375,3.59375,3.640625,3.609375,0.02209708691207961,4,4,4
f3f84e5,4,3.78125,3.71875,3.78125,3.65625,3.71875,0.05103103630798288,4,4,4
2107217,2,2.140625,2.0625,2.21875,2.125,2.1354166666666665,0.06421264586426018,2,2,2
fd5b5a2,4,4.53125,4.34375,4.40625,4.375,4.375,0.02551551815399144,4,5,5
11e9122,3,2.84375,2.84375,2.6875,2.8125,2.78125,0.06750771560841522,3,3,3
48ff14c,1,1.5625,1.5625,1.578125,1.59375,1.578125,0.01275775907699572,2,1,2
40e315e,3,2.8125,2.8125,2.84375,2.78125,2.8125,0.02551551815399144,3,3,3
1c98fd5,3,3.09375,3.03125,3.171875,3.109375,3.1041666666666665,0.05752792196451698,3,3,3
ba2ac34,3,2.5,2.453125,2.421875,2.46875,2.4479166666666665,0.01948779888944761,2,3,3
3d890b6,2,2.234375,2.15625,2.171875,2.265625,2.1979166666666665,0.04830009633070679,2,2,2
b9b3bdc,2,1.875,1.8046875,1.9453125,1.90625,1.8854166666666667,0.05926982644135959,2,2,2
0ae1dee,4,3.78125,3.734375,3.734375,3.6875,3.71875,0.02209708691207961,4,4,4
e3c6b7b,1,1.046875,0.9296875,0.98828125,0.90234375,0.9401041666666666,0.03584869765087553,1,1,1
d9111ae,2,1.4609375,1.3984375,1.40625,1.3671875,1.390625,0.016876928902103804,1,1,1
d0f2283,3,3.109375,3.0,3.109375,2.96875,3.0260416666666665,0.06029081720203243,3,3,3
79cbb62,4,4.84375,4.65625,4.6875,4.625,4.65625,0.02551551815399144,5,5,5
4ff8278,2,2.328125,2.421875,2.390625,2.359375,2.390625,0.02551551815399144,2,3,3
20af98d,3,3.015625,2.953125,3.0,3.0,2.984375,0.02209708691207961,3,3,3
dd80d9b,5,4.625,4.5625,4.53125,4.5,4.53125,0.02551551815399144,5,5,5
6299beb,2,1.8125,1.8515625,1.8671875,1.8671875,1.8619791666666667,0.00736569563735987,2,2,2
008341a,3,3.015625,3.0,3.171875,3.125,3.0989583333333335,0.07254368894366728,3,3,3
9be8232,4,3.875,3.765625,3.796875,3.75,3.7708333333333335,0.01948779888944761,4,4,4
53469e5,3,2.703125,2.609375,2.65625,2.59375,2.6197916666666665,0.02655739329996242,3,3,3
e42cb67,2,1.53125,1.4296875,1.46875,1.4453125,1.4479166666666667,0.016053161466065044,1,1,1
208907c,1,1.1953125,0.96875,1.078125,0.9921875,1.0130208333333333,0.04701945334705153,1,1,1
654bc3a,1,2.015625,1.9453125,1.875,1.84375,1.8880208333333333,0.04247267299557315,2,2,2
f4c4b8d,3,2.234375,2.078125,2.140625,2.03125,2.0833333333333335,0.04480377743251368,2,2,2
07a2516,3,2.421875,2.484375,2.53125,2.578125,2.53125,0.038273277230987154,3,3,3
e104ebf,2,1.828125,1.828125,1.8671875,1.8671875,1.8541666666666667,0.018414239093399676,2,2,2
d23aa23,3,3.09375,3.078125,3.0625,3.0,3.046875,0.03375385780420761,3,3,3
bcdbb5d,2,2.15625,2.203125,2.171875,2.265625,2.2135416666666665,0.03897559777889522,2,2,2
4bcf5ca,4,4.21875,3.859375,3.78125,3.6875,3.7760416666666665,0.07026425814183354,4,4,4
4c8547d,2,2.78125,2.6875,2.59375,2.703125,2.6614583333333335,0.04830009633070679,3,3,3
9168693,3,2.984375,2.890625,2.921875,2.9375,2.9166666666666665,0.01948779888944761,3,3,3
43147af,3,2.40625,2.359375,2.390625,2.515625,2.421875,0.06750771560841522,2,3,3
58b20f6,2,2.125,2.21875,2.109375,2.1875,2.171875,0.0459987545121242,2,2,2
8ee249b,4,3.9375,3.875,3.890625,3.859375,3.875,0.01275775907699572,4,4,4
8845fa8,2,1.8984375,1.96875,1.9921875,1.9765625,1.9791666666666667,0.009743899444723805,2,2,2
c7ee763,2,2.296875,2.234375,2.21875,2.15625,2.203125,0.03375385780420761,2,2,2
257c46e,4,3.75,3.71875,3.703125,3.796875,3.7395833333333335,0.04101045767714485,4,4,4
1ae83ab,3,3.015625,3.0,2.984375,3.0625,3.015625,0.03375385780420761,3,3,3
7e27e0f,2,2.078125,2.03125,1.9296875,2.015625,1.9921875,0.044652156769485016,2,2,2
63d1e92,4,3.78125,3.765625,3.765625,3.796875,3.7760416666666665,0.01473139127471974,4,4,4
9f5396a,2,1.7109375,1.578125,1.546875,1.4921875,1.5390625,0.035516098169234,2,1,2
d3c55a0,3,3.46875,3.4375,3.328125,3.390625,3.3854166666666665,0.04480377743251368,3,4,4
1b0c156,4,4.375,4.34375,4.28125,4.28125,4.302083333333333,0.02946278254943948,4,4,5
6189c99,4,4.0,4.125,4.03125,4.03125,4.0625,0.04419417382415922,4,4,4
5cfbd1d,2,0.95703125,0.76953125,0.77734375,0.796875,0.78125,0.01149968862803105,1,1,1
3348cd7,4,3.8125,3.765625,3.75,3.671875,3.7291666666666665,0.04101045767714485,4,4,4
2bd315e,2,2.5625,2.4375,2.453125,2.578125,2.4895833333333335,0.06293253111247173,2,3,3
a7f84c4,3,3.453125,3.421875,3.375,3.515625,3.4375,0.05846339666834283,3,4,4
b7108d5,3,2.21875,2.0,2.125,2.21875,2.1145833333333335,0.08960755486502736,2,2,2
91c3f8d,3,2.796875,2.8125,2.828125,2.84375,2.828125,0.01275775907699572,3,3,3
e3f153e,2,1.3125,1.28125,1.3046875,1.296875,1.2942708333333333,0.009743899444723805,1,1,1
51a76e8,4,3.8125,3.796875,3.71875,3.75,3.7552083333333335,0.03210632293213009,4,4,4
417000a,4,3.734375,3.5,3.53125,3.578125,3.5364583333333335,0.03210632293213009,4,4,4
9f0da63,4,3.8125,3.71875,3.75,3.765625,3.7447916666666665,0.01948779888944761,4,4,4
0f8c21d,4,2.921875,2.78125,2.8125,2.828125,2.8072916666666665,0.01948779888944761,3,3,3
884d01c,1,2.15625,1.8828125,1.828125,1.8828125,1.8645833333333333,0.025779934730759548,2,2,2
bf07b8b,3,3.28125,3.3125,3.328125,3.296875,3.3125,0.01275775907699572,3,3,3
bbfbe27,3,3.515625,3.578125,3.546875,3.515625,3.546875,0.02551551815399144,4,4,4
9dd4052,2,2.15625,2.078125,2.140625,2.09375,2.1041666666666665,0.02655739329996242,2,2,2
1608b25,5,4.46875,4.3125,4.34375,4.4375,4.364583333333333,0.05311478659992484,4,5,5
1c3d190,1,1.40625,1.3671875,1.390625,1.3984375,1.3854166666666667,0.01327869664998121,1,1,1
062455d,3,2.578125,2.59375,2.515625,2.671875,2.59375,0.0637887953849786,3,3,3
f8f1b6d,4,3.375,3.34375,3.4375,3.421875,3.4010416666666665,0.04101045767714485,3,4,4
613b483,4,3.8125,3.703125,3.765625,3.78125,3.75,0.03375385780420761,4,4,4
c5e21f4,5,5.59375,5.5625,5.53125,5.5625,5.552083333333333,0.01473139127471974,6,6,6
6ebd28f,3,1.375,1.3046875,1.3125,1.359375,1.3255208333333333,0.024150048165353395,1,1,1
bc187b0,4,3.921875,3.765625,3.75,3.71875,3.7447916666666665,0.01948779888944761,4,4,4
ff8f5bb,3,2.0625,1.859375,1.9453125,1.9609375,1.921875,0.044652156769485016,2,2,2
c2333c4,4,3.015625,3.015625,2.96875,2.984375,2.9895833333333335,0.01948779888944761,3,3,3
3735524,2,2.78125,2.859375,2.890625,2.890625,2.8802083333333335,0.01473139127471974,3,3,3
d046df0,3,4.09375,4.03125,3.984375,4.0,4.005208333333333,0.01948779888944761,4,4,4
4a3b0dc,2,1.40625,1.40625,1.3828125,1.375,1.3880208333333333,0.01327869664998121,1,1,1
eda0755,3,2.28125,2.0625,2.1875,2.09375,2.1145833333333335,0.05311478659992484,2,2,2
300566e,4,3.390625,3.40625,3.328125,3.375,3.3697916666666665,0.03210632293213009,3,4,4
363e205,2,2.171875,2.265625,2.21875,2.203125,2.2291666666666665,0.02655739329996242,2,2,2
36351aa,3,2.6875,2.46875,2.59375,2.59375,2.5520833333333335,0.05892556509887896,3,3,3
6efb0f2,1,1.0078125,0.9296875,0.84765625,0.9296875,0.90234375,0.03866990209613932,1,1,1
3d04367,3,3.78125,3.65625,3.640625,3.625,3.640625,0.01275775907699572,4,4,4
cdcc97e,4,3.828125,3.703125,3.671875,3.78125,3.71875,0.0459987545121242,4,4,4
a4a70c3,3,3.03125,2.5625,2.671875,2.609375,2.6145833333333335,0.04480377743251368,3,3,3
d4db57e,3,2.796875,2.46875,2.578125,2.546875,2.53125,0.0459987545121242,3,3,3
128dd5a,4,3.890625,3.890625,3.875,3.890625,3.8854166666666665,0.00736569563735987,4,4,4
f6d3c54,5,4.375,4.3125,4.3125,4.28125,4.302083333333333,0.01473139127471974,4,4,5
ddeb7ff,2,2.859375,2.765625,2.734375,2.671875,2.7239583333333335,0.03897559777889522,3,3,3
2f1c523,2,2.375,2.453125,2.5,2.375,2.4427083333333335,0.051559869461519095,2,3,3
07122f0,2,3.15625,2.9375,2.953125,2.96875,2.953125,0.01275775907699572,3,3,3
5e1ddbf,2,1.8828125,1.6875,1.7421875,1.765625,1.7317708333333333,0.03273386742181389,2,2,2
bc0bf87,2,2.015625,1.9609375,2.0625,1.96875,1.9973958333333333,0.04614595090278476,2,2,2
42721ba,3,2.859375,2.765625,2.71875,2.8125,2.765625,0.038273277230987154,3,3,3
883fcc4,2,2.046875,2.046875,2.21875,2.125,2.1302083333333335,0.07026425814183354,2,2,2
c9fd0a5,3,2.859375,2.796875,2.734375,2.796875,2.7760416666666665,0.02946278254943948,3,3,3
1cf05de,3,3.125,3.015625,3.125,3.109375,3.0833333333333335,0.04830009633070679,3,3,3
9b16e52,2,2.203125,2.171875,2.171875,2.15625,2.1666666666666665,0.00736569563735987,2,2,2
18cbfcc,3,3.046875,3.015625,3.0625,3.140625,3.0729166666666665,0.051559869461519095,3,3,3
3d64e68,2,1.8203125,1.7578125,1.8671875,1.7578125,1.7942708333333333,0.05155986946151909,2,2,2
08519b2,5,4.34375,4.125,4.15625,4.09375,4.125,0.02551551815399144,4,4,4
5ac97a0,4,2.6875,2.65625,2.625,2.59375,2.625,0.02551551815399144,3,3,3
2a911f5,2,2.28125,2.25,2.234375,2.296875,2.2604166666666665,0.02655739329996242,2,2,2
7210183,3,2.390625,2.328125,2.390625,2.359375,2.359375,0.02551551815399144,2,2,3
f5d62cb,3,3.125,2.984375,2.828125,2.859375,2.890625,0.06750771560841522,3,3,3
158f63a,2,1.90625,1.90625,1.8203125,1.8671875,1.8645833333333333,0.03513212907091677,2,2,2
7835426,4,2.78125,2.765625,2.796875,2.796875,2.7864583333333335,0.01473139127471974,3,3,3
3f8e2ac,2,1.8828125,2.015625,1.953125,1.9375,1.96875,0.03375385780420761,2,2,2
e1490d1,1,0.8984375,0.8515625,0.80859375,0.796875,0.8190104166666666,0.023509726673525765,1,1,1
3662bff,3,3.0,3.015625,2.984375,2.984375,2.9947916666666665,0.01473139127471974,3,3,3
f0a82e3,2,2.390625,2.34375,2.375,2.34375,2.3541666666666665,0.01473139127471974,2,2,3
8f2c255,3,2.3125,2.34375,2.203125,2.25,2.265625,0.05846339666834283,2,2,2
92a2621,4,1.875,1.7109375,1.671875,1.7109375,1.6979166666666667,0.018414239093399676,2,2,2
70509cc,3,3.5,3.5625,3.515625,3.703125,3.59375,0.07967217989988726,4,4,4
7542726,1,0.70703125,0.640625,0.71875,0.6875,0.6822916666666666,0.03210632293213009,1,1,1
e2cd1e4,4,3.609375,3.578125,3.5,3.578125,3.5520833333333335,0.03682847818679935,4,4,4
10ca44e,1,2.09375,1.7265625,1.671875,1.8203125,1.7395833333333333,0.06129480362468656,2,2,2
cbff5cb,4,4.34375,4.28125,4.25,4.3125,4.28125,0.02551551815399144,4,4,4
6fe2b9f,4,2.890625,2.859375,2.890625,2.875,2.875,0.01275775907699572,3,3,3
42caf8b,3,3.546875,3.5625,3.578125,3.546875,3.5625,0.01275775907699572,4,4,4
27215d2,4,4.15625,4.125,4.09375,4.0625,4.09375,0.02551551815399144,4,4,4
59101f7,3,3.265625,3.0625,3.09375,3.0625,3.0729166666666665,0.01473139127471974,3,3,3
3fb5a5f,3,2.4375,2.390625,2.4375,2.453125,2.4270833333333335,0.02655739329996242,2,3,3
6a88483,3,2.78125,2.78125,2.859375,2.859375,2.8333333333333335,0.03682847818679935,3,3,3
5c80a5e,1,2.21875,2.203125,2.234375,2.109375,2.1822916666666665,0.05311478659992484,2,2,2
5d6a802,4,3.90625,3.890625,3.828125,3.84375,3.8541666666666665,0.02655739329996242,4,4,4
02a7530,3,2.875,2.859375,2.8125,2.828125,2.8333333333333335,0.01948779888944761,3,3,3
5080e44,3,3.59375,3.546875,3.5,3.546875,3.53125,0.02209708691207961,4,4,4
92eeb85,3,2.484375,2.34375,2.46875,2.4375,2.4166666666666665,0.05311478659992484,2,3,3
bfd1981,4,3.8125,3.71875,3.765625,3.703125,3.7291666666666665,0.02655739329996242,4,4,4
827c7de,3,2.484375,2.515625,2.5,2.53125,2.515625,0.01275775907699572,3,3,3
deb4eb3,3,3.015625,2.984375,3.03125,2.984375,3.0,0.02209708691207961,3,3,3
5d33f39,4,4.21875,4.25,4.15625,4.1875,4.197916666666667,0.03897559777889522,4,4,4
ecbdf77,4,3.609375,3.59375,3.5,3.5625,3.5520833333333335,0.03897559777889522,4,4,4
68012ae,3,2.859375,2.84375,2.859375,2.859375,2.8541666666666665,0.00736569563735987,3,3,3
af29c9b,3,3.046875,3.0625,3.09375,3.09375,3.0833333333333335,0.01473139127471974,3,3,3
4bfbf8d,3,2.78125,2.796875,2.828125,2.78125,2.8020833333333335,0.01948779888944761,3,3,3
2e1430e,3,2.953125,2.890625,2.90625,2.796875,2.8645833333333335,0.04830009633070679,3,3,3
7de9381,1,0.984375,0.9140625,0.87109375,0.90234375,0.8958333333333334,0.01813592223591682,1,1,1
4d03639,2,2.078125,2.125,2.140625,2.125,2.1302083333333335,0.00736569563735987,2,2,2
9e753f8,4,4.03125,3.921875,3.953125,3.9375,3.9375,0.01275775907699572,4,4,4
af2c054,2,2.125,2.203125,2.125,2.125,2.1510416666666665,0.03682847818679935,2,2,2
5d3b6f8,4,3.46875,3.46875,3.53125,3.53125,3.5104166666666665,0.02946278254943948,4,4,4
59fd54d,1,1.2890625,1.1796875,1.2578125,1.1875,1.2083333333333333,0.03513212907091677,1,1,1
9554d9a,2,1.671875,1.4375,1.5390625,1.53125,1.5026041666666667,0.04614595090278476,2,1,2
da881e9,1,1.171875,1.1484375,1.1328125,1.1328125,1.1380208333333333,0.00736569563735987,1,1,1
2d1abb9,1,1.1328125,1.03125,1.1171875,1.0234375,1.0572916666666667,0.04247267299557315,1,1,1
102db72,4,3.09375,3.09375,3.15625,3.171875,3.140625,0.03375385780420761,3,3,3
e59ae28,3,2.34375,2.234375,2.234375,2.25,2.2395833333333335,0.00736569563735987,2,2,2
9787d80,2,2.28125,2.21875,2.25,2.28125,2.25,0.02551551815399144,2,2,2
201eeec,2,1.59375,1.5078125,1.640625,1.453125,1.5338541666666667,0.07873029405120298,2,1,2
6e2d013,4,3.671875,3.625,3.515625,3.65625,3.5989583333333335,0.06029081720203243,4,4,4
29338c6,5,5.03125,4.96875,4.96875,4.96875,4.96875,0.0,5,6,6
176dd5b,2,1.875,1.7734375,1.9140625,1.8125,1.8333333333333333,0.05926982644135959,2,2,2
0cae471,5,4.28125,4.125,4.1875,4.09375,4.135416666666667,0.03897559777889522,4,4,4
7e4ede0,4,3.984375,3.828125,3.84375,3.859375,3.84375,0.01275775907699572,4,4,4
f711b4b,4,4.15625,3.859375,3.90625,3.890625,3.8854166666666665,0.01948779888944761,4,4,4
da7968c,3,2.140625,2.0,1.9375,1.9609375,1.9661458333333333,0.025779934730759544,2,2,2
58ce1cc,2,2.015625,2.09375,1.9765625,1.9609375,2.0104166666666665,0.0592698264413596,2,2,2
0081f18,3,2.34375,2.296875,2.359375,2.3125,2.3229166666666665,0.02655739329996242,2,2,2
ee76074,3,3.21875,3.03125,3.09375,3.046875,3.0572916666666665,0.02655739329996242,3,3,3
4910896,4,2.953125,2.90625,2.75,2.875,2.84375,0.06750771560841522,3,3,3
0c6c628,2,1.890625,1.859375,1.9453125,1.8671875,1.890625,0.03880120944206078,2,2,2
418f2bf,2,2.5,2.328125,2.453125,2.265625,2.3489583333333335,0.07795119555779044,2,2,3
02c0440,3,2.34375,2.078125,2.1875,2.09375,2.1197916666666665,0.04830009633070679,2,2,2
9cac97c,4,4.1875,4.09375,4.03125,3.96875,4.03125,0.05103103630798288,4,4,4
62ed79a,4,3.71875,3.84375,3.796875,3.71875,3.7864583333333335,0.051559869461519095,4,4,4
84c84a8,3,3.171875,3.109375,3.21875,3.15625,3.1614583333333335,0.04480377743251368,3,3,3
4fd22d9,2,1.3046875,1.2890625,1.203125,1.2265625,1.2395833333333333,0.03627184447183364,1,1,1
94a91d5,5,4.3125,4.21875,4.1875,4.28125,4.229166666666667,0.03897559777889522,4,4,4
e1f6a8f,1,0.76171875,0.6953125,0.69921875,0.7421875,0.7122395833333334,0.021236336497786574,1,1,1
6340303,3,3.015625,3.0625,3.09375,3.125,3.09375,0.02551551815399144,3,3,3
56bf90e,2,1.7578125,1.796875,1.71875,1.78125,1.765625,0.03375385780420761,2,2,2
84f8bd2,2,1.703125,1.7890625,1.703125,1.7578125,1.75,0.035516098169234,2,2,2
3aea5c1,4,3.28125,3.140625,3.171875,3.140625,3.1510416666666665,0.01473139127471974,3,3,3
2148c4b,4,3.75,3.6875,3.703125,3.71875,3.703125,0.01275775907699572,4,4,4
7f1b9d0,3,2.625,2.609375,2.671875,2.6875,2.65625,0.03375385780420761,3,3,3
259ee08,2,2.65625,2.546875,2.625,2.59375,2.5885416666666665,0.03210632293213009,3,3,3
b93c06a,2,2.40625,2.375,2.265625,2.265625,2.3020833333333335,0.051559869461519095,2,2,2
e88655c,3,3.296875,3.1875,3.25,3.1875,3.2083333333333335,0.02946278254943948,3,3,3
1911daf,5,3.859375,3.703125,3.578125,3.671875,3.6510416666666665,0.05311478659992484,4,4,4
e530376,2,1.9140625,1.8359375,1.9453125,1.890625,1.890625,0.044652156769485016,2,2,2
dd170f2,4,4.1875,4.0625,4.03125,4.03125,4.041666666666667,0.01473139127471974,4,4,4
64f2611,3,2.96875,3.125,3.09375,2.984375,3.0677083333333335,0.06029081720203243,3,3,3
5e64b9b,3,2.90625,2.96875,2.84375,2.921875,2.9114583333333335,0.05155986946151909,3,3,3
2d25ccf,1,1.0859375,1.03125,1.0390625,1.0546875,1.0416666666666667,0.009743899444723805,1,1,1
2bd6a10,4,3.5625,3.421875,3.4375,3.53125,3.4635416666666665,0.04830009633070679,3,4,4
8dbc20e,2,1.3515625,1.3203125,1.40625,1.40625,1.3776041666666667,0.040511326005479284,1,1,1
b5937a4,2,1.96875,2.046875,1.9375,2.0,1.9947916666666667,0.04480377743251368,2,2,2
9a46d11,2,1.984375,2.0625,2.078125,2.09375,2.078125,0.01275775907699572,2,2,2
1ef1180,2,1.15625,0.99609375,1.046875,0.9765625,1.0065104166666667,0.0296349132206798,1,1,1
b3f07d4,4,4.0625,4.0625,4.0625,4.09375,4.072916666666667,0.01473139127471974,4,4,4
374a74c,3,2.765625,2.734375,2.796875,2.78125,2.7708333333333335,0.02655739329996242,3,3,3
e42ebd1,3,2.28125,2.34375,2.265625,2.375,2.328125,0.0459987545121242,2,2,2
37dc455,3,2.609375,2.5625,2.65625,2.671875,2.6302083333333335,0.04830009633070679,3,3,3
0b153d1,2,2.703125,2.765625,2.71875,2.71875,2.734375,0.02209708691207961,3,3,3
9ff5651,3,3.03125,3.0,3.03125,3.03125,3.0208333333333335,0.01473139127471974,3,3,3
48907d1,3,2.765625,2.890625,2.9375,2.84375,2.890625,0.038273277230987154,3,3,3
08cec1d,4,5.15625,5.0625,5.0,5.0625,5.041666666666667,0.02946278254943948,5,6,6
21a8d76,5,3.9375,3.9375,3.984375,3.921875,3.9479166666666665,0.02655739329996242,4,4,4
08407fe,2,1.7109375,1.703125,1.75,1.7109375,1.7213541666666667,0.020505228838572424,2,2,2
f30a2b1,4,3.21875,3.015625,2.859375,2.859375,2.9114583333333335,0.07365695637359869,3,3,3
9e49aed,4,3.984375,3.984375,4.03125,4.03125,4.015625,0.02209708691207961,4,4,4
11ab02b,1,1.6171875,1.484375,1.5078125,1.6328125,1.5416666666666667,0.06515622918331669,2,1,2
7bb7223,5,4.09375,3.984375,3.984375,4.0,3.9895833333333335,0.00736569563735987,4,4,4
b1b6428,1,1.546875,1.5390625,1.5703125,1.5703125,1.5598958333333333,0.01473139127471974,2,1,2
952fed2,3,2.96875,2.921875,2.90625,3.0,2.9427083333333335,0.04101045767714485,3,3,3
94428a2,2,2.25,2.109375,2.1875,2.234375,2.1770833333333335,0.051559869461519095,2,2,2
efa3c2e,3,3.25,3.203125,3.21875,3.203125,3.2083333333333335,0.00736569563735987,3,3,3
0033037,2,1.890625,1.8671875,1.984375,1.9375,1.9296875,0.048159484398195125,2,2,2
317fa74,3,3.46875,3.359375,3.359375,3.40625,3.375,0.02209708691207961,3,4,4
ce0be14,2,2.234375,2.109375,2.171875,2.140625,2.140625,0.02551551815399144,2,2,2
2d6ecf2,5,5.0625,5.0,4.9375,4.96875,4.96875,0.02551551815399144,5,6,6
61829ce,3,3.5625,3.4375,3.5,3.46875,3.46875,0.02551551815399144,3,4,4
eb6d8fc,3,2.625,2.640625,2.625,2.625,2.6302083333333335,0.00736569563735987,3,3,3
5e9c6d0,2,2.375,2.40625,2.375,2.421875,2.4010416666666665,0.01948779888944761,2,3,3
fed700f,3,3.359375,3.296875,3.328125,3.28125,3.3020833333333335,0.01948779888944761,3,3,3
941fc37,2,2.125,2.09375,2.0625,2.140625,2.0989583333333335,0.03210632293213009,2,2,2
d926aa2,4,2.875,2.765625,2.796875,2.84375,2.8020833333333335,0.03210632293213009,3,3,3
545a0f3,1,1.2578125,1.171875,1.1796875,1.15625,1.1692708333333333,0.009743899444723805,1,1,1
a52b535,5,4.59375,4.5,4.5625,4.5,4.520833333333333,0.02946278254943948,5,5,5
c4f0bd2,3,2.953125,2.9375,2.890625,2.90625,2.9114583333333335,0.01948779888944761,3,3,3
31ea4a0,3,2.515625,2.53125,2.453125,2.515625,2.5,0.03375385780420761,3,3,3
2101c39,5,4.34375,4.3125,4.25,4.1875,4.25,0.05103103630798288,4,4,4
f7fcd15,3,2.6875,2.640625,2.671875,2.5625,2.625,0.0459987545121242,3,3,3
7b76d55,3,2.765625,2.8125,2.71875,2.8125,2.78125,0.04419417382415922,3,3,3
2606925,2,1.984375,1.9375,1.9765625,1.9765625,1.9635416666666667,0.018414239093399676,2,2,2
fd45453,4,4.0,3.984375,3.96875,3.890625,3.9479166666666665,0.04101045767714485,4,4,4
f92d35c,2,2.3125,2.09375,2.15625,2.15625,2.1354166666666665,0.02946278254943948,2,2,2
ce5f251,4,3.8125,3.671875,3.65625,3.71875,3.6822916666666665,0.02655739329996242,4,4,4
1a10d27,3,3.203125,3.15625,3.15625,3.1875,3.1666666666666665,0.01473139127471974,3,3,3
3982990,3,2.4375,2.328125,2.359375,2.421875,2.3697916666666665,0.03897559777889522,2,2,3
236f38c,4,2.890625,2.75,2.71875,2.78125,2.75,0.02551551815399144,3,3,3
5aa769f,6,5.125,5.03125,5.09375,5.03125,5.052083333333333,0.02946278254943948,5,6,6
2542bb4,4,4.09375,4.09375,4.03125,4.125,4.083333333333333,0.03897559777889522,4,4,4
ce2e7ba,3,2.265625,2.328125,2.328125,2.234375,2.296875,0.04419417382415922,2,2,2
6588df5,2,2.09375,2.078125,1.9765625,1.9375,1.9973958333333333,0.05926982644135959,2,2,2
860245a,1,2.125,2.078125,2.03125,2.140625,2.0833333333333335,0.04480377743251368,2,2,2
108d15e,4,3.3125,3.34375,3.203125,3.25,3.265625,0.05846339666834283,3,3,3
fcac377,3,1.6875,1.640625,1.6796875,1.5703125,1.6302083333333333,0.04525559165880928,2,2,2
b6a062f,2,2.28125,2.171875,2.1875,2.125,2.1614583333333335,0.02655739329996242,2,2,2
c0b28c2,5,4.21875,4.15625,4.1875,4.15625,4.166666666666667,0.01473139127471974,4,4,4
87a984f,3,2.90625,2.875,2.875,2.890625,2.8802083333333335,0.00736569563735987,3,3,3
94d977e,4,3.359375,3.328125,3.390625,3.28125,3.3333333333333335,0.04480377743251368,3,3,3
f2b690b,4,4.0,3.921875,3.828125,3.875,3.875,0.038273277230987154,4,4,4
9176404,3,2.40625,2.484375,2.296875,2.390625,2.390625,0.07654655446197431,2,3,3
746e6d5,1,1.171875,1.0625,1.1015625,1.109375,1.0911458333333333,0.020505228838572424,1,1,1
05592d5,5,4.3125,4.15625,4.125,4.1875,4.15625,0.02551551815399144,4,4,4
05ae003,2,2.21875,1.8984375,1.984375,2.0,1.9609375,0.044652156769485016,2,2,2
f6de3e7,3,2.4375,2.328125,2.4375,2.34375,2.3697916666666665,0.04830009633070679,2,2,3
dc50ee0,3,4.1875,4.0625,4.125,4.09375,4.09375,0.02551551815399144,4,4,4
a993de4,4,4.0625,4.0,3.984375,4.03125,4.005208333333333,0.01948779888944761,4,4,4
888ed54,5,3.984375,3.875,3.90625,3.96875,3.9166666666666665,0.03897559777889522,4,4,4
eb8e2fd,1,0.94140625,0.91015625,0.83203125,0.88671875,0.8763020833333334,0.03273386742181389,1,1,1
bc58d4b,3,3.65625,3.59375,3.609375,3.546875,3.5833333333333335,0.02655739329996242,4,4,4
564b781,3,2.984375,2.96875,2.9375,3.03125,2.9791666666666665,0.03897559777889522,3,3,3
c76391f,2,1.4296875,1.3203125,1.3671875,1.3125,1.3333333333333333,0.024150048165353395,1,1,1
588a4ce,2,2.234375,2.09375,2.234375,2.25,2.1927083333333335,0.07026425814183354,2,2,2
56b0da9,3,3.109375,3.046875,3.046875,3.015625,3.0364583333333335,0.01473139127471974,3,3,3
3417267,4,4.3125,4.21875,4.1875,4.21875,4.208333333333333,0.01473139127471974,4,4,4
244587b,2,2.921875,2.609375,2.5625,2.46875,2.546875,0.05846339666834283,3,3,3
4f796a7,4,3.328125,3.265625,3.359375,3.328125,3.3177083333333335,0.03897559777889522,3,3,3
c48a5bd,4,3.65625,3.484375,3.484375,3.515625,3.4947916666666665,0.01473139127471974,3,4,4
d9f36b2,2,2.84375,2.78125,2.6875,2.765625,2.7447916666666665,0.04101045767714485,3,3,3
b87a989,3,2.625,2.640625,2.609375,2.6875,2.6458333333333335,0.03210632293213009,3,3,3
74b325a,1,1.5625,1.5078125,1.53125,1.5546875,1.53125,0.019136638615493577,2,1,2
f5cc0f2,3,3.09375,3.09375,3.03125,3.078125,3.0677083333333335,0.02655739329996242,3,3,3
f1191c2,1,1.421875,1.4453125,1.4296875,1.375,1.4166666666666667,0.030145408601016215,1,1,1
bc8ea5d,3,2.328125,1.9453125,1.890625,2.078125,1.9713541666666667,0.07873029405120298,2,2,2
986dd49,2,2.234375,2.1875,2.171875,2.171875,2.1770833333333335,0.00736569563735987,2,2,2
9787503,2,2.328125,2.296875,2.140625,2.203125,2.2135416666666665,0.06421264586426018,2,2,2
0e5feb0,4,3.921875,3.75,3.84375,3.765625,3.7864583333333335,0.04101045767714485,4,4,4
071de41,4,4.78125,4.65625,4.6875,4.71875,4.6875,0.02551551815399144,5,5,5
814c6b5,4,3.21875,3.171875,3.140625,3.21875,3.1770833333333335,0.03210632293213009,3,3,3
0ba0a50,4,3.796875,3.796875,3.828125,3.765625,3.796875,0.02551551815399144,4,4,4
d6baaa5,3,3.21875,3.234375,3.15625,3.15625,3.1822916666666665,0.03682847818679935,3,3,3
c445bc3,2,1.59375,1.6328125,1.5625,1.6171875,1.6041666666666667,0.03014540860101621,2,2,2
62a61d6,4,3.8125,3.703125,3.625,3.609375,3.6458333333333335,0.04101045767714485,4,4,4
42e3e86,2,2.171875,2.15625,2.265625,2.328125,2.25,0.071032196338468,2,2,2
4490ec6,3,3.25,3.171875,3.140625,3.078125,3.1302083333333335,0.03897559777889522,3,3,3
309fe3b,4,4.5,4.375,4.1875,4.28125,4.28125,0.07654655446197431,4,4,4
49fb6be,4,3.59375,3.53125,3.5,3.546875,3.5260416666666665,0.01948779888944761,4,4,4
c92bec1,3,3.578125,3.484375,3.484375,3.421875,3.4635416666666665,0.02946278254943948,3,4,4
9846f0c,2,1.890625,1.8046875,1.8046875,1.703125,1.7708333333333333,0.04787702164283915,2,2,2
d852c77,3,2.46875,2.328125,2.328125,2.390625,2.3489583333333335,0.02946278254943948,2,2,3
7f55753,1,1.0234375,0.83984375,0.9296875,0.86328125,0.8776041666666666,0.038051143740110566,1,1,1
8d94b1a,3,2.890625,2.875,2.8125,2.921875,2.8697916666666665,0.04480377743251368,3,3,3
2ff865b,3,2.90625,2.796875,2.734375,2.75,2.7604166666666665,0.02655739329996242,3,3,3
3e11caa,2,2.6875,2.59375,2.59375,2.546875,2.578125,0.02209708691207961,3,3,3
4db787e,2,2.1875,2.234375,2.21875,2.1875,2.2135416666666665,0.01948779888944761,2,2,2
1379de4,2,2.03125,1.8671875,1.9296875,1.8984375,1.8984375,0.02551551815399144,2,2,2
8d3dc6d,2,2.546875,2.484375,2.5,2.4375,2.4739583333333335,0.02655739329996242,2,3,3
d02f43e,3,2.90625,3.015625,3.0,2.921875,2.9791666666666665,0.04101045767714485,3,3,3
94bbf8d,4,3.4375,3.359375,3.40625,3.328125,3.3645833333333335,0.03210632293213009,3,4,4
b9ce947,4,4.4375,4.375,4.3125,4.34375,4.34375,0.02551551815399144,4,5,5
8afd659,3,2.71875,2.578125,2.5625,2.609375,2.5833333333333335,0.01948779888944761,3,3,3
738e445,2,1.0234375,0.8828125,0.9140625,0.8359375,0.8776041666666666,0.03210632293213009,1,1,1
131a126,3,2.671875,2.671875,2.578125,2.75,2.6666666666666665,0.07026425814183354,3,3,3
f9e3c52,5,5.0625,4.71875,4.65625,4.8125,4.729166666666667,0.06421264586426018,5,5,5
a3e45a7,3,2.71875,2.703125,2.625,2.8125,2.7135416666666665,0.07690012010538229,3,3,3
68f3aaa,3,3.078125,3.078125,3.0625,3.09375,3.078125,0.01275775907699572,3,3,3
c104717,3,2.578125,2.53125,2.546875,2.640625,2.5729166666666665,0.04830009633070679,3,3,3
9c8a075,2,1.78125,1.7109375,1.625,1.65625,1.6640625,0.035516098169234,2,2,2
b24cf8e,1,1.3515625,1.203125,1.28125,1.21875,1.234375,0.03375385780420761,1,1,1
9805788,3,2.34375,2.421875,2.296875,2.265625,2.328125,0.06750771560841522,2,2,2
0c047cd,2,1.8203125,1.7109375,1.828125,1.7734375,1.7708333333333333,0.04787702164283915,2,2,2
cc01bbd,4,4.15625,3.875,3.96875,3.90625,3.9166666666666665,0.03897559777889522,4,4,4
09af24e,2,2.6875,2.609375,2.59375,2.578125,2.59375,0.01275775907699572,3,3,3
90c8486,2,2.453125,2.484375,2.40625,2.453125,2.4479166666666665,0.03210632293213009,2,3,3
f7d8f77,3,3.0,2.75,2.796875,2.78125,2.7760416666666665,0.01948779888944761,3,3,3
75ba4ef,3,2.34375,2.421875,2.359375,2.40625,2.3958333333333335,0.02655739329996242,2,3,3
a187d56,4,3.921875,3.6875,3.75,3.71875,3.71875,0.02551551815399144,4,4,4
5aae84f,1,1.6796875,1.578125,1.6953125,1.640625,1.6380208333333333,0.04787702164283915,2,2,2
6048a5c,4,3.734375,3.78125,3.703125,3.765625,3.75,0.03375385780420761,4,4,4
3f19bd4,3,3.28125,3.1875,3.1875,3.328125,3.234375,0.06629126073623882,3,3,3
492fb37,4,4.84375,4.75,4.78125,4.78125,4.770833333333333,0.01473139127471974,5,5,5
e920a01,1,1.1953125,1.1171875,1.1796875,1.0625,1.1197916666666667,0.04787702164283915,1,1,1
7bb72d2,5,4.4375,4.03125,4.0625,4.0,4.03125,0.02551551815399144,4,4,4
d58ff18,4,4.1875,4.09375,4.0,4.0625,4.052083333333333,0.03897559777889522,4,4,4
e26876b,5,5.1875,5.03125,5.0625,5.03125,5.041666666666667,0.01473139127471974,5,6,6
541f93c,5,4.34375,4.1875,4.25,4.28125,4.239583333333333,0.03897559777889522,4,4,4
537796a,2,2.21875,2.0625,2.046875,1.9296875,2.0130208333333335,0.0592698264413596,2,2,2
9b3fd14,5,4.65625,4.53125,4.4375,4.46875,4.479166666666667,0.03897559777889522,4,5,5
5cebc1a,3,3.203125,3.109375,3.15625,3.21875,3.1614583333333335,0.04480377743251368,3,3,3
bd1080f,2,3.734375,3.421875,3.375,3.65625,3.484375,0.12303137303143455,3,4,4
2c8144c,1,1.4453125,1.40625,1.3671875,1.359375,1.3776041666666667,0.020505228838572424,1,1,1
425a1cd,2,1.703125,1.6484375,1.578125,1.6328125,1.6197916666666667,0.03014540860101621,2,2,2
8a44244,2,2.421875,2.421875,2.40625,2.390625,2.40625,0.01275775907699572,2,3,3
a984775,2,2.421875,2.125,2.125,2.03125,2.09375,0.04419417382415922,2,2,2
50ab02f,2,1.890625,1.8046875,1.9140625,1.7890625,1.8359375,0.05560978256266308,2,2,2
1ecaf51,4,4.0625,4.0625,4.125,4.0625,4.083333333333333,0.02946278254943948,4,4,4
7bbbdc7,2,2.046875,2.015625,2.078125,2.140625,2.078125,0.05103103630798288,2,2,2
78b92a0,4,3.828125,3.734375,3.78125,3.78125,3.765625,0.02209708691207961,4,4,4
17fe311,3,2.8125,2.53125,2.671875,2.546875,2.5833333333333335,0.06293253111247173,3,3,3
d9cb4a4,4,4.09375,3.984375,4.0,4.03125,4.005208333333333,0.01948779888944761,4,4,4
ef74c34,3,2.96875,2.96875,2.890625,3.0,2.953125,0.0459987545121242,3,3,3
10444ef,3,1.9140625,1.921875,1.8359375,1.8984375,1.8854166666666667,0.03627184447183364,2,2,2
348647d,3,2.78125,2.8125,2.84375,2.796875,2.8177083333333335,0.01948779888944761,3,3,3
2ba53eb,2,1.890625,1.8515625,1.8046875,1.71875,1.7916666666666667,0.05499664604672624,2,2,2
fa80335,4,2.609375,2.46875,2.484375,2.4375,2.4635416666666665,0.01948779888944761,2,3,3
8538010,1,1.6484375,1.4921875,1.53125,1.4765625,1.5,0.0229993772560621,2,1,2
5b33e2a,4,4.625,4.53125,4.46875,4.59375,4.53125,0.05103103630798288,5,5,5
d6f213f,3,2.75,2.59375,2.5625,2.625,2.59375,0.02551551815399144,3,3,3
0feef16,5,4.25,4.03125,4.09375,4.15625,4.09375,0.05103103630798288,4,4,4
5129a0b,3,3.171875,3.15625,3.21875,3.15625,3.1770833333333335,0.02946278254943948,3,3,3
64d8a72,1,1.53125,1.5234375,1.484375,1.5078125,1.5052083333333333,0.016053161466065044,2,1,2
4cf20cf,3,2.546875,2.5625,2.609375,2.578125,2.5833333333333335,0.01948779888944761,3,3,3
65de009,2,2.3125,2.046875,2.15625,2.265625,2.15625,0.08930431353897003,2,2,2
ff4426e,4,3.328125,3.21875,3.21875,3.21875,3.21875,0.0,3,3,3
d81bdc5,4,3.5625,3.546875,3.609375,3.5,3.5520833333333335,0.04480377743251368,4,4,4
2734a49,3,3.015625,2.90625,3.0625,3.03125,3.0,0.06750771560841522,3,3,3
c060418,4,4.03125,3.921875,3.953125,3.953125,3.9427083333333335,0.01473139127471974,4,4,4
5f4fdc1,4,3.03125,3.015625,3.015625,3.046875,3.0260416666666665,0.01473139127471974,3,3,3
821add8,4,2.84375,2.8125,2.734375,2.859375,2.8020833333333335,0.051559869461519095,3,3,3
b4c9b45,4,2.953125,2.984375,2.859375,2.953125,2.9322916666666665,0.05311478659992484,3,3,3
23d1582,1,1.2109375,0.8984375,1.0078125,0.96875,0.9583333333333334,0.04525559165880929,1,1,1
dc0bb2e,4,4.6875,4.53125,4.5,4.59375,4.541666666666667,0.03897559777889522,5,5,5
d9738d3,6,4.78125,4.65625,4.625,4.71875,4.666666666666667,0.03897559777889522,5,5,5
b5c151d,3,3.578125,3.515625,3.453125,3.546875,3.5052083333333335,0.03897559777889522,4,4,4
f54039b,4,3.625,3.625,3.671875,3.734375,3.6770833333333335,0.04480377743251368,4,4,4
3f662e8,2,3.25,3.140625,3.3125,3.171875,3.2083333333333335,0.07475364632503814,3,3,3
ff982af,2,1.8828125,1.75,1.8671875,1.8359375,1.8177083333333333,0.049547649975105336,2,2,2
1783b9f,2,2.328125,2.390625,2.421875,2.421875,2.4114583333333335,0.01473139127471974,2,3,3
1be7b59,2,2.21875,2.25,2.234375,2.203125,2.2291666666666665,0.01948779888944761,2,2,2
15f3aec,3,2.203125,2.140625,2.171875,2.078125,2.1302083333333335,0.03897559777889522,2,2,2
006d0e1,4,3.90625,3.828125,3.84375,3.890625,3.8541666666666665,0.02655739329996242,4,4,4
2e443f0,3,2.484375,2.390625,2.421875,2.359375,2.390625,0.02551551815399144,2,3,3
07e4b76,3,3.703125,3.75,3.75,3.6875,3.7291666666666665,0.02946278254943948,4,4,4
3022fa6,2,2.234375,2.203125,2.25,2.203125,2.21875,0.02209708691207961,2,2,2
e78ba08,2,0.828125,0.61328125,0.71484375,0.6953125,0.6744791666666666,0.04400194075186407,1,1,1
297822d,3,3.03125,3.109375,3.03125,3.03125,3.0572916666666665,0.03682847818679935,3,3,3
19ea366,3,2.65625,2.578125,2.671875,2.65625,2.6354166666666665,0.04101045767714485,3,3,3
208f29c,2,1.8671875,1.90625,1.765625,1.84375,1.8385416666666667,0.05752792196451698,2,2,2
72d90ad,5,3.828125,3.5,3.53125,3.59375,3.5416666666666665,0.03897559777889522,4,4,4
acd3a8d,3,1.984375,1.9609375,1.9140625,1.96875,1.9479166666666667,0.024150048165353395,2,2,2
fef9414,3,2.40625,2.40625,2.40625,2.453125,2.421875,0.02209708691207961,2,3,3
0c720f3,2,1.953125,1.984375,2.0,1.9140625,1.9661458333333333,0.03737682316251907,2,2,2
3c034ac,3,2.453125,2.390625,2.375,2.34375,2.3697916666666665,0.01948779888944761,2,2,3
ee9afef,2,2.03125,1.9609375,1.9765625,2.078125,2.0052083333333335,0.05195296183140626,2,2,2
53ee71c,2,1.9921875,1.953125,2.03125,1.9296875,1.9713541666666667,0.04342013541805486,2,2,2
8a6e42b,4,3.625,3.515625,3.734375,3.703125,3.6510416666666665,0.09660019266141358,4,4,4
1edbc51,3,2.75,2.75,2.78125,2.796875,2.7760416666666665,0.01948779888944761,3,3,3
4d04b46,3,2.4375,2.421875,2.375,2.421875,2.40625,0.02209708691207961,2,3,3
215e6f7,1,1.109375,1.015625,1.0625,1.0546875,1.0442708333333333,0.020505228838572424,1,1,1
a5b09cd,2,1.6796875,1.640625,1.6875,1.6875,1.671875,0.02209708691207961,2,2,2
da5588c,4,4.9375,4.90625,4.875,4.90625,4.895833333333333,0.01473139127471974,5,5,6
95bdc27,3,2.578125,2.5625,2.640625,2.59375,2.5989583333333335,0.03210632293213009,3,3,3
3f82654,2,1.5234375,1.5,1.4921875,1.484375,1.4921875,0.00637887953849786,1,1,2
3ec8e01,2,2.46875,2.484375,2.375,2.328125,2.3958333333333335,0.06546773484362778,2,3,3
d13ae8e,5,4.6875,4.59375,4.6875,4.78125,4.6875,0.07654655446197431,5,5,5
fc30cc5,3,2.984375,3.015625,2.984375,3.140625,3.046875,0.06750771560841522,3,3,3
c3e0f50,3,2.875,2.765625,2.78125,2.9375,2.828125,0.07760241888412156,3,3,3
dc3d2fe,3,2.53125,2.46875,2.46875,2.34375,2.4270833333333335,0.05892556509887896,2,3,3
c42edb6,3,3.375,3.34375,3.390625,3.40625,3.3802083333333335,0.02655739329996242,3,4,4
b45d486,4,4.40625,4.34375,4.34375,4.40625,4.364583333333333,0.02946278254943948,4,5,5
6bd20d5,3,2.53125,2.5,2.484375,2.546875,2.5104166666666665,0.02655739329996242,3,3,3
e666996,1,1.4765625,1.4453125,1.421875,1.4375,1.4348958333333333,0.009743899444723805,1,1,1
0c5c345,2,2.3125,2.359375,2.21875,2.3125,2.296875,0.05846339666834283,2,2,2
c164c8d,3,2.484375,2.5625,2.546875,2.46875,2.5260416666666665,0.04101045767714485,3,3,3
fc040f4,2,1.4921875,1.4765625,1.3671875,1.5,1.4479166666666667,0.057880496799200175,1,1,1
be11cd7,2,1.84375,1.7265625,1.6796875,1.7890625,1.7317708333333333,0.04480377743251368,2,2,2
ac606b5,2,2.03125,1.984375,2.109375,2.03125,2.0416666666666665,0.05155986946151909,2,2,2
6943ce3,3,2.84375,2.859375,2.84375,2.90625,2.8697916666666665,0.02655739329996242,3,3,3
6d3fda7,2,2.0625,2.0,2.03125,2.03125,2.0208333333333335,0.01473139127471974,2,2,2
79bd60c,2,1.96875,1.9296875,1.8359375,1.9375,1.9010416666666667,0.04614595090278476,2,2,2
33504eb,5,4.71875,4.625,4.5625,4.53125,4.572916666666667,0.03897559777889522,5,5,5
4e1b427,4,4.3125,4.15625,4.15625,4.125,4.145833333333333,0.01473139127471974,4,4,4
c05b975,2,1.6640625,1.6640625,1.6640625,1.71875,1.6822916666666667,0.025779934730759548,2,2,2
f3dce75,2,2.265625,2.28125,2.28125,2.265625,2.2760416666666665,0.00736569563735987,2,2,2
e7396f8,3,2.625,2.65625,2.609375,2.625,2.6302083333333335,0.01948779888944761,3,3,3
3252ee0,3,2.828125,2.890625,2.859375,2.953125,2.9010416666666665,0.03897559777889522,3,3,3
e4e44d7,3,3.359375,3.390625,3.390625,3.390625,3.390625,0.0,3,4,4
b62c722,3,2.546875,2.59375,2.578125,2.421875,2.53125,0.07760241888412156,3,3,3
d61fa9d,3,2.75,2.453125,2.453125,2.6875,2.53125,0.11048543456039805,3,3,3
bd4f4fc,3,2.703125,2.625,2.640625,2.765625,2.6770833333333335,0.06293253111247173,3,3,3
2042022,1,1.953125,1.9921875,1.96875,1.9453125,1.96875,0.019136638615493577,2,2,2
ff0aba9,4,3.984375,3.84375,3.96875,3.859375,3.890625,0.05560978256266308,4,4,4
9727e8b,1,0.796875,0.625,0.59375,0.56640625,0.5950520833333334,0.023938510821419574,1,1,1
db008ce,3,3.546875,3.34375,3.34375,3.359375,3.3489583333333335,0.00736569563735987,3,3,4
903c321,3,3.109375,3.109375,3.15625,3.125,3.1302083333333335,0.01948779888944761,3,3,3
9cdbfeb,2,1.9609375,1.9296875,1.9609375,1.859375,1.9166666666666667,0.04247267299557315,2,2,2
524f91a,4,3.546875,3.515625,3.46875,3.453125,3.4791666666666665,0.02655739329996242,3,4,4
c63c8c8,3,2.59375,2.65625,2.578125,2.671875,2.6354166666666665,0.04101045767714485,3,3,3
ea8d794,3,3.015625,2.984375,2.96875,3.0625,3.0052083333333335,0.04101045767714485,3,3,3
c7e3380,2,2.40625,2.421875,2.46875,2.59375,2.4947916666666665,0.07254368894366728,2,3,3
ff91759,4,3.703125,3.703125,3.765625,3.703125,3.7239583333333335,0.02946278254943948,4,4,4
a9196cd,4,3.734375,3.65625,3.65625,3.734375,3.6822916666666665,0.03682847818679935,4,4,4
c76c83a,3,2.53125,2.484375,2.546875,2.453125,2.4947916666666665,0.03897559777889522,2,3,3
6bc585a,1,0.8671875,0.7734375,0.80859375,0.7890625,0.7903645833333334,0.014381980491129246,1,1,1
f3a1686,2,2.15625,2.234375,2.328125,2.203125,2.2552083333333335,0.05311478659992484,2,2,2
c7e5fc4,2,1.84375,1.7890625,1.75,1.6953125,1.7447916666666667,0.038450060052691144,2,2,2
580a307,3,3.578125,3.5,3.46875,3.5,3.4895833333333335,0.01473139127471974,3,4,4
3a280d9,4,4.03125,3.84375,3.890625,3.859375,3.8645833333333335,0.01948779888944761,4,4,4
4051e5d,4,3.1875,3.1875,3.1875,3.234375,3.203125,0.02209708691207961,3,3,3
e1a6cbe,3,2.375,2.359375,2.34375,2.328125,2.34375,0.01275775907699572,2,2,3
cfdc4d7,3,1.65625,1.671875,1.703125,1.6953125,1.6901041666666667,0.01327869664998121,2,2,2
feac597,3,2.015625,1.890625,2.015625,2.0,1.96875,0.05560978256266308,2,2,2
4ed05bb,3,3.1875,3.21875,3.171875,3.28125,3.2239583333333335,0.04480377743251368,3,3,3
dc5e967,3,3.1875,3.234375,3.203125,3.265625,3.234375,0.02551551815399144,3,3,3
2aee9ae,3,2.5625,2.5,2.453125,2.453125,2.46875,0.02209708691207961,2,3,3
26e8410,4,3.328125,3.25,3.1875,3.15625,3.1979166666666665,0.03897559777889522,3,3,3
e364c29,2,3.078125,2.875,2.9375,2.9375,2.9166666666666665,0.02946278254943948,3,3,3
2e85901,3,1.828125,1.78125,1.828125,1.7578125,1.7890625,0.029231698334171417,2,2,2
439ad10,4,3.390625,3.3125,3.3125,3.21875,3.28125,0.04419417382415922,3,3,3
b5dd327,6,5.78125,5.65625,5.65625,5.59375,5.635416666666667,0.02946278254943948,6,6,6
18869b7,2,2.09375,2.046875,2.125,2.0625,2.078125,0.03375385780420761,2,2,2
8825d32,3,2.5625,2.640625,2.578125,2.578125,2.5989583333333335,0.02946278254943948,3,3,3
bdd685e,2,2.296875,2.40625,2.40625,2.375,2.3958333333333335,0.01473139127471974,2,3,3
df429af,4,3.171875,3.140625,3.109375,3.15625,3.1354166666666665,0.01948779888944761,3,3,3
f821560,5,4.34375,4.34375,4.3125,4.25,4.302083333333333,0.03897559777889522,4,4,5
feec511,3,2.984375,3.0625,3.0625,3.078125,3.0677083333333335,0.00736569563735987,3,3,3
c14ce77,2,1.7578125,1.78125,1.71875,1.640625,1.7135416666666667,0.05752792196451698,2,2,2
e196327,1,0.79296875,0.63671875,0.68359375,0.70703125,0.67578125,0.029231698334171417,1,1,1
4d4448d,3,3.0,3.125,3.078125,3.078125,3.09375,0.02209708691207961,3,3,3
ddf464d,3,2.796875,2.734375,2.609375,2.8125,2.71875,0.08365822085525526,3,3,3
24694b6,2,1.8671875,1.8984375,1.8359375,1.7578125,1.8307291666666667,0.05752792196451698,2,2,2
4e3f7b9,2,2.171875,2.046875,2.15625,2.0,2.0677083333333335,0.06546773484362778,2,2,2
04c4f26,3,2.828125,2.765625,2.78125,2.78125,2.7760416666666665,0.00736569563735987,3,3,3
f8f4fe9,3,3.171875,3.203125,3.09375,3.125,3.140625,0.0459987545121242,3,3,3
10efec8,3,3.0,3.078125,3.015625,3.140625,3.078125,0.05103103630798288,3,3,3
68796bc,4,4.53125,4.5,4.375,4.40625,4.427083333333333,0.05311478659992484,4,5,5
7c6a45f,3,2.46875,2.46875,2.359375,2.46875,2.4322916666666665,0.051559869461519095,2,3,3
e86c998,1,1.5390625,1.4375,1.4375,1.3125,1.3958333333333333,0.05892556509887896,1,1,1
eca2749,1,1.4609375,1.2734375,1.3046875,1.3515625,1.3098958333333333,0.03210632293213009,1,1,1
89034e7,3,3.078125,3.125,3.078125,3.046875,3.0833333333333335,0.03210632293213009,3,3,3
6217c6c,1,1.9921875,1.75,1.7109375,1.7109375,1.7239583333333333,0.018414239093399676,2,2,2
035e3c7,3,3.34375,3.21875,3.15625,3.234375,3.203125,0.03375385780420761,3,3,3
7af3b06,2,3.4375,3.265625,3.265625,3.453125,3.328125,0.08838834764831845,3,3,3
9d3e9d5,2,1.890625,1.6640625,1.5703125,1.6015625,1.6119791666666667,0.03897559777889522,2,2,2
4a3d281,4,4.28125,4.125,4.21875,4.15625,4.166666666666667,0.03897559777889522,4,4,4
359b327,2,2.96875,2.9375,2.921875,2.96875,2.9427083333333335,0.01948779888944761,3,3,3
9d4e141,2,2.546875,2.421875,2.5,2.546875,2.4895833333333335,0.051559869461519095,2,3,3
493f79e,2,1.359375,1.2890625,1.3984375,1.296875,1.328125,0.049820641848200495,1,1,1
eab45cd,2,1.7734375,1.796875,1.7734375,1.7265625,1.765625,0.029231698334171417,2,2,2
5f6e51d,4,3.5625,3.515625,3.53125,3.421875,3.4895833333333335,0.04830009633070679,3,4,4
b040412,2,1.65625,1.59375,1.640625,1.671875,1.6354166666666667,0.03210632293213009,2,2,2
366ba9d,2,3.1875,3.25,3.3125,3.15625,3.2395833333333335,0.06421264586426018,3,3,3
ef64f8d,3,3.15625,2.78125,2.796875,2.9375,2.8385416666666665,0.07026425814183354,3,3,3
574441f,4,3.8125,3.796875,3.75,3.78125,3.7760416666666665,0.01948779888944761,4,4,4
c7aa884,3,2.65625,2.71875,2.671875,2.625,2.671875,0.038273277230987154,3,3,3
981ed9b,4,3.96875,3.921875,3.9375,3.9375,3.9322916666666665,0.00736569563735987,4,4,4
a99aa01,2,2.703125,2.53125,2.59375,2.578125,2.5677083333333335,0.02655739329996242,3,3,3
897534e,5,4.375,4.28125,4.28125,4.3125,4.291666666666667,0.01473139127471974,4,4,4
cb15b48,4,3.109375,3.078125,3.140625,3.078125,3.0989583333333335,0.02946278254943948,3,3,3
9817fb6,4,3.703125,3.734375,3.671875,3.6875,3.6979166666666665,0.02655739329996242,4,4,4
3d9dfb7,3,3.640625,3.46875,3.46875,3.40625,3.4479166666666665,0.02946278254943948,3,4,4
e793127,4,4.25,4.28125,4.28125,4.21875,4.260416666666667,0.02946278254943948,4,4,4
9aaa5b7,4,4.125,3.9375,4.0625,3.96875,3.9895833333333335,0.05311478659992484,4,4,4
f79495b,3,2.40625,2.1875,2.203125,2.25,2.2135416666666665,0.02655739329996242,2,2,2
580d378,2,2.203125,2.15625,2.21875,2.078125,2.1510416666666665,0.05752792196451699,2,2,2
2e0ecaa,3,4.09375,3.734375,3.78125,3.859375,3.7916666666666665,0.051559869461519095,4,4,4
c7c591e,4,3.828125,3.859375,3.78125,3.84375,3.828125,0.03375385780420761,4,4,4
4f6582d,6,5.40625,5.28125,5.25,5.34375,5.291666666666667,0.03897559777889522,5,6,6
d0c3c61,4,4.21875,4.09375,4.03125,4.03125,4.052083333333333,0.02946278254943948,4,4,4
3cd190e,3,3.421875,3.28125,3.421875,3.4375,3.3802083333333335,0.07026425814183354,3,4,4
5f360ee,4,2.921875,2.78125,2.765625,2.828125,2.7916666666666665,0.02655739329996242,3,3,3
a2e75b2,5,4.84375,4.75,4.71875,4.84375,4.770833333333333,0.05311478659992484,5,5,5
2e1f63f,4,3.15625,3.1875,3.1875,3.140625,3.171875,0.02209708691207961,3,3,3
36b4fc8,3,2.84375,2.828125,2.84375,2.78125,2.8177083333333335,0.02655739329996242,3,3,3
1bee451,3,2.71875,2.828125,2.703125,2.765625,2.765625,0.05103103630798288,3,3,3
e22abc7,4,2.65625,2.6875,2.640625,2.640625,2.65625,0.02209708691207961,3,3,3
a7988f2,3,2.9375,2.890625,2.875,2.9375,2.9010416666666665,0.02655739329996242,3,3,3
1549de8,5,4.25,4.0625,4.0625,4.09375,4.072916666666667,0.01473139127471974,4,4,4
55d55f6,3,3.265625,3.28125,3.25,3.203125,3.2447916666666665,0.03210632293213009,3,3,3
36ad5dc,4,3.03125,2.890625,2.84375,2.84375,2.859375,0.02209708691207961,3,3,3
acffe7b,3,2.609375,2.40625,2.53125,2.453125,2.4635416666666665,0.05155986946151909,2,3,3
60e483f,2,1.953125,1.796875,1.890625,1.8828125,1.8567708333333333,0.04247267299557315,2,2,2
184a02e,4,4.65625,4.46875,4.53125,4.4375,4.479166666666667,0.03897559777889522,4,5,5
53483f1,3,3.046875,3.0,3.0625,3.03125,3.03125,0.02551551815399144,3,3,3
e71d471,3,2.40625,2.421875,2.40625,2.25,2.359375,0.07760241888412156,2,2,3
f4c0e9a,4,3.65625,3.609375,3.5625,3.65625,3.609375,0.038273277230987154,4,4,4
0890e40,3,2.03125,1.9296875,1.9921875,1.984375,1.96875,0.02780489128133154,2,2,2
7a31834,3,3.53125,3.46875,3.5625,3.5,3.5104166666666665,0.03897559777889522,4,4,4
df662b3,4,3.828125,3.78125,3.828125,3.828125,3.8125,0.02209708691207961,4,4,4
5738cb1,3,3.65625,3.28125,3.375,3.46875,3.375,0.07654655446197431,3,4,4
ef05158,4,4.0,3.921875,3.953125,3.953125,3.9427083333333335,0.01473139127471974,4,4,4
30720e9,3,3.203125,3.125,3.203125,3.234375,3.1875,0.0459987545121242,3,3,3
6b80d53,2,2.53125,2.578125,2.453125,2.546875,2.5260416666666665,0.05311478659992484,3,3,3
48c86d8,3,3.375,3.359375,3.40625,3.34375,3.3697916666666665,0.02655739329996242,3,4,4
b2c9e39,3,3.109375,2.84375,2.8125,2.875,2.84375,0.02551551815399144,3,3,3
3ff2177,4,4.0,3.890625,3.890625,3.984375,3.921875,0.04419417382415922,4,4,4
f3b4324,2,1.5546875,1.546875,1.46875,1.5546875,1.5234375,0.03880120944206078,2,1,2
2211051,5,4.53125,4.40625,4.25,4.1875,4.28125,0.0919975090242484,4,4,4
a7154f4,5,5.5625,5.375,5.375,5.40625,5.385416666666667,0.01473139127471974,5,6,6
6cd2501,3,3.59375,3.46875,3.515625,3.484375,3.4895833333333335,0.01948779888944761,3,4,4
218d0ed,3,2.171875,2.265625,2.265625,2.296875,2.2760416666666665,0.01473139127471974,2,2,2
97cf8e5,3,3.0625,3.015625,3.125,3.0625,3.0677083333333335,0.04480377743251368,3,3,3
ca698d0,4,3.71875,3.609375,3.5625,3.609375,3.59375,0.02209708691207961,4,4,4
3e1faa5,1,2.390625,2.328125,2.34375,2.3125,2.328125,0.01275775907699572,2,2,2
7771f66,2,1.6875,1.6015625,1.4453125,1.5234375,1.5234375,0.0637887953849786,2,1,2
5283e8c,1,1.4765625,1.421875,1.421875,1.46875,1.4375,0.02209708691207961,1,1,1
10f74e8,1,1.1328125,1.1328125,1.1015625,1.109375,1.1145833333333333,0.01327869664998121,1,1,1
59f5bcf,2,2.046875,2.046875,2.09375,2.03125,2.0572916666666665,0.02655739329996242,2,2,2
6d893ff,4,3.671875,3.5,3.5625,3.53125,3.53125,0.02551551815399144,4,4,4
93745f9,3,2.8125,2.78125,2.6875,2.703125,2.7239583333333335,0.04101045767714485,3,3,3
3dce6b8,3,2.1875,2.171875,2.296875,2.234375,2.234375,0.05103103630798288,2,2,2
cd50393,2,2.921875,2.625,2.796875,2.765625,2.7291666666666665,0.07475364632503814,3,3,3
ffcb061,3,3.28125,3.25,3.203125,3.234375,3.2291666666666665,0.01948779888944761,3,3,3
5b21c38,4,3.40625,3.28125,3.3125,3.328125,3.3072916666666665,0.01948779888944761,3,3,3
5a79f2d,4,2.90625,2.671875,2.625,2.578125,2.625,0.038273277230987154,3,3,3
d8fe8c6,3,2.96875,3.0625,2.9375,3.0625,3.0208333333333335,0.05892556509887896,3,3,3
475637e,5,4.5625,4.4375,4.40625,4.4375,4.427083333333333,0.01473139127471974,4,5,5
3e63dd4,3,2.34375,2.375,2.265625,2.40625,2.3489583333333335,0.06029081720203243,2,2,3
1944ada,5,3.953125,3.859375,3.796875,3.890625,3.8489583333333335,0.03897559777889522,4,4,4
76dc873,2,2.578125,2.703125,2.515625,2.578125,2.5989583333333335,0.07795119555779044,3,3,3
274eaf9,3,4.375,4.4375,4.4375,4.28125,4.385416666666667,0.0736569563735987,4,5,5
a6447b7,2,2.453125,2.171875,2.28125,2.109375,2.1875,0.071032196338468,2,2,2
acc6d52,2,2.5625,2.765625,2.625,2.703125,2.6979166666666665,0.05752792196451698,3,3,3
ec4a337,4,3.484375,3.484375,3.484375,3.515625,3.4947916666666665,0.01473139127471974,3,4,4
7959105,3,2.796875,2.71875,2.6875,2.703125,2.703125,0.01275775907699572,3,3,3
07e11fc,3,3.484375,3.546875,3.484375,3.390625,3.4739583333333335,0.06421264586426018,3,4,4
fe069d3,4,4.21875,4.15625,4.15625,4.03125,4.114583333333333,0.05892556509887896,4,4,4
cd2398d,2,1.78125,1.7265625,1.6328125,1.6640625,1.6744791666666667,0.03897559777889522,2,2,2
2c23e62,4,3.375,3.296875,3.4375,3.265625,3.3333333333333335,0.07475364632503814,3,3,3
5ba4509,3,3.0,3.046875,3.078125,3.0,3.0416666666666665,0.03210632293213009,3,3,3
0bf39e6,3,2.234375,1.703125,1.671875,1.78125,1.71875,0.0459987545121242,2,2,2
b45be45,3,2.1875,2.140625,2.234375,2.1875,2.1875,0.038273277230987154,2,2,2
33b29e8,1,0.72265625,0.5859375,0.578125,0.53515625,0.56640625,0.022326078384742508,1,1,1
dc22ef5,4,3.765625,3.75,3.765625,3.8125,3.7760416666666665,0.02655739329996242,4,4,4
6c27120,2,2.75,2.734375,2.640625,2.65625,2.6770833333333335,0.04101045767714485,3,3,3
a511e3b,3,2.8125,2.875,2.875,2.859375,2.8697916666666665,0.00736569563735987,3,3,3
a95297f,2,3.109375,3.0625,3.140625,3.078125,3.09375,0.03375385780420761,3,3,3
2e091c6,4,1.8984375,1.8125,1.7890625,1.8125,1.8046875,0.011048543456039806,2,2,2
a56c345,4,4.59375,4.4375,4.53125,4.5625,4.510416666666667,0.05311478659992484,5,5,5
bb09a77,2,2.1875,2.21875,2.21875,2.1875,2.2083333333333335,0.01473139127471974,2,2,2
f824156,4,3.8125,3.703125,3.75,3.75,3.734375,0.02209708691207961,4,4,4
7090fb2,3,3.203125,3.125,3.140625,3.21875,3.1614583333333335,0.04101045767714485,3,3,3
62c051c,4,4.0,3.859375,3.9375,3.953125,3.9166666666666665,0.04101045767714485,4,4,4
80f3404,1,1.9609375,1.7578125,1.7734375,1.78125,1.7708333333333333,0.009743899444723805,2,2,2
6641d35,4,3.765625,3.71875,3.734375,3.6875,3.7135416666666665,0.01948779888944761,4,4,4
761f7e9,4,3.859375,3.734375,3.6875,3.796875,3.7395833333333335,0.04480377743251368,4,4,4
e277f2c,5,3.640625,3.59375,3.546875,3.53125,3.5572916666666665,0.02655739329996242,4,4,4
3403e97,2,1.625,1.5546875,1.5703125,1.59375,1.5729166666666667,0.016053161466065044,2,1,2
f89c26e,2,2.359375,2.421875,2.390625,2.34375,2.3854166666666665,0.03210632293213009,2,2,3
91680e1,4,2.9375,2.875,2.890625,2.953125,2.90625,0.03375385780420761,3,3,3
b1b4b79,3,3.671875,3.515625,3.640625,3.53125,3.5625,0.05560978256266308,4,4,4
1839865,2,2.203125,2.1875,2.15625,2.125,2.15625,0.02551551815399144,2,2,2
431933e,3,3.359375,3.3125,3.296875,3.328125,3.3125,0.01275775907699572,3,3,3
81d56c1,5,4.9375,4.625,4.6875,4.71875,4.677083333333333,0.03897559777889522,5,5,5
ed22963,3,2.328125,2.265625,2.234375,2.234375,2.2447916666666665,0.01473139127471974,2,2,2
3b7149a,2,1.90625,1.875,1.859375,1.8125,1.8489583333333333,0.02655739329996242,2,2,2
86befef,2,2.859375,2.71875,2.671875,2.75,2.7135416666666665,0.03210632293213009,3,3,3
8f938f1,2,2.390625,2.296875,2.1875,2.203125,2.2291666666666665,0.04830009633070679,2,2,2
261fd43,4,3.359375,3.265625,3.3125,3.3125,3.296875,0.02209708691207961,3,3,3
49f24e5,5,5.25,5.03125,5.15625,5.15625,5.114583333333333,0.05892556509887896,5,6,6
7e2d45b,3,3.0,3.03125,2.984375,2.9375,2.984375,0.038273277230987154,3,3,3
cf3e46a,3,3.015625,2.96875,3.0,3.015625,2.9947916666666665,0.01948779888944761,3,3,3
7b835c7,2,2.0,1.8671875,1.9609375,1.796875,1.875,0.06720566614877052,2,2,2
c8dc41b,3,2.8125,2.796875,2.703125,2.78125,2.7604166666666665,0.04101045767714485,3,3,3
b849d52,2,2.3125,2.203125,2.25,2.265625,2.2395833333333335,0.02655739329996242,2,2,2
f94730e,2,2.46875,2.515625,2.4375,2.40625,2.453125,0.0459987545121242,2,3,3
c4d3703,2,2.140625,1.890625,1.953125,2.0,1.9479166666666667,0.04480377743251368,2,2,2
c1c0b13,4,3.796875,3.546875,3.515625,3.4375,3.5,0.0459987545121242,4,4,4
801957d,3,2.59375,2.40625,2.4375,2.375,2.40625,0.02551551815399144,2,3,3
98dbc96,3,3.15625,3.125,2.984375,3.078125,3.0625,0.05846339666834283,3,3,3
0967e3f,2,2.125,2.109375,2.171875,2.203125,2.1614583333333335,0.03897559777889522,2,2,2
2e24a93,2,1.7109375,1.5234375,1.5234375,1.4140625,1.4869791666666667,0.05155986946151909,1,1,2
709c659,3,2.890625,2.859375,2.78125,2.8125,2.8177083333333335,0.03210632293213009,3,3,3
a19008a,2,1.6796875,1.5703125,1.53125,1.5546875,1.5520833333333333,0.016053161466065044,2,1,2
b28b002,4,4.0625,4.03125,4.0625,4.0625,4.052083333333333,0.01473139127471974,4,4,4
114187f,2,1.9140625,1.765625,1.7734375,1.65625,1.7317708333333333,0.053496454646286815,2,2,2
bfc8dbd,3,2.984375,2.984375,3.0,2.984375,2.9895833333333335,0.00736569563735987,3,3,3
21da225,2,1.921875,1.9140625,1.90625,1.890625,1.9036458333333333,0.009743899444723805,2,2,2
0d3b8e3,3,2.984375,2.875,2.875,3.046875,2.9322916666666665,0.08102265201095857,3,3,3
eee85a5,1,1.8828125,1.6171875,1.609375,1.703125,1.6432291666666667,0.04247267299557315,2,2,2
84a2d6f,3,3.375,3.28125,3.25,3.296875,3.2760416666666665,0.01948779888944761,3,3,3
24e6877,3,2.875,2.796875,2.859375,2.8125,2.8229166666666665,0.02655739329996242,3,3,3
0c5ec1c,3,3.609375,3.5625,3.578125,3.5625,3.5677083333333335,0.00736569563735987,4,4,4
96c98de,2,2.84375,2.65625,2.609375,2.703125,2.65625,0.038273277230987154,3,3,3
0683ac3,3,3.546875,3.5625,3.53125,3.53125,3.5416666666666665,0.01473139127471974,4,4,4
e2763c4,4,3.90625,3.890625,4.0,3.875,3.921875,0.05560978256266308,4,4,4
b7bb573,2,2.703125,2.671875,2.65625,2.59375,2.640625,0.03375385780420761,3,3,3
f36b244,2,2.421875,2.1875,2.25,2.171875,2.203125,0.03375385780420761,2,2,2
2ba1c54,4,3.953125,3.734375,3.828125,3.828125,3.796875,0.04419417382415922,4,4,4
388e90c,3,2.78125,2.890625,2.859375,2.859375,2.8697916666666665,0.01473139127471974,3,3,3
0163804,4,3.734375,3.65625,3.59375,3.71875,3.65625,0.05103103630798288,4,4,4
9cd6ef9,3,3.28125,3.3125,3.296875,3.265625,3.2916666666666665,0.01948779888944761,3,3,3
40e6472,4,3.53125,3.546875,3.53125,3.546875,3.5416666666666665,0.00736569563735987,4,4,4
50edf08,4,3.8125,3.640625,3.640625,3.671875,3.6510416666666665,0.01473139127471974,4,4,4
d4a6345,2,1.625,1.5234375,1.5546875,1.5,1.5260416666666667,0.02240188871625684,2,1,2
246a61a,4,2.90625,3.03125,2.96875,2.96875,2.9895833333333335,0.02946278254943948,3,3,3
19f4b8e,4,4.21875,4.15625,4.125,4.09375,4.125,0.02551551815399144,4,4,4
ae1199e,4,3.03125,2.671875,2.625,2.53125,2.609375,0.05846339666834283,3,3,3
6e8053a,2,1.734375,1.640625,1.6796875,1.6484375,1.65625,0.016876928902103804,2,2,2
9745863,3,3.53125,3.546875,3.484375,3.5,3.5104166666666665,0.02655739329996242,4,4,4
0dd72fb,4,2.65625,2.625,2.578125,2.625,2.609375,0.02209708691207961,3,3,3
aa4ff63,2,1.703125,1.5234375,1.5703125,1.65625,1.5833333333333333,0.05499664604672624,2,1,2
615ee3d,5,3.453125,3.203125,3.234375,3.15625,3.1979166666666665,0.03210632293213009,3,3,3
b2dbe18,4,3.375,3.359375,3.46875,3.421875,3.4166666666666665,0.04480377743251368,3,4,4
d791bad,4,3.96875,3.765625,3.859375,3.859375,3.828125,0.04419417382415922,4,4,4
30c1119,5,4.3125,4.09375,3.984375,3.875,3.984375,0.08930431353897003,4,4,4
4313920,3,2.25,2.28125,2.359375,2.171875,2.2708333333333335,0.07690012010538229,2,2,2
0f01ab8,3,3.03125,2.984375,2.96875,2.984375,2.9791666666666665,0.00736569563735987,3,3,3
b7d3a07,3,3.359375,3.25,3.328125,3.328125,3.3020833333333335,0.03682847818679935,3,3,3
bf2f973,5,4.9375,4.8125,4.9375,4.8125,4.854166666666667,0.05892556509887896,5,5,6
d0ee225,4,3.796875,3.71875,3.75,3.6875,3.71875,0.02551551815399144,4,4,4
4b35d62,3,2.984375,3.15625,3.03125,3.109375,3.0989583333333335,0.05155986946151909,3,3,3
333e2c7,3,2.328125,2.34375,2.40625,2.421875,2.390625,0.03375385780420761,2,3,3
e937d8f,3,3.328125,3.203125,3.265625,3.25,3.2395833333333335,0.02655739329996242,3,3,3
4f95597,1,0.9453125,0.83203125,0.80078125,0.8828125,0.8385416666666666,0.03380404944204992,1,1,1
71846cc,3,2.359375,2.203125,2.234375,2.203125,2.2135416666666665,0.01473139127471974,2,2,2
4b2ed69,4,3.625,3.53125,3.546875,3.59375,3.5572916666666665,0.02655739329996242,4,4,4
2eeab39,2,1.8515625,1.8671875,1.8125,1.84375,1.8411458333333333,0.02240188871625684,2,2,2
3910d38,2,2.46875,2.484375,2.328125,2.390625,2.4010416666666665,0.06421264586426018,2,3,3
e88318b,4,3.03125,3.046875,3.140625,3.109375,3.0989583333333335,0.03897559777889522,3,3,3
c263424,3,3.4375,3.328125,3.28125,3.28125,3.296875,0.02209708691207961,3,3,3
0f52764,1,1.5546875,1.5,1.578125,1.4609375,1.5130208333333333,0.04871949722361903,2,1,2
0de71cb,4,4.71875,4.71875,4.75,4.71875,4.729166666666667,0.01473139127471974,5,5,5
6220638,2,1.65625,1.578125,1.5390625,1.59375,1.5703125,0.0229993772560621,2,1,2
05b31a1,3,2.890625,2.8125,2.828125,2.859375,2.8333333333333335,0.01948779888944761,3,3,3
a5d517d,3,2.28125,2.203125,2.28125,2.265625,2.25,0.03375385780420761,2,2,2
9b9dd02,5,4.5,4.46875,4.40625,4.5,4.458333333333333,0.03897559777889522,4,5,5
37aae1b,4,4.09375,4.03125,4.0625,4.0625,4.052083333333333,0.01473139127471974,4,4,4
75a3e5b,4,3.203125,3.109375,3.265625,3.234375,3.203125,0.06750771560841522,3,3,3
3fb7516,5,4.46875,4.3125,4.40625,4.28125,4.333333333333333,0.05311478659992484,4,5,5
0a919e5,3,2.9375,2.921875,2.984375,2.90625,2.9375,0.03375385780420761,3,3,3
103c22b,2,1.8203125,1.8125,1.796875,1.7265625,1.7786458333333333,0.03737682316251907,2,2,2
54e4e14,3,3.46875,3.421875,3.34375,3.359375,3.375,0.03375385780420761,3,4,4
7d1e3a3,3,2.5625,2.546875,2.46875,2.515625,2.5104166666666665,0.03210632293213009,3,3,3
5e7b9c2,4,3.765625,3.703125,3.609375,3.640625,3.6510416666666665,0.03897559777889522,4,4,4
225c5ce,4,3.859375,3.890625,3.75,3.765625,3.8020833333333335,0.06293253111247173,4,4,4
a933833,2,1.8125,1.8359375,1.7578125,1.7890625,1.7942708333333333,0.03210632293213009,2,2,2
bca103a,3,2.890625,2.875,2.875,2.984375,2.9114583333333335,0.051559869461519095,3,3,3
f32aed5,2,2.1875,2.1875,2.15625,2.1875,2.1770833333333335,0.01473139127471974,2,2,2
d9c3ff1,5,4.25,4.1875,4.15625,4.1875,4.177083333333333,0.01473139127471974,4,4,4
4451061,3,2.578125,2.578125,2.65625,2.609375,2.6145833333333335,0.03210632293213009,3,3,3
5d56c67,3,2.984375,3.0,3.0625,3.046875,3.0364583333333335,0.02655739329996242,3,3,3
1b3b9bf,3,2.796875,2.78125,2.84375,2.828125,2.8177083333333335,0.02655739329996242,3,3,3
a8621aa,4,4.0625,4.15625,4.0625,4.0625,4.09375,0.04419417382415922,4,4,4
5d65b58,3,3.34375,3.390625,3.3125,3.40625,3.3697916666666665,0.04101045767714485,3,4,4
2997d0c,4,3.21875,3.15625,3.34375,3.25,3.25,0.07654655446197431,3,3,3
e217305,2,2.078125,2.0625,2.15625,2.03125,2.0833333333333335,0.05311478659992484,2,2,2
0e7154c,3,2.984375,3.015625,3.0625,3.0625,3.046875,0.02209708691207961,3,3,3
80dd74e,2,1.609375,1.5390625,1.609375,1.59375,1.5807291666666667,0.03014540860101621,2,1,2
fed3c1f,5,4.90625,4.84375,4.8125,4.84375,4.833333333333333,0.01473139127471974,5,5,6
ce42bad,2,3.578125,3.46875,3.390625,3.375,3.4114583333333335,0.04101045767714485,3,4,4
0514ba2,3,2.59375,2.40625,2.4375,2.453125,2.4322916666666665,0.01948779888944761,2,3,3
f521345,3,1.9765625,1.9375,1.828125,1.7421875,1.8359375,0.07992713152720211,2,2,2
2e0b133,3,2.84375,2.734375,2.75,2.71875,2.734375,0.01275775907699572,3,3,3
cb2fcde,3,2.21875,2.265625,2.15625,2.15625,2.1927083333333335,0.051559869461519095,2,2,2
29fb0d0,4,3.609375,3.53125,3.46875,3.515625,3.5052083333333335,0.02655739329996242,4,4,4
3a035fb,3,2.234375,2.1875,2.109375,2.140625,2.1458333333333335,0.03210632293213009,2,2,2
6119fea,3,2.375,2.328125,2.359375,2.296875,2.328125,0.02551551815399144,2,2,2
ab410e4,1,2.0625,2.171875,2.046875,2.140625,2.1197916666666665,0.05311478659992484,2,2,2
8c39899,3,3.0,2.9375,3.046875,3.015625,3.0,0.0459987545121242,3,3,3
f64b2f4,3,3.8125,3.71875,3.71875,3.65625,3.6979166666666665,0.02946278254943948,4,4,4
4afe435,4,3.234375,3.125,3.21875,3.140625,3.1614583333333335,0.04101045767714485,3,3,3
6b1c3b0,3,2.453125,2.515625,2.46875,2.484375,2.4895833333333335,0.01948779888944761,2,3,3
6fda4ad,3,1.71875,1.5390625,1.5078125,1.6328125,1.5598958333333333,0.05311478659992484,2,1,2
d3899c9,4,3.640625,3.609375,3.609375,3.625,3.6145833333333335,0.00736569563735987,4,4,4
b1bceaf,2,2.265625,2.125,2.125,2.21875,2.15625,0.04419417382415922,2,2,2
1b58375,3,2.46875,2.296875,2.1875,2.1875,2.2239583333333335,0.051559869461519095,2,2,2
c4ae4af,2,1.3203125,1.328125,1.265625,1.3359375,1.3098958333333333,0.03146626555623586,1,1,1
1430d38,3,2.71875,2.5625,2.5,2.5,2.5208333333333335,0.02946278254943948,3,3,3
6bd256c,4,2.890625,2.8125,2.78125,2.75,2.78125,0.02551551815399144,3,3,3
f083f08,3,2.875,2.9375,2.875,2.96875,2.9270833333333335,0.03897559777889522,3,3,3
1d8e8c7,5,5.125,5.0625,5.0,5.03125,5.03125,0.02551551815399144,5,6,6
fecd35f,3,2.046875,2.0625,2.171875,2.0,2.078125,0.071032196338468,2,2,2
728d1cc,3,2.8125,2.515625,2.515625,2.578125,2.5364583333333335,0.02946278254943948,3,3,3
d1990dd,3,2.546875,2.515625,2.515625,2.484375,2.5052083333333335,0.01473139127471974,3,3,3
72af48d,2,1.8984375,1.8515625,2.015625,1.875,1.9140625,0.07245014449606019,2,2,2
65e8a2e,2,1.65625,1.4921875,1.46875,1.484375,1.4817708333333333,0.009743899444723805,1,1,2
1d9859e,2,2.125,2.046875,2.0625,2.125,2.078125,0.03375385780420761,2,2,2
1bbd2aa,4,4.25,4.03125,4.1875,4.0625,4.09375,0.06750771560841522,4,4,4
48b771c,5,4.78125,4.71875,4.65625,4.625,4.666666666666667,0.03897559777889522,5,5,5
3f27618,3,2.78125,2.671875,2.59375,2.59375,2.6197916666666665,0.03682847818679935,3,3,3
c90ba1a,3,2.5625,2.5,2.5625,2.5,2.5208333333333335,0.02946278254943948,3,3,3
ae3c7be,3,1.96875,1.828125,1.921875,1.9453125,1.8984375,0.05063078670631141,2,2,2
c2f586f,4,3.8125,3.765625,3.75,3.765625,3.7604166666666665,0.00736569563735987,4,4,4
4371a14,2,2.6875,2.765625,2.796875,2.78125,2.78125,0.01275775907699572,3,3,3
68814ce,3,2.6875,2.453125,2.578125,2.421875,2.484375,0.06750771560841522,2,3,3
266c5f7,2,1.828125,1.75,1.84375,1.734375,1.7760416666666667,0.04830009633070679,2,2,2
90e7cdf,3,2.921875,2.859375,2.8125,2.71875,2.796875,0.05846339666834283,3,3,3
b23c02c,6,5.15625,5.0625,5.0625,5.09375,5.072916666666667,0.01473139127471974,5,6,6
7c00e6a,3,2.328125,2.28125,2.265625,2.296875,2.28125,0.01275775907699572,2,2,2
50b6c97,3,2.90625,2.953125,2.828125,2.953125,2.9114583333333335,0.05892556509887896,3,3,3
9b119ed,4,3.6875,3.6875,3.640625,3.640625,3.65625,0.02209708691207961,4,4,4
a38244e,3,3.015625,3.0,3.03125,2.953125,2.9947916666666665,0.03210632293213009,3,3,3
8520c0b,3,2.53125,2.4375,2.453125,2.46875,2.453125,0.01275775907699572,2,3,3
48cb4cd,2,2.09375,2.0,2.03125,2.046875,2.0260416666666665,0.01948779888944761,2,2,2
6162b21,3,2.453125,2.5,2.515625,2.53125,2.515625,0.01275775907699572,3,3,3
4c12021,3,2.3125,2.3125,2.34375,2.328125,2.328125,0.01275775907699572,2,2,2
9507ed0,1,0.68359375,0.62890625,0.609375,0.6796875,0.6393229166666666,0.029634913220679796,1,1,1
03ce0a7,4,3.359375,3.25,3.25,3.25,3.25,0.0,3,3,3
c1ffeb5,6,5.40625,5.28125,5.3125,5.25,5.28125,0.02551551815399144,5,6,6
389c7bf,4,3.125,3.078125,3.09375,3.046875,3.0729166666666665,0.01948779888944761,3,3,3
4c51970,3,2.484375,2.34375,2.25,2.328125,2.3072916666666665,0.04101045767714485,2,2,2
c98f82e,3,3.21875,3.0625,3.078125,3.1875,3.109375,0.05560978256266308,3,3,3
6ef582f,2,1.75,1.7578125,1.7109375,1.71875,1.7291666666666667,0.020505228838572424,2,2,2
30055de,3,3.15625,3.125,3.15625,3.171875,3.1510416666666665,0.01948779888944761,3,3,3
ebdbc6b,2,2.40625,2.34375,2.265625,2.421875,2.34375,0.0637887953849786,2,2,3
c2a9c8b,3,3.296875,3.3125,3.328125,3.375,3.3385416666666665,0.02655739329996242,3,3,3
0882383,3,3.0,2.90625,2.921875,2.90625,2.9114583333333335,0.00736569563735987,3,3,3
235fab2,4,3.265625,3.28125,3.28125,3.28125,3.28125,0.0,3,3,3
64884d6,4,3.59375,3.640625,3.546875,3.578125,3.5885416666666665,0.03897559777889522,4,4,4
8440e18,3,3.4375,3.4375,3.328125,3.390625,3.3854166666666665,0.04480377743251368,3,4,4
dd3e34b,3,3.40625,3.21875,3.359375,3.328125,3.3020833333333335,0.06029081720203242,3,3,3
80f1d45,3,2.59375,2.5,2.53125,2.609375,2.546875,0.0459987545121242,3,3,3
632016d,2,2.28125,2.296875,2.265625,2.296875,2.2864583333333335,0.01473139127471974,2,2,2
5aa1385,2,2.78125,2.8125,2.734375,2.640625,2.7291666666666665,0.07026425814183354,3,3,3
2a447bd,3,1.5234375,1.28125,1.3203125,1.1796875,1.2604166666666667,0.05926982644135959,1,1,1
dde0bcf,6,4.53125,4.375,4.46875,4.46875,4.4375,0.04419417382415922,4,5,5
5d628ad,2,1.5546875,1.5078125,1.515625,1.5078125,1.5104166666666667,0.003682847818679935,2,1,2
fb3b110,5,5.25,4.9375,5.0,4.9375,4.958333333333333,0.02946278254943948,5,6,6
b1686af,2,2.140625,2.125,2.15625,2.09375,2.125,0.02551551815399144,2,2,2
3502893,2,1.9921875,1.9375,1.9375,1.875,1.9166666666666667,0.02946278254943948,2,2,2
00d576b,1,2.71875,2.390625,2.484375,2.390625,2.421875,0.04419417382415922,2,3,3
a3ea1a6,4,3.4375,3.40625,3.375,3.421875,3.4010416666666665,0.01948779888944761,3,4,4
652db13,3,3.203125,3.234375,3.171875,3.1875,3.1979166666666665,0.02655739329996242,3,3,3
e0fba9c,2,1.8203125,1.6796875,1.59375,1.53125,1.6015625,0.06085063252889543,2,2,2
90ea4f5,3,2.515625,2.515625,2.53125,2.546875,2.53125,0.01275775907699572,3,3,3
1a8f50e,2,2.390625,2.34375,2.328125,2.25,2.3072916666666665,0.04101045767714485,2,2,2
8d678bc,4,4.25,4.21875,4.15625,4.21875,4.197916666666667,0.02946278254943948,4,4,4
84a1b1a,1,2.28125,1.6953125,1.6875,1.7578125,1.7135416666666667,0.03146626555623586,2,2,2
dcbba07,2,1.9140625,1.7265625,1.78125,1.6953125,1.734375,0.035516098169234,2,2,2
632e02a,1,0.98828125,0.90625,0.91015625,0.96875,0.9283854166666666,0.028586586458463733,1,1,1
2be1641,3,4.125,4.03125,4.09375,4.125,4.083333333333333,0.03897559777889522,4,4,4
9223aaa,2,2.015625,2.0,1.9296875,2.078125,2.0026041666666665,0.06062732670220217,2,2,2
b5c7c78,4,4.59375,4.4375,4.4375,4.40625,4.427083333333333,0.01473139127471974,4,5,5
db30849,4,3.34375,3.25,3.28125,3.234375,3.2552083333333335,0.01948779888944761,3,3,3
bf903ae,4,3.53125,3.546875,3.484375,3.5,3.5104166666666665,0.02655739329996242,4,4,4
290f452,3,3.09375,2.796875,2.765625,2.8125,2.7916666666666665,0.01948779888944761,3,3,3
f3c0613,2,2.25,2.21875,2.234375,2.203125,2.21875,0.01275775907699572,2,2,2
c9670b6,2,1.9609375,1.890625,1.921875,1.96875,1.9270833333333333,0.03210632293213009,2,2,2
e4b6025,3,2.0625,2.15625,2.078125,2.0625,2.0989583333333335,0.04101045767714485,2,2,2
c762f49,2,2.21875,2.25,2.1875,2.328125,2.2552083333333335,0.05752792196451699,2,2,2
c5b8da8,4,4.03125,3.765625,3.609375,3.703125,3.6927083333333335,0.06421264586426018,4,4,4
488a448,2,1.1015625,1.0625,1.0546875,1.0546875,1.0572916666666667,0.003682847818679935,1,1,1
e9848b4,4,3.484375,3.421875,3.40625,3.40625,3.4114583333333335,0.00736569563735987,3,4,4
919933a,1,1.2421875,1.1328125,1.0859375,1.1640625,1.1276041666666667,0.03210632293213009,1,1,1
319d071,1,2.203125,2.09375,2.125,2.125,2.1145833333333335,0.01473139127471974,2,2,2
f32e6b9,3,3.078125,3.0,3.03125,3.078125,3.0364583333333335,0.03210632293213009,3,3,3
f9b899d,1,1.203125,1.1953125,1.21875,1.203125,1.2057291666666667,0.009743899444723805,1,1,1
6203d5a,3,2.953125,2.921875,2.953125,3.03125,2.96875,0.0459987545121242,3,3,3
f13820a,1,1.8203125,1.8125,1.7890625,1.7265625,1.7760416666666667,0.03627184447183364,2,2,2
c9b1df1,2,2.765625,2.796875,2.828125,2.75,2.7916666666666665,0.03210632293213009,3,3,3
bac389a,3,3.21875,3.265625,3.21875,3.25,3.2447916666666665,0.01948779888944761,3,3,3
931a807,3,2.296875,2.484375,2.453125,2.46875,2.46875,0.01275775907699572,2,3,3
6ebd8ca,3,2.015625,1.7578125,1.8515625,1.765625,1.7916666666666667,0.04247267299557315,2,2,2
2cca23b,2,2.0,1.9765625,1.671875,1.8125,1.8203125,0.12451076133210334,2,2,2
fa4067f,3,2.84375,2.78125,2.734375,2.765625,2.7604166666666665,0.01948779888944761,3,3,3
1b826b9,4,3.53125,3.484375,3.421875,3.453125,3.453125,0.02551551815399144,3,4,4
308d061,3,3.78125,3.78125,3.75,3.75,3.7604166666666665,0.01473139127471974,4,4,4
7e60dc6,4,3.5,3.515625,3.46875,3.484375,3.4895833333333335,0.01948779888944761,3,4,4
18d3320,4,4.53125,4.40625,4.375,4.4375,4.40625,0.02551551815399144,4,5,5
39a9978,3,2.65625,2.625,2.609375,2.546875,2.59375,0.03375385780420761,3,3,3
a5a15b6,2,2.71875,2.46875,2.5,2.40625,2.4583333333333335,0.03897559777889522,2,3,3
b109c0d,3,2.921875,2.84375,2.96875,2.984375,2.9322916666666665,0.06293253111247173,3,3,3
1cc6be8,4,3.59375,3.59375,3.5,3.484375,3.5260416666666665,0.04830009633070679,4,4,4
744604b,4,3.15625,2.8125,2.875,2.78125,2.8229166666666665,0.03897559777889522,3,3,3
cff70d1,3,2.453125,2.328125,2.28125,2.375,2.328125,0.038273277230987154,2,2,2
f3b3d3b,4,4.0625,4.0625,4.03125,4.0,4.03125,0.02551551815399144,4,4,4
34ff174,3,2.421875,2.328125,2.3125,2.390625,2.34375,0.03375385780420761,2,2,3
15dc62e,4,3.078125,3.0625,3.109375,3.046875,3.0729166666666665,0.02655739329996242,3,3,3
6e0cafb,3,1.8125,1.9609375,1.9140625,1.96875,1.9479166666666667,0.024150048165353395,2,2,2
ec6b6c1,2,2.390625,2.34375,2.4375,2.375,2.3854166666666665,0.03897559777889522,2,2,3
0df2499,1,1.5234375,1.3828125,1.359375,1.328125,1.3567708333333333,0.02240188871625684,1,1,1
0802a6e,2,2.0625,1.9375,1.78125,1.703125,1.8072916666666667,0.09743899444723807,2,2,2
15ec1e4,4,3.515625,3.5,3.390625,3.46875,3.453125,0.0459987545121242,3,4,4
82ed376,3,2.90625,2.9375,2.96875,2.921875,2.9427083333333335,0.01948779888944761,3,3,3
fb1eb8c,4,4.0625,4.03125,4.0,4.0,4.010416666666667,0.01473139127471974,4,4,4
7e8e2c9,2,2.59375,2.625,2.625,2.546875,2.5989583333333335,0.03682847818679935,3,3,3
ca5a507,3,3.734375,3.78125,3.796875,3.71875,3.765625,0.03375385780420761,4,4,4
4a3eac2,4,2.640625,2.5625,2.546875,2.484375,2.53125,0.03375385780420761,3,3,3
04db8d6,3,2.375,2.34375,2.375,2.375,2.3645833333333335,0.01473139127471974,2,2,3
4a0bbf4,4,2.421875,2.40625,2.390625,2.328125,2.375,0.03375385780420761,2,2,3
b0c3e04,3,1.7890625,1.7265625,1.7421875,1.78125,1.75,0.0229993772560621,2,2,2
b75b4f6,4,3.421875,3.390625,3.390625,3.453125,3.4114583333333335,0.02946278254943948,3,4,4
f561cd9,3,4.0,3.859375,3.8125,3.90625,3.859375,0.038273277230987154,4,4,4
6a9c23d,3,2.65625,2.625,2.609375,2.609375,2.6145833333333335,0.00736569563735987,3,3,3
ed1ed8d,3,2.96875,3.0,2.984375,2.984375,2.9895833333333335,0.00736569563735987,3,3,3
0f7c6f3,2,2.0,1.9765625,2.078125,2.078125,2.0442708333333335,0.047877021642839156,2,2,2
12b48f2,2,2.375,2.4375,2.5,2.515625,2.484375,0.03375385780420761,2,3,3
398495a,3,3.5,3.4375,3.5625,3.46875,3.4895833333333335,0.05311478659992484,3,4,4
d8be4d2,2,1.9375,1.96875,1.953125,1.890625,1.9375,0.03375385780420761,2,2,2
a624fc4,3,2.984375,3.046875,3.046875,2.921875,3.0052083333333335,0.05892556509887896,3,3,3
409deea,4,4.25,4.1875,4.21875,4.15625,4.1875,0.02551551815399144,4,4,4
5d43879,2,1.734375,1.765625,1.6796875,1.6796875,1.7083333333333333,0.040511326005479284,2,2,2
051c46a,3,3.125,3.015625,3.0625,3.03125,3.0364583333333335,0.01948779888944761,3,3,3
841f4aa,3,3.25,3.359375,3.1875,3.296875,3.28125,0.071032196338468,3,3,3
8b3551b,3,2.8125,2.75,2.75,2.84375,2.78125,0.04419417382415922,3,3,3
df83cb3,2,2.015625,2.015625,1.96875,2.03125,2.0052083333333335,0.02655739329996242,2,2,2
e3c135a,4,4.3125,4.0625,4.0625,4.0625,4.0625,0.0,4,4,4
fd7c28d,1,1.5625,1.234375,1.3359375,1.4140625,1.328125,0.07356482756159133,1,1,1
8dba23e,5,5.59375,5.375,5.4375,5.4375,5.416666666666667,0.02946278254943948,5,6,6
3bbcac0,1,2.59375,2.296875,2.296875,2.203125,2.265625,0.04419417382415922,2,2,2
97c2344,2,1.8203125,1.84375,1.890625,1.8828125,1.8723958333333333,0.020505228838572424,2,2,2
65fd016,3,2.640625,2.53125,2.609375,2.6875,2.609375,0.0637887953849786,3,3,3
dbbaa3b,2,2.671875,2.640625,2.59375,2.453125,2.5625,0.07967217989988726,3,3,3
52d5d9f,3,2.546875,2.5625,2.546875,2.625,2.578125,0.03375385780420761,3,3,3
1314aa2,2,1.8671875,1.7265625,1.5859375,1.5703125,1.6276041666666667,0.07026425814183354,2,2,2
b5a9e91,4,2.875,2.9375,2.90625,2.859375,2.9010416666666665,0.03210632293213009,3,3,3
b70e1f2,5,4.125,4.0625,4.0625,4.125,4.083333333333333,0.02946278254943948,4,4,4
5c80ce4,2,2.78125,2.828125,2.78125,2.78125,2.796875,0.02209708691207961,3,3,3
4f00e86,2,2.59375,2.53125,2.546875,2.5,2.5260416666666665,0.01948779888944761,3,3,3
7fc2116,2,1.6171875,1.515625,1.5546875,1.515625,1.5286458333333333,0.018414239093399676,2,1,2
5bfc916,3,3.203125,2.984375,3.015625,2.953125,2.984375,0.02551551815399144,3,3,3
a426ae4,4,3.046875,3.140625,3.046875,3.15625,3.1145833333333335,0.04830009633070679,3,3,3
8b3111d,2,2.484375,2.375,2.375,2.515625,2.421875,0.06629126073623882,2,3,3
1a8c6b7,2,2.0,2.0625,2.015625,1.9765625,2.0182291666666665,0.03513212907091678,2,2,2
495bc06,4,4.03125,3.859375,3.953125,3.9375,3.9166666666666665,0.04101045767714485,4,4,4
287a0b6,2,1.8359375,1.828125,1.8671875,1.7734375,1.8229166666666667,0.038450060052691144,2,2,2
655eb93,3,2.703125,2.875,2.671875,2.734375,2.7604166666666665,0.0849453459911463,3,3,3
47c501e,2,1.703125,1.640625,1.71875,1.6953125,1.6848958333333333,0.03273386742181389,2,2,2
22c53d1,4,3.46875,3.28125,3.296875,3.34375,3.3072916666666665,0.02655739329996242,3,3,3
17e28c2,3,4.0,4.0,4.0,3.90625,3.96875,0.04419417382415922,4,4,4
20fa155,2,2.515625,2.453125,2.484375,2.515625,2.484375,0.02551551815399144,2,3,3
a0231b6,2,2.28125,2.390625,2.3125,2.296875,2.3333333333333335,0.04101045767714485,2,2,2
1578371,3,3.859375,3.859375,3.84375,3.828125,3.84375,0.01275775907699572,4,4,4
f63856f,3,2.6875,2.609375,2.546875,2.546875,2.5677083333333335,0.02946278254943948,3,3,3
eaf94fd,4,3.75,3.59375,3.640625,3.65625,3.6302083333333335,0.02655739329996242,4,4,4
af816ec,4,4.40625,4.34375,4.4375,4.34375,4.375,0.04419417382415922,4,5,5
ba19fe4,2,2.203125,2.09375,2.171875,2.015625,2.09375,0.0637887953849786,2,2,2
4a2dcc3,3,3.203125,3.15625,3.203125,3.125,3.1614583333333335,0.03210632293213009,3,3,3
609bb56,3,2.71875,2.546875,2.703125,2.515625,2.5885416666666665,0.0820209153542897,3,3,3
19e5e8b,2,1.6796875,1.5859375,1.65625,1.671875,1.6380208333333333,0.03737682316251907,2,2,2
9a00c0a,2,1.8203125,1.765625,1.8046875,1.8125,1.7942708333333333,0.020505228838572424,2,2,2
dbd6b54,3,2.0625,2.109375,2.140625,2.09375,2.1145833333333335,0.01948779888944761,2,2,2
0331f55,4,4.0625,3.953125,3.921875,3.875,3.9166666666666665,0.03210632293213009,4,4,4
19b167b,3,2.390625,2.34375,2.3125,2.40625,2.3541666666666665,0.03897559777889522,2,2,3
876a311,2,1.8828125,1.7734375,1.7421875,1.7578125,1.7578125,0.01275775907699572,2,2,2
5057e4f,2,2.125,2.09375,2.125,2.109375,2.109375,0.01275775907699572,2,2,2
b308cb8,4,4.21875,4.21875,4.15625,4.1875,4.1875,0.02551551815399144,4,4,4
6196d6e,1,1.109375,0.87890625,0.85546875,0.85546875,0.86328125,0.011048543456039806,1,1,1
da550db,2,2.6875,2.609375,2.59375,2.59375,2.5989583333333335,0.00736569563735987,3,3,3
eab2b06,5,4.0625,4.125,4.09375,4.0625,4.09375,0.02551551815399144,4,4,4
7ccba59,2,1.546875,1.5078125,1.3984375,1.5390625,1.4817708333333333,0.06029081720203242,1,1,2
27f3259,2,3.15625,3.09375,3.09375,3.03125,3.0729166666666665,0.02946278254943948,3,3,3
7b7bb8c,2,2.453125,2.4375,2.390625,2.484375,2.4375,0.038273277230987154,2,3,3
bff0f17,2,3.296875,3.046875,3.0625,2.953125,3.0208333333333335,0.04830009633070679,3,3,3
8d1fd2d,4,3.34375,3.1875,3.078125,3.140625,3.1354166666666665,0.04480377743251368,3,3,3
cbf0828,3,2.640625,2.5625,2.6875,2.640625,2.6302083333333335,0.05155986946151909,3,3,3
23b30d1,3,2.78125,2.71875,2.71875,2.71875,2.71875,0.0,3,3,3
8f3ee69,4,2.421875,2.28125,2.203125,2.125,2.203125,0.0637887953849786,2,2,2
3a97cf5,2,2.328125,2.25,2.15625,2.34375,2.25,0.07654655446197431,2,2,2
e187cd5,3,3.25,3.1875,3.390625,3.21875,3.265625,0.08930431353897003,3,3,3
10ff341,2,1.6640625,1.6328125,1.6171875,1.6796875,1.6432291666666667,0.02655739329996242,2,2,2
b92d9e6,4,4.1875,4.125,4.09375,4.0625,4.09375,0.02551551815399144,4,4,4
9e0bd1d,2,2.625,2.484375,2.40625,2.421875,2.4375,0.03375385780420761,2,3,3
d799e31,3,4.09375,4.0625,4.0,4.0625,4.041666666666667,0.02946278254943948,4,4,4
6771a50,5,5.0625,5.0,5.03125,4.96875,5.0,0.02551551815399144,5,6,6
2ee0a0e,3,3.296875,3.296875,3.234375,3.28125,3.2708333333333335,0.02655739329996242,3,3,3
394b71b,6,5.125,5.0625,4.96875,5.03125,5.020833333333333,0.03897559777889522,5,6,6
27c1469,3,2.328125,2.34375,2.34375,2.359375,2.3489583333333335,0.00736569563735987,2,2,3
192f5f6,2,1.3671875,1.25,1.265625,1.2734375,1.2630208333333333,0.009743899444723805,1,1,1
d227acb,5,4.625,4.59375,4.5625,4.53125,4.5625,0.02551551815399144,5,5,5
dd98213,3,2.9375,2.828125,2.734375,2.953125,2.8385416666666665,0.08960755486502736,3,3,3
e3499a3,3,3.0,2.96875,2.9375,2.96875,2.9583333333333335,0.01473139127471974,3,3,3
4e45fca,2,2.421875,2.25,2.390625,2.375,2.3385416666666665,0.06293253111247173,2,2,3
96bdea7,4,3.734375,3.4375,3.484375,3.5,3.4739583333333335,0.02655739329996242,3,4,4
c902512,2,1.984375,1.59375,1.59375,1.6875,1.625,0.04419417382415922,2,2,2
7224fb1,4,3.109375,2.78125,2.859375,2.65625,2.765625,0.08365822085525526,3,3,3
6bfcb0e,3,3.71875,3.65625,3.640625,3.65625,3.6510416666666665,0.00736569563735987,4,4,4
92b6683,2,1.375,1.140625,1.1015625,1.140625,1.1276041666666667,0.018414239093399676,1,1,1
355c999,3,3.96875,3.875,3.84375,3.765625,3.828125,0.0459987545121242,4,4,4
92c1fff,3,3.109375,2.859375,2.90625,2.84375,2.8697916666666665,0.02655739329996242,3,3,3
8c8824c,4,3.25,3.09375,3.125,3.1875,3.1354166666666665,0.03897559777889522,3,3,3
186ee0a,2,2.328125,2.28125,2.265625,2.25,2.265625,0.01275775907699572,2,2,2
b889521,4,3.4375,3.390625,3.421875,3.484375,3.4322916666666665,0.03897559777889522,3,4,4
247b49d,5,4.03125,3.828125,3.796875,3.734375,3.7864583333333335,0.03897559777889522,4,4,4
aee6bc8,4,4.3125,4.21875,4.375,4.25,4.28125,0.06750771560841522,4,4,4
225fcb4,3,2.90625,2.9375,2.9375,2.953125,2.9427083333333335,0.00736569563735987,3,3,3
2fac54b,2,1.359375,1.2734375,1.2890625,1.3125,1.2916666666666667,0.016053161466065044,1,1,1
65fef82,3,2.53125,2.515625,2.546875,2.609375,2.5572916666666665,0.03897559777889522,3,3,3
7532cb7,5,5.1875,5.09375,5.1875,5.21875,5.166666666666667,0.05311478659992484,5,6,6
79a9cda,2,2.203125,2.171875,2.28125,2.203125,2.21875,0.0459987545121242,2,2,2
5a5d37e,4,3.875,3.859375,3.84375,3.828125,3.84375,0.01275775907699572,4,4,4
7728caa,3,2.0625,2.125,2.140625,2.046875,2.1041666666666665,0.04101045767714485,2,2,2
1acb118,3,2.546875,2.421875,2.453125,2.375,2.4166666666666665,0.03210632293213009,2,3,3
91732ad,3,2.6875,2.65625,2.640625,2.6875,2.6614583333333335,0.01948779888944761,3,3,3
fbde6e5,5,3.859375,3.671875,3.78125,3.6875,3.7135416666666665,0.04830009633070679,4,4,4
1782cc8,1,1.34375,1.3359375,1.3828125,1.28125,1.3333333333333333,0.04150358711070111,1,1,1
26e8ddf,4,3.640625,3.625,3.5625,3.625,3.6041666666666665,0.02946278254943948,4,4,4
2bab4f9,3,3.40625,3.375,3.40625,3.328125,3.3697916666666665,0.03210632293213009,3,4,4
9e219bb,1,0.89453125,0.75,0.71484375,0.734375,0.7330729166666666,0.014381980491129246,1,1,1
a529909,5,4.71875,4.71875,4.59375,4.625,4.645833333333333,0.05311478659992484,5,5,5
c1d51d8,4,3.46875,3.34375,3.40625,3.28125,3.34375,0.05103103630798288,3,3,4
d8a5142,2,3.46875,3.171875,3.4375,3.328125,3.3125,0.10900234133571016,3,3,3
b2c4a9a,2,2.265625,2.171875,2.203125,2.1875,2.1875,0.01275775907699572,2,2,2
25f2e66,3,2.8125,2.875,2.890625,2.84375,2.8697916666666665,0.01948779888944761,3,3,3
422e6e7,3,3.359375,3.359375,3.375,3.375,3.3697916666666665,0.00736569563735987,3,4,4
3a74972,2,2.421875,2.421875,2.390625,2.359375,2.390625,0.02551551815399144,2,3,3
7586619,4,3.40625,3.203125,3.21875,3.203125,3.2083333333333335,0.00736569563735987,3,3,3
af651d3,4,3.90625,3.875,3.828125,3.8125,3.8385416666666665,0.02655739329996242,4,4,4
6094ebe,2,1.7578125,1.6640625,1.6875,1.6953125,1.6822916666666667,0.01327869664998121,2,2,2
e957d67,4,3.453125,3.359375,3.484375,3.46875,3.4375,0.05560978256266308,3,4,4
022d72e,3,2.6875,2.671875,2.71875,2.640625,2.6770833333333335,0.03210632293213009,3,3,3
d6ee819,4,3.53125,3.5625,3.53125,3.5625,3.5520833333333335,0.01473139127471974,4,4,4
2050ae7,3,2.4375,2.3125,2.3125,2.234375,2.2864583333333335,0.03682847818679935,2,2,2
b475e54,4,3.234375,3.234375,3.265625,3.1875,3.2291666666666665,0.03210632293213009,3,3,3
7a6c02a,3,2.1875,2.1875,2.15625,2.203125,2.1822916666666665,0.01948779888944761,2,2,2
0d125d4,4,3.34375,3.34375,3.34375,3.25,3.3125,0.04419417382415922,3,3,3
7c2212f,3,3.109375,3.078125,3.078125,3.125,3.09375,0.02209708691207961,3,3,3
d644651,3,2.8125,2.578125,2.59375,2.609375,2.59375,0.01275775907699572,3,3,3
db600cd,2,1.9296875,1.9375,1.984375,1.9453125,1.9557291666666667,0.020505228838572424,2,2,2
4720230,5,4.1875,4.1875,4.15625,4.21875,4.1875,0.02551551815399144,4,4,4
824469b,4,3.015625,3.0625,3.015625,2.96875,3.015625,0.038273277230987154,3,3,3
65ef7b2,2,1.984375,1.9375,1.90625,1.953125,1.9322916666666667,0.01948779888944761,2,2,2
d6c80ef,2,1.9375,1.859375,1.9140625,1.9140625,1.8958333333333333,0.025779934730759548,2,2,2
af28d71,2,1.765625,1.5703125,1.5390625,1.5703125,1.5598958333333333,0.01473139127471974,2,1,2
9a7ebcc,2,2.53125,2.453125,2.5,2.390625,2.4479166666666665,0.04480377743251368,2,3,3
2b57626,2,1.9921875,2.0625,2.03125,1.890625,1.9947916666666667,0.07475364632503814,2,2,2
53e4b2e,2,1.8671875,1.921875,1.8828125,1.875,1.8932291666666667,0.020505228838572424,2,2,2
b6924c6,4,4.03125,3.90625,3.984375,3.953125,3.9479166666666665,0.03210632293213009,4,4,4
3279351,2,2.0625,2.03125,2.0625,2.0625,2.0520833333333335,0.01473139127471974,2,2,2
7ff2111,2,2.125,1.9921875,2.0,1.984375,1.9921875,0.00637887953849786,2,2,2
8047cea,4,2.890625,2.796875,2.8125,2.71875,2.7760416666666665,0.04101045767714485,3,3,3
3a0686c,3,2.890625,2.703125,2.6875,2.796875,2.7291666666666665,0.04830009633070679,3,3,3
81ff8cd,3,3.296875,3.203125,3.125,3.296875,3.2083333333333335,0.07026425814183354,3,3,3
7899c04,3,2.9375,2.859375,2.875,2.84375,2.859375,0.01275775907699572,3,3,3
2f1d781,1,1.0546875,0.98046875,0.9375,1.046875,0.98828125,0.04499258474784113,1,1,1
8cf1c57,4,4.15625,4.125,4.15625,4.15625,4.145833333333333,0.01473139127471974,4,4,4
c2d5fa5,3,3.578125,3.515625,3.59375,3.546875,3.5520833333333335,0.03210632293213009,4,4,4
06c3439,2,2.0625,2.09375,2.078125,2.046875,2.0729166666666665,0.01948779888944761,2,2,2
e3dcfd6,4,3.28125,3.265625,3.15625,3.234375,3.21875,0.0459987545121242,3,3,3
11d9f84,1,1.5078125,1.4765625,1.4765625,1.4609375,1.4713541666666667,0.00736569563735987,1,1,1
c9de718,5,4.5625,4.375,4.28125,4.40625,4.354166666666667,0.05311478659992484,4,5,5
fbc4427,2,1.8359375,1.796875,1.75,1.78125,1.7760416666666667,0.01948779888944761,2,2,2
bd9b557,2,1.640625,1.6328125,1.5703125,1.6640625,1.6223958333333333,0.03897559777889522,2,2,2
1e07d3d,4,3.8125,3.796875,3.71875,3.828125,3.78125,0.0459987545121242,4,4,4
fc60c05,4,3.390625,3.390625,3.34375,3.3125,3.3489583333333335,0.03210632293213009,3,3,4
2807acf,3,3.078125,3.015625,3.125,3.0,3.046875,0.05560978256266308,3,3,3
76f8404,4,1.984375,1.828125,1.796875,1.8203125,1.8151041666666667,0.01327869664998121,2,2,2
d29de25,2,2.3125,2.109375,2.140625,2.25,2.1666666666666665,0.06029081720203243,2,2,2
81852ee,1,1.4140625,1.3046875,1.1328125,1.2890625,1.2421875,0.07760241888412156,1,1,1
39aa8f8,3,2.78125,2.796875,2.765625,2.734375,2.765625,0.02551551815399144,3,3,3
ec674e1,3,3.28125,3.4375,3.359375,3.3125,3.3697916666666665,0.051559869461519095,3,4,4
50ae2b0,3,3.53125,3.609375,3.5625,3.515625,3.5625,0.038273277230987154,4,4,4
da2f2c8,3,4.59375,4.46875,4.5625,4.53125,4.520833333333333,0.03897559777889522,5,5,5
0a6ac75,1,1.0859375,0.90234375,0.97265625,0.94921875,0.94140625,0.029231698334171417,1,1,1
0ba4fc3,3,3.046875,3.09375,3.15625,3.09375,3.1145833333333335,0.02946278254943948,3,3,3
870a2fd,3,2.59375,2.546875,2.46875,2.46875,2.4947916666666665,0.03682847818679935,2,3,3
4f56177,4,4.03125,3.921875,3.953125,3.96875,3.9479166666666665,0.01948779888944761,4,4,4
c0ac244,3,2.609375,2.5625,2.578125,2.53125,2.5572916666666665,0.01948779888944761,3,3,3
c81baf7,5,4.25,4.21875,4.1875,4.1875,4.197916666666667,0.01473139127471974,4,4,4
c18b4b1,5,5.03125,4.9375,4.875,4.90625,4.90625,0.02551551815399144,5,5,6
dc76991,3,3.046875,3.046875,3.046875,3.078125,3.0572916666666665,0.01473139127471974,3,3,3
de88ce9,2,2.1875,2.0625,2.125,2.046875,2.078125,0.03375385780420761,2,2,2
13a8ba8,3,3.640625,3.515625,3.546875,3.53125,3.53125,0.01275775907699572,4,4,4
5f0c4d9,4,3.96875,4.03125,4.09375,3.984375,4.036458333333333,0.04480377743251368,4,4,4
95197d9,4,3.265625,3.140625,3.125,3.109375,3.125,0.01275775907699572,3,3,3
07b76d3,4,3.671875,3.640625,3.578125,3.703125,3.640625,0.05103103630798288,4,4,4
4ab6958,1,1.4375,1.4296875,1.265625,1.1875,1.2942708333333333,0.10092615820352137,1,1,1
bda3f1b,2,2.53125,2.59375,2.609375,2.5,2.5677083333333335,0.04830009633070679,3,3,3
c8d2ad9,4,4.1875,4.125,4.0625,4.25,4.145833333333333,0.07795119555779044,4,4,4
3323064,5,4.40625,4.1875,4.25,4.3125,4.25,0.05103103630798288,4,4,4
6e84049,3,2.171875,2.296875,2.1875,2.21875,2.234375,0.0459987545121242,2,2,2
6a8b8ab,4,3.328125,3.359375,3.28125,3.328125,3.3229166666666665,0.03210632293213009,3,3,3
7ffc1a6,4,4.40625,4.28125,4.34375,4.4375,4.354166666666667,0.06421264586426018,4,5,5
c9f30e7,4,3.796875,3.6875,3.625,3.734375,3.6822916666666665,0.04480377743251368,4,4,4
ac63e57,2,1.4375,1.34375,1.28125,1.3125,1.3125,0.02551551815399144,1,1,1
88441d4,3,2.234375,2.203125,2.203125,2.328125,2.2447916666666665,0.05892556509887896,2,2,2
